month,geography,category,spending_millions,series_id
2012-07-01,Australia,Total (Household Spending Categories),43472.1,A130207496V
2012-08-01,Australia,Total (Household Spending Categories),44537.9,A130207496V
2012-09-01,Australia,Total (Household Spending Categories),43376.5,A130207496V
2012-10-01,Australia,Total (Household Spending Categories),45158.5,A130207496V
2012-11-01,Australia,Total (Household Spending Categories),45437.2,A130207496V
2012-12-01,Australia,Total (Household Spending Categories),51149.1,A130207496V
2013-01-01,Australia,Total (Household Spending Categories),42819.2,A130207496V
2013-02-01,Australia,Total (Household Spending Categories),40959.2,A130207496V
2013-03-01,Australia,Total (Household Spending Categories),44486.9,A130207496V
2013-04-01,Australia,Total (Household Spending Categories),42225.7,A130207496V
2013-05-01,Australia,Total (Household Spending Categories),44741.0,A130207496V
2013-06-01,Australia,Total (Household Spending Categories),44450.8,A130207496V
2013-07-01,Australia,Total (Household Spending Categories),45383.2,A130207496V
2013-08-01,Australia,Total (Household Spending Categories),45729.5,A130207496V
2013-09-01,Australia,Total (Household Spending Categories),44836.2,A130207496V
2013-10-01,Australia,Total (Household Spending Categories),46399.1,A130207496V
2013-11-01,Australia,Total (Household Spending Categories),47136.9,A130207496V
2013-12-01,Australia,Total (Household Spending Categories),53446.9,A130207496V
2014-01-01,Australia,Total (Household Spending Categories),44806.1,A130207496V
2014-02-01,Australia,Total (Household Spending Categories),42182.6,A130207496V
2014-03-01,Australia,Total (Household Spending Categories),46299.3,A130207496V
2014-04-01,Australia,Total (Household Spending Categories),44270.0,A130207496V
2014-05-01,Australia,Total (Household Spending Categories),46225.8,A130207496V
2014-06-01,Australia,Total (Household Spending Categories),46350.5,A130207496V
2014-07-01,Australia,Total (Household Spending Categories),47460.1,A130207496V
2014-08-01,Australia,Total (Household Spending Categories),46710.5,A130207496V
2014-09-01,Australia,Total (Household Spending Categories),46809.3,A130207496V
2014-10-01,Australia,Total (Household Spending Categories),49042.6,A130207496V
2014-11-01,Australia,Total (Household Spending Categories),48584.2,A130207496V
2014-12-01,Australia,Total (Household Spending Categories),55180.5,A130207496V
2015-01-01,Australia,Total (Household Spending Categories),45643.4,A130207496V
2015-02-01,Australia,Total (Household Spending Categories),43974.3,A130207496V
2015-03-01,Australia,Total (Household Spending Categories),47930.0,A130207496V
2015-04-01,Australia,Total (Household Spending Categories),45720.4,A130207496V
2015-05-01,Australia,Total (Household Spending Categories),47511.7,A130207496V
2015-06-01,Australia,Total (Household Spending Categories),48711.0,A130207496V
2015-07-01,Australia,Total (Household Spending Categories),49459.5,A130207496V
2015-08-01,Australia,Total (Household Spending Categories),48673.0,A130207496V
2015-09-01,Australia,Total (Household Spending Categories),48625.7,A130207496V
2015-10-01,Australia,Total (Household Spending Categories),51124.9,A130207496V
2015-11-01,Australia,Total (Household Spending Categories),50636.6,A130207496V
2015-12-01,Australia,Total (Household Spending Categories),57507.5,A130207496V
2016-01-01,Australia,Total (Household Spending Categories),47306.6,A130207496V
2016-02-01,Australia,Total (Household Spending Categories),46526.6,A130207496V
2016-03-01,Australia,Total (Household Spending Categories),49349.9,A130207496V
2016-04-01,Australia,Total (Household Spending Categories),47635.3,A130207496V
2016-05-01,Australia,Total (Household Spending Categories),49402.8,A130207496V
2016-06-01,Australia,Total (Household Spending Categories),50587.5,A130207496V
2016-07-01,Australia,Total (Household Spending Categories),50115.0,A130207496V
2016-08-01,Australia,Total (Household Spending Categories),50498.4,A130207496V
2016-09-01,Australia,Total (Household Spending Categories),50262.4,A130207496V
2016-10-01,Australia,Total (Household Spending Categories),51837.5,A130207496V
2016-11-01,Australia,Total (Household Spending Categories),52621.6,A130207496V
2016-12-01,Australia,Total (Household Spending Categories),60132.8,A130207496V
2017-01-01,Australia,Total (Household Spending Categories),49314.5,A130207496V
2017-02-01,Australia,Total (Household Spending Categories),46752.9,A130207496V
2017-03-01,Australia,Total (Household Spending Categories),51381.3,A130207496V
2017-04-01,Australia,Total (Household Spending Categories),48601.2,A130207496V
2017-05-01,Australia,Total (Household Spending Categories),51350.2,A130207496V
2017-06-01,Australia,Total (Household Spending Categories),52159.1,A130207496V
2017-07-01,Australia,Total (Household Spending Categories),51451.3,A130207496V
2017-08-01,Australia,Total (Household Spending Categories),51858.3,A130207496V
2017-09-01,Australia,Total (Household Spending Categories),51726.0,A130207496V
2017-10-01,Australia,Total (Household Spending Categories),53740.8,A130207496V
2017-11-01,Australia,Total (Household Spending Categories),55551.2,A130207496V
2017-12-01,Australia,Total (Household Spending Categories),62061.7,A130207496V
2018-01-01,Australia,Total (Household Spending Categories),51166.7,A130207496V
2018-02-01,Australia,Total (Household Spending Categories),49116.4,A130207496V
2018-03-01,Australia,Total (Household Spending Categories),53634.0,A130207496V
2018-04-01,Australia,Total (Household Spending Categories),50918.7,A130207496V
2018-05-01,Australia,Total (Household Spending Categories),54294.3,A130207496V
2018-06-01,Australia,Total (Household Spending Categories),55059.5,A130207496V
2018-07-01,Australia,Total (Household Spending Categories),54371.6,A130207496V
2018-08-01,Australia,Total (Household Spending Categories),55495.7,A130207496V
2018-09-01,Australia,Total (Household Spending Categories),54206.8,A130207496V
2018-10-01,Australia,Total (Household Spending Categories),56977.7,A130207496V
2018-11-01,Australia,Total (Household Spending Categories),58640.8,A130207496V
2018-12-01,Australia,Total (Household Spending Categories),64315.7,A130207496V
2019-01-01,Australia,Total (Household Spending Categories),53169.3,A130207496V
2019-02-01,Australia,Total (Household Spending Categories),49771.0,A130207496V
2019-03-01,Australia,Total (Household Spending Categories),55440.1,A130207496V
2019-04-01,Australia,Total (Household Spending Categories),51888.6,A130207496V
2019-05-01,Australia,Total (Household Spending Categories),55128.7,A130207496V
2019-06-01,Australia,Total (Household Spending Categories),54354.9,A130207496V
2019-07-01,Australia,Total (Household Spending Categories),54943.8,A130207496V
2019-08-01,Australia,Total (Household Spending Categories),56143.2,A130207496V
2019-09-01,Australia,Total (Household Spending Categories),54136.5,A130207496V
2019-10-01,Australia,Total (Household Spending Categories),56581.2,A130207496V
2019-11-01,Australia,Total (Household Spending Categories),57800.1,A130207496V
2019-12-01,Australia,Total (Household Spending Categories),61504.6,A130207496V
2020-01-01,Australia,Total (Household Spending Categories),53072.8,A130207496V
2020-02-01,Australia,Total (Household Spending Categories),50070.7,A130207496V
2020-03-01,Australia,Total (Household Spending Categories),52055.9,A130207496V
2020-04-01,Australia,Total (Household Spending Categories),39758.4,A130207496V
2020-05-01,Australia,Total (Household Spending Categories),48688.9,A130207496V
2020-06-01,Australia,Total (Household Spending Categories),52186.7,A130207496V
2020-07-01,Australia,Total (Household Spending Categories),54815.4,A130207496V
2020-08-01,Australia,Total (Household Spending Categories),51828.2,A130207496V
2020-09-01,Australia,Total (Household Spending Categories),51173.6,A130207496V
2020-10-01,Australia,Total (Household Spending Categories),54349.0,A130207496V
2020-11-01,Australia,Total (Household Spending Categories),57689.8,A130207496V
2020-12-01,Australia,Total (Household Spending Categories),61881.5,A130207496V
2021-01-01,Australia,Total (Household Spending Categories),51670.1,A130207496V
2021-02-01,Australia,Total (Household Spending Categories),48224.6,A130207496V
2021-03-01,Australia,Total (Household Spending Categories),55061.2,A130207496V
2021-04-01,Australia,Total (Household Spending Categories),52815.6,A130207496V
2021-05-01,Australia,Total (Household Spending Categories),54971.4,A130207496V
2021-06-01,Australia,Total (Household Spending Categories),53980.6,A130207496V
2021-07-01,Australia,Total (Household Spending Categories),52763.7,A130207496V
2021-08-01,Australia,Total (Household Spending Categories),51764.3,A130207496V
2021-09-01,Australia,Total (Household Spending Categories),52657.0,A130207496V
2021-10-01,Australia,Total (Household Spending Categories),57441.6,A130207496V
2021-11-01,Australia,Total (Household Spending Categories),63031.7,A130207496V
2021-12-01,Australia,Total (Household Spending Categories),67022.4,A130207496V
2022-01-01,Australia,Total (Household Spending Categories),56355.7,A130207496V
2022-02-01,Australia,Total (Household Spending Categories),55566.6,A130207496V
2022-03-01,Australia,Total (Household Spending Categories),63107.3,A130207496V
2022-04-01,Australia,Total (Household Spending Categories),61571.3,A130207496V
2022-05-01,Australia,Total (Household Spending Categories),64817.8,A130207496V
2022-06-01,Australia,Total (Household Spending Categories),65469.6,A130207496V
2022-07-01,Australia,Total (Household Spending Categories),66755.4,A130207496V
2022-08-01,Australia,Total (Household Spending Categories),68273.3,A130207496V
2022-09-01,Australia,Total (Household Spending Categories),68697.3,A130207496V
2022-10-01,Australia,Total (Household Spending Categories),70959.3,A130207496V
2022-11-01,Australia,Total (Household Spending Categories),73600.5,A130207496V
2022-12-01,Australia,Total (Household Spending Categories),77315.9,A130207496V
2023-01-01,Australia,Total (Household Spending Categories),67352.1,A130207496V
2023-02-01,Australia,Total (Household Spending Categories),63653.4,A130207496V
2023-03-01,Australia,Total (Household Spending Categories),70732.2,A130207496V
2023-04-01,Australia,Total (Household Spending Categories),67296.0,A130207496V
2023-05-01,Australia,Total (Household Spending Categories),70856.7,A130207496V
2023-06-01,Australia,Total (Household Spending Categories),70967.0,A130207496V
2023-07-01,Australia,Total (Household Spending Categories),70523.2,A130207496V
2023-08-01,Australia,Total (Household Spending Categories),72788.5,A130207496V
2023-09-01,Australia,Total (Household Spending Categories),72658.4,A130207496V
2023-10-01,Australia,Total (Household Spending Categories),73591.5,A130207496V
2023-11-01,Australia,Total (Household Spending Categories),77378.3,A130207496V
2023-12-01,Australia,Total (Household Spending Categories),78827.7,A130207496V
2024-01-01,Australia,Total (Household Spending Categories),70476.5,A130207496V
2024-02-01,Australia,Total (Household Spending Categories),68675.2,A130207496V
2024-03-01,Australia,Total (Household Spending Categories),72472.7,A130207496V
2024-04-01,Australia,Total (Household Spending Categories),69627.8,A130207496V
2024-05-01,Australia,Total (Household Spending Categories),73342.1,A130207496V
2024-06-01,Australia,Total (Household Spending Categories),71741.9,A130207496V
2024-07-01,Australia,Total (Household Spending Categories),72687.4,A130207496V
2024-08-01,Australia,Total (Household Spending Categories),74853.1,A130207496V
2024-09-01,Australia,Total (Household Spending Categories),72705.9,A130207496V
2024-10-01,Australia,Total (Household Spending Categories),76331.9,A130207496V
2024-11-01,Australia,Total (Household Spending Categories),79787.6,A130207496V
2024-12-01,Australia,Total (Household Spending Categories),81956.1,A130207496V
2025-01-01,Australia,Total (Household Spending Categories),73092.3,A130207496V
2025-02-01,Australia,Total (Household Spending Categories),68402.7,A130207496V
2025-03-01,Australia,Total (Household Spending Categories),75208.6,A130207496V
2025-04-01,Australia,Total (Household Spending Categories),71959.0,A130207496V
2025-05-01,Australia,Total (Household Spending Categories),76791.2,A130207496V
2025-06-01,Australia,Total (Household Spending Categories),75534.0,A130207496V
2025-07-01,Australia,Total (Household Spending Categories),76889.5,A130207496V
2025-08-01,Australia,Total (Household Spending Categories),77355.6,A130207496V
2025-09-01,Australia,Total (Household Spending Categories),76931.6,A130207496V
2025-10-01,Australia,Total (Household Spending Categories),80781.0,A130207496V
2025-11-01,Australia,Total (Household Spending Categories),83867.4,A130207496V
2025-12-01,Australia,Total (Household Spending Categories),86202.8,A130207496V
2026-01-01,Australia,Total (Household Spending Categories),76488.0,A130207496V
2026-02-01,Australia,Total (Household Spending Categories),71618.5,A130207496V
2026-03-01,Australia,Total (Household Spending Categories),80310.3,A130207496V
2026-04-01,Australia,Total (Household Spending Categories),75658.3,A130207496V
2026-05-01,Australia,Total (Household Spending Categories),80048.8,A130207496V
2026-06-01,Australia,Total (Household Spending Categories),80753.3,A130207496V
2026-07-01,Australia,Total (Household Spending Categories),82617.9,A130207496V
2012-07-01,Australia,Food,6541.1,A130207592V
2012-08-01,Australia,Food,6779.8,A130207592V
2012-09-01,Australia,Food,6605.9,A130207592V
2012-10-01,Australia,Food,6931.2,A130207592V
2012-11-01,Australia,Food,6955.0,A130207592V
2012-12-01,Australia,Food,7689.0,A130207592V
2013-01-01,Australia,Food,6895.3,A130207592V
2013-02-01,Australia,Food,6358.9,A130207592V
2013-03-01,Australia,Food,7155.1,A130207592V
2013-04-01,Australia,Food,6553.2,A130207592V
2013-05-01,Australia,Food,6823.0,A130207592V
2013-06-01,Australia,Food,6526.6,A130207592V
2013-07-01,Australia,Food,6785.9,A130207592V
2013-08-01,Australia,Food,7043.5,A130207592V
2013-09-01,Australia,Food,6763.3,A130207592V
2013-10-01,Australia,Food,7150.1,A130207592V
2013-11-01,Australia,Food,7150.9,A130207592V
2013-12-01,Australia,Food,8131.5,A130207592V
2014-01-01,Australia,Food,7337.0,A130207592V
2014-02-01,Australia,Food,6640.9,A130207592V
2014-03-01,Australia,Food,7265.5,A130207592V
2014-04-01,Australia,Food,7010.0,A130207592V
2014-05-01,Australia,Food,7050.9,A130207592V
2014-06-01,Australia,Food,6784.6,A130207592V
2014-07-01,Australia,Food,7127.1,A130207592V
2014-08-01,Australia,Food,7285.7,A130207592V
2014-09-01,Australia,Food,7034.2,A130207592V
2014-10-01,Australia,Food,7491.9,A130207592V
2014-11-01,Australia,Food,7461.4,A130207592V
2014-12-01,Australia,Food,8273.9,A130207592V
2015-01-01,Australia,Food,7413.5,A130207592V
2015-02-01,Australia,Food,6811.7,A130207592V
2015-03-01,Australia,Food,7493.3,A130207592V
2015-04-01,Australia,Food,7189.3,A130207592V
2015-05-01,Australia,Food,7330.0,A130207592V
2015-06-01,Australia,Food,6973.9,A130207592V
2015-07-01,Australia,Food,7330.1,A130207592V
2015-08-01,Australia,Food,7425.9,A130207592V
2015-09-01,Australia,Food,7252.5,A130207592V
2015-10-01,Australia,Food,7746.2,A130207592V
2015-11-01,Australia,Food,7702.6,A130207592V
2015-12-01,Australia,Food,8651.5,A130207592V
2016-01-01,Australia,Food,7694.6,A130207592V
2016-02-01,Australia,Food,7252.1,A130207592V
2016-03-01,Australia,Food,7876.4,A130207592V
2016-04-01,Australia,Food,7359.3,A130207592V
2016-05-01,Australia,Food,7432.0,A130207592V
2016-06-01,Australia,Food,7246.7,A130207592V
2016-07-01,Australia,Food,7538.7,A130207592V
2016-08-01,Australia,Food,7685.7,A130207592V
2016-09-01,Australia,Food,7567.0,A130207592V
2016-10-01,Australia,Food,7964.2,A130207592V
2016-11-01,Australia,Food,7940.0,A130207592V
2016-12-01,Australia,Food,9061.4,A130207592V
2017-01-01,Australia,Food,7922.0,A130207592V
2017-02-01,Australia,Food,7334.7,A130207592V
2017-03-01,Australia,Food,8036.0,A130207592V
2017-04-01,Australia,Food,7874.5,A130207592V
2017-05-01,Australia,Food,7769.5,A130207592V
2017-06-01,Australia,Food,7544.2,A130207592V
2017-07-01,Australia,Food,7832.4,A130207592V
2017-08-01,Australia,Food,7936.1,A130207592V
2017-09-01,Australia,Food,7795.8,A130207592V
2017-10-01,Australia,Food,8163.0,A130207592V
2017-11-01,Australia,Food,8188.6,A130207592V
2017-12-01,Australia,Food,9263.2,A130207592V
2018-01-01,Australia,Food,8147.8,A130207592V
2018-02-01,Australia,Food,7525.4,A130207592V
2018-03-01,Australia,Food,8581.6,A130207592V
2018-04-01,Australia,Food,7844.0,A130207592V
2018-05-01,Australia,Food,8073.1,A130207592V
2018-06-01,Australia,Food,7854.0,A130207592V
2018-07-01,Australia,Food,8108.0,A130207592V
2018-08-01,Australia,Food,8337.8,A130207592V
2018-09-01,Australia,Food,8138.0,A130207592V
2018-10-01,Australia,Food,8492.5,A130207592V
2018-11-01,Australia,Food,8520.7,A130207592V
2018-12-01,Australia,Food,9654.7,A130207592V
2019-01-01,Australia,Food,8475.4,A130207592V
2019-02-01,Australia,Food,7928.2,A130207592V
2019-03-01,Australia,Food,8840.2,A130207592V
2019-04-01,Australia,Food,8412.9,A130207592V
2019-05-01,Australia,Food,8402.1,A130207592V
2019-06-01,Australia,Food,8057.4,A130207592V
2019-07-01,Australia,Food,8353.9,A130207592V
2019-08-01,Australia,Food,8697.1,A130207592V
2019-09-01,Australia,Food,8292.4,A130207592V
2019-10-01,Australia,Food,8729.8,A130207592V
2019-11-01,Australia,Food,8686.5,A130207592V
2019-12-01,Australia,Food,9446.4,A130207592V
2020-01-01,Australia,Food,8413.6,A130207592V
2020-02-01,Australia,Food,8092.8,A130207592V
2020-03-01,Australia,Food,10930.2,A130207592V
2020-04-01,Australia,Food,9167.7,A130207592V
2020-05-01,Australia,Food,9663.8,A130207592V
2020-06-01,Australia,Food,9054.7,A130207592V
2020-07-01,Australia,Food,9631.2,A130207592V
2020-08-01,Australia,Food,9784.1,A130207592V
2020-09-01,Australia,Food,9201.5,A130207592V
2020-10-01,Australia,Food,9659.3,A130207592V
2020-11-01,Australia,Food,9369.4,A130207592V
2020-12-01,Australia,Food,10330.1,A130207592V
2021-01-01,Australia,Food,9230.6,A130207592V
2021-02-01,Australia,Food,8243.5,A130207592V
2021-03-01,Australia,Food,9182.4,A130207592V
2021-04-01,Australia,Food,8707.0,A130207592V
2021-05-01,Australia,Food,9147.0,A130207592V
2021-06-01,Australia,Food,8918.0,A130207592V
2021-07-01,Australia,Food,9725.5,A130207592V
2021-08-01,Australia,Food,10039.2,A130207592V
2021-09-01,Australia,Food,9596.6,A130207592V
2021-10-01,Australia,Food,9968.8,A130207592V
2021-11-01,Australia,Food,9532.3,A130207592V
2021-12-01,Australia,Food,10889.8,A130207592V
2022-01-01,Australia,Food,9985.5,A130207592V
2022-02-01,Australia,Food,8946.0,A130207592V
2022-03-01,Australia,Food,9701.4,A130207592V
2022-04-01,Australia,Food,9939.5,A130207592V
2022-05-01,Australia,Food,9869.7,A130207592V
2022-06-01,Australia,Food,9508.8,A130207592V
2022-07-01,Australia,Food,10288.1,A130207592V
2022-08-01,Australia,Food,10394.3,A130207592V
2022-09-01,Australia,Food,10230.1,A130207592V
2022-10-01,Australia,Food,10734.0,A130207592V
2022-11-01,Australia,Food,10621.9,A130207592V
2022-12-01,Australia,Food,11924.5,A130207592V
2023-01-01,Australia,Food,10736.4,A130207592V
2023-02-01,Australia,Food,9962.0,A130207592V
2023-03-01,Australia,Food,10751.1,A130207592V
2023-04-01,Australia,Food,10884.3,A130207592V
2023-05-01,Australia,Food,10851.4,A130207592V
2023-06-01,Australia,Food,10442.8,A130207592V
2023-07-01,Australia,Food,10861.7,A130207592V
2023-08-01,Australia,Food,10972.6,A130207592V
2023-09-01,Australia,Food,10849.2,A130207592V
2023-10-01,Australia,Food,11257.1,A130207592V
2023-11-01,Australia,Food,11143.2,A130207592V
2023-12-01,Australia,Food,12280.9,A130207592V
2024-01-01,Australia,Food,11071.6,A130207592V
2024-02-01,Australia,Food,10596.6,A130207592V
2024-03-01,Australia,Food,11539.7,A130207592V
2024-04-01,Australia,Food,10687.6,A130207592V
2024-05-01,Australia,Food,11101.7,A130207592V
2024-06-01,Australia,Food,10745.9,A130207592V
2024-07-01,Australia,Food,10983.5,A130207592V
2024-08-01,Australia,Food,11510.0,A130207592V
2024-09-01,Australia,Food,11090.0,A130207592V
2024-10-01,Australia,Food,11641.1,A130207592V
2024-11-01,Australia,Food,11653.8,A130207592V
2024-12-01,Australia,Food,12593.3,A130207592V
2025-01-01,Australia,Food,11523.5,A130207592V
2025-02-01,Australia,Food,10675.0,A130207592V
2025-03-01,Australia,Food,12045.4,A130207592V
2025-04-01,Australia,Food,11660.0,A130207592V
2025-05-01,Australia,Food,11863.0,A130207592V
2025-06-01,Australia,Food,11438.4,A130207592V
2025-07-01,Australia,Food,11797.0,A130207592V
2025-08-01,Australia,Food,12141.4,A130207592V
2025-09-01,Australia,Food,11762.3,A130207592V
2025-10-01,Australia,Food,12453.1,A130207592V
2025-11-01,Australia,Food,12450.9,A130207592V
2025-12-01,Australia,Food,13339.9,A130207592V
2026-01-01,Australia,Food,12231.4,A130207592V
2026-02-01,Australia,Food,11326.0,A130207592V
2026-03-01,Australia,Food,12881.2,A130207592V
2026-04-01,Australia,Food,12079.7,A130207592V
2026-05-01,Australia,Food,12585.3,A130207592V
2026-06-01,Australia,Food,11947.8,A130207592V
2026-07-01,Australia,Food,12568.3,A130207592V
2012-07-01,Australia,Alcoholic beverages and tobacco,2450.2,A130207514L
2012-08-01,Australia,Alcoholic beverages and tobacco,2526.5,A130207514L
2012-09-01,Australia,Alcoholic beverages and tobacco,2519.5,A130207514L
2012-10-01,Australia,Alcoholic beverages and tobacco,2630.8,A130207514L
2012-11-01,Australia,Alcoholic beverages and tobacco,2659.5,A130207514L
2012-12-01,Australia,Alcoholic beverages and tobacco,3181.8,A130207514L
2013-01-01,Australia,Alcoholic beverages and tobacco,2657.6,A130207514L
2013-02-01,Australia,Alcoholic beverages and tobacco,2373.0,A130207514L
2013-03-01,Australia,Alcoholic beverages and tobacco,2669.9,A130207514L
2013-04-01,Australia,Alcoholic beverages and tobacco,2528.4,A130207514L
2013-05-01,Australia,Alcoholic beverages and tobacco,2581.6,A130207514L
2013-06-01,Australia,Alcoholic beverages and tobacco,2489.0,A130207514L
2013-07-01,Australia,Alcoholic beverages and tobacco,2584.0,A130207514L
2013-08-01,Australia,Alcoholic beverages and tobacco,2663.7,A130207514L
2013-09-01,Australia,Alcoholic beverages and tobacco,2621.0,A130207514L
2013-10-01,Australia,Alcoholic beverages and tobacco,2747.6,A130207514L
2013-11-01,Australia,Alcoholic beverages and tobacco,2751.2,A130207514L
2013-12-01,Australia,Alcoholic beverages and tobacco,3314.7,A130207514L
2014-01-01,Australia,Alcoholic beverages and tobacco,2867.6,A130207514L
2014-02-01,Australia,Alcoholic beverages and tobacco,2548.1,A130207514L
2014-03-01,Australia,Alcoholic beverages and tobacco,2820.4,A130207514L
2014-04-01,Australia,Alcoholic beverages and tobacco,2709.0,A130207514L
2014-05-01,Australia,Alcoholic beverages and tobacco,2766.5,A130207514L
2014-06-01,Australia,Alcoholic beverages and tobacco,2620.1,A130207514L
2014-07-01,Australia,Alcoholic beverages and tobacco,2710.6,A130207514L
2014-08-01,Australia,Alcoholic beverages and tobacco,2759.9,A130207514L
2014-09-01,Australia,Alcoholic beverages and tobacco,2766.8,A130207514L
2014-10-01,Australia,Alcoholic beverages and tobacco,2944.0,A130207514L
2014-11-01,Australia,Alcoholic beverages and tobacco,2907.7,A130207514L
2014-12-01,Australia,Alcoholic beverages and tobacco,3491.7,A130207514L
2015-01-01,Australia,Alcoholic beverages and tobacco,2922.2,A130207514L
2015-02-01,Australia,Alcoholic beverages and tobacco,2604.3,A130207514L
2015-03-01,Australia,Alcoholic beverages and tobacco,2895.5,A130207514L
2015-04-01,Australia,Alcoholic beverages and tobacco,2757.9,A130207514L
2015-05-01,Australia,Alcoholic beverages and tobacco,2824.1,A130207514L
2015-06-01,Australia,Alcoholic beverages and tobacco,2698.4,A130207514L
2015-07-01,Australia,Alcoholic beverages and tobacco,2817.8,A130207514L
2015-08-01,Australia,Alcoholic beverages and tobacco,2871.1,A130207514L
2015-09-01,Australia,Alcoholic beverages and tobacco,2873.3,A130207514L
2015-10-01,Australia,Alcoholic beverages and tobacco,3062.2,A130207514L
2015-11-01,Australia,Alcoholic beverages and tobacco,2995.8,A130207514L
2015-12-01,Australia,Alcoholic beverages and tobacco,3635.1,A130207514L
2016-01-01,Australia,Alcoholic beverages and tobacco,3027.0,A130207514L
2016-02-01,Australia,Alcoholic beverages and tobacco,2756.2,A130207514L
2016-03-01,Australia,Alcoholic beverages and tobacco,3043.2,A130207514L
2016-04-01,Australia,Alcoholic beverages and tobacco,2876.4,A130207514L
2016-05-01,Australia,Alcoholic beverages and tobacco,2925.3,A130207514L
2016-06-01,Australia,Alcoholic beverages and tobacco,2804.5,A130207514L
2016-07-01,Australia,Alcoholic beverages and tobacco,2885.2,A130207514L
2016-08-01,Australia,Alcoholic beverages and tobacco,2925.5,A130207514L
2016-09-01,Australia,Alcoholic beverages and tobacco,2987.2,A130207514L
2016-10-01,Australia,Alcoholic beverages and tobacco,3140.2,A130207514L
2016-11-01,Australia,Alcoholic beverages and tobacco,3162.5,A130207514L
2016-12-01,Australia,Alcoholic beverages and tobacco,3853.3,A130207514L
2017-01-01,Australia,Alcoholic beverages and tobacco,3165.5,A130207514L
2017-02-01,Australia,Alcoholic beverages and tobacco,2855.5,A130207514L
2017-03-01,Australia,Alcoholic beverages and tobacco,3162.1,A130207514L
2017-04-01,Australia,Alcoholic beverages and tobacco,3055.2,A130207514L
2017-05-01,Australia,Alcoholic beverages and tobacco,3070.5,A130207514L
2017-06-01,Australia,Alcoholic beverages and tobacco,2956.5,A130207514L
2017-07-01,Australia,Alcoholic beverages and tobacco,3055.5,A130207514L
2017-08-01,Australia,Alcoholic beverages and tobacco,3116.8,A130207514L
2017-09-01,Australia,Alcoholic beverages and tobacco,3201.6,A130207514L
2017-10-01,Australia,Alcoholic beverages and tobacco,3384.6,A130207514L
2017-11-01,Australia,Alcoholic beverages and tobacco,3449.4,A130207514L
2017-12-01,Australia,Alcoholic beverages and tobacco,4169.3,A130207514L
2018-01-01,Australia,Alcoholic beverages and tobacco,3422.6,A130207514L
2018-02-01,Australia,Alcoholic beverages and tobacco,3104.6,A130207514L
2018-03-01,Australia,Alcoholic beverages and tobacco,3500.9,A130207514L
2018-04-01,Australia,Alcoholic beverages and tobacco,3300.1,A130207514L
2018-05-01,Australia,Alcoholic beverages and tobacco,3390.0,A130207514L
2018-06-01,Australia,Alcoholic beverages and tobacco,3239.7,A130207514L
2018-07-01,Australia,Alcoholic beverages and tobacco,3318.7,A130207514L
2018-08-01,Australia,Alcoholic beverages and tobacco,3413.6,A130207514L
2018-09-01,Australia,Alcoholic beverages and tobacco,3465.4,A130207514L
2018-10-01,Australia,Alcoholic beverages and tobacco,3674.7,A130207514L
2018-11-01,Australia,Alcoholic beverages and tobacco,3725.0,A130207514L
2018-12-01,Australia,Alcoholic beverages and tobacco,4460.0,A130207514L
2019-01-01,Australia,Alcoholic beverages and tobacco,3501.1,A130207514L
2019-02-01,Australia,Alcoholic beverages and tobacco,3190.9,A130207514L
2019-03-01,Australia,Alcoholic beverages and tobacco,3614.9,A130207514L
2019-04-01,Australia,Alcoholic beverages and tobacco,3443.5,A130207514L
2019-05-01,Australia,Alcoholic beverages and tobacco,3465.4,A130207514L
2019-06-01,Australia,Alcoholic beverages and tobacco,3378.9,A130207514L
2019-07-01,Australia,Alcoholic beverages and tobacco,3393.0,A130207514L
2019-08-01,Australia,Alcoholic beverages and tobacco,3567.0,A130207514L
2019-09-01,Australia,Alcoholic beverages and tobacco,3516.3,A130207514L
2019-10-01,Australia,Alcoholic beverages and tobacco,3657.5,A130207514L
2019-11-01,Australia,Alcoholic beverages and tobacco,3786.1,A130207514L
2019-12-01,Australia,Alcoholic beverages and tobacco,4446.1,A130207514L
2020-01-01,Australia,Alcoholic beverages and tobacco,3463.6,A130207514L
2020-02-01,Australia,Alcoholic beverages and tobacco,3305.6,A130207514L
2020-03-01,Australia,Alcoholic beverages and tobacco,4009.9,A130207514L
2020-04-01,Australia,Alcoholic beverages and tobacco,3615.9,A130207514L
2020-05-01,Australia,Alcoholic beverages and tobacco,4034.0,A130207514L
2020-06-01,Australia,Alcoholic beverages and tobacco,3810.8,A130207514L
2020-07-01,Australia,Alcoholic beverages and tobacco,4007.2,A130207514L
2020-08-01,Australia,Alcoholic beverages and tobacco,4127.6,A130207514L
2020-09-01,Australia,Alcoholic beverages and tobacco,4010.3,A130207514L
2020-10-01,Australia,Alcoholic beverages and tobacco,4318.8,A130207514L
2020-11-01,Australia,Alcoholic beverages and tobacco,4100.6,A130207514L
2020-12-01,Australia,Alcoholic beverages and tobacco,4927.7,A130207514L
2021-01-01,Australia,Alcoholic beverages and tobacco,3903.4,A130207514L
2021-02-01,Australia,Alcoholic beverages and tobacco,3455.9,A130207514L
2021-03-01,Australia,Alcoholic beverages and tobacco,3771.5,A130207514L
2021-04-01,Australia,Alcoholic beverages and tobacco,3667.9,A130207514L
2021-05-01,Australia,Alcoholic beverages and tobacco,3758.6,A130207514L
2021-06-01,Australia,Alcoholic beverages and tobacco,3619.4,A130207514L
2021-07-01,Australia,Alcoholic beverages and tobacco,3812.8,A130207514L
2021-08-01,Australia,Alcoholic beverages and tobacco,3826.0,A130207514L
2021-09-01,Australia,Alcoholic beverages and tobacco,3966.1,A130207514L
2021-10-01,Australia,Alcoholic beverages and tobacco,4209.3,A130207514L
2021-11-01,Australia,Alcoholic beverages and tobacco,4045.1,A130207514L
2021-12-01,Australia,Alcoholic beverages and tobacco,4871.7,A130207514L
2022-01-01,Australia,Alcoholic beverages and tobacco,4004.8,A130207514L
2022-02-01,Australia,Alcoholic beverages and tobacco,3592.5,A130207514L
2022-03-01,Australia,Alcoholic beverages and tobacco,3888.0,A130207514L
2022-04-01,Australia,Alcoholic beverages and tobacco,3991.9,A130207514L
2022-05-01,Australia,Alcoholic beverages and tobacco,3844.4,A130207514L
2022-06-01,Australia,Alcoholic beverages and tobacco,3712.3,A130207514L
2022-07-01,Australia,Alcoholic beverages and tobacco,3940.6,A130207514L
2022-08-01,Australia,Alcoholic beverages and tobacco,3878.8,A130207514L
2022-09-01,Australia,Alcoholic beverages and tobacco,3997.2,A130207514L
2022-10-01,Australia,Alcoholic beverages and tobacco,4075.6,A130207514L
2022-11-01,Australia,Alcoholic beverages and tobacco,4018.0,A130207514L
2022-12-01,Australia,Alcoholic beverages and tobacco,4867.8,A130207514L
2023-01-01,Australia,Alcoholic beverages and tobacco,3822.8,A130207514L
2023-02-01,Australia,Alcoholic beverages and tobacco,3523.8,A130207514L
2023-03-01,Australia,Alcoholic beverages and tobacco,3814.0,A130207514L
2023-04-01,Australia,Alcoholic beverages and tobacco,3802.7,A130207514L
2023-05-01,Australia,Alcoholic beverages and tobacco,3623.9,A130207514L
2023-06-01,Australia,Alcoholic beverages and tobacco,3546.8,A130207514L
2023-07-01,Australia,Alcoholic beverages and tobacco,3614.5,A130207514L
2023-08-01,Australia,Alcoholic beverages and tobacco,3674.0,A130207514L
2023-09-01,Australia,Alcoholic beverages and tobacco,3860.3,A130207514L
2023-10-01,Australia,Alcoholic beverages and tobacco,3757.7,A130207514L
2023-11-01,Australia,Alcoholic beverages and tobacco,3780.2,A130207514L
2023-12-01,Australia,Alcoholic beverages and tobacco,4591.9,A130207514L
2024-01-01,Australia,Alcoholic beverages and tobacco,3522.1,A130207514L
2024-02-01,Australia,Alcoholic beverages and tobacco,3314.4,A130207514L
2024-03-01,Australia,Alcoholic beverages and tobacco,3654.4,A130207514L
2024-04-01,Australia,Alcoholic beverages and tobacco,3328.7,A130207514L
2024-05-01,Australia,Alcoholic beverages and tobacco,3369.6,A130207514L
2024-06-01,Australia,Alcoholic beverages and tobacco,3248.1,A130207514L
2024-07-01,Australia,Alcoholic beverages and tobacco,3241.4,A130207514L
2024-08-01,Australia,Alcoholic beverages and tobacco,3441.1,A130207514L
2024-09-01,Australia,Alcoholic beverages and tobacco,3293.9,A130207514L
2024-10-01,Australia,Alcoholic beverages and tobacco,3385.6,A130207514L
2024-11-01,Australia,Alcoholic beverages and tobacco,3550.9,A130207514L
2024-12-01,Australia,Alcoholic beverages and tobacco,4182.1,A130207514L
2025-01-01,Australia,Alcoholic beverages and tobacco,3193.4,A130207514L
2025-02-01,Australia,Alcoholic beverages and tobacco,2856.6,A130207514L
2025-03-01,Australia,Alcoholic beverages and tobacco,3192.2,A130207514L
2025-04-01,Australia,Alcoholic beverages and tobacco,2958.5,A130207514L
2025-05-01,Australia,Alcoholic beverages and tobacco,2906.7,A130207514L
2025-06-01,Australia,Alcoholic beverages and tobacco,2627.5,A130207514L
2025-07-01,Australia,Alcoholic beverages and tobacco,2684.4,A130207514L
2025-08-01,Australia,Alcoholic beverages and tobacco,2773.9,A130207514L
2025-09-01,Australia,Alcoholic beverages and tobacco,2717.4,A130207514L
2025-10-01,Australia,Alcoholic beverages and tobacco,2887.6,A130207514L
2025-11-01,Australia,Alcoholic beverages and tobacco,2936.3,A130207514L
2025-12-01,Australia,Alcoholic beverages and tobacco,3705.4,A130207514L
2026-01-01,Australia,Alcoholic beverages and tobacco,2788.0,A130207514L
2026-02-01,Australia,Alcoholic beverages and tobacco,2483.6,A130207514L
2026-03-01,Australia,Alcoholic beverages and tobacco,2751.5,A130207514L
2026-04-01,Australia,Alcoholic beverages and tobacco,2729.7,A130207514L
2026-05-01,Australia,Alcoholic beverages and tobacco,2791.3,A130207514L
2026-06-01,Australia,Alcoholic beverages and tobacco,2631.2,A130207514L
2026-07-01,Australia,Alcoholic beverages and tobacco,2784.9,A130207514L
2012-07-01,Australia,Clothing and footwear,2365.7,A130207328J
2012-08-01,Australia,Clothing and footwear,2326.1,A130207328J
2012-09-01,Australia,Clothing and footwear,2364.9,A130207328J
2012-10-01,Australia,Clothing and footwear,2461.5,A130207328J
2012-11-01,Australia,Clothing and footwear,2661.0,A130207328J
2012-12-01,Australia,Clothing and footwear,4153.9,A130207328J
2013-01-01,Australia,Clothing and footwear,2434.9,A130207328J
2013-02-01,Australia,Clothing and footwear,2022.5,A130207328J
2013-03-01,Australia,Clothing and footwear,2272.0,A130207328J
2013-04-01,Australia,Clothing and footwear,2372.8,A130207328J
2013-05-01,Australia,Clothing and footwear,2569.6,A130207328J
2013-06-01,Australia,Clothing and footwear,2532.2,A130207328J
2013-07-01,Australia,Clothing and footwear,2426.0,A130207328J
2013-08-01,Australia,Clothing and footwear,2433.1,A130207328J
2013-09-01,Australia,Clothing and footwear,2504.1,A130207328J
2013-10-01,Australia,Clothing and footwear,2683.6,A130207328J
2013-11-01,Australia,Clothing and footwear,2906.1,A130207328J
2013-12-01,Australia,Clothing and footwear,4345.7,A130207328J
2014-01-01,Australia,Clothing and footwear,2598.3,A130207328J
2014-02-01,Australia,Clothing and footwear,2092.9,A130207328J
2014-03-01,Australia,Clothing and footwear,2402.6,A130207328J
2014-04-01,Australia,Clothing and footwear,2513.7,A130207328J
2014-05-01,Australia,Clothing and footwear,2621.8,A130207328J
2014-06-01,Australia,Clothing and footwear,2533.2,A130207328J
2014-07-01,Australia,Clothing and footwear,2515.7,A130207328J
2014-08-01,Australia,Clothing and footwear,2353.5,A130207328J
2014-09-01,Australia,Clothing and footwear,2486.6,A130207328J
2014-10-01,Australia,Clothing and footwear,2650.3,A130207328J
2014-11-01,Australia,Clothing and footwear,2793.4,A130207328J
2014-12-01,Australia,Clothing and footwear,4420.2,A130207328J
2015-01-01,Australia,Clothing and footwear,2635.0,A130207328J
2015-02-01,Australia,Clothing and footwear,2092.5,A130207328J
2015-03-01,Australia,Clothing and footwear,2491.0,A130207328J
2015-04-01,Australia,Clothing and footwear,2606.4,A130207328J
2015-05-01,Australia,Clothing and footwear,2704.4,A130207328J
2015-06-01,Australia,Clothing and footwear,2620.2,A130207328J
2015-07-01,Australia,Clothing and footwear,2669.4,A130207328J
2015-08-01,Australia,Clothing and footwear,2490.6,A130207328J
2015-09-01,Australia,Clothing and footwear,2624.2,A130207328J
2015-10-01,Australia,Clothing and footwear,2812.7,A130207328J
2015-11-01,Australia,Clothing and footwear,2944.6,A130207328J
2015-12-01,Australia,Clothing and footwear,4723.2,A130207328J
2016-01-01,Australia,Clothing and footwear,2776.4,A130207328J
2016-02-01,Australia,Clothing and footwear,2324.0,A130207328J
2016-03-01,Australia,Clothing and footwear,2651.6,A130207328J
2016-04-01,Australia,Clothing and footwear,2792.1,A130207328J
2016-05-01,Australia,Clothing and footwear,2797.1,A130207328J
2016-06-01,Australia,Clothing and footwear,2907.1,A130207328J
2016-07-01,Australia,Clothing and footwear,2763.2,A130207328J
2016-08-01,Australia,Clothing and footwear,2615.3,A130207328J
2016-09-01,Australia,Clothing and footwear,2758.3,A130207328J
2016-10-01,Australia,Clothing and footwear,2860.0,A130207328J
2016-11-01,Australia,Clothing and footwear,3098.7,A130207328J
2016-12-01,Australia,Clothing and footwear,4979.9,A130207328J
2017-01-01,Australia,Clothing and footwear,2816.4,A130207328J
2017-02-01,Australia,Clothing and footwear,2260.2,A130207328J
2017-03-01,Australia,Clothing and footwear,2673.9,A130207328J
2017-04-01,Australia,Clothing and footwear,2789.8,A130207328J
2017-05-01,Australia,Clothing and footwear,2902.5,A130207328J
2017-06-01,Australia,Clothing and footwear,2916.8,A130207328J
2017-07-01,Australia,Clothing and footwear,2778.8,A130207328J
2017-08-01,Australia,Clothing and footwear,2657.6,A130207328J
2017-09-01,Australia,Clothing and footwear,2755.9,A130207328J
2017-10-01,Australia,Clothing and footwear,2875.7,A130207328J
2017-11-01,Australia,Clothing and footwear,3206.6,A130207328J
2017-12-01,Australia,Clothing and footwear,4933.8,A130207328J
2018-01-01,Australia,Clothing and footwear,2844.6,A130207328J
2018-02-01,Australia,Clothing and footwear,2340.9,A130207328J
2018-03-01,Australia,Clothing and footwear,2760.8,A130207328J
2018-04-01,Australia,Clothing and footwear,2771.2,A130207328J
2018-05-01,Australia,Clothing and footwear,3043.8,A130207328J
2018-06-01,Australia,Clothing and footwear,3054.4,A130207328J
2018-07-01,Australia,Clothing and footwear,2813.9,A130207328J
2018-08-01,Australia,Clothing and footwear,2781.9,A130207328J
2018-09-01,Australia,Clothing and footwear,2799.7,A130207328J
2018-10-01,Australia,Clothing and footwear,3049.3,A130207328J
2018-11-01,Australia,Clothing and footwear,3372.1,A130207328J
2018-12-01,Australia,Clothing and footwear,5025.7,A130207328J
2019-01-01,Australia,Clothing and footwear,2908.9,A130207328J
2019-02-01,Australia,Clothing and footwear,2418.6,A130207328J
2019-03-01,Australia,Clothing and footwear,2891.7,A130207328J
2019-04-01,Australia,Clothing and footwear,2887.0,A130207328J
2019-05-01,Australia,Clothing and footwear,3143.5,A130207328J
2019-06-01,Australia,Clothing and footwear,3228.7,A130207328J
2019-07-01,Australia,Clothing and footwear,2897.7,A130207328J
2019-08-01,Australia,Clothing and footwear,3006.5,A130207328J
2019-09-01,Australia,Clothing and footwear,2912.1,A130207328J
2019-10-01,Australia,Clothing and footwear,3096.6,A130207328J
2019-11-01,Australia,Clothing and footwear,3624.3,A130207328J
2019-12-01,Australia,Clothing and footwear,4643.8,A130207328J
2020-01-01,Australia,Clothing and footwear,2832.1,A130207328J
2020-02-01,Australia,Clothing and footwear,2429.3,A130207328J
2020-03-01,Australia,Clothing and footwear,2225.4,A130207328J
2020-04-01,Australia,Clothing and footwear,1640.1,A130207328J
2020-05-01,Australia,Clothing and footwear,2945.1,A130207328J
2020-06-01,Australia,Clothing and footwear,3197.1,A130207328J
2020-07-01,Australia,Clothing and footwear,3160.2,A130207328J
2020-08-01,Australia,Clothing and footwear,2777.2,A130207328J
2020-09-01,Australia,Clothing and footwear,2751.7,A130207328J
2020-10-01,Australia,Clothing and footwear,3042.9,A130207328J
2020-11-01,Australia,Clothing and footwear,4058.2,A130207328J
2020-12-01,Australia,Clothing and footwear,4825.5,A130207328J
2021-01-01,Australia,Clothing and footwear,3031.1,A130207328J
2021-02-01,Australia,Clothing and footwear,2545.3,A130207328J
2021-03-01,Australia,Clothing and footwear,3079.4,A130207328J
2021-04-01,Australia,Clothing and footwear,3215.0,A130207328J
2021-05-01,Australia,Clothing and footwear,3392.6,A130207328J
2021-06-01,Australia,Clothing and footwear,3194.9,A130207328J
2021-07-01,Australia,Clothing and footwear,2714.0,A130207328J
2021-08-01,Australia,Clothing and footwear,2474.8,A130207328J
2021-09-01,Australia,Clothing and footwear,2611.2,A130207328J
2021-10-01,Australia,Clothing and footwear,3210.6,A130207328J
2021-11-01,Australia,Clothing and footwear,4579.9,A130207328J
2021-12-01,Australia,Clothing and footwear,5155.8,A130207328J
2022-01-01,Australia,Clothing and footwear,3239.0,A130207328J
2022-02-01,Australia,Clothing and footwear,2937.9,A130207328J
2022-03-01,Australia,Clothing and footwear,3406.8,A130207328J
2022-04-01,Australia,Clothing and footwear,3793.4,A130207328J
2022-05-01,Australia,Clothing and footwear,3951.5,A130207328J
2022-06-01,Australia,Clothing and footwear,4070.1,A130207328J
2022-07-01,Australia,Clothing and footwear,4009.1,A130207328J
2022-08-01,Australia,Clothing and footwear,3843.0,A130207328J
2022-09-01,Australia,Clothing and footwear,4006.8,A130207328J
2022-10-01,Australia,Clothing and footwear,4143.4,A130207328J
2022-11-01,Australia,Clothing and footwear,5120.3,A130207328J
2022-12-01,Australia,Clothing and footwear,5891.3,A130207328J
2023-01-01,Australia,Clothing and footwear,3848.2,A130207328J
2023-02-01,Australia,Clothing and footwear,3248.0,A130207328J
2023-03-01,Australia,Clothing and footwear,3679.3,A130207328J
2023-04-01,Australia,Clothing and footwear,4022.9,A130207328J
2023-05-01,Australia,Clothing and footwear,4168.5,A130207328J
2023-06-01,Australia,Clothing and footwear,4119.3,A130207328J
2023-07-01,Australia,Clothing and footwear,3884.8,A130207328J
2023-08-01,Australia,Clothing and footwear,3820.1,A130207328J
2023-09-01,Australia,Clothing and footwear,3998.4,A130207328J
2023-10-01,Australia,Clothing and footwear,4045.0,A130207328J
2023-11-01,Australia,Clothing and footwear,5180.4,A130207328J
2023-12-01,Australia,Clothing and footwear,5811.2,A130207328J
2024-01-01,Australia,Clothing and footwear,3815.5,A130207328J
2024-02-01,Australia,Clothing and footwear,3345.2,A130207328J
2024-03-01,Australia,Clothing and footwear,3680.3,A130207328J
2024-04-01,Australia,Clothing and footwear,3842.9,A130207328J
2024-05-01,Australia,Clothing and footwear,4066.8,A130207328J
2024-06-01,Australia,Clothing and footwear,4180.4,A130207328J
2024-07-01,Australia,Clothing and footwear,3767.4,A130207328J
2024-08-01,Australia,Clothing and footwear,3955.0,A130207328J
2024-09-01,Australia,Clothing and footwear,3877.0,A130207328J
2024-10-01,Australia,Clothing and footwear,4097.6,A130207328J
2024-11-01,Australia,Clothing and footwear,5331.7,A130207328J
2024-12-01,Australia,Clothing and footwear,6029.4,A130207328J
2025-01-01,Australia,Clothing and footwear,3857.6,A130207328J
2025-02-01,Australia,Clothing and footwear,3286.8,A130207328J
2025-03-01,Australia,Clothing and footwear,3802.3,A130207328J
2025-04-01,Australia,Clothing and footwear,3782.7,A130207328J
2025-05-01,Australia,Clothing and footwear,4257.2,A130207328J
2025-06-01,Australia,Clothing and footwear,4322.2,A130207328J
2025-07-01,Australia,Clothing and footwear,3949.3,A130207328J
2025-08-01,Australia,Clothing and footwear,4026.6,A130207328J
2025-09-01,Australia,Clothing and footwear,4027.3,A130207328J
2025-10-01,Australia,Clothing and footwear,4370.6,A130207328J
2025-11-01,Australia,Clothing and footwear,5779.4,A130207328J
2025-12-01,Australia,Clothing and footwear,6206.6,A130207328J
2026-01-01,Australia,Clothing and footwear,4100.7,A130207328J
2026-02-01,Australia,Clothing and footwear,3451.3,A130207328J
2026-03-01,Australia,Clothing and footwear,4012.1,A130207328J
2026-04-01,Australia,Clothing and footwear,4039.8,A130207328J
2026-05-01,Australia,Clothing and footwear,4539.8,A130207328J
2026-06-01,Australia,Clothing and footwear,4442.2,A130207328J
2026-07-01,Australia,Clothing and footwear,4204.1,A130207328J
2012-07-01,Australia,Furnishings and household equipment,3092.2,A130207418L
2012-08-01,Australia,Furnishings and household equipment,3142.4,A130207418L
2012-09-01,Australia,Furnishings and household equipment,3161.4,A130207418L
2012-10-01,Australia,Furnishings and household equipment,3266.0,A130207418L
2012-11-01,Australia,Furnishings and household equipment,3397.3,A130207418L
2012-12-01,Australia,Furnishings and household equipment,4275.9,A130207418L
2013-01-01,Australia,Furnishings and household equipment,3201.2,A130207418L
2013-02-01,Australia,Furnishings and household equipment,2802.9,A130207418L
2013-03-01,Australia,Furnishings and household equipment,3021.6,A130207418L
2013-04-01,Australia,Furnishings and household equipment,2971.2,A130207418L
2013-05-01,Australia,Furnishings and household equipment,3095.5,A130207418L
2013-06-01,Australia,Furnishings and household equipment,3116.4,A130207418L
2013-07-01,Australia,Furnishings and household equipment,3151.7,A130207418L
2013-08-01,Australia,Furnishings and household equipment,3236.0,A130207418L
2013-09-01,Australia,Furnishings and household equipment,3189.0,A130207418L
2013-10-01,Australia,Furnishings and household equipment,3400.8,A130207418L
2013-11-01,Australia,Furnishings and household equipment,3562.6,A130207418L
2013-12-01,Australia,Furnishings and household equipment,4451.7,A130207418L
2014-01-01,Australia,Furnishings and household equipment,3346.3,A130207418L
2014-02-01,Australia,Furnishings and household equipment,2936.7,A130207418L
2014-03-01,Australia,Furnishings and household equipment,3182.3,A130207418L
2014-04-01,Australia,Furnishings and household equipment,3093.0,A130207418L
2014-05-01,Australia,Furnishings and household equipment,3238.3,A130207418L
2014-06-01,Australia,Furnishings and household equipment,3256.5,A130207418L
2014-07-01,Australia,Furnishings and household equipment,3315.8,A130207418L
2014-08-01,Australia,Furnishings and household equipment,3290.6,A130207418L
2014-09-01,Australia,Furnishings and household equipment,3414.0,A130207418L
2014-10-01,Australia,Furnishings and household equipment,3649.5,A130207418L
2014-11-01,Australia,Furnishings and household equipment,3764.6,A130207418L
2014-12-01,Australia,Furnishings and household equipment,4665.0,A130207418L
2015-01-01,Australia,Furnishings and household equipment,3529.2,A130207418L
2015-02-01,Australia,Furnishings and household equipment,3098.9,A130207418L
2015-03-01,Australia,Furnishings and household equipment,3397.2,A130207418L
2015-04-01,Australia,Furnishings and household equipment,3242.6,A130207418L
2015-05-01,Australia,Furnishings and household equipment,3414.7,A130207418L
2015-06-01,Australia,Furnishings and household equipment,3533.8,A130207418L
2015-07-01,Australia,Furnishings and household equipment,3541.8,A130207418L
2015-08-01,Australia,Furnishings and household equipment,3520.4,A130207418L
2015-09-01,Australia,Furnishings and household equipment,3617.3,A130207418L
2015-10-01,Australia,Furnishings and household equipment,3876.1,A130207418L
2015-11-01,Australia,Furnishings and household equipment,3955.2,A130207418L
2015-12-01,Australia,Furnishings and household equipment,4956.9,A130207418L
2016-01-01,Australia,Furnishings and household equipment,3718.9,A130207418L
2016-02-01,Australia,Furnishings and household equipment,3384.0,A130207418L
2016-03-01,Australia,Furnishings and household equipment,3519.8,A130207418L
2016-04-01,Australia,Furnishings and household equipment,3514.9,A130207418L
2016-05-01,Australia,Furnishings and household equipment,3548.5,A130207418L
2016-06-01,Australia,Furnishings and household equipment,3649.2,A130207418L
2016-07-01,Australia,Furnishings and household equipment,3610.7,A130207418L
2016-08-01,Australia,Furnishings and household equipment,3626.3,A130207418L
2016-09-01,Australia,Furnishings and household equipment,3811.6,A130207418L
2016-10-01,Australia,Furnishings and household equipment,4003.0,A130207418L
2016-11-01,Australia,Furnishings and household equipment,4167.8,A130207418L
2016-12-01,Australia,Furnishings and household equipment,5075.0,A130207418L
2017-01-01,Australia,Furnishings and household equipment,3773.1,A130207418L
2017-02-01,Australia,Furnishings and household equipment,3299.7,A130207418L
2017-03-01,Australia,Furnishings and household equipment,3583.8,A130207418L
2017-04-01,Australia,Furnishings and household equipment,3468.1,A130207418L
2017-05-01,Australia,Furnishings and household equipment,3660.6,A130207418L
2017-06-01,Australia,Furnishings and household equipment,3803.2,A130207418L
2017-07-01,Australia,Furnishings and household equipment,3675.7,A130207418L
2017-08-01,Australia,Furnishings and household equipment,3668.4,A130207418L
2017-09-01,Australia,Furnishings and household equipment,3721.3,A130207418L
2017-10-01,Australia,Furnishings and household equipment,3928.8,A130207418L
2017-11-01,Australia,Furnishings and household equipment,4201.0,A130207418L
2017-12-01,Australia,Furnishings and household equipment,5086.9,A130207418L
2018-01-01,Australia,Furnishings and household equipment,3783.2,A130207418L
2018-02-01,Australia,Furnishings and household equipment,3376.1,A130207418L
2018-03-01,Australia,Furnishings and household equipment,3697.3,A130207418L
2018-04-01,Australia,Furnishings and household equipment,3568.8,A130207418L
2018-05-01,Australia,Furnishings and household equipment,3775.3,A130207418L
2018-06-01,Australia,Furnishings and household equipment,3845.2,A130207418L
2018-07-01,Australia,Furnishings and household equipment,3774.5,A130207418L
2018-08-01,Australia,Furnishings and household equipment,3835.5,A130207418L
2018-09-01,Australia,Furnishings and household equipment,3859.6,A130207418L
2018-10-01,Australia,Furnishings and household equipment,4144.2,A130207418L
2018-11-01,Australia,Furnishings and household equipment,4398.2,A130207418L
2018-12-01,Australia,Furnishings and household equipment,5203.2,A130207418L
2019-01-01,Australia,Furnishings and household equipment,3753.1,A130207418L
2019-02-01,Australia,Furnishings and household equipment,3329.5,A130207418L
2019-03-01,Australia,Furnishings and household equipment,3666.9,A130207418L
2019-04-01,Australia,Furnishings and household equipment,3501.1,A130207418L
2019-05-01,Australia,Furnishings and household equipment,3689.1,A130207418L
2019-06-01,Australia,Furnishings and household equipment,3800.0,A130207418L
2019-07-01,Australia,Furnishings and household equipment,3693.8,A130207418L
2019-08-01,Australia,Furnishings and household equipment,3796.2,A130207418L
2019-09-01,Australia,Furnishings and household equipment,3765.0,A130207418L
2019-10-01,Australia,Furnishings and household equipment,4059.9,A130207418L
2019-11-01,Australia,Furnishings and household equipment,4337.2,A130207418L
2019-12-01,Australia,Furnishings and household equipment,4816.2,A130207418L
2020-01-01,Australia,Furnishings and household equipment,3731.9,A130207418L
2020-02-01,Australia,Furnishings and household equipment,3437.5,A130207418L
2020-03-01,Australia,Furnishings and household equipment,3971.6,A130207418L
2020-04-01,Australia,Furnishings and household equipment,3973.1,A130207418L
2020-05-01,Australia,Furnishings and household equipment,4876.5,A130207418L
2020-06-01,Australia,Furnishings and household equipment,4803.1,A130207418L
2020-07-01,Australia,Furnishings and household equipment,4841.0,A130207418L
2020-08-01,Australia,Furnishings and household equipment,4544.5,A130207418L
2020-09-01,Australia,Furnishings and household equipment,4451.1,A130207418L
2020-10-01,Australia,Furnishings and household equipment,4704.5,A130207418L
2020-11-01,Australia,Furnishings and household equipment,5402.3,A130207418L
2020-12-01,Australia,Furnishings and household equipment,5650.0,A130207418L
2021-01-01,Australia,Furnishings and household equipment,4429.8,A130207418L
2021-02-01,Australia,Furnishings and household equipment,3889.4,A130207418L
2021-03-01,Australia,Furnishings and household equipment,4337.6,A130207418L
2021-04-01,Australia,Furnishings and household equipment,4174.9,A130207418L
2021-05-01,Australia,Furnishings and household equipment,4385.9,A130207418L
2021-06-01,Australia,Furnishings and household equipment,4532.1,A130207418L
2021-07-01,Australia,Furnishings and household equipment,4301.1,A130207418L
2021-08-01,Australia,Furnishings and household equipment,4322.5,A130207418L
2021-09-01,Australia,Furnishings and household equipment,4513.4,A130207418L
2021-10-01,Australia,Furnishings and household equipment,5067.8,A130207418L
2021-11-01,Australia,Furnishings and household equipment,5774.1,A130207418L
2021-12-01,Australia,Furnishings and household equipment,5966.7,A130207418L
2022-01-01,Australia,Furnishings and household equipment,4749.7,A130207418L
2022-02-01,Australia,Furnishings and household equipment,4304.9,A130207418L
2022-03-01,Australia,Furnishings and household equipment,4788.3,A130207418L
2022-04-01,Australia,Furnishings and household equipment,4677.3,A130207418L
2022-05-01,Australia,Furnishings and household equipment,4846.1,A130207418L
2022-06-01,Australia,Furnishings and household equipment,5029.1,A130207418L
2022-07-01,Australia,Furnishings and household equipment,4906.0,A130207418L
2022-08-01,Australia,Furnishings and household equipment,4993.3,A130207418L
2022-09-01,Australia,Furnishings and household equipment,5065.6,A130207418L
2022-10-01,Australia,Furnishings and household equipment,5336.1,A130207418L
2022-11-01,Australia,Furnishings and household equipment,5924.3,A130207418L
2022-12-01,Australia,Furnishings and household equipment,6162.6,A130207418L
2023-01-01,Australia,Furnishings and household equipment,4890.7,A130207418L
2023-02-01,Australia,Furnishings and household equipment,4320.2,A130207418L
2023-03-01,Australia,Furnishings and household equipment,4701.2,A130207418L
2023-04-01,Australia,Furnishings and household equipment,4611.9,A130207418L
2023-05-01,Australia,Furnishings and household equipment,4794.3,A130207418L
2023-06-01,Australia,Furnishings and household equipment,4947.8,A130207418L
2023-07-01,Australia,Furnishings and household equipment,4690.7,A130207418L
2023-08-01,Australia,Furnishings and household equipment,4822.7,A130207418L
2023-09-01,Australia,Furnishings and household equipment,4973.9,A130207418L
2023-10-01,Australia,Furnishings and household equipment,5161.4,A130207418L
2023-11-01,Australia,Furnishings and household equipment,5903.4,A130207418L
2023-12-01,Australia,Furnishings and household equipment,5965.0,A130207418L
2024-01-01,Australia,Furnishings and household equipment,4828.5,A130207418L
2024-02-01,Australia,Furnishings and household equipment,4417.5,A130207418L
2024-03-01,Australia,Furnishings and household equipment,4651.2,A130207418L
2024-04-01,Australia,Furnishings and household equipment,4655.0,A130207418L
2024-05-01,Australia,Furnishings and household equipment,4834.5,A130207418L
2024-06-01,Australia,Furnishings and household equipment,5109.2,A130207418L
2024-07-01,Australia,Furnishings and household equipment,4747.5,A130207418L
2024-08-01,Australia,Furnishings and household equipment,4982.2,A130207418L
2024-09-01,Australia,Furnishings and household equipment,5017.1,A130207418L
2024-10-01,Australia,Furnishings and household equipment,5393.2,A130207418L
2024-11-01,Australia,Furnishings and household equipment,6123.5,A130207418L
2024-12-01,Australia,Furnishings and household equipment,6365.9,A130207418L
2025-01-01,Australia,Furnishings and household equipment,4983.4,A130207418L
2025-02-01,Australia,Furnishings and household equipment,4445.5,A130207418L
2025-03-01,Australia,Furnishings and household equipment,4896.4,A130207418L
2025-04-01,Australia,Furnishings and household equipment,4743.0,A130207418L
2025-05-01,Australia,Furnishings and household equipment,5048.6,A130207418L
2025-06-01,Australia,Furnishings and household equipment,5379.5,A130207418L
2025-07-01,Australia,Furnishings and household equipment,5028.5,A130207418L
2025-08-01,Australia,Furnishings and household equipment,5110.3,A130207418L
2025-09-01,Australia,Furnishings and household equipment,5239.2,A130207418L
2025-10-01,Australia,Furnishings and household equipment,5725.1,A130207418L
2025-11-01,Australia,Furnishings and household equipment,6640.1,A130207418L
2025-12-01,Australia,Furnishings and household equipment,6636.9,A130207418L
2026-01-01,Australia,Furnishings and household equipment,5245.2,A130207418L
2026-02-01,Australia,Furnishings and household equipment,4613.3,A130207418L
2026-03-01,Australia,Furnishings and household equipment,5182.7,A130207418L
2026-04-01,Australia,Furnishings and household equipment,5012.0,A130207418L
2026-05-01,Australia,Furnishings and household equipment,5308.3,A130207418L
2026-06-01,Australia,Furnishings and household equipment,5611.3,A130207418L
2026-07-01,Australia,Furnishings and household equipment,5293.4,A130207418L
2012-07-01,Australia,Health,4226.9,A130207424J
2012-08-01,Australia,Health,4415.5,A130207424J
2012-09-01,Australia,Health,4230.5,A130207424J
2012-10-01,Australia,Health,4444.7,A130207424J
2012-11-01,Australia,Health,4579.5,A130207424J
2012-12-01,Australia,Health,4290.3,A130207424J
2013-01-01,Australia,Health,3965.8,A130207424J
2013-02-01,Australia,Health,4193.3,A130207424J
2013-03-01,Australia,Health,4552.3,A130207424J
2013-04-01,Australia,Health,4222.7,A130207424J
2013-05-01,Australia,Health,4795.1,A130207424J
2013-06-01,Australia,Health,4450.4,A130207424J
2013-07-01,Australia,Health,4564.8,A130207424J
2013-08-01,Australia,Health,4672.9,A130207424J
2013-09-01,Australia,Health,4459.0,A130207424J
2013-10-01,Australia,Health,4626.1,A130207424J
2013-11-01,Australia,Health,4743.6,A130207424J
2013-12-01,Australia,Health,4449.6,A130207424J
2014-01-01,Australia,Health,4187.8,A130207424J
2014-02-01,Australia,Health,4446.3,A130207424J
2014-03-01,Australia,Health,4782.8,A130207424J
2014-04-01,Australia,Health,4351.6,A130207424J
2014-05-01,Australia,Health,4895.8,A130207424J
2014-06-01,Australia,Health,4584.9,A130207424J
2014-07-01,Australia,Health,4790.5,A130207424J
2014-08-01,Australia,Health,4930.6,A130207424J
2014-09-01,Australia,Health,4754.9,A130207424J
2014-10-01,Australia,Health,4942.5,A130207424J
2014-11-01,Australia,Health,4980.2,A130207424J
2014-12-01,Australia,Health,4676.8,A130207424J
2015-01-01,Australia,Health,4371.3,A130207424J
2015-02-01,Australia,Health,4622.0,A130207424J
2015-03-01,Australia,Health,5010.0,A130207424J
2015-04-01,Australia,Health,4587.0,A130207424J
2015-05-01,Australia,Health,5210.0,A130207424J
2015-06-01,Australia,Health,4962.1,A130207424J
2015-07-01,Australia,Health,5161.0,A130207424J
2015-08-01,Australia,Health,5266.8,A130207424J
2015-09-01,Australia,Health,5046.3,A130207424J
2015-10-01,Australia,Health,5192.6,A130207424J
2015-11-01,Australia,Health,5218.8,A130207424J
2015-12-01,Australia,Health,4838.2,A130207424J
2016-01-01,Australia,Health,4453.6,A130207424J
2016-02-01,Australia,Health,4769.0,A130207424J
2016-03-01,Australia,Health,5218.9,A130207424J
2016-04-01,Australia,Health,4982.7,A130207424J
2016-05-01,Australia,Health,5644.3,A130207424J
2016-06-01,Australia,Health,5293.7,A130207424J
2016-07-01,Australia,Health,5355.8,A130207424J
2016-08-01,Australia,Health,5447.2,A130207424J
2016-09-01,Australia,Health,5247.6,A130207424J
2016-10-01,Australia,Health,5433.9,A130207424J
2016-11-01,Australia,Health,5617.6,A130207424J
2016-12-01,Australia,Health,5274.0,A130207424J
2017-01-01,Australia,Health,4842.2,A130207424J
2017-02-01,Australia,Health,5142.6,A130207424J
2017-03-01,Australia,Health,5641.4,A130207424J
2017-04-01,Australia,Health,5112.5,A130207424J
2017-05-01,Australia,Health,5799.0,A130207424J
2017-06-01,Australia,Health,5451.3,A130207424J
2017-07-01,Australia,Health,5548.3,A130207424J
2017-08-01,Australia,Health,5718.9,A130207424J
2017-09-01,Australia,Health,5510.1,A130207424J
2017-10-01,Australia,Health,5740.0,A130207424J
2017-11-01,Australia,Health,5935.8,A130207424J
2017-12-01,Australia,Health,5515.8,A130207424J
2018-01-01,Australia,Health,5074.9,A130207424J
2018-02-01,Australia,Health,5369.4,A130207424J
2018-03-01,Australia,Health,5906.3,A130207424J
2018-04-01,Australia,Health,5479.8,A130207424J
2018-05-01,Australia,Health,6241.3,A130207424J
2018-06-01,Australia,Health,5867.4,A130207424J
2018-07-01,Australia,Health,5951.5,A130207424J
2018-08-01,Australia,Health,6116.3,A130207424J
2018-09-01,Australia,Health,5825.8,A130207424J
2018-10-01,Australia,Health,6158.7,A130207424J
2018-11-01,Australia,Health,6409.6,A130207424J
2018-12-01,Australia,Health,5983.1,A130207424J
2019-01-01,Australia,Health,5532.7,A130207424J
2019-02-01,Australia,Health,5765.1,A130207424J
2019-03-01,Australia,Health,6108.5,A130207424J
2019-04-01,Australia,Health,5612.4,A130207424J
2019-05-01,Australia,Health,6466.8,A130207424J
2019-06-01,Australia,Health,5797.4,A130207424J
2019-07-01,Australia,Health,6271.3,A130207424J
2019-08-01,Australia,Health,6373.2,A130207424J
2019-09-01,Australia,Health,5988.6,A130207424J
2019-10-01,Australia,Health,6370.3,A130207424J
2019-11-01,Australia,Health,6335.6,A130207424J
2019-12-01,Australia,Health,5936.9,A130207424J
2020-01-01,Australia,Health,5755.1,A130207424J
2020-02-01,Australia,Health,6040.5,A130207424J
2020-03-01,Australia,Health,6421.1,A130207424J
2020-04-01,Australia,Health,3684.6,A130207424J
2020-05-01,Australia,Health,5062.3,A130207424J
2020-06-01,Australia,Health,6016.6,A130207424J
2020-07-01,Australia,Health,6678.4,A130207424J
2020-08-01,Australia,Health,6159.5,A130207424J
2020-09-01,Australia,Health,6235.7,A130207424J
2020-10-01,Australia,Health,6496.6,A130207424J
2020-11-01,Australia,Health,6721.5,A130207424J
2020-12-01,Australia,Health,6428.2,A130207424J
2021-01-01,Australia,Health,5779.5,A130207424J
2021-02-01,Australia,Health,6198.5,A130207424J
2021-03-01,Australia,Health,7137.2,A130207424J
2021-04-01,Australia,Health,6178.2,A130207424J
2021-05-01,Australia,Health,6673.5,A130207424J
2021-06-01,Australia,Health,6506.2,A130207424J
2021-07-01,Australia,Health,6416.8,A130207424J
2021-08-01,Australia,Health,6436.6,A130207424J
2021-09-01,Australia,Health,6363.9,A130207424J
2021-10-01,Australia,Health,6479.3,A130207424J
2021-11-01,Australia,Health,7281.7,A130207424J
2021-12-01,Australia,Health,6780.3,A130207424J
2022-01-01,Australia,Health,5898.5,A130207424J
2022-02-01,Australia,Health,6537.1,A130207424J
2022-03-01,Australia,Health,7504.4,A130207424J
2022-04-01,Australia,Health,6362.5,A130207424J
2022-05-01,Australia,Health,7420.4,A130207424J
2022-06-01,Australia,Health,7171.4,A130207424J
2022-07-01,Australia,Health,7010.0,A130207424J
2022-08-01,Australia,Health,7810.8,A130207424J
2022-09-01,Australia,Health,7236.5,A130207424J
2022-10-01,Australia,Health,7423.5,A130207424J
2022-11-01,Australia,Health,8001.4,A130207424J
2022-12-01,Australia,Health,7167.6,A130207424J
2023-01-01,Australia,Health,6749.0,A130207424J
2023-02-01,Australia,Health,7331.3,A130207424J
2023-03-01,Australia,Health,8196.1,A130207424J
2023-04-01,Australia,Health,6821.1,A130207424J
2023-05-01,Australia,Health,8397.4,A130207424J
2023-06-01,Australia,Health,7797.3,A130207424J
2023-07-01,Australia,Health,7704.7,A130207424J
2023-08-01,Australia,Health,8521.0,A130207424J
2023-09-01,Australia,Health,7752.0,A130207424J
2023-10-01,Australia,Health,8246.9,A130207424J
2023-11-01,Australia,Health,8622.7,A130207424J
2023-12-01,Australia,Health,7566.8,A130207424J
2024-01-01,Australia,Health,7630.2,A130207424J
2024-02-01,Australia,Health,8274.9,A130207424J
2024-03-01,Australia,Health,8166.8,A130207424J
2024-04-01,Australia,Health,8121.8,A130207424J
2024-05-01,Australia,Health,8942.9,A130207424J
2024-06-01,Australia,Health,7928.4,A130207424J
2024-07-01,Australia,Health,8764.3,A130207424J
2024-08-01,Australia,Health,8896.4,A130207424J
2024-09-01,Australia,Health,8340.3,A130207424J
2024-10-01,Australia,Health,9034.2,A130207424J
2024-11-01,Australia,Health,9085.8,A130207424J
2024-12-01,Australia,Health,8237.9,A130207424J
2025-01-01,Australia,Health,8247.5,A130207424J
2025-02-01,Australia,Health,8566.7,A130207424J
2025-03-01,Australia,Health,9021.3,A130207424J
2025-04-01,Australia,Health,8424.1,A130207424J
2025-05-01,Australia,Health,9482.5,A130207424J
2025-06-01,Australia,Health,8766.4,A130207424J
2025-07-01,Australia,Health,9458.7,A130207424J
2025-08-01,Australia,Health,9310.7,A130207424J
2025-09-01,Australia,Health,9308.1,A130207424J
2025-10-01,Australia,Health,9669.9,A130207424J
2025-11-01,Australia,Health,9450.0,A130207424J
2025-12-01,Australia,Health,8961.5,A130207424J
2026-01-01,Australia,Health,8559.2,A130207424J
2026-02-01,Australia,Health,9027.3,A130207424J
2026-03-01,Australia,Health,9814.7,A130207424J
2026-04-01,Australia,Health,8912.9,A130207424J
2026-05-01,Australia,Health,9592.9,A130207424J
2026-06-01,Australia,Health,9513.2,A130207424J
2026-07-01,Australia,Health,9891.3,A130207424J
2012-07-01,Australia,Transport,8280.0,A130207598J
2012-08-01,Australia,Transport,8480.6,A130207598J
2012-09-01,Australia,Transport,7961.6,A130207598J
2012-10-01,Australia,Transport,8682.2,A130207598J
2012-11-01,Australia,Transport,8381.6,A130207598J
2012-12-01,Australia,Transport,7801.3,A130207598J
2013-01-01,Australia,Transport,7825.1,A130207598J
2013-02-01,Australia,Transport,7974.1,A130207598J
2013-03-01,Australia,Transport,8429.8,A130207598J
2013-04-01,Australia,Transport,8007.1,A130207598J
2013-05-01,Australia,Transport,8645.8,A130207598J
2013-06-01,Australia,Transport,8398.0,A130207598J
2013-07-01,Australia,Transport,8967.6,A130207598J
2013-08-01,Australia,Transport,8486.2,A130207598J
2013-09-01,Australia,Transport,8485.9,A130207598J
2013-10-01,Australia,Transport,8587.7,A130207598J
2013-11-01,Australia,Transport,8634.1,A130207598J
2013-12-01,Australia,Transport,8531.9,A130207598J
2014-01-01,Australia,Transport,7952.8,A130207598J
2014-02-01,Australia,Transport,7874.9,A130207598J
2014-03-01,Australia,Transport,8685.8,A130207598J
2014-04-01,Australia,Transport,7919.1,A130207598J
2014-05-01,Australia,Transport,8634.3,A130207598J
2014-06-01,Australia,Transport,8736.7,A130207598J
2014-07-01,Australia,Transport,8791.8,A130207598J
2014-08-01,Australia,Transport,8294.0,A130207598J
2014-09-01,Australia,Transport,8469.0,A130207598J
2014-10-01,Australia,Transport,8926.1,A130207598J
2014-11-01,Australia,Transport,8183.9,A130207598J
2014-12-01,Australia,Transport,7995.2,A130207598J
2015-01-01,Australia,Transport,7477.0,A130207598J
2015-02-01,Australia,Transport,7863.6,A130207598J
2015-03-01,Australia,Transport,8674.2,A130207598J
2015-04-01,Australia,Transport,8064.4,A130207598J
2015-05-01,Australia,Transport,8441.5,A130207598J
2015-06-01,Australia,Transport,9141.4,A130207598J
2015-07-01,Australia,Transport,8986.9,A130207598J
2015-08-01,Australia,Transport,8521.6,A130207598J
2015-09-01,Australia,Transport,8752.5,A130207598J
2015-10-01,Australia,Transport,8775.3,A130207598J
2015-11-01,Australia,Transport,8607.3,A130207598J
2015-12-01,Australia,Transport,8351.1,A130207598J
2016-01-01,Australia,Transport,7581.9,A130207598J
2016-02-01,Australia,Transport,8250.0,A130207598J
2016-03-01,Australia,Transport,8559.6,A130207598J
2016-04-01,Australia,Transport,7960.2,A130207598J
2016-05-01,Australia,Transport,8668.8,A130207598J
2016-06-01,Australia,Transport,9032.8,A130207598J
2016-07-01,Australia,Transport,8288.8,A130207598J
2016-08-01,Australia,Transport,8777.8,A130207598J
2016-09-01,Australia,Transport,8681.9,A130207598J
2016-10-01,Australia,Transport,8587.1,A130207598J
2016-11-01,Australia,Transport,8807.3,A130207598J
2016-12-01,Australia,Transport,8711.0,A130207598J
2017-01-01,Australia,Transport,8056.3,A130207598J
2017-02-01,Australia,Transport,8310.3,A130207598J
2017-03-01,Australia,Transport,9168.7,A130207598J
2017-04-01,Australia,Transport,7846.2,A130207598J
2017-05-01,Australia,Transport,9164.3,A130207598J
2017-06-01,Australia,Transport,9510.2,A130207598J
2017-07-01,Australia,Transport,8759.6,A130207598J
2017-08-01,Australia,Transport,9002.1,A130207598J
2017-09-01,Australia,Transport,8817.9,A130207598J
2017-10-01,Australia,Transport,9139.8,A130207598J
2017-11-01,Australia,Transport,9173.9,A130207598J
2017-12-01,Australia,Transport,8804.5,A130207598J
2018-01-01,Australia,Transport,8528.2,A130207598J
2018-02-01,Australia,Transport,8796.5,A130207598J
2018-03-01,Australia,Transport,9212.9,A130207598J
2018-04-01,Australia,Transport,8680.1,A130207598J
2018-05-01,Australia,Transport,9475.6,A130207598J
2018-06-01,Australia,Transport,9886.8,A130207598J
2018-07-01,Australia,Transport,9356.0,A130207598J
2018-08-01,Australia,Transport,9607.6,A130207598J
2018-09-01,Australia,Transport,9362.2,A130207598J
2018-10-01,Australia,Transport,9940.1,A130207598J
2018-11-01,Australia,Transport,9669.2,A130207598J
2018-12-01,Australia,Transport,8854.6,A130207598J
2019-01-01,Australia,Transport,8781.8,A130207598J
2019-02-01,Australia,Transport,8667.6,A130207598J
2019-03-01,Australia,Transport,9549.6,A130207598J
2019-04-01,Australia,Transport,8603.4,A130207598J
2019-05-01,Australia,Transport,9586.0,A130207598J
2019-06-01,Australia,Transport,9660.0,A130207598J
2019-07-01,Australia,Transport,9416.5,A130207598J
2019-08-01,Australia,Transport,9560.2,A130207598J
2019-09-01,Australia,Transport,9259.9,A130207598J
2019-10-01,Australia,Transport,9654.2,A130207598J
2019-11-01,Australia,Transport,9351.9,A130207598J
2019-12-01,Australia,Transport,9020.7,A130207598J
2020-01-01,Australia,Transport,9075.9,A130207598J
2020-02-01,Australia,Transport,8609.7,A130207598J
2020-03-01,Australia,Transport,7121.4,A130207598J
2020-04-01,Australia,Transport,3977.7,A130207598J
2020-05-01,Australia,Transport,5305.2,A130207598J
2020-06-01,Australia,Transport,6954.6,A130207598J
2020-07-01,Australia,Transport,6379.4,A130207598J
2020-08-01,Australia,Transport,5546.8,A130207598J
2020-09-01,Australia,Transport,5788.3,A130207598J
2020-10-01,Australia,Transport,6252.9,A130207598J
2020-11-01,Australia,Transport,6939.1,A130207598J
2020-12-01,Australia,Transport,7121.1,A130207598J
2021-01-01,Australia,Transport,6272.2,A130207598J
2021-02-01,Australia,Transport,6428.8,A130207598J
2021-03-01,Australia,Transport,7778.9,A130207598J
2021-04-01,Australia,Transport,7309.7,A130207598J
2021-05-01,Australia,Transport,7694.2,A130207598J
2021-06-01,Australia,Transport,7519.7,A130207598J
2021-07-01,Australia,Transport,6595.8,A130207598J
2021-08-01,Australia,Transport,6200.8,A130207598J
2021-09-01,Australia,Transport,6409.7,A130207598J
2021-10-01,Australia,Transport,6897.9,A130207598J
2021-11-01,Australia,Transport,7890.2,A130207598J
2021-12-01,Australia,Transport,7762.4,A130207598J
2022-01-01,Australia,Transport,7212.0,A130207598J
2022-02-01,Australia,Transport,8530.5,A130207598J
2022-03-01,Australia,Transport,10494.2,A130207598J
2022-04-01,Australia,Transport,9186.6,A130207598J
2022-05-01,Australia,Transport,10817.1,A130207598J
2022-06-01,Australia,Transport,11229.0,A130207598J
2022-07-01,Australia,Transport,10793.1,A130207598J
2022-08-01,Australia,Transport,11609.1,A130207598J
2022-09-01,Australia,Transport,11500.0,A130207598J
2022-10-01,Australia,Transport,11437.1,A130207598J
2022-11-01,Australia,Transport,11580.8,A130207598J
2022-12-01,Australia,Transport,10806.4,A130207598J
2023-01-01,Australia,Transport,11146.7,A130207598J
2023-02-01,Australia,Transport,11229.3,A130207598J
2023-03-01,Australia,Transport,12602.5,A130207598J
2023-04-01,Australia,Transport,10947.4,A130207598J
2023-05-01,Australia,Transport,12387.8,A130207598J
2023-06-01,Australia,Transport,12785.9,A130207598J
2023-07-01,Australia,Transport,12346.2,A130207598J
2023-08-01,Australia,Transport,13285.4,A130207598J
2023-09-01,Australia,Transport,13138.5,A130207598J
2023-10-01,Australia,Transport,12953.6,A130207598J
2023-11-01,Australia,Transport,13001.3,A130207598J
2023-12-01,Australia,Transport,11531.6,A130207598J
2024-01-01,Australia,Transport,12138.8,A130207598J
2024-02-01,Australia,Transport,13069.7,A130207598J
2024-03-01,Australia,Transport,13251.8,A130207598J
2024-04-01,Australia,Transport,12177.3,A130207598J
2024-05-01,Australia,Transport,13184.9,A130207598J
2024-06-01,Australia,Transport,12937.8,A130207598J
2024-07-01,Australia,Transport,13077.6,A130207598J
2024-08-01,Australia,Transport,13080.5,A130207598J
2024-09-01,Australia,Transport,12810.1,A130207598J
2024-10-01,Australia,Transport,13138.6,A130207598J
2024-11-01,Australia,Transport,12868.3,A130207598J
2024-12-01,Australia,Transport,12286.9,A130207598J
2025-01-01,Australia,Transport,12559.0,A130207598J
2025-02-01,Australia,Transport,12480.8,A130207598J
2025-03-01,Australia,Transport,13501.4,A130207598J
2025-04-01,Australia,Transport,11841.4,A130207598J
2025-05-01,Australia,Transport,13402.0,A130207598J
2025-06-01,Australia,Transport,13478.4,A130207598J
2025-07-01,Australia,Transport,13423.3,A130207598J
2025-08-01,Australia,Transport,13435.9,A130207598J
2025-09-01,Australia,Transport,13574.0,A130207598J
2025-10-01,Australia,Transport,13552.7,A130207598J
2025-11-01,Australia,Transport,13237.4,A130207598J
2025-12-01,Australia,Transport,12761.2,A130207598J
2026-01-01,Australia,Transport,12809.4,A130207598J
2026-02-01,Australia,Transport,12870.0,A130207598J
2026-03-01,Australia,Transport,14802.9,A130207598J
2026-04-01,Australia,Transport,12538.7,A130207598J
2026-05-01,Australia,Transport,13567.3,A130207598J
2026-06-01,Australia,Transport,14924.3,A130207598J
2026-07-01,Australia,Transport,14592.9,A130207598J
2012-07-01,Australia,Recreation and culture,7501.4,A130207334C
2012-08-01,Australia,Recreation and culture,7547.7,A130207334C
2012-09-01,Australia,Recreation and culture,7138.9,A130207334C
2012-10-01,Australia,Recreation and culture,7502.0,A130207334C
2012-11-01,Australia,Recreation and culture,7636.0,A130207334C
2012-12-01,Australia,Recreation and culture,9396.7,A130207334C
2013-01-01,Australia,Recreation and culture,7286.9,A130207334C
2013-02-01,Australia,Recreation and culture,6566.0,A130207334C
2013-03-01,Australia,Recreation and culture,7094.9,A130207334C
2013-04-01,Australia,Recreation and culture,6846.4,A130207334C
2013-05-01,Australia,Recreation and culture,7060.3,A130207334C
2013-06-01,Australia,Recreation and culture,7201.8,A130207334C
2013-07-01,Australia,Recreation and culture,7325.2,A130207334C
2013-08-01,Australia,Recreation and culture,7463.2,A130207334C
2013-09-01,Australia,Recreation and culture,7190.1,A130207334C
2013-10-01,Australia,Recreation and culture,7569.9,A130207334C
2013-11-01,Australia,Recreation and culture,7825.1,A130207334C
2013-12-01,Australia,Recreation and culture,9499.1,A130207334C
2014-01-01,Australia,Recreation and culture,7326.2,A130207334C
2014-02-01,Australia,Recreation and culture,6621.5,A130207334C
2014-03-01,Australia,Recreation and culture,7288.2,A130207334C
2014-04-01,Australia,Recreation and culture,7183.4,A130207334C
2014-05-01,Australia,Recreation and culture,7214.4,A130207334C
2014-06-01,Australia,Recreation and culture,7744.7,A130207334C
2014-07-01,Australia,Recreation and culture,7768.2,A130207334C
2014-08-01,Australia,Recreation and culture,7651.0,A130207334C
2014-09-01,Australia,Recreation and culture,7758.9,A130207334C
2014-10-01,Australia,Recreation and culture,8187.3,A130207334C
2014-11-01,Australia,Recreation and culture,8336.3,A130207334C
2014-12-01,Australia,Recreation and culture,10115.1,A130207334C
2015-01-01,Australia,Recreation and culture,7685.1,A130207334C
2015-02-01,Australia,Recreation and culture,7244.0,A130207334C
2015-03-01,Australia,Recreation and culture,7627.5,A130207334C
2015-04-01,Australia,Recreation and culture,7351.3,A130207334C
2015-05-01,Australia,Recreation and culture,7533.2,A130207334C
2015-06-01,Australia,Recreation and culture,8327.3,A130207334C
2015-07-01,Australia,Recreation and culture,8223.5,A130207334C
2015-08-01,Australia,Recreation and culture,7960.5,A130207334C
2015-09-01,Australia,Recreation and culture,8064.1,A130207334C
2015-10-01,Australia,Recreation and culture,8806.1,A130207334C
2015-11-01,Australia,Recreation and culture,8732.2,A130207334C
2015-12-01,Australia,Recreation and culture,10512.7,A130207334C
2016-01-01,Australia,Recreation and culture,8041.6,A130207334C
2016-02-01,Australia,Recreation and culture,7833.9,A130207334C
2016-03-01,Australia,Recreation and culture,7794.4,A130207334C
2016-04-01,Australia,Recreation and culture,7595.6,A130207334C
2016-05-01,Australia,Recreation and culture,7766.1,A130207334C
2016-06-01,Australia,Recreation and culture,8644.3,A130207334C
2016-07-01,Australia,Recreation and culture,8356.5,A130207334C
2016-08-01,Australia,Recreation and culture,8217.1,A130207334C
2016-09-01,Australia,Recreation and culture,8092.2,A130207334C
2016-10-01,Australia,Recreation and culture,8569.9,A130207334C
2016-11-01,Australia,Recreation and culture,8815.7,A130207334C
2016-12-01,Australia,Recreation and culture,10787.0,A130207334C
2017-01-01,Australia,Recreation and culture,8326.6,A130207334C
2017-02-01,Australia,Recreation and culture,7263.4,A130207334C
2017-03-01,Australia,Recreation and culture,8147.2,A130207334C
2017-04-01,Australia,Recreation and culture,7675.1,A130207334C
2017-05-01,Australia,Recreation and culture,7942.7,A130207334C
2017-06-01,Australia,Recreation and culture,8709.6,A130207334C
2017-07-01,Australia,Recreation and culture,8316.0,A130207334C
2017-08-01,Australia,Recreation and culture,8381.4,A130207334C
2017-09-01,Australia,Recreation and culture,8519.3,A130207334C
2017-10-01,Australia,Recreation and culture,8985.8,A130207334C
2017-11-01,Australia,Recreation and culture,9452.2,A130207334C
2017-12-01,Australia,Recreation and culture,11134.3,A130207334C
2018-01-01,Australia,Recreation and culture,8421.7,A130207334C
2018-02-01,Australia,Recreation and culture,7964.6,A130207334C
2018-03-01,Australia,Recreation and culture,8225.1,A130207334C
2018-04-01,Australia,Recreation and culture,8030.5,A130207334C
2018-05-01,Australia,Recreation and culture,8567.0,A130207334C
2018-06-01,Australia,Recreation and culture,9028.0,A130207334C
2018-07-01,Australia,Recreation and culture,8860.8,A130207334C
2018-08-01,Australia,Recreation and culture,9048.5,A130207334C
2018-09-01,Australia,Recreation and culture,8501.2,A130207334C
2018-10-01,Australia,Recreation and culture,9130.2,A130207334C
2018-11-01,Australia,Recreation and culture,9854.6,A130207334C
2018-12-01,Australia,Recreation and culture,11295.3,A130207334C
2019-01-01,Australia,Recreation and culture,8781.4,A130207334C
2019-02-01,Australia,Recreation and culture,7898.6,A130207334C
2019-03-01,Australia,Recreation and culture,8752.0,A130207334C
2019-04-01,Australia,Recreation and culture,8075.3,A130207334C
2019-05-01,Australia,Recreation and culture,8406.5,A130207334C
2019-06-01,Australia,Recreation and culture,8524.6,A130207334C
2019-07-01,Australia,Recreation and culture,8572.8,A130207334C
2019-08-01,Australia,Recreation and culture,8603.7,A130207334C
2019-09-01,Australia,Recreation and culture,8417.6,A130207334C
2019-10-01,Australia,Recreation and culture,8561.6,A130207334C
2019-11-01,Australia,Recreation and culture,9302.9,A130207334C
2019-12-01,Australia,Recreation and culture,10166.6,A130207334C
2020-01-01,Australia,Recreation and culture,8275.4,A130207334C
2020-02-01,Australia,Recreation and culture,7674.0,A130207334C
2020-03-01,Australia,Recreation and culture,7964.3,A130207334C
2020-04-01,Australia,Recreation and culture,7693.4,A130207334C
2020-05-01,Australia,Recreation and culture,9167.1,A130207334C
2020-06-01,Australia,Recreation and culture,9113.6,A130207334C
2020-07-01,Australia,Recreation and culture,9964.5,A130207334C
2020-08-01,Australia,Recreation and culture,9345.1,A130207334C
2020-09-01,Australia,Recreation and culture,9134.4,A130207334C
2020-10-01,Australia,Recreation and culture,9690.2,A130207334C
2020-11-01,Australia,Recreation and culture,10572.2,A130207334C
2020-12-01,Australia,Recreation and culture,10896.9,A130207334C
2021-01-01,Australia,Recreation and culture,8902.7,A130207334C
2021-02-01,Australia,Recreation and culture,8027.2,A130207334C
2021-03-01,Australia,Recreation and culture,8866.3,A130207334C
2021-04-01,Australia,Recreation and culture,8701.7,A130207334C
2021-05-01,Australia,Recreation and culture,8768.5,A130207334C
2021-06-01,Australia,Recreation and culture,8966.3,A130207334C
2021-07-01,Australia,Recreation and culture,9344.7,A130207334C
2021-08-01,Australia,Recreation and culture,9274.3,A130207334C
2021-09-01,Australia,Recreation and culture,9669.2,A130207334C
2021-10-01,Australia,Recreation and culture,10550.0,A130207334C
2021-11-01,Australia,Recreation and culture,11579.2,A130207334C
2021-12-01,Australia,Recreation and culture,11927.1,A130207334C
2022-01-01,Australia,Recreation and culture,9845.5,A130207334C
2022-02-01,Australia,Recreation and culture,9378.6,A130207334C
2022-03-01,Australia,Recreation and culture,10226.2,A130207334C
2022-04-01,Australia,Recreation and culture,10228.4,A130207334C
2022-05-01,Australia,Recreation and culture,10503.6,A130207334C
2022-06-01,Australia,Recreation and culture,10693.3,A130207334C
2022-07-01,Australia,Recreation and culture,11110.8,A130207334C
2022-08-01,Australia,Recreation and culture,11014.6,A130207334C
2022-09-01,Australia,Recreation and culture,11396.0,A130207334C
2022-10-01,Australia,Recreation and culture,12436.6,A130207334C
2022-11-01,Australia,Recreation and culture,12978.6,A130207334C
2022-12-01,Australia,Recreation and culture,13749.8,A130207334C
2023-01-01,Australia,Recreation and culture,11291.9,A130207334C
2023-02-01,Australia,Recreation and culture,10290.9,A130207334C
2023-03-01,Australia,Recreation and culture,11333.3,A130207334C
2023-04-01,Australia,Recreation and culture,11100.9,A130207334C
2023-05-01,Australia,Recreation and culture,11284.0,A130207334C
2023-06-01,Australia,Recreation and culture,11553.6,A130207334C
2023-07-01,Australia,Recreation and culture,11503.3,A130207334C
2023-08-01,Australia,Recreation and culture,11611.9,A130207334C
2023-09-01,Australia,Recreation and culture,11794.4,A130207334C
2023-10-01,Australia,Recreation and culture,12002.1,A130207334C
2023-11-01,Australia,Recreation and culture,13286.0,A130207334C
2023-12-01,Australia,Recreation and culture,13426.0,A130207334C
2024-01-01,Australia,Recreation and culture,11743.6,A130207334C
2024-02-01,Australia,Recreation and culture,10718.8,A130207334C
2024-03-01,Australia,Recreation and culture,11295.4,A130207334C
2024-04-01,Australia,Recreation and culture,11148.6,A130207334C
2024-05-01,Australia,Recreation and culture,11677.7,A130207334C
2024-06-01,Australia,Recreation and culture,11510.2,A130207334C
2024-07-01,Australia,Recreation and culture,11547.5,A130207334C
2024-08-01,Australia,Recreation and culture,11931.0,A130207334C
2024-09-01,Australia,Recreation and culture,11679.4,A130207334C
2024-10-01,Australia,Recreation and culture,12444.2,A130207334C
2024-11-01,Australia,Recreation and culture,13844.9,A130207334C
2024-12-01,Australia,Recreation and culture,13875.0,A130207334C
2025-01-01,Australia,Recreation and culture,11975.6,A130207334C
2025-02-01,Australia,Recreation and culture,10932.2,A130207334C
2025-03-01,Australia,Recreation and culture,11924.3,A130207334C
2025-04-01,Australia,Recreation and culture,11855.2,A130207334C
2025-05-01,Australia,Recreation and culture,12401.1,A130207334C
2025-06-01,Australia,Recreation and culture,12483.0,A130207334C
2025-07-01,Australia,Recreation and culture,12619.6,A130207334C
2025-08-01,Australia,Recreation and culture,12510.3,A130207334C
2025-09-01,Australia,Recreation and culture,12619.7,A130207334C
2025-10-01,Australia,Recreation and culture,13462.3,A130207334C
2025-11-01,Australia,Recreation and culture,14909.8,A130207334C
2025-12-01,Australia,Recreation and culture,14927.2,A130207334C
2026-01-01,Australia,Recreation and culture,12802.9,A130207334C
2026-02-01,Australia,Recreation and culture,11698.8,A130207334C
2026-03-01,Australia,Recreation and culture,12900.6,A130207334C
2026-04-01,Australia,Recreation and culture,12721.0,A130207334C
2026-05-01,Australia,Recreation and culture,13167.8,A130207334C
2026-06-01,Australia,Recreation and culture,13452.8,A130207334C
2026-07-01,Australia,Recreation and culture,13983.4,A130207334C
2012-07-01,Australia,"Hotels, cafes and restaurants",5050.0,A130207346L
2012-08-01,Australia,"Hotels, cafes and restaurants",5293.0,A130207346L
2012-09-01,Australia,"Hotels, cafes and restaurants",5441.3,A130207346L
2012-10-01,Australia,"Hotels, cafes and restaurants",5111.0,A130207346L
2012-11-01,Australia,"Hotels, cafes and restaurants",4963.3,A130207346L
2012-12-01,Australia,"Hotels, cafes and restaurants",5748.9,A130207346L
2013-01-01,Australia,"Hotels, cafes and restaurants",4612.0,A130207346L
2013-02-01,Australia,"Hotels, cafes and restaurants",4694.7,A130207346L
2013-03-01,Australia,"Hotels, cafes and restaurants",5182.2,A130207346L
2013-04-01,Australia,"Hotels, cafes and restaurants",4820.0,A130207346L
2013-05-01,Australia,"Hotels, cafes and restaurants",5014.4,A130207346L
2013-06-01,Australia,"Hotels, cafes and restaurants",5502.2,A130207346L
2013-07-01,Australia,"Hotels, cafes and restaurants",5432.8,A130207346L
2013-08-01,Australia,"Hotels, cafes and restaurants",5508.9,A130207346L
2013-09-01,Australia,"Hotels, cafes and restaurants",5498.0,A130207346L
2013-10-01,Australia,"Hotels, cafes and restaurants",5301.5,A130207346L
2013-11-01,Australia,"Hotels, cafes and restaurants",5137.9,A130207346L
2013-12-01,Australia,"Hotels, cafes and restaurants",5878.5,A130207346L
2014-01-01,Australia,"Hotels, cafes and restaurants",4987.8,A130207346L
2014-02-01,Australia,"Hotels, cafes and restaurants",4966.1,A130207346L
2014-03-01,Australia,"Hotels, cafes and restaurants",5501.8,A130207346L
2014-04-01,Australia,"Hotels, cafes and restaurants",5384.1,A130207346L
2014-05-01,Australia,"Hotels, cafes and restaurants",5462.2,A130207346L
2014-06-01,Australia,"Hotels, cafes and restaurants",5699.4,A130207346L
2014-07-01,Australia,"Hotels, cafes and restaurants",6164.8,A130207346L
2014-08-01,Australia,"Hotels, cafes and restaurants",5833.5,A130207346L
2014-09-01,Australia,"Hotels, cafes and restaurants",5673.7,A130207346L
2014-10-01,Australia,"Hotels, cafes and restaurants",5685.6,A130207346L
2014-11-01,Australia,"Hotels, cafes and restaurants",5524.9,A130207346L
2014-12-01,Australia,"Hotels, cafes and restaurants",6400.5,A130207346L
2015-01-01,Australia,"Hotels, cafes and restaurants",5170.4,A130207346L
2015-02-01,Australia,"Hotels, cafes and restaurants",5340.2,A130207346L
2015-03-01,Australia,"Hotels, cafes and restaurants",5736.5,A130207346L
2015-04-01,Australia,"Hotels, cafes and restaurants",5606.2,A130207346L
2015-05-01,Australia,"Hotels, cafes and restaurants",5511.0,A130207346L
2015-06-01,Australia,"Hotels, cafes and restaurants",5800.7,A130207346L
2015-07-01,Australia,"Hotels, cafes and restaurants",6144.3,A130207346L
2015-08-01,Australia,"Hotels, cafes and restaurants",5998.8,A130207346L
2015-09-01,Australia,"Hotels, cafes and restaurants",5786.3,A130207346L
2015-10-01,Australia,"Hotels, cafes and restaurants",6009.2,A130207346L
2015-11-01,Australia,"Hotels, cafes and restaurants",5618.5,A130207346L
2015-12-01,Australia,"Hotels, cafes and restaurants",6467.4,A130207346L
2016-01-01,Australia,"Hotels, cafes and restaurants",5403.4,A130207346L
2016-02-01,Australia,"Hotels, cafes and restaurants",5429.5,A130207346L
2016-03-01,Australia,"Hotels, cafes and restaurants",5859.0,A130207346L
2016-04-01,Australia,"Hotels, cafes and restaurants",5971.6,A130207346L
2016-05-01,Australia,"Hotels, cafes and restaurants",5878.6,A130207346L
2016-06-01,Australia,"Hotels, cafes and restaurants",6125.5,A130207346L
2016-07-01,Australia,"Hotels, cafes and restaurants",6562.2,A130207346L
2016-08-01,Australia,"Hotels, cafes and restaurants",6369.0,A130207346L
2016-09-01,Australia,"Hotels, cafes and restaurants",6308.9,A130207346L
2016-10-01,Australia,"Hotels, cafes and restaurants",6205.9,A130207346L
2016-11-01,Australia,"Hotels, cafes and restaurants",5920.4,A130207346L
2016-12-01,Australia,"Hotels, cafes and restaurants",6781.0,A130207346L
2017-01-01,Australia,"Hotels, cafes and restaurants",5674.8,A130207346L
2017-02-01,Australia,"Hotels, cafes and restaurants",5606.9,A130207346L
2017-03-01,Australia,"Hotels, cafes and restaurants",5968.5,A130207346L
2017-04-01,Australia,"Hotels, cafes and restaurants",6108.6,A130207346L
2017-05-01,Australia,"Hotels, cafes and restaurants",6092.7,A130207346L
2017-06-01,Australia,"Hotels, cafes and restaurants",6246.1,A130207346L
2017-07-01,Australia,"Hotels, cafes and restaurants",6606.7,A130207346L
2017-08-01,Australia,"Hotels, cafes and restaurants",6427.3,A130207346L
2017-09-01,Australia,"Hotels, cafes and restaurants",6481.0,A130207346L
2017-10-01,Australia,"Hotels, cafes and restaurants",6382.3,A130207346L
2017-11-01,Australia,"Hotels, cafes and restaurants",6676.5,A130207346L
2017-12-01,Australia,"Hotels, cafes and restaurants",7387.7,A130207346L
2018-01-01,Australia,"Hotels, cafes and restaurants",6048.2,A130207346L
2018-02-01,Australia,"Hotels, cafes and restaurants",5871.3,A130207346L
2018-03-01,Australia,"Hotels, cafes and restaurants",6527.7,A130207346L
2018-04-01,Australia,"Hotels, cafes and restaurants",6327.6,A130207346L
2018-05-01,Australia,"Hotels, cafes and restaurants",6530.0,A130207346L
2018-06-01,Australia,"Hotels, cafes and restaurants",7015.8,A130207346L
2018-07-01,Australia,"Hotels, cafes and restaurants",7063.9,A130207346L
2018-08-01,Australia,"Hotels, cafes and restaurants",7154.0,A130207346L
2018-09-01,Australia,"Hotels, cafes and restaurants",7126.8,A130207346L
2018-10-01,Australia,"Hotels, cafes and restaurants",6929.0,A130207346L
2018-11-01,Australia,"Hotels, cafes and restaurants",7086.2,A130207346L
2018-12-01,Australia,"Hotels, cafes and restaurants",7815.4,A130207346L
2019-01-01,Australia,"Hotels, cafes and restaurants",6507.5,A130207346L
2019-02-01,Australia,"Hotels, cafes and restaurants",5710.5,A130207346L
2019-03-01,Australia,"Hotels, cafes and restaurants",6785.9,A130207346L
2019-04-01,Australia,"Hotels, cafes and restaurants",6458.7,A130207346L
2019-05-01,Australia,"Hotels, cafes and restaurants",6423.2,A130207346L
2019-06-01,Australia,"Hotels, cafes and restaurants",6506.0,A130207346L
2019-07-01,Australia,"Hotels, cafes and restaurants",6922.0,A130207346L
2019-08-01,Australia,"Hotels, cafes and restaurants",7036.9,A130207346L
2019-09-01,Australia,"Hotels, cafes and restaurants",6800.1,A130207346L
2019-10-01,Australia,"Hotels, cafes and restaurants",6959.1,A130207346L
2019-11-01,Australia,"Hotels, cafes and restaurants",6854.3,A130207346L
2019-12-01,Australia,"Hotels, cafes and restaurants",7160.7,A130207346L
2020-01-01,Australia,"Hotels, cafes and restaurants",6544.9,A130207346L
2020-02-01,Australia,"Hotels, cafes and restaurants",5753.0,A130207346L
2020-03-01,Australia,"Hotels, cafes and restaurants",4774.3,A130207346L
2020-04-01,Australia,"Hotels, cafes and restaurants",2838.8,A130207346L
2020-05-01,Australia,"Hotels, cafes and restaurants",3754.8,A130207346L
2020-06-01,Australia,"Hotels, cafes and restaurants",4818.2,A130207346L
2020-07-01,Australia,"Hotels, cafes and restaurants",5457.2,A130207346L
2020-08-01,Australia,"Hotels, cafes and restaurants",5073.0,A130207346L
2020-09-01,Australia,"Hotels, cafes and restaurants",5166.4,A130207346L
2020-10-01,Australia,"Hotels, cafes and restaurants",5461.5,A130207346L
2020-11-01,Australia,"Hotels, cafes and restaurants",5408.5,A130207346L
2020-12-01,Australia,"Hotels, cafes and restaurants",6019.4,A130207346L
2021-01-01,Australia,"Hotels, cafes and restaurants",5541.1,A130207346L
2021-02-01,Australia,"Hotels, cafes and restaurants",4837.5,A130207346L
2021-03-01,Australia,"Hotels, cafes and restaurants",5689.7,A130207346L
2021-04-01,Australia,"Hotels, cafes and restaurants",5763.5,A130207346L
2021-05-01,Australia,"Hotels, cafes and restaurants",5785.4,A130207346L
2021-06-01,Australia,"Hotels, cafes and restaurants",5428.9,A130207346L
2021-07-01,Australia,"Hotels, cafes and restaurants",5011.7,A130207346L
2021-08-01,Australia,"Hotels, cafes and restaurants",4624.0,A130207346L
2021-09-01,Australia,"Hotels, cafes and restaurants",4934.7,A130207346L
2021-10-01,Australia,"Hotels, cafes and restaurants",5797.1,A130207346L
2021-11-01,Australia,"Hotels, cafes and restaurants",6340.7,A130207346L
2021-12-01,Australia,"Hotels, cafes and restaurants",7179.3,A130207346L
2022-01-01,Australia,"Hotels, cafes and restaurants",6330.0,A130207346L
2022-02-01,Australia,"Hotels, cafes and restaurants",6087.4,A130207346L
2022-03-01,Australia,"Hotels, cafes and restaurants",7210.6,A130207346L
2022-04-01,Australia,"Hotels, cafes and restaurants",7792.4,A130207346L
2022-05-01,Australia,"Hotels, cafes and restaurants",7594.4,A130207346L
2022-06-01,Australia,"Hotels, cafes and restaurants",7843.8,A130207346L
2022-07-01,Australia,"Hotels, cafes and restaurants",8659.1,A130207346L
2022-08-01,Australia,"Hotels, cafes and restaurants",8443.5,A130207346L
2022-09-01,Australia,"Hotels, cafes and restaurants",9007.1,A130207346L
2022-10-01,Australia,"Hotels, cafes and restaurants",9056.2,A130207346L
2022-11-01,Australia,"Hotels, cafes and restaurants",8751.7,A130207346L
2022-12-01,Australia,"Hotels, cafes and restaurants",9850.5,A130207346L
2023-01-01,Australia,"Hotels, cafes and restaurants",9219.8,A130207346L
2023-02-01,Australia,"Hotels, cafes and restaurants",8054.8,A130207346L
2023-03-01,Australia,"Hotels, cafes and restaurants",9425.2,A130207346L
2023-04-01,Australia,"Hotels, cafes and restaurants",9377.5,A130207346L
2023-05-01,Australia,"Hotels, cafes and restaurants",9110.7,A130207346L
2023-06-01,Australia,"Hotels, cafes and restaurants",9402.0,A130207346L
2023-07-01,Australia,"Hotels, cafes and restaurants",9925.4,A130207346L
2023-08-01,Australia,"Hotels, cafes and restaurants",9773.2,A130207346L
2023-09-01,Australia,"Hotels, cafes and restaurants",10174.2,A130207346L
2023-10-01,Australia,"Hotels, cafes and restaurants",9938.3,A130207346L
2023-11-01,Australia,"Hotels, cafes and restaurants",9753.9,A130207346L
2023-12-01,Australia,"Hotels, cafes and restaurants",10721.2,A130207346L
2024-01-01,Australia,"Hotels, cafes and restaurants",9798.1,A130207346L
2024-02-01,Australia,"Hotels, cafes and restaurants",8993.7,A130207346L
2024-03-01,Australia,"Hotels, cafes and restaurants",10184.6,A130207346L
2024-04-01,Australia,"Hotels, cafes and restaurants",9616.8,A130207346L
2024-05-01,Australia,"Hotels, cafes and restaurants",9727.8,A130207346L
2024-06-01,Australia,"Hotels, cafes and restaurants",9671.0,A130207346L
2024-07-01,Australia,"Hotels, cafes and restaurants",10140.8,A130207346L
2024-08-01,Australia,"Hotels, cafes and restaurants",10425.7,A130207346L
2024-09-01,Australia,"Hotels, cafes and restaurants",10270.1,A130207346L
2024-10-01,Australia,"Hotels, cafes and restaurants",10463.8,A130207346L
2024-11-01,Australia,"Hotels, cafes and restaurants",10431.9,A130207346L
2024-12-01,Australia,"Hotels, cafes and restaurants",11075.7,A130207346L
2025-01-01,Australia,"Hotels, cafes and restaurants",10393.4,A130207346L
2025-02-01,Australia,"Hotels, cafes and restaurants",9032.8,A130207346L
2025-03-01,Australia,"Hotels, cafes and restaurants",10235.3,A130207346L
2025-04-01,Australia,"Hotels, cafes and restaurants",10351.2,A130207346L
2025-05-01,Australia,"Hotels, cafes and restaurants",10528.5,A130207346L
2025-06-01,Australia,"Hotels, cafes and restaurants",10069.3,A130207346L
2025-07-01,Australia,"Hotels, cafes and restaurants",10919.5,A130207346L
2025-08-01,Australia,"Hotels, cafes and restaurants",10990.2,A130207346L
2025-09-01,Australia,"Hotels, cafes and restaurants",10721.4,A130207346L
2025-10-01,Australia,"Hotels, cafes and restaurants",11254.2,A130207346L
2025-11-01,Australia,"Hotels, cafes and restaurants",11028.5,A130207346L
2025-12-01,Australia,"Hotels, cafes and restaurants",11730.9,A130207346L
2026-01-01,Australia,"Hotels, cafes and restaurants",11067.2,A130207346L
2026-02-01,Australia,"Hotels, cafes and restaurants",9536.4,A130207346L
2026-03-01,Australia,"Hotels, cafes and restaurants",10710.4,A130207346L
2026-04-01,Australia,"Hotels, cafes and restaurants",10711.2,A130207346L
2026-05-01,Australia,"Hotels, cafes and restaurants",11109.1,A130207346L
2026-06-01,Australia,"Hotels, cafes and restaurants",10644.4,A130207346L
2026-07-01,Australia,"Hotels, cafes and restaurants",11713.1,A130207346L
2012-07-01,Australia,Miscellaneous goods and services,3964.7,A130207688L
2012-08-01,Australia,Miscellaneous goods and services,4026.4,A130207688L
2012-09-01,Australia,Miscellaneous goods and services,3952.5,A130207688L
2012-10-01,Australia,Miscellaneous goods and services,4129.1,A130207688L
2012-11-01,Australia,Miscellaneous goods and services,4204.0,A130207688L
2012-12-01,Australia,Miscellaneous goods and services,4611.2,A130207688L
2013-01-01,Australia,Miscellaneous goods and services,3940.3,A130207688L
2013-02-01,Australia,Miscellaneous goods and services,3973.8,A130207688L
2013-03-01,Australia,Miscellaneous goods and services,4109.1,A130207688L
2013-04-01,Australia,Miscellaneous goods and services,3903.9,A130207688L
2013-05-01,Australia,Miscellaneous goods and services,4155.7,A130207688L
2013-06-01,Australia,Miscellaneous goods and services,4234.2,A130207688L
2013-07-01,Australia,Miscellaneous goods and services,4145.0,A130207688L
2013-08-01,Australia,Miscellaneous goods and services,4221.9,A130207688L
2013-09-01,Australia,Miscellaneous goods and services,4125.7,A130207688L
2013-10-01,Australia,Miscellaneous goods and services,4331.9,A130207688L
2013-11-01,Australia,Miscellaneous goods and services,4425.4,A130207688L
2013-12-01,Australia,Miscellaneous goods and services,4844.3,A130207688L
2014-01-01,Australia,Miscellaneous goods and services,4202.5,A130207688L
2014-02-01,Australia,Miscellaneous goods and services,4055.3,A130207688L
2014-03-01,Australia,Miscellaneous goods and services,4369.9,A130207688L
2014-04-01,Australia,Miscellaneous goods and services,4106.1,A130207688L
2014-05-01,Australia,Miscellaneous goods and services,4341.7,A130207688L
2014-06-01,Australia,Miscellaneous goods and services,4390.3,A130207688L
2014-07-01,Australia,Miscellaneous goods and services,4275.7,A130207688L
2014-08-01,Australia,Miscellaneous goods and services,4311.8,A130207688L
2014-09-01,Australia,Miscellaneous goods and services,4451.1,A130207688L
2014-10-01,Australia,Miscellaneous goods and services,4565.4,A130207688L
2014-11-01,Australia,Miscellaneous goods and services,4631.8,A130207688L
2014-12-01,Australia,Miscellaneous goods and services,5141.9,A130207688L
2015-01-01,Australia,Miscellaneous goods and services,4439.7,A130207688L
2015-02-01,Australia,Miscellaneous goods and services,4297.1,A130207688L
2015-03-01,Australia,Miscellaneous goods and services,4604.9,A130207688L
2015-04-01,Australia,Miscellaneous goods and services,4315.3,A130207688L
2015-05-01,Australia,Miscellaneous goods and services,4543.0,A130207688L
2015-06-01,Australia,Miscellaneous goods and services,4653.3,A130207688L
2015-07-01,Australia,Miscellaneous goods and services,4584.7,A130207688L
2015-08-01,Australia,Miscellaneous goods and services,4617.2,A130207688L
2015-09-01,Australia,Miscellaneous goods and services,4609.3,A130207688L
2015-10-01,Australia,Miscellaneous goods and services,4844.3,A130207688L
2015-11-01,Australia,Miscellaneous goods and services,4861.4,A130207688L
2015-12-01,Australia,Miscellaneous goods and services,5371.5,A130207688L
2016-01-01,Australia,Miscellaneous goods and services,4609.3,A130207688L
2016-02-01,Australia,Miscellaneous goods and services,4527.9,A130207688L
2016-03-01,Australia,Miscellaneous goods and services,4827.1,A130207688L
2016-04-01,Australia,Miscellaneous goods and services,4582.4,A130207688L
2016-05-01,Australia,Miscellaneous goods and services,4742.3,A130207688L
2016-06-01,Australia,Miscellaneous goods and services,4883.6,A130207688L
2016-07-01,Australia,Miscellaneous goods and services,4754.0,A130207688L
2016-08-01,Australia,Miscellaneous goods and services,4834.6,A130207688L
2016-09-01,Australia,Miscellaneous goods and services,4807.6,A130207688L
2016-10-01,Australia,Miscellaneous goods and services,5073.2,A130207688L
2016-11-01,Australia,Miscellaneous goods and services,5091.6,A130207688L
2016-12-01,Australia,Miscellaneous goods and services,5610.2,A130207688L
2017-01-01,Australia,Miscellaneous goods and services,4737.6,A130207688L
2017-02-01,Australia,Miscellaneous goods and services,4679.5,A130207688L
2017-03-01,Australia,Miscellaneous goods and services,4999.7,A130207688L
2017-04-01,Australia,Miscellaneous goods and services,4671.4,A130207688L
2017-05-01,Australia,Miscellaneous goods and services,4948.5,A130207688L
2017-06-01,Australia,Miscellaneous goods and services,5021.2,A130207688L
2017-07-01,Australia,Miscellaneous goods and services,4878.2,A130207688L
2017-08-01,Australia,Miscellaneous goods and services,4949.8,A130207688L
2017-09-01,Australia,Miscellaneous goods and services,4923.1,A130207688L
2017-10-01,Australia,Miscellaneous goods and services,5140.8,A130207688L
2017-11-01,Australia,Miscellaneous goods and services,5267.2,A130207688L
2017-12-01,Australia,Miscellaneous goods and services,5766.0,A130207688L
2018-01-01,Australia,Miscellaneous goods and services,4895.5,A130207688L
2018-02-01,Australia,Miscellaneous goods and services,4767.7,A130207688L
2018-03-01,Australia,Miscellaneous goods and services,5221.5,A130207688L
2018-04-01,Australia,Miscellaneous goods and services,4916.6,A130207688L
2018-05-01,Australia,Miscellaneous goods and services,5198.4,A130207688L
2018-06-01,Australia,Miscellaneous goods and services,5268.2,A130207688L
2018-07-01,Australia,Miscellaneous goods and services,5124.3,A130207688L
2018-08-01,Australia,Miscellaneous goods and services,5200.6,A130207688L
2018-09-01,Australia,Miscellaneous goods and services,5128.1,A130207688L
2018-10-01,Australia,Miscellaneous goods and services,5458.9,A130207688L
2018-11-01,Australia,Miscellaneous goods and services,5605.3,A130207688L
2018-12-01,Australia,Miscellaneous goods and services,6023.7,A130207688L
2019-01-01,Australia,Miscellaneous goods and services,4927.3,A130207688L
2019-02-01,Australia,Miscellaneous goods and services,4862.1,A130207688L
2019-03-01,Australia,Miscellaneous goods and services,5230.3,A130207688L
2019-04-01,Australia,Miscellaneous goods and services,4894.4,A130207688L
2019-05-01,Australia,Miscellaneous goods and services,5546.2,A130207688L
2019-06-01,Australia,Miscellaneous goods and services,5401.9,A130207688L
2019-07-01,Australia,Miscellaneous goods and services,5422.9,A130207688L
2019-08-01,Australia,Miscellaneous goods and services,5502.4,A130207688L
2019-09-01,Australia,Miscellaneous goods and services,5184.3,A130207688L
2019-10-01,Australia,Miscellaneous goods and services,5492.1,A130207688L
2019-11-01,Australia,Miscellaneous goods and services,5521.5,A130207688L
2019-12-01,Australia,Miscellaneous goods and services,5867.2,A130207688L
2020-01-01,Australia,Miscellaneous goods and services,4980.4,A130207688L
2020-02-01,Australia,Miscellaneous goods and services,4728.3,A130207688L
2020-03-01,Australia,Miscellaneous goods and services,4637.7,A130207688L
2020-04-01,Australia,Miscellaneous goods and services,3167.2,A130207688L
2020-05-01,Australia,Miscellaneous goods and services,3880.0,A130207688L
2020-06-01,Australia,Miscellaneous goods and services,4418.2,A130207688L
2020-07-01,Australia,Miscellaneous goods and services,4696.3,A130207688L
2020-08-01,Australia,Miscellaneous goods and services,4470.3,A130207688L
2020-09-01,Australia,Miscellaneous goods and services,4434.2,A130207688L
2020-10-01,Australia,Miscellaneous goods and services,4722.5,A130207688L
2020-11-01,Australia,Miscellaneous goods and services,5118.1,A130207688L
2020-12-01,Australia,Miscellaneous goods and services,5682.7,A130207688L
2021-01-01,Australia,Miscellaneous goods and services,4579.7,A130207688L
2021-02-01,Australia,Miscellaneous goods and services,4598.4,A130207688L
2021-03-01,Australia,Miscellaneous goods and services,5218.2,A130207688L
2021-04-01,Australia,Miscellaneous goods and services,5097.6,A130207688L
2021-05-01,Australia,Miscellaneous goods and services,5365.9,A130207688L
2021-06-01,Australia,Miscellaneous goods and services,5295.2,A130207688L
2021-07-01,Australia,Miscellaneous goods and services,4841.4,A130207688L
2021-08-01,Australia,Miscellaneous goods and services,4566.1,A130207688L
2021-09-01,Australia,Miscellaneous goods and services,4592.2,A130207688L
2021-10-01,Australia,Miscellaneous goods and services,5260.9,A130207688L
2021-11-01,Australia,Miscellaneous goods and services,6008.5,A130207688L
2021-12-01,Australia,Miscellaneous goods and services,6489.2,A130207688L
2022-01-01,Australia,Miscellaneous goods and services,5090.7,A130207688L
2022-02-01,Australia,Miscellaneous goods and services,5251.7,A130207688L
2022-03-01,Australia,Miscellaneous goods and services,5887.5,A130207688L
2022-04-01,Australia,Miscellaneous goods and services,5599.4,A130207688L
2022-05-01,Australia,Miscellaneous goods and services,5970.7,A130207688L
2022-06-01,Australia,Miscellaneous goods and services,6211.8,A130207688L
2022-07-01,Australia,Miscellaneous goods and services,6038.6,A130207688L
2022-08-01,Australia,Miscellaneous goods and services,6285.9,A130207688L
2022-09-01,Australia,Miscellaneous goods and services,6258.0,A130207688L
2022-10-01,Australia,Miscellaneous goods and services,6316.9,A130207688L
2022-11-01,Australia,Miscellaneous goods and services,6603.4,A130207688L
2022-12-01,Australia,Miscellaneous goods and services,6895.5,A130207688L
2023-01-01,Australia,Miscellaneous goods and services,5646.6,A130207688L
2023-02-01,Australia,Miscellaneous goods and services,5693.1,A130207688L
2023-03-01,Australia,Miscellaneous goods and services,6229.6,A130207688L
2023-04-01,Australia,Miscellaneous goods and services,5727.3,A130207688L
2023-05-01,Australia,Miscellaneous goods and services,6238.8,A130207688L
2023-06-01,Australia,Miscellaneous goods and services,6371.4,A130207688L
2023-07-01,Australia,Miscellaneous goods and services,5991.8,A130207688L
2023-08-01,Australia,Miscellaneous goods and services,6307.7,A130207688L
2023-09-01,Australia,Miscellaneous goods and services,6117.5,A130207688L
2023-10-01,Australia,Miscellaneous goods and services,6229.4,A130207688L
2023-11-01,Australia,Miscellaneous goods and services,6707.2,A130207688L
2023-12-01,Australia,Miscellaneous goods and services,6933.2,A130207688L
2024-01-01,Australia,Miscellaneous goods and services,5928.2,A130207688L
2024-02-01,Australia,Miscellaneous goods and services,5944.4,A130207688L
2024-03-01,Australia,Miscellaneous goods and services,6048.4,A130207688L
2024-04-01,Australia,Miscellaneous goods and services,6049.0,A130207688L
2024-05-01,Australia,Miscellaneous goods and services,6436.2,A130207688L
2024-06-01,Australia,Miscellaneous goods and services,6410.9,A130207688L
2024-07-01,Australia,Miscellaneous goods and services,6417.4,A130207688L
2024-08-01,Australia,Miscellaneous goods and services,6631.2,A130207688L
2024-09-01,Australia,Miscellaneous goods and services,6328.0,A130207688L
2024-10-01,Australia,Miscellaneous goods and services,6733.6,A130207688L
2024-11-01,Australia,Miscellaneous goods and services,6896.7,A130207688L
2024-12-01,Australia,Miscellaneous goods and services,7309.9,A130207688L
2025-01-01,Australia,Miscellaneous goods and services,6358.8,A130207688L
2025-02-01,Australia,Miscellaneous goods and services,6126.3,A130207688L
2025-03-01,Australia,Miscellaneous goods and services,6590.0,A130207688L
2025-04-01,Australia,Miscellaneous goods and services,6342.8,A130207688L
2025-05-01,Australia,Miscellaneous goods and services,6901.4,A130207688L
2025-06-01,Australia,Miscellaneous goods and services,6969.3,A130207688L
2025-07-01,Australia,Miscellaneous goods and services,7009.1,A130207688L
2025-08-01,Australia,Miscellaneous goods and services,7056.3,A130207688L
2025-09-01,Australia,Miscellaneous goods and services,6962.1,A130207688L
2025-10-01,Australia,Miscellaneous goods and services,7405.4,A130207688L
2025-11-01,Australia,Miscellaneous goods and services,7434.9,A130207688L
2025-12-01,Australia,Miscellaneous goods and services,7933.0,A130207688L
2026-01-01,Australia,Miscellaneous goods and services,6884.0,A130207688L
2026-02-01,Australia,Miscellaneous goods and services,6611.8,A130207688L
2026-03-01,Australia,Miscellaneous goods and services,7254.1,A130207688L
2026-04-01,Australia,Miscellaneous goods and services,6913.3,A130207688L
2026-05-01,Australia,Miscellaneous goods and services,7387.1,A130207688L
2026-06-01,Australia,Miscellaneous goods and services,7586.2,A130207688L
2026-07-01,Australia,Miscellaneous goods and services,7586.5,A130207688L
2012-07-01,Victoria,Total (Household Spending Categories),10821.8,A130208264A
2012-08-01,Victoria,Total (Household Spending Categories),11064.9,A130208264A
2012-09-01,Victoria,Total (Household Spending Categories),10656.8,A130208264A
2012-10-01,Victoria,Total (Household Spending Categories),11185.6,A130208264A
2012-11-01,Victoria,Total (Household Spending Categories),11266.8,A130208264A
2012-12-01,Victoria,Total (Household Spending Categories),12778.3,A130208264A
2013-01-01,Victoria,Total (Household Spending Categories),10576.4,A130208264A
2013-02-01,Victoria,Total (Household Spending Categories),10133.7,A130208264A
2013-03-01,Victoria,Total (Household Spending Categories),10995.4,A130208264A
2013-04-01,Victoria,Total (Household Spending Categories),10517.6,A130208264A
2013-05-01,Victoria,Total (Household Spending Categories),11136.9,A130208264A
2013-06-01,Victoria,Total (Household Spending Categories),11026.2,A130208264A
2013-07-01,Victoria,Total (Household Spending Categories),11223.0,A130208264A
2013-08-01,Victoria,Total (Household Spending Categories),11293.4,A130208264A
2013-09-01,Victoria,Total (Household Spending Categories),11001.7,A130208264A
2013-10-01,Victoria,Total (Household Spending Categories),11514.2,A130208264A
2013-11-01,Victoria,Total (Household Spending Categories),11682.9,A130208264A
2013-12-01,Victoria,Total (Household Spending Categories),13387.5,A130208264A
2014-01-01,Victoria,Total (Household Spending Categories),11081.4,A130208264A
2014-02-01,Victoria,Total (Household Spending Categories),10477.3,A130208264A
2014-03-01,Victoria,Total (Household Spending Categories),11507.0,A130208264A
2014-04-01,Victoria,Total (Household Spending Categories),11105.4,A130208264A
2014-05-01,Victoria,Total (Household Spending Categories),11591.1,A130208264A
2014-06-01,Victoria,Total (Household Spending Categories),11579.4,A130208264A
2014-07-01,Victoria,Total (Household Spending Categories),11747.3,A130208264A
2014-08-01,Victoria,Total (Household Spending Categories),11569.1,A130208264A
2014-09-01,Victoria,Total (Household Spending Categories),11511.0,A130208264A
2014-10-01,Victoria,Total (Household Spending Categories),12153.1,A130208264A
2014-11-01,Victoria,Total (Household Spending Categories),12039.7,A130208264A
2014-12-01,Victoria,Total (Household Spending Categories),13783.8,A130208264A
2015-01-01,Victoria,Total (Household Spending Categories),11312.5,A130208264A
2015-02-01,Victoria,Total (Household Spending Categories),10968.1,A130208264A
2015-03-01,Victoria,Total (Household Spending Categories),11962.0,A130208264A
2015-04-01,Victoria,Total (Household Spending Categories),11499.2,A130208264A
2015-05-01,Victoria,Total (Household Spending Categories),11903.3,A130208264A
2015-06-01,Victoria,Total (Household Spending Categories),12188.1,A130208264A
2015-07-01,Victoria,Total (Household Spending Categories),12284.1,A130208264A
2015-08-01,Victoria,Total (Household Spending Categories),12124.3,A130208264A
2015-09-01,Victoria,Total (Household Spending Categories),12085.5,A130208264A
2015-10-01,Victoria,Total (Household Spending Categories),12821.6,A130208264A
2015-11-01,Victoria,Total (Household Spending Categories),12697.3,A130208264A
2015-12-01,Victoria,Total (Household Spending Categories),14511.8,A130208264A
2016-01-01,Victoria,Total (Household Spending Categories),11785.2,A130208264A
2016-02-01,Victoria,Total (Household Spending Categories),11697.8,A130208264A
2016-03-01,Victoria,Total (Household Spending Categories),12363.0,A130208264A
2016-04-01,Victoria,Total (Household Spending Categories),12059.5,A130208264A
2016-05-01,Victoria,Total (Household Spending Categories),12499.4,A130208264A
2016-06-01,Victoria,Total (Household Spending Categories),12754.6,A130208264A
2016-07-01,Victoria,Total (Household Spending Categories),12476.0,A130208264A
2016-08-01,Victoria,Total (Household Spending Categories),12628.7,A130208264A
2016-09-01,Victoria,Total (Household Spending Categories),12539.7,A130208264A
2016-10-01,Victoria,Total (Household Spending Categories),13008.1,A130208264A
2016-11-01,Victoria,Total (Household Spending Categories),13226.8,A130208264A
2016-12-01,Victoria,Total (Household Spending Categories),15231.6,A130208264A
2017-01-01,Victoria,Total (Household Spending Categories),12393.7,A130208264A
2017-02-01,Victoria,Total (Household Spending Categories),11835.7,A130208264A
2017-03-01,Victoria,Total (Household Spending Categories),13040.0,A130208264A
2017-04-01,Victoria,Total (Household Spending Categories),12413.3,A130208264A
2017-05-01,Victoria,Total (Household Spending Categories),13159.2,A130208264A
2017-06-01,Victoria,Total (Household Spending Categories),13284.3,A130208264A
2017-07-01,Victoria,Total (Household Spending Categories),12981.0,A130208264A
2017-08-01,Victoria,Total (Household Spending Categories),13108.5,A130208264A
2017-09-01,Victoria,Total (Household Spending Categories),12989.1,A130208264A
2017-10-01,Victoria,Total (Household Spending Categories),13671.4,A130208264A
2017-11-01,Victoria,Total (Household Spending Categories),14171.9,A130208264A
2017-12-01,Victoria,Total (Household Spending Categories),15905.0,A130208264A
2018-01-01,Victoria,Total (Household Spending Categories),12935.1,A130208264A
2018-02-01,Victoria,Total (Household Spending Categories),12521.9,A130208264A
2018-03-01,Victoria,Total (Household Spending Categories),13708.9,A130208264A
2018-04-01,Victoria,Total (Household Spending Categories),13175.9,A130208264A
2018-05-01,Victoria,Total (Household Spending Categories),14030.3,A130208264A
2018-06-01,Victoria,Total (Household Spending Categories),14193.8,A130208264A
2018-07-01,Victoria,Total (Household Spending Categories),13888.0,A130208264A
2018-08-01,Victoria,Total (Household Spending Categories),14131.7,A130208264A
2018-09-01,Victoria,Total (Household Spending Categories),13786.8,A130208264A
2018-10-01,Victoria,Total (Household Spending Categories),14651.3,A130208264A
2018-11-01,Victoria,Total (Household Spending Categories),15065.5,A130208264A
2018-12-01,Victoria,Total (Household Spending Categories),16684.8,A130208264A
2019-01-01,Victoria,Total (Household Spending Categories),13532.6,A130208264A
2019-02-01,Victoria,Total (Household Spending Categories),12811.6,A130208264A
2019-03-01,Victoria,Total (Household Spending Categories),14398.8,A130208264A
2019-04-01,Victoria,Total (Household Spending Categories),13349.7,A130208264A
2019-05-01,Victoria,Total (Household Spending Categories),14200.6,A130208264A
2019-06-01,Victoria,Total (Household Spending Categories),14131.1,A130208264A
2019-07-01,Victoria,Total (Household Spending Categories),14037.8,A130208264A
2019-08-01,Victoria,Total (Household Spending Categories),14365.0,A130208264A
2019-09-01,Victoria,Total (Household Spending Categories),13914.8,A130208264A
2019-10-01,Victoria,Total (Household Spending Categories),14607.8,A130208264A
2019-11-01,Victoria,Total (Household Spending Categories),14900.2,A130208264A
2019-12-01,Victoria,Total (Household Spending Categories),15940.1,A130208264A
2020-01-01,Victoria,Total (Household Spending Categories),13472.8,A130208264A
2020-02-01,Victoria,Total (Household Spending Categories),12845.3,A130208264A
2020-03-01,Victoria,Total (Household Spending Categories),13410.4,A130208264A
2020-04-01,Victoria,Total (Household Spending Categories),9941.7,A130208264A
2020-05-01,Victoria,Total (Household Spending Categories),11961.5,A130208264A
2020-06-01,Victoria,Total (Household Spending Categories),12961.4,A130208264A
2020-07-01,Victoria,Total (Household Spending Categories),12738.6,A130208264A
2020-08-01,Victoria,Total (Household Spending Categories),11029.6,A130208264A
2020-09-01,Victoria,Total (Household Spending Categories),10805.3,A130208264A
2020-10-01,Victoria,Total (Household Spending Categories),12179.5,A130208264A
2020-11-01,Victoria,Total (Household Spending Categories),14411.3,A130208264A
2020-12-01,Victoria,Total (Household Spending Categories),15332.3,A130208264A
2021-01-01,Victoria,Total (Household Spending Categories),12544.1,A130208264A
2021-02-01,Victoria,Total (Household Spending Categories),11477.6,A130208264A
2021-03-01,Victoria,Total (Household Spending Categories),13447.3,A130208264A
2021-04-01,Victoria,Total (Household Spending Categories),12832.9,A130208264A
2021-05-01,Victoria,Total (Household Spending Categories),13110.9,A130208264A
2021-06-01,Victoria,Total (Household Spending Categories),12751.7,A130208264A
2021-07-01,Victoria,Total (Household Spending Categories),12945.8,A130208264A
2021-08-01,Victoria,Total (Household Spending Categories),12273.4,A130208264A
2021-09-01,Victoria,Total (Household Spending Categories),12240.8,A130208264A
2021-10-01,Victoria,Total (Household Spending Categories),13447.9,A130208264A
2021-11-01,Victoria,Total (Household Spending Categories),16018.8,A130208264A
2021-12-01,Victoria,Total (Household Spending Categories),16975.3,A130208264A
2022-01-01,Victoria,Total (Household Spending Categories),14061.2,A130208264A
2022-02-01,Victoria,Total (Household Spending Categories),13954.2,A130208264A
2022-03-01,Victoria,Total (Household Spending Categories),15868.9,A130208264A
2022-04-01,Victoria,Total (Household Spending Categories),15391.2,A130208264A
2022-05-01,Victoria,Total (Household Spending Categories),16207.9,A130208264A
2022-06-01,Victoria,Total (Household Spending Categories),16298.1,A130208264A
2022-07-01,Victoria,Total (Household Spending Categories),16491.0,A130208264A
2022-08-01,Victoria,Total (Household Spending Categories),16922.0,A130208264A
2022-09-01,Victoria,Total (Household Spending Categories),17031.1,A130208264A
2022-10-01,Victoria,Total (Household Spending Categories),17688.8,A130208264A
2022-11-01,Victoria,Total (Household Spending Categories),18437.8,A130208264A
2022-12-01,Victoria,Total (Household Spending Categories),19572.6,A130208264A
2023-01-01,Victoria,Total (Household Spending Categories),16835.0,A130208264A
2023-02-01,Victoria,Total (Household Spending Categories),15833.7,A130208264A
2023-03-01,Victoria,Total (Household Spending Categories),17541.8,A130208264A
2023-04-01,Victoria,Total (Household Spending Categories),16898.1,A130208264A
2023-05-01,Victoria,Total (Household Spending Categories),17812.2,A130208264A
2023-06-01,Victoria,Total (Household Spending Categories),17769.5,A130208264A
2023-07-01,Victoria,Total (Household Spending Categories),17439.1,A130208264A
2023-08-01,Victoria,Total (Household Spending Categories),18053.3,A130208264A
2023-09-01,Victoria,Total (Household Spending Categories),18023.3,A130208264A
2023-10-01,Victoria,Total (Household Spending Categories),18350.7,A130208264A
2023-11-01,Victoria,Total (Household Spending Categories),19350.1,A130208264A
2023-12-01,Victoria,Total (Household Spending Categories),19842.8,A130208264A
2024-01-01,Victoria,Total (Household Spending Categories),17383.7,A130208264A
2024-02-01,Victoria,Total (Household Spending Categories),17012.9,A130208264A
2024-03-01,Victoria,Total (Household Spending Categories),18075.7,A130208264A
2024-04-01,Victoria,Total (Household Spending Categories),17278.9,A130208264A
2024-05-01,Victoria,Total (Household Spending Categories),18185.8,A130208264A
2024-06-01,Victoria,Total (Household Spending Categories),17741.7,A130208264A
2024-07-01,Victoria,Total (Household Spending Categories),17728.4,A130208264A
2024-08-01,Victoria,Total (Household Spending Categories),18358.9,A130208264A
2024-09-01,Victoria,Total (Household Spending Categories),17695.9,A130208264A
2024-10-01,Victoria,Total (Household Spending Categories),18744.3,A130208264A
2024-11-01,Victoria,Total (Household Spending Categories),19719.0,A130208264A
2024-12-01,Victoria,Total (Household Spending Categories),20373.7,A130208264A
2025-01-01,Victoria,Total (Household Spending Categories),17805.1,A130208264A
2025-02-01,Victoria,Total (Household Spending Categories),16664.3,A130208264A
2025-03-01,Victoria,Total (Household Spending Categories),18641.6,A130208264A
2025-04-01,Victoria,Total (Household Spending Categories),17588.9,A130208264A
2025-05-01,Victoria,Total (Household Spending Categories),18760.1,A130208264A
2025-06-01,Victoria,Total (Household Spending Categories),18402.0,A130208264A
2025-07-01,Victoria,Total (Household Spending Categories),18568.5,A130208264A
2025-08-01,Victoria,Total (Household Spending Categories),18814.4,A130208264A
2025-09-01,Victoria,Total (Household Spending Categories),18539.5,A130208264A
2025-10-01,Victoria,Total (Household Spending Categories),19527.7,A130208264A
2025-11-01,Victoria,Total (Household Spending Categories),20489.4,A130208264A
2025-12-01,Victoria,Total (Household Spending Categories),21054.2,A130208264A
2026-01-01,Victoria,Total (Household Spending Categories),18412.7,A130208264A
2026-02-01,Victoria,Total (Household Spending Categories),17301.5,A130208264A
2026-03-01,Victoria,Total (Household Spending Categories),19464.1,A130208264A
2026-04-01,Victoria,Total (Household Spending Categories),18265.1,A130208264A
2026-05-01,Victoria,Total (Household Spending Categories),19365.0,A130208264A
2026-06-01,Victoria,Total (Household Spending Categories),19587.3,A130208264A
2026-07-01,Victoria,Total (Household Spending Categories),19752.1,A130208264A
2012-07-01,Victoria,Goods,6078.3,A130208426F
2012-08-01,Victoria,Goods,6236.6,A130208426F
2012-09-01,Victoria,Goods,6037.0,A130208426F
2012-10-01,Victoria,Goods,6401.6,A130208426F
2012-11-01,Victoria,Goods,6617.6,A130208426F
2012-12-01,Victoria,Goods,8028.5,A130208426F
2013-01-01,Victoria,Goods,6235.5,A130208426F
2013-02-01,Victoria,Goods,5700.3,A130208426F
2013-03-01,Victoria,Goods,6306.7,A130208426F
2013-04-01,Victoria,Goods,6001.9,A130208426F
2013-05-01,Victoria,Goods,6291.3,A130208426F
2013-06-01,Victoria,Goods,6148.8,A130208426F
2013-07-01,Victoria,Goods,6310.9,A130208426F
2013-08-01,Victoria,Goods,6381.5,A130208426F
2013-09-01,Victoria,Goods,6256.0,A130208426F
2013-10-01,Victoria,Goods,6598.4,A130208426F
2013-11-01,Victoria,Goods,6883.2,A130208426F
2013-12-01,Victoria,Goods,8569.0,A130208426F
2014-01-01,Victoria,Goods,6626.8,A130208426F
2014-02-01,Victoria,Goods,6038.0,A130208426F
2014-03-01,Victoria,Goods,6596.8,A130208426F
2014-04-01,Victoria,Goods,6400.2,A130208426F
2014-05-01,Victoria,Goods,6583.7,A130208426F
2014-06-01,Victoria,Goods,6450.3,A130208426F
2014-07-01,Victoria,Goods,6546.4,A130208426F
2014-08-01,Victoria,Goods,6498.3,A130208426F
2014-09-01,Victoria,Goods,6518.1,A130208426F
2014-10-01,Victoria,Goods,6925.3,A130208426F
2014-11-01,Victoria,Goods,6994.1,A130208426F
2014-12-01,Victoria,Goods,8619.4,A130208426F
2015-01-01,Victoria,Goods,6626.9,A130208426F
2015-02-01,Victoria,Goods,6084.8,A130208426F
2015-03-01,Victoria,Goods,6773.5,A130208426F
2015-04-01,Victoria,Goods,6566.6,A130208426F
2015-05-01,Victoria,Goods,6723.6,A130208426F
2015-06-01,Victoria,Goods,6758.4,A130208426F
2015-07-01,Victoria,Goods,6808.3,A130208426F
2015-08-01,Victoria,Goods,6739.7,A130208426F
2015-09-01,Victoria,Goods,6809.8,A130208426F
2015-10-01,Victoria,Goods,7252.0,A130208426F
2015-11-01,Victoria,Goods,7354.5,A130208426F
2015-12-01,Victoria,Goods,9180.0,A130208426F
2016-01-01,Victoria,Goods,6909.5,A130208426F
2016-02-01,Victoria,Goods,6539.0,A130208426F
2016-03-01,Victoria,Goods,7072.8,A130208426F
2016-04-01,Victoria,Goods,6839.1,A130208426F
2016-05-01,Victoria,Goods,6883.7,A130208426F
2016-06-01,Victoria,Goods,7069.8,A130208426F
2016-07-01,Victoria,Goods,6814.9,A130208426F
2016-08-01,Victoria,Goods,6863.9,A130208426F
2016-09-01,Victoria,Goods,7003.9,A130208426F
2016-10-01,Victoria,Goods,7254.0,A130208426F
2016-11-01,Victoria,Goods,7594.2,A130208426F
2016-12-01,Victoria,Goods,9525.7,A130208426F
2017-01-01,Victoria,Goods,7183.4,A130208426F
2017-02-01,Victoria,Goods,6627.2,A130208426F
2017-03-01,Victoria,Goods,7394.8,A130208426F
2017-04-01,Victoria,Goods,7032.4,A130208426F
2017-05-01,Victoria,Goods,7356.3,A130208426F
2017-06-01,Victoria,Goods,7421.4,A130208426F
2017-07-01,Victoria,Goods,7189.4,A130208426F
2017-08-01,Victoria,Goods,7252.4,A130208426F
2017-09-01,Victoria,Goods,7217.7,A130208426F
2017-10-01,Victoria,Goods,7617.2,A130208426F
2017-11-01,Victoria,Goods,8161.7,A130208426F
2017-12-01,Victoria,Goods,9962.9,A130208426F
2018-01-01,Victoria,Goods,7601.9,A130208426F
2018-02-01,Victoria,Goods,7041.4,A130208426F
2018-03-01,Victoria,Goods,7861.5,A130208426F
2018-04-01,Victoria,Goods,7418.2,A130208426F
2018-05-01,Victoria,Goods,7809.0,A130208426F
2018-06-01,Victoria,Goods,7896.2,A130208426F
2018-07-01,Victoria,Goods,7660.9,A130208426F
2018-08-01,Victoria,Goods,7822.3,A130208426F
2018-09-01,Victoria,Goods,7760.7,A130208426F
2018-10-01,Victoria,Goods,8301.8,A130208426F
2018-11-01,Victoria,Goods,8669.5,A130208426F
2018-12-01,Victoria,Goods,10424.8,A130208426F
2019-01-01,Victoria,Goods,7768.3,A130208426F
2019-02-01,Victoria,Goods,7190.9,A130208426F
2019-03-01,Victoria,Goods,8173.2,A130208426F
2019-04-01,Victoria,Goods,7648.1,A130208426F
2019-05-01,Victoria,Goods,8065.8,A130208426F
2019-06-01,Victoria,Goods,8203.9,A130208426F
2019-07-01,Victoria,Goods,7801.2,A130208426F
2019-08-01,Victoria,Goods,8051.6,A130208426F
2019-09-01,Victoria,Goods,7853.0,A130208426F
2019-10-01,Victoria,Goods,8270.4,A130208426F
2019-11-01,Victoria,Goods,8704.2,A130208426F
2019-12-01,Victoria,Goods,9979.7,A130208426F
2020-01-01,Victoria,Goods,7744.5,A130208426F
2020-02-01,Victoria,Goods,7384.6,A130208426F
2020-03-01,Victoria,Goods,8715.6,A130208426F
2020-04-01,Victoria,Goods,7083.7,A130208426F
2020-05-01,Victoria,Goods,8404.8,A130208426F
2020-06-01,Victoria,Goods,8761.2,A130208426F
2020-07-01,Victoria,Goods,8615.2,A130208426F
2020-08-01,Victoria,Goods,7789.3,A130208426F
2020-09-01,Victoria,Goods,7484.7,A130208426F
2020-10-01,Victoria,Goods,8216.6,A130208426F
2020-11-01,Victoria,Goods,9853.8,A130208426F
2020-12-01,Victoria,Goods,10607.4,A130208426F
2021-01-01,Victoria,Goods,8335.9,A130208426F
2021-02-01,Victoria,Goods,7405.6,A130208426F
2021-03-01,Victoria,Goods,8543.2,A130208426F
2021-04-01,Victoria,Goods,8211.1,A130208426F
2021-05-01,Victoria,Goods,8535.8,A130208426F
2021-06-01,Victoria,Goods,8449.6,A130208426F
2021-07-01,Victoria,Goods,8430.0,A130208426F
2021-08-01,Victoria,Goods,8275.3,A130208426F
2021-09-01,Victoria,Goods,8311.8,A130208426F
2021-10-01,Victoria,Goods,8902.3,A130208426F
2021-11-01,Victoria,Goods,10616.8,A130208426F
2021-12-01,Victoria,Goods,11498.4,A130208426F
2022-01-01,Victoria,Goods,9295.7,A130208426F
2022-02-01,Victoria,Goods,8660.9,A130208426F
2022-03-01,Victoria,Goods,9599.3,A130208426F
2022-04-01,Victoria,Goods,9468.4,A130208426F
2022-05-01,Victoria,Goods,9850.1,A130208426F
2022-06-01,Victoria,Goods,9803.4,A130208426F
2022-07-01,Victoria,Goods,9873.4,A130208426F
2022-08-01,Victoria,Goods,9884.5,A130208426F
2022-09-01,Victoria,Goods,9973.6,A130208426F
2022-10-01,Victoria,Goods,10344.8,A130208426F
2022-11-01,Victoria,Goods,11169.0,A130208426F
2022-12-01,Victoria,Goods,12365.3,A130208426F
2023-01-01,Victoria,Goods,9902.6,A130208426F
2023-02-01,Victoria,Goods,8981.8,A130208426F
2023-03-01,Victoria,Goods,9832.2,A130208426F
2023-04-01,Victoria,Goods,9870.0,A130208426F
2023-05-01,Victoria,Goods,10211.0,A130208426F
2023-06-01,Victoria,Goods,10196.6,A130208426F
2023-07-01,Victoria,Goods,9815.7,A130208426F
2023-08-01,Victoria,Goods,10056.8,A130208426F
2023-09-01,Victoria,Goods,10263.2,A130208426F
2023-10-01,Victoria,Goods,10440.2,A130208426F
2023-11-01,Victoria,Goods,11335.8,A130208426F
2023-12-01,Victoria,Goods,12124.7,A130208426F
2024-01-01,Victoria,Goods,9781.6,A130208426F
2024-02-01,Victoria,Goods,9395.2,A130208426F
2024-03-01,Victoria,Goods,10125.3,A130208426F
2024-04-01,Victoria,Goods,9680.4,A130208426F
2024-05-01,Victoria,Goods,10139.3,A130208426F
2024-06-01,Victoria,Goods,10152.3,A130208426F
2024-07-01,Victoria,Goods,9715.5,A130208426F
2024-08-01,Victoria,Goods,10059.1,A130208426F
2024-09-01,Victoria,Goods,9783.4,A130208426F
2024-10-01,Victoria,Goods,10340.4,A130208426F
2024-11-01,Victoria,Goods,11459.8,A130208426F
2024-12-01,Victoria,Goods,12391.4,A130208426F
2025-01-01,Victoria,Goods,9838.8,A130208426F
2025-02-01,Victoria,Goods,9042.5,A130208426F
2025-03-01,Victoria,Goods,10271.6,A130208426F
2025-04-01,Victoria,Goods,9656.7,A130208426F
2025-05-01,Victoria,Goods,10343.2,A130208426F
2025-06-01,Victoria,Goods,10353.4,A130208426F
2025-07-01,Victoria,Goods,9987.3,A130208426F
2025-08-01,Victoria,Goods,10175.2,A130208426F
2025-09-01,Victoria,Goods,10107.2,A130208426F
2025-10-01,Victoria,Goods,10704.0,A130208426F
2025-11-01,Victoria,Goods,11912.1,A130208426F
2025-12-01,Victoria,Goods,12647.7,A130208426F
2026-01-01,Victoria,Goods,10141.7,A130208426F
2026-02-01,Victoria,Goods,9304.1,A130208426F
2026-03-01,Victoria,Goods,10721.5,A130208426F
2026-04-01,Victoria,Goods,10149.3,A130208426F
2026-05-01,Victoria,Goods,10795.8,A130208426F
2026-06-01,Victoria,Goods,10985.5,A130208426F
2026-07-01,Victoria,Goods,10644.5,A130208426F
2012-07-01,Victoria,Services,4743.6,A130208288V
2012-08-01,Victoria,Services,4828.2,A130208288V
2012-09-01,Victoria,Services,4619.8,A130208288V
2012-10-01,Victoria,Services,4784.1,A130208288V
2012-11-01,Victoria,Services,4649.2,A130208288V
2012-12-01,Victoria,Services,4749.8,A130208288V
2013-01-01,Victoria,Services,4341.0,A130208288V
2013-02-01,Victoria,Services,4433.5,A130208288V
2013-03-01,Victoria,Services,4688.7,A130208288V
2013-04-01,Victoria,Services,4515.6,A130208288V
2013-05-01,Victoria,Services,4845.7,A130208288V
2013-06-01,Victoria,Services,4877.4,A130208288V
2013-07-01,Victoria,Services,4912.2,A130208288V
2013-08-01,Victoria,Services,4911.9,A130208288V
2013-09-01,Victoria,Services,4745.7,A130208288V
2013-10-01,Victoria,Services,4915.7,A130208288V
2013-11-01,Victoria,Services,4799.7,A130208288V
2013-12-01,Victoria,Services,4818.5,A130208288V
2014-01-01,Victoria,Services,4454.7,A130208288V
2014-02-01,Victoria,Services,4439.2,A130208288V
2014-03-01,Victoria,Services,4910.2,A130208288V
2014-04-01,Victoria,Services,4705.1,A130208288V
2014-05-01,Victoria,Services,5007.3,A130208288V
2014-06-01,Victoria,Services,5129.1,A130208288V
2014-07-01,Victoria,Services,5200.9,A130208288V
2014-08-01,Victoria,Services,5070.8,A130208288V
2014-09-01,Victoria,Services,4992.8,A130208288V
2014-10-01,Victoria,Services,5227.9,A130208288V
2014-11-01,Victoria,Services,5045.6,A130208288V
2014-12-01,Victoria,Services,5164.5,A130208288V
2015-01-01,Victoria,Services,4685.6,A130208288V
2015-02-01,Victoria,Services,4883.3,A130208288V
2015-03-01,Victoria,Services,5188.5,A130208288V
2015-04-01,Victoria,Services,4932.6,A130208288V
2015-05-01,Victoria,Services,5179.7,A130208288V
2015-06-01,Victoria,Services,5429.8,A130208288V
2015-07-01,Victoria,Services,5475.8,A130208288V
2015-08-01,Victoria,Services,5384.6,A130208288V
2015-09-01,Victoria,Services,5275.7,A130208288V
2015-10-01,Victoria,Services,5569.6,A130208288V
2015-11-01,Victoria,Services,5342.8,A130208288V
2015-12-01,Victoria,Services,5331.8,A130208288V
2016-01-01,Victoria,Services,4875.7,A130208288V
2016-02-01,Victoria,Services,5158.9,A130208288V
2016-03-01,Victoria,Services,5290.2,A130208288V
2016-04-01,Victoria,Services,5220.4,A130208288V
2016-05-01,Victoria,Services,5615.7,A130208288V
2016-06-01,Victoria,Services,5684.8,A130208288V
2016-07-01,Victoria,Services,5661.1,A130208288V
2016-08-01,Victoria,Services,5764.8,A130208288V
2016-09-01,Victoria,Services,5535.8,A130208288V
2016-10-01,Victoria,Services,5754.1,A130208288V
2016-11-01,Victoria,Services,5632.6,A130208288V
2016-12-01,Victoria,Services,5705.8,A130208288V
2017-01-01,Victoria,Services,5210.4,A130208288V
2017-02-01,Victoria,Services,5208.4,A130208288V
2017-03-01,Victoria,Services,5645.2,A130208288V
2017-04-01,Victoria,Services,5380.9,A130208288V
2017-05-01,Victoria,Services,5802.9,A130208288V
2017-06-01,Victoria,Services,5862.9,A130208288V
2017-07-01,Victoria,Services,5791.7,A130208288V
2017-08-01,Victoria,Services,5856.2,A130208288V
2017-09-01,Victoria,Services,5771.4,A130208288V
2017-10-01,Victoria,Services,6054.2,A130208288V
2017-11-01,Victoria,Services,6010.2,A130208288V
2017-12-01,Victoria,Services,5942.1,A130208288V
2018-01-01,Victoria,Services,5333.3,A130208288V
2018-02-01,Victoria,Services,5480.5,A130208288V
2018-03-01,Victoria,Services,5847.4,A130208288V
2018-04-01,Victoria,Services,5757.7,A130208288V
2018-05-01,Victoria,Services,6221.3,A130208288V
2018-06-01,Victoria,Services,6297.6,A130208288V
2018-07-01,Victoria,Services,6227.1,A130208288V
2018-08-01,Victoria,Services,6309.4,A130208288V
2018-09-01,Victoria,Services,6026.1,A130208288V
2018-10-01,Victoria,Services,6349.5,A130208288V
2018-11-01,Victoria,Services,6396.0,A130208288V
2018-12-01,Victoria,Services,6260.0,A130208288V
2019-01-01,Victoria,Services,5764.3,A130208288V
2019-02-01,Victoria,Services,5620.7,A130208288V
2019-03-01,Victoria,Services,6225.6,A130208288V
2019-04-01,Victoria,Services,5701.6,A130208288V
2019-05-01,Victoria,Services,6134.8,A130208288V
2019-06-01,Victoria,Services,5927.2,A130208288V
2019-07-01,Victoria,Services,6236.6,A130208288V
2019-08-01,Victoria,Services,6313.4,A130208288V
2019-09-01,Victoria,Services,6061.8,A130208288V
2019-10-01,Victoria,Services,6337.4,A130208288V
2019-11-01,Victoria,Services,6196.0,A130208288V
2019-12-01,Victoria,Services,5960.5,A130208288V
2020-01-01,Victoria,Services,5728.3,A130208288V
2020-02-01,Victoria,Services,5460.7,A130208288V
2020-03-01,Victoria,Services,4694.7,A130208288V
2020-04-01,Victoria,Services,2858.0,A130208288V
2020-05-01,Victoria,Services,3556.7,A130208288V
2020-06-01,Victoria,Services,4200.2,A130208288V
2020-07-01,Victoria,Services,4123.4,A130208288V
2020-08-01,Victoria,Services,3240.3,A130208288V
2020-09-01,Victoria,Services,3320.6,A130208288V
2020-10-01,Victoria,Services,3962.9,A130208288V
2020-11-01,Victoria,Services,4557.4,A130208288V
2020-12-01,Victoria,Services,4724.9,A130208288V
2021-01-01,Victoria,Services,4208.2,A130208288V
2021-02-01,Victoria,Services,4072.1,A130208288V
2021-03-01,Victoria,Services,4904.0,A130208288V
2021-04-01,Victoria,Services,4621.9,A130208288V
2021-05-01,Victoria,Services,4575.1,A130208288V
2021-06-01,Victoria,Services,4302.1,A130208288V
2021-07-01,Victoria,Services,4515.8,A130208288V
2021-08-01,Victoria,Services,3998.1,A130208288V
2021-09-01,Victoria,Services,3929.1,A130208288V
2021-10-01,Victoria,Services,4545.6,A130208288V
2021-11-01,Victoria,Services,5402.0,A130208288V
2021-12-01,Victoria,Services,5476.9,A130208288V
2022-01-01,Victoria,Services,4765.5,A130208288V
2022-02-01,Victoria,Services,5293.3,A130208288V
2022-03-01,Victoria,Services,6269.6,A130208288V
2022-04-01,Victoria,Services,5922.7,A130208288V
2022-05-01,Victoria,Services,6357.8,A130208288V
2022-06-01,Victoria,Services,6494.7,A130208288V
2022-07-01,Victoria,Services,6617.7,A130208288V
2022-08-01,Victoria,Services,7037.5,A130208288V
2022-09-01,Victoria,Services,7057.5,A130208288V
2022-10-01,Victoria,Services,7344.1,A130208288V
2022-11-01,Victoria,Services,7268.8,A130208288V
2022-12-01,Victoria,Services,7207.3,A130208288V
2023-01-01,Victoria,Services,6932.4,A130208288V
2023-02-01,Victoria,Services,6851.9,A130208288V
2023-03-01,Victoria,Services,7709.6,A130208288V
2023-04-01,Victoria,Services,7028.2,A130208288V
2023-05-01,Victoria,Services,7601.2,A130208288V
2023-06-01,Victoria,Services,7572.9,A130208288V
2023-07-01,Victoria,Services,7623.3,A130208288V
2023-08-01,Victoria,Services,7996.5,A130208288V
2023-09-01,Victoria,Services,7760.1,A130208288V
2023-10-01,Victoria,Services,7910.5,A130208288V
2023-11-01,Victoria,Services,8014.3,A130208288V
2023-12-01,Victoria,Services,7718.1,A130208288V
2024-01-01,Victoria,Services,7602.1,A130208288V
2024-02-01,Victoria,Services,7617.7,A130208288V
2024-03-01,Victoria,Services,7950.4,A130208288V
2024-04-01,Victoria,Services,7598.5,A130208288V
2024-05-01,Victoria,Services,8046.5,A130208288V
2024-06-01,Victoria,Services,7589.4,A130208288V
2024-07-01,Victoria,Services,8012.9,A130208288V
2024-08-01,Victoria,Services,8299.9,A130208288V
2024-09-01,Victoria,Services,7912.5,A130208288V
2024-10-01,Victoria,Services,8403.9,A130208288V
2024-11-01,Victoria,Services,8259.2,A130208288V
2024-12-01,Victoria,Services,7982.3,A130208288V
2025-01-01,Victoria,Services,7966.3,A130208288V
2025-02-01,Victoria,Services,7621.8,A130208288V
2025-03-01,Victoria,Services,8370.0,A130208288V
2025-04-01,Victoria,Services,7932.1,A130208288V
2025-05-01,Victoria,Services,8416.9,A130208288V
2025-06-01,Victoria,Services,8048.6,A130208288V
2025-07-01,Victoria,Services,8581.1,A130208288V
2025-08-01,Victoria,Services,8639.2,A130208288V
2025-09-01,Victoria,Services,8432.3,A130208288V
2025-10-01,Victoria,Services,8823.7,A130208288V
2025-11-01,Victoria,Services,8577.3,A130208288V
2025-12-01,Victoria,Services,8406.5,A130208288V
2026-01-01,Victoria,Services,8271.0,A130208288V
2026-02-01,Victoria,Services,7997.4,A130208288V
2026-03-01,Victoria,Services,8742.6,A130208288V
2026-04-01,Victoria,Services,8115.8,A130208288V
2026-05-01,Victoria,Services,8569.2,A130208288V
2026-06-01,Victoria,Services,8601.8,A130208288V
2026-07-01,Victoria,Services,9107.6,A130208288V
2012-07-01,Victoria,Discretionary,6920.5,A130208420T
2012-08-01,Victoria,Discretionary,7015.3,A130208420T
2012-09-01,Victoria,Discretionary,6814.0,A130208420T
2012-10-01,Victoria,Discretionary,7063.3,A130208420T
2012-11-01,Victoria,Discretionary,7170.9,A130208420T
2012-12-01,Victoria,Discretionary,8553.4,A130208420T
2013-01-01,Victoria,Discretionary,6699.1,A130208420T
2013-02-01,Victoria,Discretionary,6287.2,A130208420T
2013-03-01,Victoria,Discretionary,6802.3,A130208420T
2013-04-01,Victoria,Discretionary,6614.6,A130208420T
2013-05-01,Victoria,Discretionary,6953.9,A130208420T
2013-06-01,Victoria,Discretionary,7062.9,A130208420T
2013-07-01,Victoria,Discretionary,7000.9,A130208420T
2013-08-01,Victoria,Discretionary,7066.0,A130208420T
2013-09-01,Victoria,Discretionary,6927.4,A130208420T
2013-10-01,Victoria,Discretionary,7255.6,A130208420T
2013-11-01,Victoria,Discretionary,7380.7,A130208420T
2013-12-01,Victoria,Discretionary,8717.9,A130208420T
2014-01-01,Victoria,Discretionary,6876.8,A130208420T
2014-02-01,Victoria,Discretionary,6380.8,A130208420T
2014-03-01,Victoria,Discretionary,7127.6,A130208420T
2014-04-01,Victoria,Discretionary,6951.8,A130208420T
2014-05-01,Victoria,Discretionary,7237.5,A130208420T
2014-06-01,Victoria,Discretionary,7424.6,A130208420T
2014-07-01,Victoria,Discretionary,7326.3,A130208420T
2014-08-01,Victoria,Discretionary,7148.9,A130208420T
2014-09-01,Victoria,Discretionary,7240.5,A130208420T
2014-10-01,Victoria,Discretionary,7641.9,A130208420T
2014-11-01,Victoria,Discretionary,7622.7,A130208420T
2014-12-01,Victoria,Discretionary,9188.7,A130208420T
2015-01-01,Victoria,Discretionary,7172.1,A130208420T
2015-02-01,Victoria,Discretionary,6838.4,A130208420T
2015-03-01,Victoria,Discretionary,7516.0,A130208420T
2015-04-01,Victoria,Discretionary,7221.4,A130208420T
2015-05-01,Victoria,Discretionary,7430.1,A130208420T
2015-06-01,Victoria,Discretionary,7823.1,A130208420T
2015-07-01,Victoria,Discretionary,7743.8,A130208420T
2015-08-01,Victoria,Discretionary,7602.1,A130208420T
2015-09-01,Victoria,Discretionary,7680.1,A130208420T
2015-10-01,Victoria,Discretionary,8225.5,A130208420T
2015-11-01,Victoria,Discretionary,8120.9,A130208420T
2015-12-01,Victoria,Discretionary,9694.6,A130208420T
2016-01-01,Victoria,Discretionary,7527.3,A130208420T
2016-02-01,Victoria,Discretionary,7347.9,A130208420T
2016-03-01,Victoria,Discretionary,7729.0,A130208420T
2016-04-01,Victoria,Discretionary,7692.5,A130208420T
2016-05-01,Victoria,Discretionary,7852.9,A130208420T
2016-06-01,Victoria,Discretionary,8234.1,A130208420T
2016-07-01,Victoria,Discretionary,7956.2,A130208420T
2016-08-01,Victoria,Discretionary,7942.5,A130208420T
2016-09-01,Victoria,Discretionary,8011.3,A130208420T
2016-10-01,Victoria,Discretionary,8333.2,A130208420T
2016-11-01,Victoria,Discretionary,8466.5,A130208420T
2016-12-01,Victoria,Discretionary,10159.0,A130208420T
2017-01-01,Victoria,Discretionary,7889.2,A130208420T
2017-02-01,Victoria,Discretionary,7344.1,A130208420T
2017-03-01,Victoria,Discretionary,8136.9,A130208420T
2017-04-01,Victoria,Discretionary,7872.9,A130208420T
2017-05-01,Victoria,Discretionary,8323.0,A130208420T
2017-06-01,Victoria,Discretionary,8569.8,A130208420T
2017-07-01,Victoria,Discretionary,8245.0,A130208420T
2017-08-01,Victoria,Discretionary,8201.1,A130208420T
2017-09-01,Victoria,Discretionary,8305.1,A130208420T
2017-10-01,Victoria,Discretionary,8730.3,A130208420T
2017-11-01,Victoria,Discretionary,9154.7,A130208420T
2017-12-01,Victoria,Discretionary,10642.1,A130208420T
2018-01-01,Victoria,Discretionary,8219.0,A130208420T
2018-02-01,Victoria,Discretionary,7817.7,A130208420T
2018-03-01,Victoria,Discretionary,8574.5,A130208420T
2018-04-01,Victoria,Discretionary,8384.1,A130208420T
2018-05-01,Victoria,Discretionary,8907.7,A130208420T
2018-06-01,Victoria,Discretionary,9167.6,A130208420T
2018-07-01,Victoria,Discretionary,8822.2,A130208420T
2018-08-01,Victoria,Discretionary,8950.8,A130208420T
2018-09-01,Victoria,Discretionary,8795.0,A130208420T
2018-10-01,Victoria,Discretionary,9337.5,A130208420T
2018-11-01,Victoria,Discretionary,9747.8,A130208420T
2018-12-01,Victoria,Discretionary,11187.7,A130208420T
2019-01-01,Victoria,Discretionary,8604.9,A130208420T
2019-02-01,Victoria,Discretionary,7963.3,A130208420T
2019-03-01,Victoria,Discretionary,9077.9,A130208420T
2019-04-01,Victoria,Discretionary,8313.1,A130208420T
2019-05-01,Victoria,Discretionary,8823.6,A130208420T
2019-06-01,Victoria,Discretionary,9170.1,A130208420T
2019-07-01,Victoria,Discretionary,8798.5,A130208420T
2019-08-01,Victoria,Discretionary,9001.7,A130208420T
2019-09-01,Victoria,Discretionary,8859.8,A130208420T
2019-10-01,Victoria,Discretionary,9144.8,A130208420T
2019-11-01,Victoria,Discretionary,9570.3,A130208420T
2019-12-01,Victoria,Discretionary,10450.3,A130208420T
2020-01-01,Victoria,Discretionary,8486.1,A130208420T
2020-02-01,Victoria,Discretionary,7901.2,A130208420T
2020-03-01,Victoria,Discretionary,7682.1,A130208420T
2020-04-01,Victoria,Discretionary,5823.5,A130208420T
2020-05-01,Victoria,Discretionary,7196.3,A130208420T
2020-06-01,Victoria,Discretionary,7973.6,A130208420T
2020-07-01,Victoria,Discretionary,7474.0,A130208420T
2020-08-01,Victoria,Discretionary,6438.2,A130208420T
2020-09-01,Victoria,Discretionary,6316.5,A130208420T
2020-10-01,Victoria,Discretionary,7097.8,A130208420T
2020-11-01,Victoria,Discretionary,9176.2,A130208420T
2020-12-01,Victoria,Discretionary,9788.3,A130208420T
2021-01-01,Victoria,Discretionary,7707.0,A130208420T
2021-02-01,Victoria,Discretionary,6793.2,A130208420T
2021-03-01,Victoria,Discretionary,8097.2,A130208420T
2021-04-01,Victoria,Discretionary,7848.0,A130208420T
2021-05-01,Victoria,Discretionary,7893.3,A130208420T
2021-06-01,Victoria,Discretionary,7863.7,A130208420T
2021-07-01,Victoria,Discretionary,7738.5,A130208420T
2021-08-01,Victoria,Discretionary,7086.3,A130208420T
2021-09-01,Victoria,Discretionary,7240.2,A130208420T
2021-10-01,Victoria,Discretionary,8167.7,A130208420T
2021-11-01,Victoria,Discretionary,10477.7,A130208420T
2021-12-01,Victoria,Discretionary,11060.4,A130208420T
2022-01-01,Victoria,Discretionary,8903.2,A130208420T
2022-02-01,Victoria,Discretionary,8726.9,A130208420T
2022-03-01,Victoria,Discretionary,10003.8,A130208420T
2022-04-01,Victoria,Discretionary,9848.9,A130208420T
2022-05-01,Victoria,Discretionary,10294.2,A130208420T
2022-06-01,Victoria,Discretionary,10569.9,A130208420T
2022-07-01,Victoria,Discretionary,10523.0,A130208420T
2022-08-01,Victoria,Discretionary,10801.0,A130208420T
2022-09-01,Victoria,Discretionary,11165.6,A130208420T
2022-10-01,Victoria,Discretionary,11526.8,A130208420T
2022-11-01,Victoria,Discretionary,12128.5,A130208420T
2022-12-01,Victoria,Discretionary,13054.0,A130208420T
2023-01-01,Victoria,Discretionary,10956.6,A130208420T
2023-02-01,Victoria,Discretionary,9992.7,A130208420T
2023-03-01,Victoria,Discretionary,11132.6,A130208420T
2023-04-01,Victoria,Discretionary,10960.6,A130208420T
2023-05-01,Victoria,Discretionary,11316.9,A130208420T
2023-06-01,Victoria,Discretionary,11611.8,A130208420T
2023-07-01,Victoria,Discretionary,11190.1,A130208420T
2023-08-01,Victoria,Discretionary,11470.5,A130208420T
2023-09-01,Victoria,Discretionary,11735.8,A130208420T
2023-10-01,Victoria,Discretionary,11688.0,A130208420T
2023-11-01,Victoria,Discretionary,12691.3,A130208420T
2023-12-01,Victoria,Discretionary,13150.3,A130208420T
2024-01-01,Victoria,Discretionary,11198.1,A130208420T
2024-02-01,Victoria,Discretionary,10626.6,A130208420T
2024-03-01,Victoria,Discretionary,11416.3,A130208420T
2024-04-01,Victoria,Discretionary,10973.7,A130208420T
2024-05-01,Victoria,Discretionary,11400.5,A130208420T
2024-06-01,Victoria,Discretionary,11508.0,A130208420T
2024-07-01,Victoria,Discretionary,11157.8,A130208420T
2024-08-01,Victoria,Discretionary,11551.5,A130208420T
2024-09-01,Victoria,Discretionary,11334.7,A130208420T
2024-10-01,Victoria,Discretionary,11824.5,A130208420T
2024-11-01,Victoria,Discretionary,12872.0,A130208420T
2024-12-01,Victoria,Discretionary,13407.9,A130208420T
2025-01-01,Victoria,Discretionary,11287.5,A130208420T
2025-02-01,Victoria,Discretionary,10306.5,A130208420T
2025-03-01,Victoria,Discretionary,11696.0,A130208420T
2025-04-01,Victoria,Discretionary,10962.8,A130208420T
2025-05-01,Victoria,Discretionary,11695.8,A130208420T
2025-06-01,Victoria,Discretionary,11775.7,A130208420T
2025-07-01,Victoria,Discretionary,11620.3,A130208420T
2025-08-01,Victoria,Discretionary,11771.2,A130208420T
2025-09-01,Victoria,Discretionary,11716.9,A130208420T
2025-10-01,Victoria,Discretionary,12221.1,A130208420T
2025-11-01,Victoria,Discretionary,13397.5,A130208420T
2025-12-01,Victoria,Discretionary,13701.7,A130208420T
2026-01-01,Victoria,Discretionary,11651.6,A130208420T
2026-02-01,Victoria,Discretionary,10698.6,A130208420T
2026-03-01,Victoria,Discretionary,12000.0,A130208420T
2026-04-01,Victoria,Discretionary,11366.5,A130208420T
2026-05-01,Victoria,Discretionary,12161.5,A130208420T
2026-06-01,Victoria,Discretionary,12649.3,A130208420T
2026-07-01,Victoria,Discretionary,12478.5,A130208420T
2012-07-01,Victoria,Non Discretionary,3901.3,A130208414W
2012-08-01,Victoria,Non Discretionary,4049.5,A130208414W
2012-09-01,Victoria,Non Discretionary,3842.8,A130208414W
2012-10-01,Victoria,Non Discretionary,4122.4,A130208414W
2012-11-01,Victoria,Non Discretionary,4095.9,A130208414W
2012-12-01,Victoria,Non Discretionary,4224.9,A130208414W
2013-01-01,Victoria,Non Discretionary,3877.3,A130208414W
2013-02-01,Victoria,Non Discretionary,3846.5,A130208414W
2013-03-01,Victoria,Non Discretionary,4193.1,A130208414W
2013-04-01,Victoria,Non Discretionary,3902.9,A130208414W
2013-05-01,Victoria,Non Discretionary,4183.0,A130208414W
2013-06-01,Victoria,Non Discretionary,3963.3,A130208414W
2013-07-01,Victoria,Non Discretionary,4222.2,A130208414W
2013-08-01,Victoria,Non Discretionary,4227.3,A130208414W
2013-09-01,Victoria,Non Discretionary,4074.3,A130208414W
2013-10-01,Victoria,Non Discretionary,4258.6,A130208414W
2013-11-01,Victoria,Non Discretionary,4302.2,A130208414W
2013-12-01,Victoria,Non Discretionary,4669.6,A130208414W
2014-01-01,Victoria,Non Discretionary,4204.6,A130208414W
2014-02-01,Victoria,Non Discretionary,4096.4,A130208414W
2014-03-01,Victoria,Non Discretionary,4379.5,A130208414W
2014-04-01,Victoria,Non Discretionary,4153.6,A130208414W
2014-05-01,Victoria,Non Discretionary,4353.6,A130208414W
2014-06-01,Victoria,Non Discretionary,4154.8,A130208414W
2014-07-01,Victoria,Non Discretionary,4421.0,A130208414W
2014-08-01,Victoria,Non Discretionary,4420.2,A130208414W
2014-09-01,Victoria,Non Discretionary,4270.4,A130208414W
2014-10-01,Victoria,Non Discretionary,4511.2,A130208414W
2014-11-01,Victoria,Non Discretionary,4417.0,A130208414W
2014-12-01,Victoria,Non Discretionary,4595.2,A130208414W
2015-01-01,Victoria,Non Discretionary,4140.4,A130208414W
2015-02-01,Victoria,Non Discretionary,4129.7,A130208414W
2015-03-01,Victoria,Non Discretionary,4446.0,A130208414W
2015-04-01,Victoria,Non Discretionary,4277.8,A130208414W
2015-05-01,Victoria,Non Discretionary,4473.1,A130208414W
2015-06-01,Victoria,Non Discretionary,4365.1,A130208414W
2015-07-01,Victoria,Non Discretionary,4540.3,A130208414W
2015-08-01,Victoria,Non Discretionary,4522.2,A130208414W
2015-09-01,Victoria,Non Discretionary,4405.4,A130208414W
2015-10-01,Victoria,Non Discretionary,4596.1,A130208414W
2015-11-01,Victoria,Non Discretionary,4576.4,A130208414W
2015-12-01,Victoria,Non Discretionary,4817.2,A130208414W
2016-01-01,Victoria,Non Discretionary,4257.9,A130208414W
2016-02-01,Victoria,Non Discretionary,4349.9,A130208414W
2016-03-01,Victoria,Non Discretionary,4634.1,A130208414W
2016-04-01,Victoria,Non Discretionary,4367.0,A130208414W
2016-05-01,Victoria,Non Discretionary,4646.5,A130208414W
2016-06-01,Victoria,Non Discretionary,4520.5,A130208414W
2016-07-01,Victoria,Non Discretionary,4519.9,A130208414W
2016-08-01,Victoria,Non Discretionary,4686.3,A130208414W
2016-09-01,Victoria,Non Discretionary,4528.3,A130208414W
2016-10-01,Victoria,Non Discretionary,4674.9,A130208414W
2016-11-01,Victoria,Non Discretionary,4760.3,A130208414W
2016-12-01,Victoria,Non Discretionary,5072.6,A130208414W
2017-01-01,Victoria,Non Discretionary,4504.5,A130208414W
2017-02-01,Victoria,Non Discretionary,4491.6,A130208414W
2017-03-01,Victoria,Non Discretionary,4903.1,A130208414W
2017-04-01,Victoria,Non Discretionary,4540.5,A130208414W
2017-05-01,Victoria,Non Discretionary,4836.1,A130208414W
2017-06-01,Victoria,Non Discretionary,4714.5,A130208414W
2017-07-01,Victoria,Non Discretionary,4736.0,A130208414W
2017-08-01,Victoria,Non Discretionary,4907.4,A130208414W
2017-09-01,Victoria,Non Discretionary,4684.0,A130208414W
2017-10-01,Victoria,Non Discretionary,4941.1,A130208414W
2017-11-01,Victoria,Non Discretionary,5017.2,A130208414W
2017-12-01,Victoria,Non Discretionary,5262.9,A130208414W
2018-01-01,Victoria,Non Discretionary,4716.2,A130208414W
2018-02-01,Victoria,Non Discretionary,4704.2,A130208414W
2018-03-01,Victoria,Non Discretionary,5134.4,A130208414W
2018-04-01,Victoria,Non Discretionary,4791.8,A130208414W
2018-05-01,Victoria,Non Discretionary,5122.6,A130208414W
2018-06-01,Victoria,Non Discretionary,5026.2,A130208414W
2018-07-01,Victoria,Non Discretionary,5065.8,A130208414W
2018-08-01,Victoria,Non Discretionary,5180.8,A130208414W
2018-09-01,Victoria,Non Discretionary,4991.8,A130208414W
2018-10-01,Victoria,Non Discretionary,5313.7,A130208414W
2018-11-01,Victoria,Non Discretionary,5317.7,A130208414W
2018-12-01,Victoria,Non Discretionary,5497.1,A130208414W
2019-01-01,Victoria,Non Discretionary,4927.7,A130208414W
2019-02-01,Victoria,Non Discretionary,4848.3,A130208414W
2019-03-01,Victoria,Non Discretionary,5320.9,A130208414W
2019-04-01,Victoria,Non Discretionary,5036.5,A130208414W
2019-05-01,Victoria,Non Discretionary,5377.0,A130208414W
2019-06-01,Victoria,Non Discretionary,4961.0,A130208414W
2019-07-01,Victoria,Non Discretionary,5239.3,A130208414W
2019-08-01,Victoria,Non Discretionary,5363.3,A130208414W
2019-09-01,Victoria,Non Discretionary,5054.9,A130208414W
2019-10-01,Victoria,Non Discretionary,5463.0,A130208414W
2019-11-01,Victoria,Non Discretionary,5329.9,A130208414W
2019-12-01,Victoria,Non Discretionary,5489.9,A130208414W
2020-01-01,Victoria,Non Discretionary,4986.7,A130208414W
2020-02-01,Victoria,Non Discretionary,4944.1,A130208414W
2020-03-01,Victoria,Non Discretionary,5728.2,A130208414W
2020-04-01,Victoria,Non Discretionary,4118.2,A130208414W
2020-05-01,Victoria,Non Discretionary,4765.2,A130208414W
2020-06-01,Victoria,Non Discretionary,4987.8,A130208414W
2020-07-01,Victoria,Non Discretionary,5264.5,A130208414W
2020-08-01,Victoria,Non Discretionary,4591.5,A130208414W
2020-09-01,Victoria,Non Discretionary,4488.8,A130208414W
2020-10-01,Victoria,Non Discretionary,5081.7,A130208414W
2020-11-01,Victoria,Non Discretionary,5235.0,A130208414W
2020-12-01,Victoria,Non Discretionary,5544.0,A130208414W
2021-01-01,Victoria,Non Discretionary,4837.1,A130208414W
2021-02-01,Victoria,Non Discretionary,4684.4,A130208414W
2021-03-01,Victoria,Non Discretionary,5350.1,A130208414W
2021-04-01,Victoria,Non Discretionary,4985.0,A130208414W
2021-05-01,Victoria,Non Discretionary,5217.6,A130208414W
2021-06-01,Victoria,Non Discretionary,4888.0,A130208414W
2021-07-01,Victoria,Non Discretionary,5207.3,A130208414W
2021-08-01,Victoria,Non Discretionary,5187.0,A130208414W
2021-09-01,Victoria,Non Discretionary,5000.7,A130208414W
2021-10-01,Victoria,Non Discretionary,5280.2,A130208414W
2021-11-01,Victoria,Non Discretionary,5541.1,A130208414W
2021-12-01,Victoria,Non Discretionary,5914.9,A130208414W
2022-01-01,Victoria,Non Discretionary,5158.1,A130208414W
2022-02-01,Victoria,Non Discretionary,5227.3,A130208414W
2022-03-01,Victoria,Non Discretionary,5865.1,A130208414W
2022-04-01,Victoria,Non Discretionary,5542.3,A130208414W
2022-05-01,Victoria,Non Discretionary,5913.7,A130208414W
2022-06-01,Victoria,Non Discretionary,5728.2,A130208414W
2022-07-01,Victoria,Non Discretionary,5968.0,A130208414W
2022-08-01,Victoria,Non Discretionary,6121.0,A130208414W
2022-09-01,Victoria,Non Discretionary,5865.5,A130208414W
2022-10-01,Victoria,Non Discretionary,6162.0,A130208414W
2022-11-01,Victoria,Non Discretionary,6309.3,A130208414W
2022-12-01,Victoria,Non Discretionary,6518.6,A130208414W
2023-01-01,Victoria,Non Discretionary,5878.4,A130208414W
2023-02-01,Victoria,Non Discretionary,5841.0,A130208414W
2023-03-01,Victoria,Non Discretionary,6409.2,A130208414W
2023-04-01,Victoria,Non Discretionary,5937.5,A130208414W
2023-05-01,Victoria,Non Discretionary,6495.3,A130208414W
2023-06-01,Victoria,Non Discretionary,6157.7,A130208414W
2023-07-01,Victoria,Non Discretionary,6249.0,A130208414W
2023-08-01,Victoria,Non Discretionary,6582.8,A130208414W
2023-09-01,Victoria,Non Discretionary,6287.5,A130208414W
2023-10-01,Victoria,Non Discretionary,6662.8,A130208414W
2023-11-01,Victoria,Non Discretionary,6658.8,A130208414W
2023-12-01,Victoria,Non Discretionary,6692.5,A130208414W
2024-01-01,Victoria,Non Discretionary,6185.6,A130208414W
2024-02-01,Victoria,Non Discretionary,6386.3,A130208414W
2024-03-01,Victoria,Non Discretionary,6659.4,A130208414W
2024-04-01,Victoria,Non Discretionary,6305.2,A130208414W
2024-05-01,Victoria,Non Discretionary,6785.3,A130208414W
2024-06-01,Victoria,Non Discretionary,6233.7,A130208414W
2024-07-01,Victoria,Non Discretionary,6570.6,A130208414W
2024-08-01,Victoria,Non Discretionary,6807.4,A130208414W
2024-09-01,Victoria,Non Discretionary,6361.2,A130208414W
2024-10-01,Victoria,Non Discretionary,6919.9,A130208414W
2024-11-01,Victoria,Non Discretionary,6847.0,A130208414W
2024-12-01,Victoria,Non Discretionary,6965.9,A130208414W
2025-01-01,Victoria,Non Discretionary,6517.7,A130208414W
2025-02-01,Victoria,Non Discretionary,6357.8,A130208414W
2025-03-01,Victoria,Non Discretionary,6945.6,A130208414W
2025-04-01,Victoria,Non Discretionary,6626.1,A130208414W
2025-05-01,Victoria,Non Discretionary,7064.3,A130208414W
2025-06-01,Victoria,Non Discretionary,6626.3,A130208414W
2025-07-01,Victoria,Non Discretionary,6948.2,A130208414W
2025-08-01,Victoria,Non Discretionary,7043.3,A130208414W
2025-09-01,Victoria,Non Discretionary,6822.7,A130208414W
2025-10-01,Victoria,Non Discretionary,7306.6,A130208414W
2025-11-01,Victoria,Non Discretionary,7091.9,A130208414W
2025-12-01,Victoria,Non Discretionary,7352.5,A130208414W
2026-01-01,Victoria,Non Discretionary,6761.1,A130208414W
2026-02-01,Victoria,Non Discretionary,6602.9,A130208414W
2026-03-01,Victoria,Non Discretionary,7464.1,A130208414W
2026-04-01,Victoria,Non Discretionary,6898.6,A130208414W
2026-05-01,Victoria,Non Discretionary,7203.5,A130208414W
2026-06-01,Victoria,Non Discretionary,6937.9,A130208414W
2026-07-01,Victoria,Non Discretionary,7273.7,A130208414W
2012-07-01,Victoria,Food,1577.7,A130208360A
2012-08-01,Victoria,Food,1636.7,A130208360A
2012-09-01,Victoria,Food,1599.8,A130208360A
2012-10-01,Victoria,Food,1666.4,A130208360A
2012-11-01,Victoria,Food,1704.5,A130208360A
2012-12-01,Victoria,Food,1891.2,A130208360A
2013-01-01,Victoria,Food,1679.3,A130208360A
2013-02-01,Victoria,Food,1557.0,A130208360A
2013-03-01,Victoria,Food,1768.9,A130208360A
2013-04-01,Victoria,Food,1608.6,A130208360A
2013-05-01,Victoria,Food,1666.4,A130208360A
2013-06-01,Victoria,Food,1601.8,A130208360A
2013-07-01,Victoria,Food,1663.5,A130208360A
2013-08-01,Victoria,Food,1748.7,A130208360A
2013-09-01,Victoria,Food,1673.3,A130208360A
2013-10-01,Victoria,Food,1804.5,A130208360A
2013-11-01,Victoria,Food,1829.1,A130208360A
2013-12-01,Victoria,Food,2127.9,A130208360A
2014-01-01,Victoria,Food,1879.7,A130208360A
2014-02-01,Victoria,Food,1690.8,A130208360A
2014-03-01,Victoria,Food,1846.4,A130208360A
2014-04-01,Victoria,Food,1780.4,A130208360A
2014-05-01,Victoria,Food,1770.7,A130208360A
2014-06-01,Victoria,Food,1704.4,A130208360A
2014-07-01,Victoria,Food,1789.5,A130208360A
2014-08-01,Victoria,Food,1844.5,A130208360A
2014-09-01,Victoria,Food,1771.7,A130208360A
2014-10-01,Victoria,Food,1875.0,A130208360A
2014-11-01,Victoria,Food,1884.6,A130208360A
2014-12-01,Victoria,Food,2098.4,A130208360A
2015-01-01,Victoria,Food,1849.4,A130208360A
2015-02-01,Victoria,Food,1703.6,A130208360A
2015-03-01,Victoria,Food,1870.8,A130208360A
2015-04-01,Victoria,Food,1814.8,A130208360A
2015-05-01,Victoria,Food,1837.0,A130208360A
2015-06-01,Victoria,Food,1733.1,A130208360A
2015-07-01,Victoria,Food,1825.9,A130208360A
2015-08-01,Victoria,Food,1872.8,A130208360A
2015-09-01,Victoria,Food,1815.0,A130208360A
2015-10-01,Victoria,Food,1947.8,A130208360A
2015-11-01,Victoria,Food,1954.7,A130208360A
2015-12-01,Victoria,Food,2224.3,A130208360A
2016-01-01,Victoria,Food,1941.8,A130208360A
2016-02-01,Victoria,Food,1829.0,A130208360A
2016-03-01,Victoria,Food,1986.1,A130208360A
2016-04-01,Victoria,Food,1866.7,A130208360A
2016-05-01,Victoria,Food,1880.7,A130208360A
2016-06-01,Victoria,Food,1814.1,A130208360A
2016-07-01,Victoria,Food,1886.9,A130208360A
2016-08-01,Victoria,Food,1928.0,A130208360A
2016-09-01,Victoria,Food,1897.7,A130208360A
2016-10-01,Victoria,Food,1993.8,A130208360A
2016-11-01,Victoria,Food,1998.1,A130208360A
2016-12-01,Victoria,Food,2296.7,A130208360A
2017-01-01,Victoria,Food,1984.0,A130208360A
2017-02-01,Victoria,Food,1846.7,A130208360A
2017-03-01,Victoria,Food,2019.3,A130208360A
2017-04-01,Victoria,Food,1981.2,A130208360A
2017-05-01,Victoria,Food,1938.3,A130208360A
2017-06-01,Victoria,Food,1874.8,A130208360A
2017-07-01,Victoria,Food,1953.4,A130208360A
2017-08-01,Victoria,Food,1991.3,A130208360A
2017-09-01,Victoria,Food,1947.6,A130208360A
2017-10-01,Victoria,Food,2051.0,A130208360A
2017-11-01,Victoria,Food,2079.3,A130208360A
2017-12-01,Victoria,Food,2349.1,A130208360A
2018-01-01,Victoria,Food,2040.0,A130208360A
2018-02-01,Victoria,Food,1904.5,A130208360A
2018-03-01,Victoria,Food,2176.3,A130208360A
2018-04-01,Victoria,Food,1988.6,A130208360A
2018-05-01,Victoria,Food,2026.8,A130208360A
2018-06-01,Victoria,Food,1964.0,A130208360A
2018-07-01,Victoria,Food,2036.5,A130208360A
2018-08-01,Victoria,Food,2099.3,A130208360A
2018-09-01,Victoria,Food,2059.1,A130208360A
2018-10-01,Victoria,Food,2167.5,A130208360A
2018-11-01,Victoria,Food,2168.5,A130208360A
2018-12-01,Victoria,Food,2470.5,A130208360A
2019-01-01,Victoria,Food,2134.5,A130208360A
2019-02-01,Victoria,Food,1997.9,A130208360A
2019-03-01,Victoria,Food,2243.3,A130208360A
2019-04-01,Victoria,Food,2130.5,A130208360A
2019-05-01,Victoria,Food,2124.1,A130208360A
2019-06-01,Victoria,Food,2027.3,A130208360A
2019-07-01,Victoria,Food,2104.4,A130208360A
2019-08-01,Victoria,Food,2190.7,A130208360A
2019-09-01,Victoria,Food,2101.0,A130208360A
2019-10-01,Victoria,Food,2218.0,A130208360A
2019-11-01,Victoria,Food,2203.5,A130208360A
2019-12-01,Victoria,Food,2416.6,A130208360A
2020-01-01,Victoria,Food,2153.3,A130208360A
2020-02-01,Victoria,Food,2057.4,A130208360A
2020-03-01,Victoria,Food,2811.7,A130208360A
2020-04-01,Victoria,Food,2327.6,A130208360A
2020-05-01,Victoria,Food,2466.7,A130208360A
2020-06-01,Victoria,Food,2340.6,A130208360A
2020-07-01,Victoria,Food,2559.6,A130208360A
2020-08-01,Victoria,Food,2602.9,A130208360A
2020-09-01,Victoria,Food,2432.4,A130208360A
2020-10-01,Victoria,Food,2543.4,A130208360A
2020-11-01,Victoria,Food,2395.1,A130208360A
2020-12-01,Victoria,Food,2600.0,A130208360A
2021-01-01,Victoria,Food,2323.0,A130208360A
2021-02-01,Victoria,Food,2103.5,A130208360A
2021-03-01,Victoria,Food,2286.5,A130208360A
2021-04-01,Victoria,Food,2183.9,A130208360A
2021-05-01,Victoria,Food,2352.4,A130208360A
2021-06-01,Victoria,Food,2246.1,A130208360A
2021-07-01,Victoria,Food,2428.4,A130208360A
2021-08-01,Victoria,Food,2581.7,A130208360A
2021-09-01,Victoria,Food,2490.8,A130208360A
2021-10-01,Victoria,Food,2588.4,A130208360A
2021-11-01,Victoria,Food,2430.5,A130208360A
2021-12-01,Victoria,Food,2742.3,A130208360A
2022-01-01,Victoria,Food,2535.5,A130208360A
2022-02-01,Victoria,Food,2261.0,A130208360A
2022-03-01,Victoria,Food,2429.5,A130208360A
2022-04-01,Victoria,Food,2501.4,A130208360A
2022-05-01,Victoria,Food,2493.0,A130208360A
2022-06-01,Victoria,Food,2386.8,A130208360A
2022-07-01,Victoria,Food,2585.5,A130208360A
2022-08-01,Victoria,Food,2602.1,A130208360A
2022-09-01,Victoria,Food,2548.9,A130208360A
2022-10-01,Victoria,Food,2706.4,A130208360A
2022-11-01,Victoria,Food,2662.9,A130208360A
2022-12-01,Victoria,Food,3010.8,A130208360A
2023-01-01,Victoria,Food,2719.5,A130208360A
2023-02-01,Victoria,Food,2493.1,A130208360A
2023-03-01,Victoria,Food,2690.8,A130208360A
2023-04-01,Victoria,Food,2719.0,A130208360A
2023-05-01,Victoria,Food,2711.2,A130208360A
2023-06-01,Victoria,Food,2589.3,A130208360A
2023-07-01,Victoria,Food,2689.7,A130208360A
2023-08-01,Victoria,Food,2702.9,A130208360A
2023-09-01,Victoria,Food,2672.3,A130208360A
2023-10-01,Victoria,Food,2773.9,A130208360A
2023-11-01,Victoria,Food,2760.7,A130208360A
2023-12-01,Victoria,Food,3030.7,A130208360A
2024-01-01,Victoria,Food,2733.7,A130208360A
2024-02-01,Victoria,Food,2626.3,A130208360A
2024-03-01,Victoria,Food,2869.2,A130208360A
2024-04-01,Victoria,Food,2633.2,A130208360A
2024-05-01,Victoria,Food,2729.5,A130208360A
2024-06-01,Victoria,Food,2635.4,A130208360A
2024-07-01,Victoria,Food,2672.4,A130208360A
2024-08-01,Victoria,Food,2811.3,A130208360A
2024-09-01,Victoria,Food,2701.7,A130208360A
2024-10-01,Victoria,Food,2848.0,A130208360A
2024-11-01,Victoria,Food,2864.0,A130208360A
2024-12-01,Victoria,Food,3091.3,A130208360A
2025-01-01,Victoria,Food,2832.0,A130208360A
2025-02-01,Victoria,Food,2608.6,A130208360A
2025-03-01,Victoria,Food,2941.2,A130208360A
2025-04-01,Victoria,Food,2867.3,A130208360A
2025-05-01,Victoria,Food,2917.5,A130208360A
2025-06-01,Victoria,Food,2806.1,A130208360A
2025-07-01,Victoria,Food,2861.7,A130208360A
2025-08-01,Victoria,Food,2975.7,A130208360A
2025-09-01,Victoria,Food,2855.2,A130208360A
2025-10-01,Victoria,Food,3038.3,A130208360A
2025-11-01,Victoria,Food,3042.2,A130208360A
2025-12-01,Victoria,Food,3260.0,A130208360A
2026-01-01,Victoria,Food,3009.2,A130208360A
2026-02-01,Victoria,Food,2768.5,A130208360A
2026-03-01,Victoria,Food,3144.5,A130208360A
2026-04-01,Victoria,Food,2945.3,A130208360A
2026-05-01,Victoria,Food,3084.0,A130208360A
2026-06-01,Victoria,Food,2894.5,A130208360A
2026-07-01,Victoria,Food,3047.8,A130208360A
2012-07-01,Victoria,Alcoholic beverages and tobacco,557.8,A130208282F
2012-08-01,Victoria,Alcoholic beverages and tobacco,577.1,A130208282F
2012-09-01,Victoria,Alcoholic beverages and tobacco,576.5,A130208282F
2012-10-01,Victoria,Alcoholic beverages and tobacco,604.2,A130208282F
2012-11-01,Victoria,Alcoholic beverages and tobacco,613.1,A130208282F
2012-12-01,Victoria,Alcoholic beverages and tobacco,735.6,A130208282F
2013-01-01,Victoria,Alcoholic beverages and tobacco,615.7,A130208282F
2013-02-01,Victoria,Alcoholic beverages and tobacco,560.7,A130208282F
2013-03-01,Victoria,Alcoholic beverages and tobacco,630.2,A130208282F
2013-04-01,Victoria,Alcoholic beverages and tobacco,580.3,A130208282F
2013-05-01,Victoria,Alcoholic beverages and tobacco,597.5,A130208282F
2013-06-01,Victoria,Alcoholic beverages and tobacco,579.3,A130208282F
2013-07-01,Victoria,Alcoholic beverages and tobacco,595.6,A130208282F
2013-08-01,Victoria,Alcoholic beverages and tobacco,614.8,A130208282F
2013-09-01,Victoria,Alcoholic beverages and tobacco,608.0,A130208282F
2013-10-01,Victoria,Alcoholic beverages and tobacco,643.3,A130208282F
2013-11-01,Victoria,Alcoholic beverages and tobacco,641.7,A130208282F
2013-12-01,Victoria,Alcoholic beverages and tobacco,782.0,A130208282F
2014-01-01,Victoria,Alcoholic beverages and tobacco,673.7,A130208282F
2014-02-01,Victoria,Alcoholic beverages and tobacco,607.3,A130208282F
2014-03-01,Victoria,Alcoholic beverages and tobacco,673.7,A130208282F
2014-04-01,Victoria,Alcoholic beverages and tobacco,639.2,A130208282F
2014-05-01,Victoria,Alcoholic beverages and tobacco,656.6,A130208282F
2014-06-01,Victoria,Alcoholic beverages and tobacco,624.0,A130208282F
2014-07-01,Victoria,Alcoholic beverages and tobacco,636.0,A130208282F
2014-08-01,Victoria,Alcoholic beverages and tobacco,652.9,A130208282F
2014-09-01,Victoria,Alcoholic beverages and tobacco,657.6,A130208282F
2014-10-01,Victoria,Alcoholic beverages and tobacco,701.4,A130208282F
2014-11-01,Victoria,Alcoholic beverages and tobacco,681.6,A130208282F
2014-12-01,Victoria,Alcoholic beverages and tobacco,817.9,A130208282F
2015-01-01,Victoria,Alcoholic beverages and tobacco,688.4,A130208282F
2015-02-01,Victoria,Alcoholic beverages and tobacco,618.9,A130208282F
2015-03-01,Victoria,Alcoholic beverages and tobacco,687.6,A130208282F
2015-04-01,Victoria,Alcoholic beverages and tobacco,648.2,A130208282F
2015-05-01,Victoria,Alcoholic beverages and tobacco,667.1,A130208282F
2015-06-01,Victoria,Alcoholic beverages and tobacco,644.6,A130208282F
2015-07-01,Victoria,Alcoholic beverages and tobacco,664.5,A130208282F
2015-08-01,Victoria,Alcoholic beverages and tobacco,683.7,A130208282F
2015-09-01,Victoria,Alcoholic beverages and tobacco,691.8,A130208282F
2015-10-01,Victoria,Alcoholic beverages and tobacco,744.1,A130208282F
2015-11-01,Victoria,Alcoholic beverages and tobacco,717.0,A130208282F
2015-12-01,Victoria,Alcoholic beverages and tobacco,873.9,A130208282F
2016-01-01,Victoria,Alcoholic beverages and tobacco,737.4,A130208282F
2016-02-01,Victoria,Alcoholic beverages and tobacco,675.5,A130208282F
2016-03-01,Victoria,Alcoholic beverages and tobacco,741.4,A130208282F
2016-04-01,Victoria,Alcoholic beverages and tobacco,689.9,A130208282F
2016-05-01,Victoria,Alcoholic beverages and tobacco,708.0,A130208282F
2016-06-01,Victoria,Alcoholic beverages and tobacco,682.1,A130208282F
2016-07-01,Victoria,Alcoholic beverages and tobacco,693.9,A130208282F
2016-08-01,Victoria,Alcoholic beverages and tobacco,705.6,A130208282F
2016-09-01,Victoria,Alcoholic beverages and tobacco,726.4,A130208282F
2016-10-01,Victoria,Alcoholic beverages and tobacco,769.0,A130208282F
2016-11-01,Victoria,Alcoholic beverages and tobacco,764.0,A130208282F
2016-12-01,Victoria,Alcoholic beverages and tobacco,926.3,A130208282F
2017-01-01,Victoria,Alcoholic beverages and tobacco,775.3,A130208282F
2017-02-01,Victoria,Alcoholic beverages and tobacco,706.5,A130208282F
2017-03-01,Victoria,Alcoholic beverages and tobacco,788.1,A130208282F
2017-04-01,Victoria,Alcoholic beverages and tobacco,740.4,A130208282F
2017-05-01,Victoria,Alcoholic beverages and tobacco,754.2,A130208282F
2017-06-01,Victoria,Alcoholic beverages and tobacco,729.9,A130208282F
2017-07-01,Victoria,Alcoholic beverages and tobacco,744.1,A130208282F
2017-08-01,Victoria,Alcoholic beverages and tobacco,764.5,A130208282F
2017-09-01,Victoria,Alcoholic beverages and tobacco,789.2,A130208282F
2017-10-01,Victoria,Alcoholic beverages and tobacco,842.3,A130208282F
2017-11-01,Victoria,Alcoholic beverages and tobacco,851.5,A130208282F
2017-12-01,Victoria,Alcoholic beverages and tobacco,1014.3,A130208282F
2018-01-01,Victoria,Alcoholic beverages and tobacco,852.4,A130208282F
2018-02-01,Victoria,Alcoholic beverages and tobacco,779.8,A130208282F
2018-03-01,Victoria,Alcoholic beverages and tobacco,875.8,A130208282F
2018-04-01,Victoria,Alcoholic beverages and tobacco,818.0,A130208282F
2018-05-01,Victoria,Alcoholic beverages and tobacco,840.7,A130208282F
2018-06-01,Victoria,Alcoholic beverages and tobacco,809.6,A130208282F
2018-07-01,Victoria,Alcoholic beverages and tobacco,816.3,A130208282F
2018-08-01,Victoria,Alcoholic beverages and tobacco,844.3,A130208282F
2018-09-01,Victoria,Alcoholic beverages and tobacco,867.0,A130208282F
2018-10-01,Victoria,Alcoholic beverages and tobacco,927.6,A130208282F
2018-11-01,Victoria,Alcoholic beverages and tobacco,925.5,A130208282F
2018-12-01,Victoria,Alcoholic beverages and tobacco,1104.3,A130208282F
2019-01-01,Victoria,Alcoholic beverages and tobacco,884.4,A130208282F
2019-02-01,Victoria,Alcoholic beverages and tobacco,801.1,A130208282F
2019-03-01,Victoria,Alcoholic beverages and tobacco,914.4,A130208282F
2019-04-01,Victoria,Alcoholic beverages and tobacco,856.3,A130208282F
2019-05-01,Victoria,Alcoholic beverages and tobacco,855.2,A130208282F
2019-06-01,Victoria,Alcoholic beverages and tobacco,843.2,A130208282F
2019-07-01,Victoria,Alcoholic beverages and tobacco,837.9,A130208282F
2019-08-01,Victoria,Alcoholic beverages and tobacco,877.9,A130208282F
2019-09-01,Victoria,Alcoholic beverages and tobacco,882.4,A130208282F
2019-10-01,Victoria,Alcoholic beverages and tobacco,904.7,A130208282F
2019-11-01,Victoria,Alcoholic beverages and tobacco,938.5,A130208282F
2019-12-01,Victoria,Alcoholic beverages and tobacco,1089.1,A130208282F
2020-01-01,Victoria,Alcoholic beverages and tobacco,857.8,A130208282F
2020-02-01,Victoria,Alcoholic beverages and tobacco,830.3,A130208282F
2020-03-01,Victoria,Alcoholic beverages and tobacco,979.0,A130208282F
2020-04-01,Victoria,Alcoholic beverages and tobacco,861.3,A130208282F
2020-05-01,Victoria,Alcoholic beverages and tobacco,973.0,A130208282F
2020-06-01,Victoria,Alcoholic beverages and tobacco,935.9,A130208282F
2020-07-01,Victoria,Alcoholic beverages and tobacco,964.5,A130208282F
2020-08-01,Victoria,Alcoholic beverages and tobacco,1074.8,A130208282F
2020-09-01,Victoria,Alcoholic beverages and tobacco,1041.8,A130208282F
2020-10-01,Victoria,Alcoholic beverages and tobacco,1125.0,A130208282F
2020-11-01,Victoria,Alcoholic beverages and tobacco,1022.6,A130208282F
2020-12-01,Victoria,Alcoholic beverages and tobacco,1199.9,A130208282F
2021-01-01,Victoria,Alcoholic beverages and tobacco,964.5,A130208282F
2021-02-01,Victoria,Alcoholic beverages and tobacco,855.6,A130208282F
2021-03-01,Victoria,Alcoholic beverages and tobacco,913.4,A130208282F
2021-04-01,Victoria,Alcoholic beverages and tobacco,872.2,A130208282F
2021-05-01,Victoria,Alcoholic beverages and tobacco,906.5,A130208282F
2021-06-01,Victoria,Alcoholic beverages and tobacco,868.3,A130208282F
2021-07-01,Victoria,Alcoholic beverages and tobacco,910.3,A130208282F
2021-08-01,Victoria,Alcoholic beverages and tobacco,929.4,A130208282F
2021-09-01,Victoria,Alcoholic beverages and tobacco,973.1,A130208282F
2021-10-01,Victoria,Alcoholic beverages and tobacco,1033.1,A130208282F
2021-11-01,Victoria,Alcoholic beverages and tobacco,992.1,A130208282F
2021-12-01,Victoria,Alcoholic beverages and tobacco,1157.3,A130208282F
2022-01-01,Victoria,Alcoholic beverages and tobacco,986.3,A130208282F
2022-02-01,Victoria,Alcoholic beverages and tobacco,879.8,A130208282F
2022-03-01,Victoria,Alcoholic beverages and tobacco,937.1,A130208282F
2022-04-01,Victoria,Alcoholic beverages and tobacco,954.3,A130208282F
2022-05-01,Victoria,Alcoholic beverages and tobacco,919.5,A130208282F
2022-06-01,Victoria,Alcoholic beverages and tobacco,889.7,A130208282F
2022-07-01,Victoria,Alcoholic beverages and tobacco,935.4,A130208282F
2022-08-01,Victoria,Alcoholic beverages and tobacco,924.7,A130208282F
2022-09-01,Victoria,Alcoholic beverages and tobacco,960.9,A130208282F
2022-10-01,Victoria,Alcoholic beverages and tobacco,979.0,A130208282F
2022-11-01,Victoria,Alcoholic beverages and tobacco,952.9,A130208282F
2022-12-01,Victoria,Alcoholic beverages and tobacco,1156.0,A130208282F
2023-01-01,Victoria,Alcoholic beverages and tobacco,936.8,A130208282F
2023-02-01,Victoria,Alcoholic beverages and tobacco,853.7,A130208282F
2023-03-01,Victoria,Alcoholic beverages and tobacco,912.7,A130208282F
2023-04-01,Victoria,Alcoholic beverages and tobacco,911.2,A130208282F
2023-05-01,Victoria,Alcoholic beverages and tobacco,861.1,A130208282F
2023-06-01,Victoria,Alcoholic beverages and tobacco,834.1,A130208282F
2023-07-01,Victoria,Alcoholic beverages and tobacco,844.1,A130208282F
2023-08-01,Victoria,Alcoholic beverages and tobacco,866.7,A130208282F
2023-09-01,Victoria,Alcoholic beverages and tobacco,934.2,A130208282F
2023-10-01,Victoria,Alcoholic beverages and tobacco,881.9,A130208282F
2023-11-01,Victoria,Alcoholic beverages and tobacco,900.9,A130208282F
2023-12-01,Victoria,Alcoholic beverages and tobacco,1076.7,A130208282F
2024-01-01,Victoria,Alcoholic beverages and tobacco,851.5,A130208282F
2024-02-01,Victoria,Alcoholic beverages and tobacco,799.4,A130208282F
2024-03-01,Victoria,Alcoholic beverages and tobacco,875.6,A130208282F
2024-04-01,Victoria,Alcoholic beverages and tobacco,779.5,A130208282F
2024-05-01,Victoria,Alcoholic beverages and tobacco,776.4,A130208282F
2024-06-01,Victoria,Alcoholic beverages and tobacco,744.3,A130208282F
2024-07-01,Victoria,Alcoholic beverages and tobacco,740.3,A130208282F
2024-08-01,Victoria,Alcoholic beverages and tobacco,796.4,A130208282F
2024-09-01,Victoria,Alcoholic beverages and tobacco,775.1,A130208282F
2024-10-01,Victoria,Alcoholic beverages and tobacco,779.3,A130208282F
2024-11-01,Victoria,Alcoholic beverages and tobacco,836.3,A130208282F
2024-12-01,Victoria,Alcoholic beverages and tobacco,957.2,A130208282F
2025-01-01,Victoria,Alcoholic beverages and tobacco,758.0,A130208282F
2025-02-01,Victoria,Alcoholic beverages and tobacco,670.8,A130208282F
2025-03-01,Victoria,Alcoholic beverages and tobacco,771.7,A130208282F
2025-04-01,Victoria,Alcoholic beverages and tobacco,657.9,A130208282F
2025-05-01,Victoria,Alcoholic beverages and tobacco,635.3,A130208282F
2025-06-01,Victoria,Alcoholic beverages and tobacco,566.5,A130208282F
2025-07-01,Victoria,Alcoholic beverages and tobacco,570.4,A130208282F
2025-08-01,Victoria,Alcoholic beverages and tobacco,590.6,A130208282F
2025-09-01,Victoria,Alcoholic beverages and tobacco,579.3,A130208282F
2025-10-01,Victoria,Alcoholic beverages and tobacco,601.0,A130208282F
2025-11-01,Victoria,Alcoholic beverages and tobacco,619.7,A130208282F
2025-12-01,Victoria,Alcoholic beverages and tobacco,770.0,A130208282F
2026-01-01,Victoria,Alcoholic beverages and tobacco,587.7,A130208282F
2026-02-01,Victoria,Alcoholic beverages and tobacco,515.4,A130208282F
2026-03-01,Victoria,Alcoholic beverages and tobacco,565.6,A130208282F
2026-04-01,Victoria,Alcoholic beverages and tobacco,548.7,A130208282F
2026-05-01,Victoria,Alcoholic beverages and tobacco,559.0,A130208282F
2026-06-01,Victoria,Alcoholic beverages and tobacco,524.8,A130208282F
2026-07-01,Victoria,Alcoholic beverages and tobacco,543.1,A130208282F
2012-07-01,Victoria,Clothing and footwear,652.0,A130208096A
2012-08-01,Victoria,Clothing and footwear,647.0,A130208096A
2012-09-01,Victoria,Clothing and footwear,629.2,A130208096A
2012-10-01,Victoria,Clothing and footwear,689.0,A130208096A
2012-11-01,Victoria,Clothing and footwear,732.2,A130208096A
2012-12-01,Victoria,Clothing and footwear,1124.7,A130208096A
2013-01-01,Victoria,Clothing and footwear,674.7,A130208096A
2013-02-01,Victoria,Clothing and footwear,575.5,A130208096A
2013-03-01,Victoria,Clothing and footwear,645.2,A130208096A
2013-04-01,Victoria,Clothing and footwear,695.2,A130208096A
2013-05-01,Victoria,Clothing and footwear,726.7,A130208096A
2013-06-01,Victoria,Clothing and footwear,702.1,A130208096A
2013-07-01,Victoria,Clothing and footwear,670.2,A130208096A
2013-08-01,Victoria,Clothing and footwear,696.5,A130208096A
2013-09-01,Victoria,Clothing and footwear,690.6,A130208096A
2013-10-01,Victoria,Clothing and footwear,763.0,A130208096A
2013-11-01,Victoria,Clothing and footwear,813.4,A130208096A
2013-12-01,Victoria,Clothing and footwear,1205.1,A130208096A
2014-01-01,Victoria,Clothing and footwear,725.4,A130208096A
2014-02-01,Victoria,Clothing and footwear,613.6,A130208096A
2014-03-01,Victoria,Clothing and footwear,695.4,A130208096A
2014-04-01,Victoria,Clothing and footwear,730.1,A130208096A
2014-05-01,Victoria,Clothing and footwear,742.6,A130208096A
2014-06-01,Victoria,Clothing and footwear,710.6,A130208096A
2014-07-01,Victoria,Clothing and footwear,684.1,A130208096A
2014-08-01,Victoria,Clothing and footwear,654.3,A130208096A
2014-09-01,Victoria,Clothing and footwear,659.8,A130208096A
2014-10-01,Victoria,Clothing and footwear,716.6,A130208096A
2014-11-01,Victoria,Clothing and footwear,733.0,A130208096A
2014-12-01,Victoria,Clothing and footwear,1180.4,A130208096A
2015-01-01,Victoria,Clothing and footwear,696.6,A130208096A
2015-02-01,Victoria,Clothing and footwear,582.5,A130208096A
2015-03-01,Victoria,Clothing and footwear,710.7,A130208096A
2015-04-01,Victoria,Clothing and footwear,743.2,A130208096A
2015-05-01,Victoria,Clothing and footwear,746.7,A130208096A
2015-06-01,Victoria,Clothing and footwear,719.9,A130208096A
2015-07-01,Victoria,Clothing and footwear,720.6,A130208096A
2015-08-01,Victoria,Clothing and footwear,676.9,A130208096A
2015-09-01,Victoria,Clothing and footwear,705.6,A130208096A
2015-10-01,Victoria,Clothing and footwear,775.0,A130208096A
2015-11-01,Victoria,Clothing and footwear,802.1,A130208096A
2015-12-01,Victoria,Clothing and footwear,1265.6,A130208096A
2016-01-01,Victoria,Clothing and footwear,729.5,A130208096A
2016-02-01,Victoria,Clothing and footwear,649.1,A130208096A
2016-03-01,Victoria,Clothing and footwear,745.5,A130208096A
2016-04-01,Victoria,Clothing and footwear,802.9,A130208096A
2016-05-01,Victoria,Clothing and footwear,783.8,A130208096A
2016-06-01,Victoria,Clothing and footwear,800.7,A130208096A
2016-07-01,Victoria,Clothing and footwear,732.5,A130208096A
2016-08-01,Victoria,Clothing and footwear,710.2,A130208096A
2016-09-01,Victoria,Clothing and footwear,745.8,A130208096A
2016-10-01,Victoria,Clothing and footwear,781.9,A130208096A
2016-11-01,Victoria,Clothing and footwear,844.2,A130208096A
2016-12-01,Victoria,Clothing and footwear,1339.4,A130208096A
2017-01-01,Victoria,Clothing and footwear,755.7,A130208096A
2017-02-01,Victoria,Clothing and footwear,632.6,A130208096A
2017-03-01,Victoria,Clothing and footwear,752.8,A130208096A
2017-04-01,Victoria,Clothing and footwear,806.0,A130208096A
2017-05-01,Victoria,Clothing and footwear,830.1,A130208096A
2017-06-01,Victoria,Clothing and footwear,810.1,A130208096A
2017-07-01,Victoria,Clothing and footwear,755.1,A130208096A
2017-08-01,Victoria,Clothing and footwear,726.1,A130208096A
2017-09-01,Victoria,Clothing and footwear,734.7,A130208096A
2017-10-01,Victoria,Clothing and footwear,783.7,A130208096A
2017-11-01,Victoria,Clothing and footwear,882.3,A130208096A
2017-12-01,Victoria,Clothing and footwear,1333.3,A130208096A
2018-01-01,Victoria,Clothing and footwear,757.9,A130208096A
2018-02-01,Victoria,Clothing and footwear,659.8,A130208096A
2018-03-01,Victoria,Clothing and footwear,795.3,A130208096A
2018-04-01,Victoria,Clothing and footwear,812.0,A130208096A
2018-05-01,Victoria,Clothing and footwear,866.1,A130208096A
2018-06-01,Victoria,Clothing and footwear,859.7,A130208096A
2018-07-01,Victoria,Clothing and footwear,787.7,A130208096A
2018-08-01,Victoria,Clothing and footwear,783.4,A130208096A
2018-09-01,Victoria,Clothing and footwear,779.9,A130208096A
2018-10-01,Victoria,Clothing and footwear,867.8,A130208096A
2018-11-01,Victoria,Clothing and footwear,962.9,A130208096A
2018-12-01,Victoria,Clothing and footwear,1432.3,A130208096A
2019-01-01,Victoria,Clothing and footwear,816.4,A130208096A
2019-02-01,Victoria,Clothing and footwear,696.1,A130208096A
2019-03-01,Victoria,Clothing and footwear,845.4,A130208096A
2019-04-01,Victoria,Clothing and footwear,845.7,A130208096A
2019-05-01,Victoria,Clothing and footwear,911.5,A130208096A
2019-06-01,Victoria,Clothing and footwear,934.8,A130208096A
2019-07-01,Victoria,Clothing and footwear,828.4,A130208096A
2019-08-01,Victoria,Clothing and footwear,860.0,A130208096A
2019-09-01,Victoria,Clothing and footwear,822.1,A130208096A
2019-10-01,Victoria,Clothing and footwear,873.3,A130208096A
2019-11-01,Victoria,Clothing and footwear,1033.4,A130208096A
2019-12-01,Victoria,Clothing and footwear,1323.9,A130208096A
2020-01-01,Victoria,Clothing and footwear,788.9,A130208096A
2020-02-01,Victoria,Clothing and footwear,691.7,A130208096A
2020-03-01,Victoria,Clothing and footwear,624.4,A130208096A
2020-04-01,Victoria,Clothing and footwear,445.3,A130208096A
2020-05-01,Victoria,Clothing and footwear,755.8,A130208096A
2020-06-01,Victoria,Clothing and footwear,861.5,A130208096A
2020-07-01,Victoria,Clothing and footwear,687.2,A130208096A
2020-08-01,Victoria,Clothing and footwear,521.1,A130208096A
2020-09-01,Victoria,Clothing and footwear,498.5,A130208096A
2020-10-01,Victoria,Clothing and footwear,606.2,A130208096A
2020-11-01,Victoria,Clothing and footwear,1145.7,A130208096A
2020-12-01,Victoria,Clothing and footwear,1300.3,A130208096A
2021-01-01,Victoria,Clothing and footwear,815.6,A130208096A
2021-02-01,Victoria,Clothing and footwear,643.8,A130208096A
2021-03-01,Victoria,Clothing and footwear,848.9,A130208096A
2021-04-01,Victoria,Clothing and footwear,894.6,A130208096A
2021-05-01,Victoria,Clothing and footwear,861.0,A130208096A
2021-06-01,Victoria,Clothing and footwear,797.3,A130208096A
2021-07-01,Victoria,Clothing and footwear,758.5,A130208096A
2021-08-01,Victoria,Clothing and footwear,589.7,A130208096A
2021-09-01,Victoria,Clothing and footwear,584.1,A130208096A
2021-10-01,Victoria,Clothing and footwear,691.3,A130208096A
2021-11-01,Victoria,Clothing and footwear,1354.8,A130208096A
2021-12-01,Victoria,Clothing and footwear,1483.1,A130208096A
2022-01-01,Victoria,Clothing and footwear,927.4,A130208096A
2022-02-01,Victoria,Clothing and footwear,844.3,A130208096A
2022-03-01,Victoria,Clothing and footwear,978.9,A130208096A
2022-04-01,Victoria,Clothing and footwear,1101.1,A130208096A
2022-05-01,Victoria,Clothing and footwear,1128.8,A130208096A
2022-06-01,Victoria,Clothing and footwear,1158.6,A130208096A
2022-07-01,Victoria,Clothing and footwear,1115.9,A130208096A
2022-08-01,Victoria,Clothing and footwear,1088.4,A130208096A
2022-09-01,Victoria,Clothing and footwear,1134.4,A130208096A
2022-10-01,Victoria,Clothing and footwear,1177.9,A130208096A
2022-11-01,Victoria,Clothing and footwear,1465.3,A130208096A
2022-12-01,Victoria,Clothing and footwear,1704.4,A130208096A
2023-01-01,Victoria,Clothing and footwear,1115.4,A130208096A
2023-02-01,Victoria,Clothing and footwear,939.6,A130208096A
2023-03-01,Victoria,Clothing and footwear,1078.7,A130208096A
2023-04-01,Victoria,Clothing and footwear,1181.2,A130208096A
2023-05-01,Victoria,Clothing and footwear,1202.5,A130208096A
2023-06-01,Victoria,Clothing and footwear,1203.4,A130208096A
2023-07-01,Victoria,Clothing and footwear,1101.4,A130208096A
2023-08-01,Victoria,Clothing and footwear,1085.2,A130208096A
2023-09-01,Victoria,Clothing and footwear,1129.4,A130208096A
2023-10-01,Victoria,Clothing and footwear,1125.7,A130208096A
2023-11-01,Victoria,Clothing and footwear,1470.4,A130208096A
2023-12-01,Victoria,Clothing and footwear,1647.0,A130208096A
2024-01-01,Victoria,Clothing and footwear,1069.4,A130208096A
2024-02-01,Victoria,Clothing and footwear,925.0,A130208096A
2024-03-01,Victoria,Clothing and footwear,1039.4,A130208096A
2024-04-01,Victoria,Clothing and footwear,1120.7,A130208096A
2024-05-01,Victoria,Clothing and footwear,1135.8,A130208096A
2024-06-01,Victoria,Clothing and footwear,1169.4,A130208096A
2024-07-01,Victoria,Clothing and footwear,1045.8,A130208096A
2024-08-01,Victoria,Clothing and footwear,1086.8,A130208096A
2024-09-01,Victoria,Clothing and footwear,1055.4,A130208096A
2024-10-01,Victoria,Clothing and footwear,1124.1,A130208096A
2024-11-01,Victoria,Clothing and footwear,1485.8,A130208096A
2024-12-01,Victoria,Clothing and footwear,1672.6,A130208096A
2025-01-01,Victoria,Clothing and footwear,1055.0,A130208096A
2025-02-01,Victoria,Clothing and footwear,899.0,A130208096A
2025-03-01,Victoria,Clothing and footwear,1066.2,A130208096A
2025-04-01,Victoria,Clothing and footwear,1052.4,A130208096A
2025-05-01,Victoria,Clothing and footwear,1181.9,A130208096A
2025-06-01,Victoria,Clothing and footwear,1179.4,A130208096A
2025-07-01,Victoria,Clothing and footwear,1072.3,A130208096A
2025-08-01,Victoria,Clothing and footwear,1104.1,A130208096A
2025-09-01,Victoria,Clothing and footwear,1085.7,A130208096A
2025-10-01,Victoria,Clothing and footwear,1174.1,A130208096A
2025-11-01,Victoria,Clothing and footwear,1597.4,A130208096A
2025-12-01,Victoria,Clothing and footwear,1700.1,A130208096A
2026-01-01,Victoria,Clothing and footwear,1117.5,A130208096A
2026-02-01,Victoria,Clothing and footwear,944.7,A130208096A
2026-03-01,Victoria,Clothing and footwear,1115.0,A130208096A
2026-04-01,Victoria,Clothing and footwear,1121.4,A130208096A
2026-05-01,Victoria,Clothing and footwear,1245.3,A130208096A
2026-06-01,Victoria,Clothing and footwear,1220.3,A130208096A
2026-07-01,Victoria,Clothing and footwear,1144.1,A130208096A
2012-07-01,Victoria,Furnishings and household equipment,797.8,A130208186F
2012-08-01,Victoria,Furnishings and household equipment,802.6,A130208186F
2012-09-01,Victoria,Furnishings and household equipment,789.4,A130208186F
2012-10-01,Victoria,Furnishings and household equipment,821.8,A130208186F
2012-11-01,Victoria,Furnishings and household equipment,858.8,A130208186F
2012-12-01,Victoria,Furnishings and household equipment,1096.1,A130208186F
2013-01-01,Victoria,Furnishings and household equipment,811.3,A130208186F
2013-02-01,Victoria,Furnishings and household equipment,703.2,A130208186F
2013-03-01,Victoria,Furnishings and household equipment,758.6,A130208186F
2013-04-01,Victoria,Furnishings and household equipment,753.9,A130208186F
2013-05-01,Victoria,Furnishings and household equipment,770.8,A130208186F
2013-06-01,Victoria,Furnishings and household equipment,782.4,A130208186F
2013-07-01,Victoria,Furnishings and household equipment,797.9,A130208186F
2013-08-01,Victoria,Furnishings and household equipment,824.0,A130208186F
2013-09-01,Victoria,Furnishings and household equipment,807.6,A130208186F
2013-10-01,Victoria,Furnishings and household equipment,863.8,A130208186F
2013-11-01,Victoria,Furnishings and household equipment,902.9,A130208186F
2013-12-01,Victoria,Furnishings and household equipment,1142.3,A130208186F
2014-01-01,Victoria,Furnishings and household equipment,833.6,A130208186F
2014-02-01,Victoria,Furnishings and household equipment,747.9,A130208186F
2014-03-01,Victoria,Furnishings and household equipment,818.1,A130208186F
2014-04-01,Victoria,Furnishings and household equipment,791.2,A130208186F
2014-05-01,Victoria,Furnishings and household equipment,814.6,A130208186F
2014-06-01,Victoria,Furnishings and household equipment,816.4,A130208186F
2014-07-01,Victoria,Furnishings and household equipment,818.1,A130208186F
2014-08-01,Victoria,Furnishings and household equipment,822.4,A130208186F
2014-09-01,Victoria,Furnishings and household equipment,849.7,A130208186F
2014-10-01,Victoria,Furnishings and household equipment,926.4,A130208186F
2014-11-01,Victoria,Furnishings and household equipment,956.9,A130208186F
2014-12-01,Victoria,Furnishings and household equipment,1206.1,A130208186F
2015-01-01,Victoria,Furnishings and household equipment,885.8,A130208186F
2015-02-01,Victoria,Furnishings and household equipment,790.7,A130208186F
2015-03-01,Victoria,Furnishings and household equipment,869.7,A130208186F
2015-04-01,Victoria,Furnishings and household equipment,826.1,A130208186F
2015-05-01,Victoria,Furnishings and household equipment,848.5,A130208186F
2015-06-01,Victoria,Furnishings and household equipment,882.8,A130208186F
2015-07-01,Victoria,Furnishings and household equipment,876.1,A130208186F
2015-08-01,Victoria,Furnishings and household equipment,878.1,A130208186F
2015-09-01,Victoria,Furnishings and household equipment,917.8,A130208186F
2015-10-01,Victoria,Furnishings and household equipment,984.2,A130208186F
2015-11-01,Victoria,Furnishings and household equipment,998.1,A130208186F
2015-12-01,Victoria,Furnishings and household equipment,1266.8,A130208186F
2016-01-01,Victoria,Furnishings and household equipment,927.9,A130208186F
2016-02-01,Victoria,Furnishings and household equipment,863.1,A130208186F
2016-03-01,Victoria,Furnishings and household equipment,891.3,A130208186F
2016-04-01,Victoria,Furnishings and household equipment,889.7,A130208186F
2016-05-01,Victoria,Furnishings and household equipment,884.4,A130208186F
2016-06-01,Victoria,Furnishings and household equipment,913.0,A130208186F
2016-07-01,Victoria,Furnishings and household equipment,882.0,A130208186F
2016-08-01,Victoria,Furnishings and household equipment,901.9,A130208186F
2016-09-01,Victoria,Furnishings and household equipment,946.6,A130208186F
2016-10-01,Victoria,Furnishings and household equipment,993.3,A130208186F
2016-11-01,Victoria,Furnishings and household equipment,1047.8,A130208186F
2016-12-01,Victoria,Furnishings and household equipment,1306.2,A130208186F
2017-01-01,Victoria,Furnishings and household equipment,957.3,A130208186F
2017-02-01,Victoria,Furnishings and household equipment,851.4,A130208186F
2017-03-01,Victoria,Furnishings and household equipment,925.2,A130208186F
2017-04-01,Victoria,Furnishings and household equipment,887.7,A130208186F
2017-05-01,Victoria,Furnishings and household equipment,939.3,A130208186F
2017-06-01,Victoria,Furnishings and household equipment,962.8,A130208186F
2017-07-01,Victoria,Furnishings and household equipment,927.3,A130208186F
2017-08-01,Victoria,Furnishings and household equipment,924.3,A130208186F
2017-09-01,Victoria,Furnishings and household equipment,934.3,A130208186F
2017-10-01,Victoria,Furnishings and household equipment,1014.0,A130208186F
2017-11-01,Victoria,Furnishings and household equipment,1088.3,A130208186F
2017-12-01,Victoria,Furnishings and household equipment,1336.9,A130208186F
2018-01-01,Victoria,Furnishings and household equipment,973.6,A130208186F
2018-02-01,Victoria,Furnishings and household equipment,891.8,A130208186F
2018-03-01,Victoria,Furnishings and household equipment,970.6,A130208186F
2018-04-01,Victoria,Furnishings and household equipment,940.4,A130208186F
2018-05-01,Victoria,Furnishings and household equipment,980.2,A130208186F
2018-06-01,Victoria,Furnishings and household equipment,995.7,A130208186F
2018-07-01,Victoria,Furnishings and household equipment,969.4,A130208186F
2018-08-01,Victoria,Furnishings and household equipment,990.8,A130208186F
2018-09-01,Victoria,Furnishings and household equipment,1011.0,A130208186F
2018-10-01,Victoria,Furnishings and household equipment,1099.5,A130208186F
2018-11-01,Victoria,Furnishings and household equipment,1160.8,A130208186F
2018-12-01,Victoria,Furnishings and household equipment,1386.6,A130208186F
2019-01-01,Victoria,Furnishings and household equipment,981.5,A130208186F
2019-02-01,Victoria,Furnishings and household equipment,875.9,A130208186F
2019-03-01,Victoria,Furnishings and household equipment,968.9,A130208186F
2019-04-01,Victoria,Furnishings and household equipment,930.8,A130208186F
2019-05-01,Victoria,Furnishings and household equipment,972.3,A130208186F
2019-06-01,Victoria,Furnishings and household equipment,997.2,A130208186F
2019-07-01,Victoria,Furnishings and household equipment,963.0,A130208186F
2019-08-01,Victoria,Furnishings and household equipment,988.3,A130208186F
2019-09-01,Victoria,Furnishings and household equipment,993.9,A130208186F
2019-10-01,Victoria,Furnishings and household equipment,1087.9,A130208186F
2019-11-01,Victoria,Furnishings and household equipment,1160.9,A130208186F
2019-12-01,Victoria,Furnishings and household equipment,1308.8,A130208186F
2020-01-01,Victoria,Furnishings and household equipment,987.6,A130208186F
2020-02-01,Victoria,Furnishings and household equipment,918.3,A130208186F
2020-03-01,Victoria,Furnishings and household equipment,1069.5,A130208186F
2020-04-01,Victoria,Furnishings and household equipment,1014.1,A130208186F
2020-05-01,Victoria,Furnishings and household equipment,1232.2,A130208186F
2020-06-01,Victoria,Furnishings and household equipment,1239.2,A130208186F
2020-07-01,Victoria,Furnishings and household equipment,1229.5,A130208186F
2020-08-01,Victoria,Furnishings and household equipment,1005.5,A130208186F
2020-09-01,Victoria,Furnishings and household equipment,964.1,A130208186F
2020-10-01,Victoria,Furnishings and household equipment,1065.5,A130208186F
2020-11-01,Victoria,Furnishings and household equipment,1457.1,A130208186F
2020-12-01,Victoria,Furnishings and household equipment,1430.5,A130208186F
2021-01-01,Victoria,Furnishings and household equipment,1093.4,A130208186F
2021-02-01,Victoria,Furnishings and household equipment,938.0,A130208186F
2021-03-01,Victoria,Furnishings and household equipment,1087.3,A130208186F
2021-04-01,Victoria,Furnishings and household equipment,1029.0,A130208186F
2021-05-01,Victoria,Furnishings and household equipment,1044.3,A130208186F
2021-06-01,Victoria,Furnishings and household equipment,1110.4,A130208186F
2021-07-01,Victoria,Furnishings and household equipment,1016.8,A130208186F
2021-08-01,Victoria,Furnishings and household equipment,992.9,A130208186F
2021-09-01,Victoria,Furnishings and household equipment,1034.7,A130208186F
2021-10-01,Victoria,Furnishings and household equipment,1145.7,A130208186F
2021-11-01,Victoria,Furnishings and household equipment,1491.5,A130208186F
2021-12-01,Victoria,Furnishings and household equipment,1493.5,A130208186F
2022-01-01,Victoria,Furnishings and household equipment,1154.0,A130208186F
2022-02-01,Victoria,Furnishings and household equipment,1066.2,A130208186F
2022-03-01,Victoria,Furnishings and household equipment,1168.4,A130208186F
2022-04-01,Victoria,Furnishings and household equipment,1144.2,A130208186F
2022-05-01,Victoria,Furnishings and household equipment,1173.3,A130208186F
2022-06-01,Victoria,Furnishings and household equipment,1205.9,A130208186F
2022-07-01,Victoria,Furnishings and household equipment,1163.4,A130208186F
2022-08-01,Victoria,Furnishings and household equipment,1184.3,A130208186F
2022-09-01,Victoria,Furnishings and household equipment,1214.1,A130208186F
2022-10-01,Victoria,Furnishings and household equipment,1296.4,A130208186F
2022-11-01,Victoria,Furnishings and household equipment,1438.9,A130208186F
2022-12-01,Victoria,Furnishings and household equipment,1516.9,A130208186F
2023-01-01,Victoria,Furnishings and household equipment,1189.7,A130208186F
2023-02-01,Victoria,Furnishings and household equipment,1052.6,A130208186F
2023-03-01,Victoria,Furnishings and household equipment,1145.5,A130208186F
2023-04-01,Victoria,Furnishings and household equipment,1128.9,A130208186F
2023-05-01,Victoria,Furnishings and household equipment,1158.4,A130208186F
2023-06-01,Victoria,Furnishings and household equipment,1198.6,A130208186F
2023-07-01,Victoria,Furnishings and household equipment,1121.5,A130208186F
2023-08-01,Victoria,Furnishings and household equipment,1153.4,A130208186F
2023-09-01,Victoria,Furnishings and household equipment,1207.7,A130208186F
2023-10-01,Victoria,Furnishings and household equipment,1248.5,A130208186F
2023-11-01,Victoria,Furnishings and household equipment,1452.8,A130208186F
2023-12-01,Victoria,Furnishings and household equipment,1478.9,A130208186F
2024-01-01,Victoria,Furnishings and household equipment,1172.2,A130208186F
2024-02-01,Victoria,Furnishings and household equipment,1077.4,A130208186F
2024-03-01,Victoria,Furnishings and household equipment,1134.0,A130208186F
2024-04-01,Victoria,Furnishings and household equipment,1136.3,A130208186F
2024-05-01,Victoria,Furnishings and household equipment,1170.0,A130208186F
2024-06-01,Victoria,Furnishings and household equipment,1227.1,A130208186F
2024-07-01,Victoria,Furnishings and household equipment,1119.6,A130208186F
2024-08-01,Victoria,Furnishings and household equipment,1184.5,A130208186F
2024-09-01,Victoria,Furnishings and household equipment,1184.1,A130208186F
2024-10-01,Victoria,Furnishings and household equipment,1302.9,A130208186F
2024-11-01,Victoria,Furnishings and household equipment,1483.9,A130208186F
2024-12-01,Victoria,Furnishings and household equipment,1552.6,A130208186F
2025-01-01,Victoria,Furnishings and household equipment,1184.4,A130208186F
2025-02-01,Victoria,Furnishings and household equipment,1055.9,A130208186F
2025-03-01,Victoria,Furnishings and household equipment,1175.9,A130208186F
2025-04-01,Victoria,Furnishings and household equipment,1135.2,A130208186F
2025-05-01,Victoria,Furnishings and household equipment,1203.1,A130208186F
2025-06-01,Victoria,Furnishings and household equipment,1259.5,A130208186F
2025-07-01,Victoria,Furnishings and household equipment,1171.3,A130208186F
2025-08-01,Victoria,Furnishings and household equipment,1201.1,A130208186F
2025-09-01,Victoria,Furnishings and household equipment,1229.8,A130208186F
2025-10-01,Victoria,Furnishings and household equipment,1358.8,A130208186F
2025-11-01,Victoria,Furnishings and household equipment,1582.4,A130208186F
2025-12-01,Victoria,Furnishings and household equipment,1598.5,A130208186F
2026-01-01,Victoria,Furnishings and household equipment,1239.1,A130208186F
2026-02-01,Victoria,Furnishings and household equipment,1094.4,A130208186F
2026-03-01,Victoria,Furnishings and household equipment,1227.2,A130208186F
2026-04-01,Victoria,Furnishings and household equipment,1188.4,A130208186F
2026-05-01,Victoria,Furnishings and household equipment,1247.2,A130208186F
2026-06-01,Victoria,Furnishings and household equipment,1314.0,A130208186F
2026-07-01,Victoria,Furnishings and household equipment,1224.2,A130208186F
2012-07-01,Victoria,Health,1143.9,A130208192A
2012-08-01,Victoria,Health,1180.6,A130208192A
2012-09-01,Victoria,Health,1104.3,A130208192A
2012-10-01,Victoria,Health,1183.2,A130208192A
2012-11-01,Victoria,Health,1193.1,A130208192A
2012-12-01,Victoria,Health,1179.2,A130208192A
2013-01-01,Victoria,Health,1043.7,A130208192A
2013-02-01,Victoria,Health,1100.7,A130208192A
2013-03-01,Victoria,Health,1150.8,A130208192A
2013-04-01,Victoria,Health,1110.2,A130208192A
2013-05-01,Victoria,Health,1262.6,A130208192A
2013-06-01,Victoria,Health,1179.5,A130208192A
2013-07-01,Victoria,Health,1213.1,A130208192A
2013-08-01,Victoria,Health,1240.3,A130208192A
2013-09-01,Victoria,Health,1165.1,A130208192A
2013-10-01,Victoria,Health,1225.3,A130208192A
2013-11-01,Victoria,Health,1236.9,A130208192A
2013-12-01,Victoria,Health,1209.9,A130208192A
2014-01-01,Victoria,Health,1125.2,A130208192A
2014-02-01,Victoria,Health,1194.1,A130208192A
2014-03-01,Victoria,Health,1241.8,A130208192A
2014-04-01,Victoria,Health,1172.6,A130208192A
2014-05-01,Victoria,Health,1319.1,A130208192A
2014-06-01,Victoria,Health,1243.2,A130208192A
2014-07-01,Victoria,Health,1310.8,A130208192A
2014-08-01,Victoria,Health,1355.5,A130208192A
2014-09-01,Victoria,Health,1277.1,A130208192A
2014-10-01,Victoria,Health,1349.8,A130208192A
2014-11-01,Victoria,Health,1344.8,A130208192A
2014-12-01,Victoria,Health,1308.7,A130208192A
2015-01-01,Victoria,Health,1214.7,A130208192A
2015-02-01,Victoria,Health,1276.5,A130208192A
2015-03-01,Victoria,Health,1347.8,A130208192A
2015-04-01,Victoria,Health,1280.6,A130208192A
2015-05-01,Victoria,Health,1439.8,A130208192A
2015-06-01,Victoria,Health,1377.8,A130208192A
2015-07-01,Victoria,Health,1431.9,A130208192A
2015-08-01,Victoria,Health,1459.8,A130208192A
2015-09-01,Victoria,Health,1350.0,A130208192A
2015-10-01,Victoria,Health,1426.2,A130208192A
2015-11-01,Victoria,Health,1410.0,A130208192A
2015-12-01,Victoria,Health,1353.3,A130208192A
2016-01-01,Victoria,Health,1240.9,A130208192A
2016-02-01,Victoria,Health,1333.2,A130208192A
2016-03-01,Victoria,Health,1415.9,A130208192A
2016-04-01,Victoria,Health,1395.9,A130208192A
2016-05-01,Victoria,Health,1556.3,A130208192A
2016-06-01,Victoria,Health,1472.7,A130208192A
2016-07-01,Victoria,Health,1475.0,A130208192A
2016-08-01,Victoria,Health,1501.2,A130208192A
2016-09-01,Victoria,Health,1422.2,A130208192A
2016-10-01,Victoria,Health,1497.4,A130208192A
2016-11-01,Victoria,Health,1522.2,A130208192A
2016-12-01,Victoria,Health,1500.0,A130208192A
2017-01-01,Victoria,Health,1355.1,A130208192A
2017-02-01,Victoria,Health,1428.9,A130208192A
2017-03-01,Victoria,Health,1534.4,A130208192A
2017-04-01,Victoria,Health,1437.0,A130208192A
2017-05-01,Victoria,Health,1615.2,A130208192A
2017-06-01,Victoria,Health,1528.6,A130208192A
2017-07-01,Victoria,Health,1562.3,A130208192A
2017-08-01,Victoria,Health,1611.7,A130208192A
2017-09-01,Victoria,Health,1508.5,A130208192A
2017-10-01,Victoria,Health,1606.3,A130208192A
2017-11-01,Victoria,Health,1640.4,A130208192A
2017-12-01,Victoria,Health,1615.5,A130208192A
2018-01-01,Victoria,Health,1444.4,A130208192A
2018-02-01,Victoria,Health,1524.3,A130208192A
2018-03-01,Victoria,Health,1635.7,A130208192A
2018-04-01,Victoria,Health,1568.7,A130208192A
2018-05-01,Victoria,Health,1755.2,A130208192A
2018-06-01,Victoria,Health,1663.2,A130208192A
2018-07-01,Victoria,Health,1679.3,A130208192A
2018-08-01,Victoria,Health,1715.2,A130208192A
2018-09-01,Victoria,Health,1596.7,A130208192A
2018-10-01,Victoria,Health,1712.7,A130208192A
2018-11-01,Victoria,Health,1754.2,A130208192A
2018-12-01,Victoria,Health,1735.4,A130208192A
2019-01-01,Victoria,Health,1551.8,A130208192A
2019-02-01,Victoria,Health,1605.0,A130208192A
2019-03-01,Victoria,Health,1707.3,A130208192A
2019-04-01,Victoria,Health,1596.1,A130208192A
2019-05-01,Victoria,Health,1833.3,A130208192A
2019-06-01,Victoria,Health,1640.7,A130208192A
2019-07-01,Victoria,Health,1761.7,A130208192A
2019-08-01,Victoria,Health,1784.7,A130208192A
2019-09-01,Victoria,Health,1660.1,A130208192A
2019-10-01,Victoria,Health,1822.5,A130208192A
2019-11-01,Victoria,Health,1772.0,A130208192A
2019-12-01,Victoria,Health,1722.0,A130208192A
2020-01-01,Victoria,Health,1591.0,A130208192A
2020-02-01,Victoria,Health,1658.7,A130208192A
2020-03-01,Victoria,Health,1805.9,A130208192A
2020-04-01,Victoria,Health,1058.9,A130208192A
2020-05-01,Victoria,Health,1381.3,A130208192A
2020-06-01,Victoria,Health,1612.6,A130208192A
2020-07-01,Victoria,Health,1736.8,A130208192A
2020-08-01,Victoria,Health,1333.0,A130208192A
2020-09-01,Victoria,Health,1387.0,A130208192A
2020-10-01,Victoria,Health,1718.1,A130208192A
2020-11-01,Victoria,Health,1814.7,A130208192A
2020-12-01,Victoria,Health,1817.2,A130208192A
2021-01-01,Victoria,Health,1561.2,A130208192A
2021-02-01,Victoria,Health,1632.6,A130208192A
2021-03-01,Victoria,Health,1917.8,A130208192A
2021-04-01,Victoria,Health,1725.3,A130208192A
2021-05-01,Victoria,Health,1812.8,A130208192A
2021-06-01,Victoria,Health,1688.3,A130208192A
2021-07-01,Victoria,Health,1766.2,A130208192A
2021-08-01,Victoria,Health,1736.8,A130208192A
2021-09-01,Victoria,Health,1685.0,A130208192A
2021-10-01,Victoria,Health,1704.1,A130208192A
2021-11-01,Victoria,Health,1916.1,A130208192A
2021-12-01,Victoria,Health,1918.2,A130208192A
2022-01-01,Victoria,Health,1561.7,A130208192A
2022-02-01,Victoria,Health,1756.3,A130208192A
2022-03-01,Victoria,Health,2048.0,A130208192A
2022-04-01,Victoria,Health,1807.5,A130208192A
2022-05-01,Victoria,Health,2069.6,A130208192A
2022-06-01,Victoria,Health,1962.4,A130208192A
2022-07-01,Victoria,Health,1948.0,A130208192A
2022-08-01,Victoria,Health,2118.2,A130208192A
2022-09-01,Victoria,Health,1952.2,A130208192A
2022-10-01,Victoria,Health,2050.9,A130208192A
2022-11-01,Victoria,Health,2164.7,A130208192A
2022-12-01,Victoria,Health,2030.2,A130208192A
2023-01-01,Victoria,Health,1820.3,A130208192A
2023-02-01,Victoria,Health,1965.8,A130208192A
2023-03-01,Victoria,Health,2182.2,A130208192A
2023-04-01,Victoria,Health,1861.7,A130208192A
2023-05-01,Victoria,Health,2294.0,A130208192A
2023-06-01,Victoria,Health,2103.0,A130208192A
2023-07-01,Victoria,Health,2096.1,A130208192A
2023-08-01,Victoria,Health,2295.4,A130208192A
2023-09-01,Victoria,Health,2063.8,A130208192A
2023-10-01,Victoria,Health,2288.4,A130208192A
2023-11-01,Victoria,Health,2309.0,A130208192A
2023-12-01,Victoria,Health,2146.6,A130208192A
2024-01-01,Victoria,Health,2048.5,A130208192A
2024-02-01,Victoria,Health,2204.4,A130208192A
2024-03-01,Victoria,Health,2187.9,A130208192A
2024-04-01,Victoria,Health,2181.1,A130208192A
2024-05-01,Victoria,Health,2427.4,A130208192A
2024-06-01,Victoria,Health,2139.0,A130208192A
2024-07-01,Victoria,Health,2338.1,A130208192A
2024-08-01,Victoria,Health,2397.2,A130208192A
2024-09-01,Victoria,Health,2204.8,A130208192A
2024-10-01,Victoria,Health,2478.1,A130208192A
2024-11-01,Victoria,Health,2420.4,A130208192A
2024-12-01,Victoria,Health,2319.9,A130208192A
2025-01-01,Victoria,Health,2202.0,A130208192A
2025-02-01,Victoria,Health,2274.4,A130208192A
2025-03-01,Victoria,Health,2424.1,A130208192A
2025-04-01,Victoria,Health,2272.3,A130208192A
2025-05-01,Victoria,Health,2561.6,A130208192A
2025-06-01,Victoria,Health,2345.2,A130208192A
2025-07-01,Victoria,Health,2505.5,A130208192A
2025-08-01,Victoria,Health,2499.7,A130208192A
2025-09-01,Victoria,Health,2445.7,A130208192A
2025-10-01,Victoria,Health,2629.3,A130208192A
2025-11-01,Victoria,Health,2513.0,A130208192A
2025-12-01,Victoria,Health,2478.7,A130208192A
2026-01-01,Victoria,Health,2265.3,A130208192A
2026-02-01,Victoria,Health,2369.6,A130208192A
2026-03-01,Victoria,Health,2567.7,A130208192A
2026-04-01,Victoria,Health,2393.5,A130208192A
2026-05-01,Victoria,Health,2554.1,A130208192A
2026-06-01,Victoria,Health,2512.9,A130208192A
2026-07-01,Victoria,Health,2597.0,A130208192A
2012-07-01,Victoria,Transport,2106.2,A130208366R
2012-08-01,Victoria,Transport,2156.2,A130208366R
2012-09-01,Victoria,Transport,2039.8,A130208366R
2012-10-01,Victoria,Transport,2230.5,A130208366R
2012-11-01,Victoria,Transport,2145.1,A130208366R
2012-12-01,Victoria,Transport,2003.8,A130208366R
2013-01-01,Victoria,Transport,2011.1,A130208366R
2013-02-01,Victoria,Transport,2036.6,A130208366R
2013-03-01,Victoria,Transport,2153.6,A130208366R
2013-04-01,Victoria,Transport,2053.3,A130208366R
2013-05-01,Victoria,Transport,2212.0,A130208366R
2013-06-01,Victoria,Transport,2158.4,A130208366R
2013-07-01,Victoria,Transport,2316.6,A130208366R
2013-08-01,Victoria,Transport,2168.1,A130208366R
2013-09-01,Victoria,Transport,2185.0,A130208366R
2013-10-01,Victoria,Transport,2216.7,A130208366R
2013-11-01,Victoria,Transport,2214.7,A130208366R
2013-12-01,Victoria,Transport,2200.7,A130208366R
2014-01-01,Victoria,Transport,2053.5,A130208366R
2014-02-01,Victoria,Transport,2023.6,A130208366R
2014-03-01,Victoria,Transport,2250.9,A130208366R
2014-04-01,Victoria,Transport,2045.9,A130208366R
2014-05-01,Victoria,Transport,2233.8,A130208366R
2014-06-01,Victoria,Transport,2254.0,A130208366R
2014-07-01,Victoria,Transport,2287.5,A130208366R
2014-08-01,Victoria,Transport,2144.0,A130208366R
2014-09-01,Victoria,Transport,2199.9,A130208366R
2014-10-01,Victoria,Transport,2335.2,A130208366R
2014-11-01,Victoria,Transport,2142.6,A130208366R
2014-12-01,Victoria,Transport,2092.4,A130208366R
2015-01-01,Victoria,Transport,1950.5,A130208366R
2015-02-01,Victoria,Transport,2049.2,A130208366R
2015-03-01,Victoria,Transport,2261.0,A130208366R
2015-04-01,Victoria,Transport,2115.5,A130208366R
2015-05-01,Victoria,Transport,2215.8,A130208366R
2015-06-01,Victoria,Transport,2411.3,A130208366R
2015-07-01,Victoria,Transport,2370.1,A130208366R
2015-08-01,Victoria,Transport,2246.0,A130208366R
2015-09-01,Victoria,Transport,2308.3,A130208366R
2015-10-01,Victoria,Transport,2316.4,A130208366R
2015-11-01,Victoria,Transport,2281.2,A130208366R
2015-12-01,Victoria,Transport,2213.0,A130208366R
2016-01-01,Victoria,Transport,2006.8,A130208366R
2016-02-01,Victoria,Transport,2191.2,A130208366R
2016-03-01,Victoria,Transport,2264.1,A130208366R
2016-04-01,Victoria,Transport,2120.8,A130208366R
2016-05-01,Victoria,Transport,2317.0,A130208366R
2016-06-01,Victoria,Transport,2407.3,A130208366R
2016-07-01,Victoria,Transport,2225.1,A130208366R
2016-08-01,Victoria,Transport,2370.6,A130208366R
2016-09-01,Victoria,Transport,2325.3,A130208366R
2016-10-01,Victoria,Transport,2310.1,A130208366R
2016-11-01,Victoria,Transport,2361.0,A130208366R
2016-12-01,Victoria,Transport,2324.4,A130208366R
2017-01-01,Victoria,Transport,2167.3,A130208366R
2017-02-01,Victoria,Transport,2235.7,A130208366R
2017-03-01,Victoria,Transport,2473.0,A130208366R
2017-04-01,Victoria,Transport,2115.8,A130208366R
2017-05-01,Victoria,Transport,2476.8,A130208366R
2017-06-01,Victoria,Transport,2570.7,A130208366R
2017-07-01,Victoria,Transport,2364.6,A130208366R
2017-08-01,Victoria,Transport,2427.7,A130208366R
2017-09-01,Victoria,Transport,2382.1,A130208366R
2017-10-01,Victoria,Transport,2477.1,A130208366R
2017-11-01,Victoria,Transport,2478.3,A130208366R
2017-12-01,Victoria,Transport,2360.8,A130208366R
2018-01-01,Victoria,Transport,2291.9,A130208366R
2018-02-01,Victoria,Transport,2354.7,A130208366R
2018-03-01,Victoria,Transport,2470.2,A130208366R
2018-04-01,Victoria,Transport,2329.1,A130208366R
2018-05-01,Victoria,Transport,2531.3,A130208366R
2018-06-01,Victoria,Transport,2648.4,A130208366R
2018-07-01,Victoria,Transport,2505.6,A130208366R
2018-08-01,Victoria,Transport,2554.4,A130208366R
2018-09-01,Victoria,Transport,2494.6,A130208366R
2018-10-01,Victoria,Transport,2656.0,A130208366R
2018-11-01,Victoria,Transport,2581.3,A130208366R
2018-12-01,Victoria,Transport,2353.5,A130208366R
2019-01-01,Victoria,Transport,2333.6,A130208366R
2019-02-01,Victoria,Transport,2370.8,A130208366R
2019-03-01,Victoria,Transport,2615.4,A130208366R
2019-04-01,Victoria,Transport,2305.4,A130208366R
2019-05-01,Victoria,Transport,2622.1,A130208366R
2019-06-01,Victoria,Transport,2725.4,A130208366R
2019-07-01,Victoria,Transport,2539.7,A130208366R
2019-08-01,Victoria,Transport,2583.1,A130208366R
2019-09-01,Victoria,Transport,2481.7,A130208366R
2019-10-01,Victoria,Transport,2635.2,A130208366R
2019-11-01,Victoria,Transport,2505.9,A130208366R
2019-12-01,Victoria,Transport,2444.9,A130208366R
2020-01-01,Victoria,Transport,2377.4,A130208366R
2020-02-01,Victoria,Transport,2311.7,A130208366R
2020-03-01,Victoria,Transport,1852.0,A130208366R
2020-04-01,Victoria,Transport,992.8,A130208366R
2020-05-01,Victoria,Transport,1316.7,A130208366R
2020-06-01,Victoria,Transport,1798.1,A130208366R
2020-07-01,Victoria,Transport,1409.9,A130208366R
2020-08-01,Victoria,Transport,858.1,A130208366R
2020-09-01,Victoria,Transport,924.0,A130208366R
2020-10-01,Victoria,Transport,1209.5,A130208366R
2020-11-01,Victoria,Transport,1758.9,A130208366R
2020-12-01,Victoria,Transport,1869.6,A130208366R
2021-01-01,Victoria,Transport,1581.5,A130208366R
2021-02-01,Victoria,Transport,1535.8,A130208366R
2021-03-01,Victoria,Transport,1925.1,A130208366R
2021-04-01,Victoria,Transport,1788.9,A130208366R
2021-05-01,Victoria,Transport,1819.6,A130208366R
2021-06-01,Victoria,Transport,1781.7,A130208366R
2021-07-01,Victoria,Transport,1703.3,A130208366R
2021-08-01,Victoria,Transport,1462.2,A130208366R
2021-09-01,Victoria,Transport,1396.3,A130208366R
2021-10-01,Victoria,Transport,1596.3,A130208366R
2021-11-01,Victoria,Transport,2021.8,A130208366R
2021-12-01,Victoria,Transport,2024.9,A130208366R
2022-01-01,Victoria,Transport,1850.1,A130208366R
2022-02-01,Victoria,Transport,2210.6,A130208366R
2022-03-01,Victoria,Transport,2703.0,A130208366R
2022-04-01,Victoria,Transport,2330.6,A130208366R
2022-05-01,Victoria,Transport,2778.3,A130208366R
2022-06-01,Victoria,Transport,2842.3,A130208366R
2022-07-01,Victoria,Transport,2752.0,A130208366R
2022-08-01,Victoria,Transport,2932.7,A130208366R
2022-09-01,Victoria,Transport,2899.7,A130208366R
2022-10-01,Victoria,Transport,2901.2,A130208366R
2022-11-01,Victoria,Transport,2947.3,A130208366R
2022-12-01,Victoria,Transport,2837.7,A130208366R
2023-01-01,Victoria,Transport,2845.0,A130208366R
2023-02-01,Victoria,Transport,2855.1,A130208366R
2023-03-01,Victoria,Transport,3146.1,A130208366R
2023-04-01,Victoria,Transport,2873.5,A130208366R
2023-05-01,Victoria,Transport,3265.2,A130208366R
2023-06-01,Victoria,Transport,3326.7,A130208366R
2023-07-01,Victoria,Transport,3172.5,A130208366R
2023-08-01,Victoria,Transport,3400.8,A130208366R
2023-09-01,Victoria,Transport,3321.0,A130208366R
2023-10-01,Victoria,Transport,3383.8,A130208366R
2023-11-01,Victoria,Transport,3255.3,A130208366R
2023-12-01,Victoria,Transport,3017.7,A130208366R
2024-01-01,Victoria,Transport,3012.5,A130208366R
2024-02-01,Victoria,Transport,3351.4,A130208366R
2024-03-01,Victoria,Transport,3407.0,A130208366R
2024-04-01,Victoria,Transport,3090.0,A130208366R
2024-05-01,Victoria,Transport,3396.5,A130208366R
2024-06-01,Victoria,Transport,3313.6,A130208366R
2024-07-01,Victoria,Transport,3283.2,A130208366R
2024-08-01,Victoria,Transport,3299.0,A130208366R
2024-09-01,Victoria,Transport,3128.6,A130208366R
2024-10-01,Victoria,Transport,3281.6,A130208366R
2024-11-01,Victoria,Transport,3212.4,A130208366R
2024-12-01,Victoria,Transport,3144.8,A130208366R
2025-01-01,Victoria,Transport,3099.6,A130208366R
2025-02-01,Victoria,Transport,3115.5,A130208366R
2025-03-01,Victoria,Transport,3469.2,A130208366R
2025-04-01,Victoria,Transport,2978.7,A130208366R
2025-05-01,Victoria,Transport,3385.9,A130208366R
2025-06-01,Victoria,Transport,3399.3,A130208366R
2025-07-01,Victoria,Transport,3345.3,A130208366R
2025-08-01,Victoria,Transport,3375.8,A130208366R
2025-09-01,Victoria,Transport,3306.1,A130208366R
2025-10-01,Victoria,Transport,3331.1,A130208366R
2025-11-01,Victoria,Transport,3236.9,A130208366R
2025-12-01,Victoria,Transport,3176.7,A130208366R
2026-01-01,Victoria,Transport,3151.0,A130208366R
2026-02-01,Victoria,Transport,3204.3,A130208366R
2026-03-01,Victoria,Transport,3652.4,A130208366R
2026-04-01,Victoria,Transport,3066.6,A130208366R
2026-05-01,Victoria,Transport,3400.9,A130208366R
2026-06-01,Victoria,Transport,3758.4,A130208366R
2026-07-01,Victoria,Transport,3601.2,A130208366R
2012-07-01,Victoria,Recreation and culture,2033.6,A130208102K
2012-08-01,Victoria,Recreation and culture,2058.8,A130208102K
2012-09-01,Victoria,Recreation and culture,1905.5,A130208102K
2012-10-01,Victoria,Recreation and culture,1994.2,A130208102K
2012-11-01,Victoria,Recreation and culture,2028.1,A130208102K
2012-12-01,Victoria,Recreation and culture,2497.8,A130208102K
2013-01-01,Victoria,Recreation and culture,1899.3,A130208102K
2013-02-01,Victoria,Recreation and culture,1711.9,A130208102K
2013-03-01,Victoria,Recreation and culture,1872.8,A130208102K
2013-04-01,Victoria,Recreation and culture,1803.4,A130208102K
2013-05-01,Victoria,Recreation and culture,1870.5,A130208102K
2013-06-01,Victoria,Recreation and culture,1892.8,A130208102K
2013-07-01,Victoria,Recreation and culture,1881.6,A130208102K
2013-08-01,Victoria,Recreation and culture,1904.7,A130208102K
2013-09-01,Victoria,Recreation and culture,1822.1,A130208102K
2013-10-01,Victoria,Recreation and culture,1935.6,A130208102K
2013-11-01,Victoria,Recreation and culture,1993.3,A130208102K
2013-12-01,Victoria,Recreation and culture,2422.0,A130208102K
2014-01-01,Victoria,Recreation and culture,1818.8,A130208102K
2014-02-01,Victoria,Recreation and culture,1656.6,A130208102K
2014-03-01,Victoria,Recreation and culture,1853.8,A130208102K
2014-04-01,Victoria,Recreation and culture,1902.7,A130208102K
2014-05-01,Victoria,Recreation and culture,1924.3,A130208102K
2014-06-01,Victoria,Recreation and culture,2051.9,A130208102K
2014-07-01,Victoria,Recreation and culture,1974.5,A130208102K
2014-08-01,Victoria,Recreation and culture,1909.9,A130208102K
2014-09-01,Victoria,Recreation and culture,1912.7,A130208102K
2014-10-01,Victoria,Recreation and culture,2037.9,A130208102K
2014-11-01,Victoria,Recreation and culture,2097.5,A130208102K
2014-12-01,Victoria,Recreation and culture,2577.6,A130208102K
2015-01-01,Victoria,Recreation and culture,1948.3,A130208102K
2015-02-01,Victoria,Recreation and culture,1859.7,A130208102K
2015-03-01,Victoria,Recreation and culture,1973.3,A130208102K
2015-04-01,Victoria,Recreation and culture,1912.3,A130208102K
2015-05-01,Victoria,Recreation and culture,1938.7,A130208102K
2015-06-01,Victoria,Recreation and culture,2128.3,A130208102K
2015-07-01,Victoria,Recreation and culture,2042.0,A130208102K
2015-08-01,Victoria,Recreation and culture,1975.2,A130208102K
2015-09-01,Victoria,Recreation and culture,2014.2,A130208102K
2015-10-01,Victoria,Recreation and culture,2241.3,A130208102K
2015-11-01,Victoria,Recreation and culture,2227.8,A130208102K
2015-12-01,Victoria,Recreation and culture,2716.0,A130208102K
2016-01-01,Victoria,Recreation and culture,2021.2,A130208102K
2016-02-01,Victoria,Recreation and culture,1974.4,A130208102K
2016-03-01,Victoria,Recreation and culture,1976.6,A130208102K
2016-04-01,Victoria,Recreation and culture,1961.9,A130208102K
2016-05-01,Victoria,Recreation and culture,2003.8,A130208102K
2016-06-01,Victoria,Recreation and culture,2224.4,A130208102K
2016-07-01,Victoria,Recreation and culture,2086.4,A130208102K
2016-08-01,Victoria,Recreation and culture,2039.9,A130208102K
2016-09-01,Victoria,Recreation and culture,2027.7,A130208102K
2016-10-01,Victoria,Recreation and culture,2177.1,A130208102K
2016-11-01,Victoria,Recreation and culture,2252.3,A130208102K
2016-12-01,Victoria,Recreation and culture,2791.3,A130208102K
2017-01-01,Victoria,Recreation and culture,2097.9,A130208102K
2017-02-01,Victoria,Recreation and culture,1835.8,A130208102K
2017-03-01,Victoria,Recreation and culture,2093.7,A130208102K
2017-04-01,Victoria,Recreation and culture,2026.8,A130208102K
2017-05-01,Victoria,Recreation and culture,2101.9,A130208102K
2017-06-01,Victoria,Recreation and culture,2278.4,A130208102K
2017-07-01,Victoria,Recreation and culture,2113.4,A130208102K
2017-08-01,Victoria,Recreation and culture,2128.2,A130208102K
2017-09-01,Victoria,Recreation and culture,2152.4,A130208102K
2017-10-01,Victoria,Recreation and culture,2316.1,A130208102K
2017-11-01,Victoria,Recreation and culture,2465.2,A130208102K
2017-12-01,Victoria,Recreation and culture,2922.2,A130208102K
2018-01-01,Victoria,Recreation and culture,2130.0,A130208102K
2018-02-01,Victoria,Recreation and culture,2013.0,A130208102K
2018-03-01,Victoria,Recreation and culture,2126.4,A130208102K
2018-04-01,Victoria,Recreation and culture,2153.7,A130208102K
2018-05-01,Victoria,Recreation and culture,2326.8,A130208102K
2018-06-01,Victoria,Recreation and culture,2453.3,A130208102K
2018-07-01,Victoria,Recreation and culture,2334.8,A130208102K
2018-08-01,Victoria,Recreation and culture,2363.0,A130208102K
2018-09-01,Victoria,Recreation and culture,2223.9,A130208102K
2018-10-01,Victoria,Recreation and culture,2412.5,A130208102K
2018-11-01,Victoria,Recreation and culture,2625.4,A130208102K
2018-12-01,Victoria,Recreation and culture,3044.4,A130208102K
2019-01-01,Victoria,Recreation and culture,2287.2,A130208102K
2019-02-01,Victoria,Recreation and culture,2069.1,A130208102K
2019-03-01,Victoria,Recreation and culture,2317.9,A130208102K
2019-04-01,Victoria,Recreation and culture,2125.9,A130208102K
2019-05-01,Victoria,Recreation and culture,2198.2,A130208102K
2019-06-01,Victoria,Recreation and culture,2243.7,A130208102K
2019-07-01,Victoria,Recreation and culture,2231.4,A130208102K
2019-08-01,Victoria,Recreation and culture,2267.1,A130208102K
2019-09-01,Victoria,Recreation and culture,2241.5,A130208102K
2019-10-01,Victoria,Recreation and culture,2259.6,A130208102K
2019-11-01,Victoria,Recreation and culture,2497.4,A130208102K
2019-12-01,Victoria,Recreation and culture,2698.9,A130208102K
2020-01-01,Victoria,Recreation and culture,2149.8,A130208102K
2020-02-01,Victoria,Recreation and culture,2004.7,A130208102K
2020-03-01,Victoria,Recreation and culture,2080.3,A130208102K
2020-04-01,Victoria,Recreation and culture,1937.7,A130208102K
2020-05-01,Victoria,Recreation and culture,2247.2,A130208102K
2020-06-01,Victoria,Recreation and culture,2264.5,A130208102K
2020-07-01,Victoria,Recreation and culture,2396.5,A130208102K
2020-08-01,Victoria,Recreation and culture,2209.5,A130208102K
2020-09-01,Victoria,Recreation and culture,2081.3,A130208102K
2020-10-01,Victoria,Recreation and culture,2219.3,A130208102K
2020-11-01,Victoria,Recreation and culture,2652.6,A130208102K
2020-12-01,Victoria,Recreation and culture,2652.6,A130208102K
2021-01-01,Victoria,Recreation and culture,2117.9,A130208102K
2021-02-01,Victoria,Recreation and culture,1894.4,A130208102K
2021-03-01,Victoria,Recreation and culture,2147.1,A130208102K
2021-04-01,Victoria,Recreation and culture,2087.0,A130208102K
2021-05-01,Victoria,Recreation and culture,2114.6,A130208102K
2021-06-01,Victoria,Recreation and culture,2221.8,A130208102K
2021-07-01,Victoria,Recreation and culture,2274.3,A130208102K
2021-08-01,Victoria,Recreation and culture,2263.5,A130208102K
2021-09-01,Victoria,Recreation and culture,2421.1,A130208102K
2021-10-01,Victoria,Recreation and culture,2718.2,A130208102K
2021-11-01,Victoria,Recreation and culture,3223.6,A130208102K
2021-12-01,Victoria,Recreation and culture,3262.9,A130208102K
2022-01-01,Victoria,Recreation and culture,2646.9,A130208102K
2022-02-01,Victoria,Recreation and culture,2528.1,A130208102K
2022-03-01,Victoria,Recreation and culture,2763.4,A130208102K
2022-04-01,Victoria,Recreation and culture,2758.0,A130208102K
2022-05-01,Victoria,Recreation and culture,2822.9,A130208102K
2022-06-01,Victoria,Recreation and culture,2900.3,A130208102K
2022-07-01,Victoria,Recreation and culture,2937.5,A130208102K
2022-08-01,Victoria,Recreation and culture,2972.0,A130208102K
2022-09-01,Victoria,Recreation and culture,3105.8,A130208102K
2022-10-01,Victoria,Recreation and culture,3371.0,A130208102K
2022-11-01,Victoria,Recreation and culture,3615.4,A130208102K
2022-12-01,Victoria,Recreation and culture,3789.2,A130208102K
2023-01-01,Victoria,Recreation and culture,3090.5,A130208102K
2023-02-01,Victoria,Recreation and culture,2796.4,A130208102K
2023-03-01,Victoria,Recreation and culture,3074.5,A130208102K
2023-04-01,Victoria,Recreation and culture,3002.9,A130208102K
2023-05-01,Victoria,Recreation and culture,3085.5,A130208102K
2023-06-01,Victoria,Recreation and culture,3160.5,A130208102K
2023-07-01,Victoria,Recreation and culture,3082.2,A130208102K
2023-08-01,Victoria,Recreation and culture,3144.6,A130208102K
2023-09-01,Victoria,Recreation and culture,3242.3,A130208102K
2023-10-01,Victoria,Recreation and culture,3272.3,A130208102K
2023-11-01,Victoria,Recreation and culture,3732.7,A130208102K
2023-12-01,Victoria,Recreation and culture,3718.0,A130208102K
2024-01-01,Victoria,Recreation and culture,3192.2,A130208102K
2024-02-01,Victoria,Recreation and culture,2911.3,A130208102K
2024-03-01,Victoria,Recreation and culture,3079.3,A130208102K
2024-04-01,Victoria,Recreation and culture,3040.9,A130208102K
2024-05-01,Victoria,Recreation and culture,3154.7,A130208102K
2024-06-01,Victoria,Recreation and culture,3124.0,A130208102K
2024-07-01,Victoria,Recreation and culture,3082.6,A130208102K
2024-08-01,Victoria,Recreation and culture,3203.3,A130208102K
2024-09-01,Victoria,Recreation and culture,3150.5,A130208102K
2024-10-01,Victoria,Recreation and culture,3369.5,A130208102K
2024-11-01,Victoria,Recreation and culture,3808.5,A130208102K
2024-12-01,Victoria,Recreation and culture,3788.7,A130208102K
2025-01-01,Victoria,Recreation and culture,3216.7,A130208102K
2025-02-01,Victoria,Recreation and culture,2906.1,A130208102K
2025-03-01,Victoria,Recreation and culture,3186.3,A130208102K
2025-04-01,Victoria,Recreation and culture,3147.1,A130208102K
2025-05-01,Victoria,Recreation and culture,3273.8,A130208102K
2025-06-01,Victoria,Recreation and culture,3334.8,A130208102K
2025-07-01,Victoria,Recreation and culture,3341.5,A130208102K
2025-08-01,Victoria,Recreation and culture,3321.0,A130208102K
2025-09-01,Victoria,Recreation and culture,3390.1,A130208102K
2025-10-01,Victoria,Recreation and culture,3592.2,A130208102K
2025-11-01,Victoria,Recreation and culture,4094.8,A130208102K
2025-12-01,Victoria,Recreation and culture,4011.9,A130208102K
2026-01-01,Victoria,Recreation and culture,3371.8,A130208102K
2026-02-01,Victoria,Recreation and culture,3067.8,A130208102K
2026-03-01,Victoria,Recreation and culture,3399.8,A130208102K
2026-04-01,Victoria,Recreation and culture,3339.5,A130208102K
2026-05-01,Victoria,Recreation and culture,3460.3,A130208102K
2026-06-01,Victoria,Recreation and culture,3579.3,A130208102K
2026-07-01,Victoria,Recreation and culture,3643.9,A130208102K
2012-07-01,Victoria,"Hotels, cafes and restaurants",967.3,A130208114V
2012-08-01,Victoria,"Hotels, cafes and restaurants",1014.0,A130208114V
2012-09-01,Victoria,"Hotels, cafes and restaurants",1046.8,A130208114V
2012-10-01,Victoria,"Hotels, cafes and restaurants",986.0,A130208114V
2012-11-01,Victoria,"Hotels, cafes and restaurants",959.1,A130208114V
2012-12-01,Victoria,"Hotels, cafes and restaurants",1109.5,A130208114V
2013-01-01,Victoria,"Hotels, cafes and restaurants",882.3,A130208114V
2013-02-01,Victoria,"Hotels, cafes and restaurants",906.5,A130208114V
2013-03-01,Victoria,"Hotels, cafes and restaurants",1017.1,A130208114V
2013-04-01,Victoria,"Hotels, cafes and restaurants",961.0,A130208114V
2013-05-01,Victoria,"Hotels, cafes and restaurants",1010.6,A130208114V
2013-06-01,Victoria,"Hotels, cafes and restaurants",1101.6,A130208114V
2013-07-01,Victoria,"Hotels, cafes and restaurants",1067.5,A130208114V
2013-08-01,Victoria,"Hotels, cafes and restaurants",1060.8,A130208114V
2013-09-01,Victoria,"Hotels, cafes and restaurants",1049.0,A130208114V
2013-10-01,Victoria,"Hotels, cafes and restaurants",1021.2,A130208114V
2013-11-01,Victoria,"Hotels, cafes and restaurants",985.7,A130208114V
2013-12-01,Victoria,"Hotels, cafes and restaurants",1122.2,A130208114V
2014-01-01,Victoria,"Hotels, cafes and restaurants",950.6,A130208114V
2014-02-01,Victoria,"Hotels, cafes and restaurants",946.0,A130208114V
2014-03-01,Victoria,"Hotels, cafes and restaurants",1058.6,A130208114V
2014-04-01,Victoria,"Hotels, cafes and restaurants",1035.5,A130208114V
2014-05-01,Victoria,"Hotels, cafes and restaurants",1056.4,A130208114V
2014-06-01,Victoria,"Hotels, cafes and restaurants",1102.8,A130208114V
2014-07-01,Victoria,"Hotels, cafes and restaurants",1202.7,A130208114V
2014-08-01,Victoria,"Hotels, cafes and restaurants",1131.1,A130208114V
2014-09-01,Victoria,"Hotels, cafes and restaurants",1098.5,A130208114V
2014-10-01,Victoria,"Hotels, cafes and restaurants",1103.9,A130208114V
2014-11-01,Victoria,"Hotels, cafes and restaurants",1069.7,A130208114V
2014-12-01,Victoria,"Hotels, cafes and restaurants",1235.4,A130208114V
2015-01-01,Victoria,"Hotels, cafes and restaurants",991.3,A130208114V
2015-02-01,Victoria,"Hotels, cafes and restaurants",1025.2,A130208114V
2015-03-01,Victoria,"Hotels, cafes and restaurants",1109.0,A130208114V
2015-04-01,Victoria,"Hotels, cafes and restaurants",1094.9,A130208114V
2015-05-01,Victoria,"Hotels, cafes and restaurants",1083.7,A130208114V
2015-06-01,Victoria,"Hotels, cafes and restaurants",1149.7,A130208114V
2015-07-01,Victoria,"Hotels, cafes and restaurants",1224.8,A130208114V
2015-08-01,Victoria,"Hotels, cafes and restaurants",1195.0,A130208114V
2015-09-01,Victoria,"Hotels, cafes and restaurants",1149.7,A130208114V
2015-10-01,Victoria,"Hotels, cafes and restaurants",1192.3,A130208114V
2015-11-01,Victoria,"Hotels, cafes and restaurants",1102.2,A130208114V
2015-12-01,Victoria,"Hotels, cafes and restaurants",1256.3,A130208114V
2016-01-01,Victoria,"Hotels, cafes and restaurants",1043.1,A130208114V
2016-02-01,Victoria,"Hotels, cafes and restaurants",1050.6,A130208114V
2016-03-01,Victoria,"Hotels, cafes and restaurants",1146.5,A130208114V
2016-04-01,Victoria,"Hotels, cafes and restaurants",1193.0,A130208114V
2016-05-01,Victoria,"Hotels, cafes and restaurants",1184.0,A130208114V
2016-06-01,Victoria,"Hotels, cafes and restaurants",1238.4,A130208114V
2016-07-01,Victoria,"Hotels, cafes and restaurants",1328.8,A130208114V
2016-08-01,Victoria,"Hotels, cafes and restaurants",1285.7,A130208114V
2016-09-01,Victoria,"Hotels, cafes and restaurants",1268.4,A130208114V
2016-10-01,Victoria,"Hotels, cafes and restaurants",1244.5,A130208114V
2016-11-01,Victoria,"Hotels, cafes and restaurants",1180.3,A130208114V
2016-12-01,Victoria,"Hotels, cafes and restaurants",1350.7,A130208114V
2017-01-01,Victoria,"Hotels, cafes and restaurants",1127.5,A130208114V
2017-02-01,Victoria,"Hotels, cafes and restaurants",1118.9,A130208114V
2017-03-01,Victoria,"Hotels, cafes and restaurants",1201.9,A130208114V
2017-04-01,Victoria,"Hotels, cafes and restaurants",1246.6,A130208114V
2017-05-01,Victoria,"Hotels, cafes and restaurants",1251.5,A130208114V
2017-06-01,Victoria,"Hotels, cafes and restaurants",1278.3,A130208114V
2017-07-01,Victoria,"Hotels, cafes and restaurants",1342.6,A130208114V
2017-08-01,Victoria,"Hotels, cafes and restaurants",1296.8,A130208114V
2017-09-01,Victoria,"Hotels, cafes and restaurants",1307.3,A130208114V
2017-10-01,Victoria,"Hotels, cafes and restaurants",1291.1,A130208114V
2017-11-01,Victoria,"Hotels, cafes and restaurants",1346.0,A130208114V
2017-12-01,Victoria,"Hotels, cafes and restaurants",1486.7,A130208114V
2018-01-01,Victoria,"Hotels, cafes and restaurants",1201.4,A130208114V
2018-02-01,Victoria,"Hotels, cafes and restaurants",1169.6,A130208114V
2018-03-01,Victoria,"Hotels, cafes and restaurants",1320.5,A130208114V
2018-04-01,Victoria,"Hotels, cafes and restaurants",1303.1,A130208114V
2018-05-01,Victoria,"Hotels, cafes and restaurants",1362.2,A130208114V
2018-06-01,Victoria,"Hotels, cafes and restaurants",1461.0,A130208114V
2018-07-01,Victoria,"Hotels, cafes and restaurants",1456.6,A130208114V
2018-08-01,Victoria,"Hotels, cafes and restaurants",1463.2,A130208114V
2018-09-01,Victoria,"Hotels, cafes and restaurants",1454.6,A130208114V
2018-10-01,Victoria,"Hotels, cafes and restaurants",1424.1,A130208114V
2018-11-01,Victoria,"Hotels, cafes and restaurants",1451.6,A130208114V
2018-12-01,Victoria,"Hotels, cafes and restaurants",1592.7,A130208114V
2019-01-01,Victoria,"Hotels, cafes and restaurants",1304.0,A130208114V
2019-02-01,Victoria,"Hotels, cafes and restaurants",1143.1,A130208114V
2019-03-01,Victoria,"Hotels, cafes and restaurants",1464.4,A130208114V
2019-04-01,Victoria,"Hotels, cafes and restaurants",1312.5,A130208114V
2019-05-01,Victoria,"Hotels, cafes and restaurants",1288.2,A130208114V
2019-06-01,Victoria,"Hotels, cafes and restaurants",1347.2,A130208114V
2019-07-01,Victoria,"Hotels, cafes and restaurants",1411.2,A130208114V
2019-08-01,Victoria,"Hotels, cafes and restaurants",1448.5,A130208114V
2019-09-01,Victoria,"Hotels, cafes and restaurants",1420.5,A130208114V
2019-10-01,Victoria,"Hotels, cafes and restaurants",1402.9,A130208114V
2019-11-01,Victoria,"Hotels, cafes and restaurants",1397.5,A130208114V
2019-12-01,Victoria,"Hotels, cafes and restaurants",1443.5,A130208114V
2020-01-01,Victoria,"Hotels, cafes and restaurants",1317.9,A130208114V
2020-02-01,Victoria,"Hotels, cafes and restaurants",1159.2,A130208114V
2020-03-01,Victoria,"Hotels, cafes and restaurants",1005.7,A130208114V
2020-04-01,Victoria,"Hotels, cafes and restaurants",522.1,A130208114V
2020-05-01,Victoria,"Hotels, cafes and restaurants",650.8,A130208114V
2020-06-01,Victoria,"Hotels, cafes and restaurants",834.2,A130208114V
2020-07-01,Victoria,"Hotels, cafes and restaurants",717.8,A130208114V
2020-08-01,Victoria,"Hotels, cafes and restaurants",571.9,A130208114V
2020-09-01,Victoria,"Hotels, cafes and restaurants",630.3,A130208114V
2020-10-01,Victoria,"Hotels, cafes and restaurants",696.8,A130208114V
2020-11-01,Victoria,"Hotels, cafes and restaurants",918.8,A130208114V
2020-12-01,Victoria,"Hotels, cafes and restaurants",1066.0,A130208114V
2021-01-01,Victoria,"Hotels, cafes and restaurants",993.7,A130208114V
2021-02-01,Victoria,"Hotels, cafes and restaurants",809.9,A130208114V
2021-03-01,Victoria,"Hotels, cafes and restaurants",1075.2,A130208114V
2021-04-01,Victoria,"Hotels, cafes and restaurants",1014.4,A130208114V
2021-05-01,Victoria,"Hotels, cafes and restaurants",958.8,A130208114V
2021-06-01,Victoria,"Hotels, cafes and restaurants",865.1,A130208114V
2021-07-01,Victoria,"Hotels, cafes and restaurants",941.8,A130208114V
2021-08-01,Victoria,"Hotels, cafes and restaurants",725.0,A130208114V
2021-09-01,Victoria,"Hotels, cafes and restaurants",707.1,A130208114V
2021-10-01,Victoria,"Hotels, cafes and restaurants",868.0,A130208114V
2021-11-01,Victoria,"Hotels, cafes and restaurants",1161.1,A130208114V
2021-12-01,Victoria,"Hotels, cafes and restaurants",1355.5,A130208114V
2022-01-01,Victoria,"Hotels, cafes and restaurants",1208.6,A130208114V
2022-02-01,Victoria,"Hotels, cafes and restaurants",1176.2,A130208114V
2022-03-01,Victoria,"Hotels, cafes and restaurants",1463.6,A130208114V
2022-04-01,Victoria,"Hotels, cafes and restaurants",1471.0,A130208114V
2022-05-01,Victoria,"Hotels, cafes and restaurants",1430.5,A130208114V
2022-06-01,Victoria,"Hotels, cafes and restaurants",1510.6,A130208114V
2022-07-01,Victoria,"Hotels, cafes and restaurants",1644.0,A130208114V
2022-08-01,Victoria,"Hotels, cafes and restaurants",1618.1,A130208114V
2022-09-01,Victoria,"Hotels, cafes and restaurants",1741.3,A130208114V
2022-10-01,Victoria,"Hotels, cafes and restaurants",1714.3,A130208114V
2022-11-01,Victoria,"Hotels, cafes and restaurants",1640.6,A130208114V
2022-12-01,Victoria,"Hotels, cafes and restaurants",1873.7,A130208114V
2023-01-01,Victoria,"Hotels, cafes and restaurants",1800.3,A130208114V
2023-02-01,Victoria,"Hotels, cafes and restaurants",1543.5,A130208114V
2023-03-01,Victoria,"Hotels, cafes and restaurants",1854.6,A130208114V
2023-04-01,Victoria,"Hotels, cafes and restaurants",1847.8,A130208114V
2023-05-01,Victoria,"Hotels, cafes and restaurants",1772.9,A130208114V
2023-06-01,Victoria,"Hotels, cafes and restaurants",1879.9,A130208114V
2023-07-01,Victoria,"Hotels, cafes and restaurants",1943.1,A130208114V
2023-08-01,Victoria,"Hotels, cafes and restaurants",1931.4,A130208114V
2023-09-01,Victoria,"Hotels, cafes and restaurants",2019.0,A130208114V
2023-10-01,Victoria,"Hotels, cafes and restaurants",1915.4,A130208114V
2023-11-01,Victoria,"Hotels, cafes and restaurants",1905.3,A130208114V
2023-12-01,Victoria,"Hotels, cafes and restaurants",2098.6,A130208114V
2024-01-01,Victoria,"Hotels, cafes and restaurants",1944.4,A130208114V
2024-02-01,Victoria,"Hotels, cafes and restaurants",1741.4,A130208114V
2024-03-01,Victoria,"Hotels, cafes and restaurants",2082.0,A130208114V
2024-04-01,Victoria,"Hotels, cafes and restaurants",1896.0,A130208114V
2024-05-01,Victoria,"Hotels, cafes and restaurants",1923.3,A130208114V
2024-06-01,Victoria,"Hotels, cafes and restaurants",1934.6,A130208114V
2024-07-01,Victoria,"Hotels, cafes and restaurants",1998.2,A130208114V
2024-08-01,Victoria,"Hotels, cafes and restaurants",2061.2,A130208114V
2024-09-01,Victoria,"Hotels, cafes and restaurants",2044.4,A130208114V
2024-10-01,Victoria,"Hotels, cafes and restaurants",1996.9,A130208114V
2024-11-01,Victoria,"Hotels, cafes and restaurants",2027.7,A130208114V
2024-12-01,Victoria,"Hotels, cafes and restaurants",2153.8,A130208114V
2025-01-01,Victoria,"Hotels, cafes and restaurants",2020.2,A130208114V
2025-02-01,Victoria,"Hotels, cafes and restaurants",1740.9,A130208114V
2025-03-01,Victoria,"Hotels, cafes and restaurants",2083.9,A130208114V
2025-04-01,Victoria,"Hotels, cafes and restaurants",2021.2,A130208114V
2025-05-01,Victoria,"Hotels, cafes and restaurants",2033.6,A130208114V
2025-06-01,Victoria,"Hotels, cafes and restaurants",1944.9,A130208114V
2025-07-01,Victoria,"Hotels, cafes and restaurants",2123.9,A130208114V
2025-08-01,Victoria,"Hotels, cafes and restaurants",2149.4,A130208114V
2025-09-01,Victoria,"Hotels, cafes and restaurants",2082.4,A130208114V
2025-10-01,Victoria,"Hotels, cafes and restaurants",2117.0,A130208114V
2025-11-01,Victoria,"Hotels, cafes and restaurants",2106.2,A130208114V
2025-12-01,Victoria,"Hotels, cafes and restaurants",2237.5,A130208114V
2026-01-01,Victoria,"Hotels, cafes and restaurants",2128.9,A130208114V
2026-02-01,Victoria,"Hotels, cafes and restaurants",1825.7,A130208114V
2026-03-01,Victoria,"Hotels, cafes and restaurants",2138.3,A130208114V
2026-04-01,Victoria,"Hotels, cafes and restaurants",2068.7,A130208114V
2026-05-01,Victoria,"Hotels, cafes and restaurants",2134.8,A130208114V
2026-06-01,Victoria,"Hotels, cafes and restaurants",2073.5,A130208114V
2026-07-01,Victoria,"Hotels, cafes and restaurants",2247.2,A130208114V
2012-07-01,Victoria,Miscellaneous goods and services,985.6,A130208456V
2012-08-01,Victoria,Miscellaneous goods and services,991.8,A130208456V
2012-09-01,Victoria,Miscellaneous goods and services,965.6,A130208456V
2012-10-01,Victoria,Miscellaneous goods and services,1010.3,A130208456V
2012-11-01,Victoria,Miscellaneous goods and services,1032.7,A130208456V
2012-12-01,Victoria,Miscellaneous goods and services,1140.3,A130208456V
2013-01-01,Victoria,Miscellaneous goods and services,959.2,A130208456V
2013-02-01,Victoria,Miscellaneous goods and services,981.6,A130208456V
2013-03-01,Victoria,Miscellaneous goods and services,998.3,A130208456V
2013-04-01,Victoria,Miscellaneous goods and services,951.8,A130208456V
2013-05-01,Victoria,Miscellaneous goods and services,1019.8,A130208456V
2013-06-01,Victoria,Miscellaneous goods and services,1028.3,A130208456V
2013-07-01,Victoria,Miscellaneous goods and services,1017.0,A130208456V
2013-08-01,Victoria,Miscellaneous goods and services,1035.3,A130208456V
2013-09-01,Victoria,Miscellaneous goods and services,1001.1,A130208456V
2013-10-01,Victoria,Miscellaneous goods and services,1040.9,A130208456V
2013-11-01,Victoria,Miscellaneous goods and services,1065.2,A130208456V
2013-12-01,Victoria,Miscellaneous goods and services,1175.4,A130208456V
2014-01-01,Victoria,Miscellaneous goods and services,1020.8,A130208456V
2014-02-01,Victoria,Miscellaneous goods and services,997.5,A130208456V
2014-03-01,Victoria,Miscellaneous goods and services,1068.5,A130208456V
2014-04-01,Victoria,Miscellaneous goods and services,1007.7,A130208456V
2014-05-01,Victoria,Miscellaneous goods and services,1072.9,A130208456V
2014-06-01,Victoria,Miscellaneous goods and services,1072.2,A130208456V
2014-07-01,Victoria,Miscellaneous goods and services,1044.2,A130208456V
2014-08-01,Victoria,Miscellaneous goods and services,1054.5,A130208456V
2014-09-01,Victoria,Miscellaneous goods and services,1083.9,A130208456V
2014-10-01,Victoria,Miscellaneous goods and services,1106.8,A130208456V
2014-11-01,Victoria,Miscellaneous goods and services,1128.9,A130208456V
2014-12-01,Victoria,Miscellaneous goods and services,1266.9,A130208456V
2015-01-01,Victoria,Miscellaneous goods and services,1087.5,A130208456V
2015-02-01,Victoria,Miscellaneous goods and services,1061.7,A130208456V
2015-03-01,Victoria,Miscellaneous goods and services,1132.1,A130208456V
2015-04-01,Victoria,Miscellaneous goods and services,1063.7,A130208456V
2015-05-01,Victoria,Miscellaneous goods and services,1125.9,A130208456V
2015-06-01,Victoria,Miscellaneous goods and services,1140.5,A130208456V
2015-07-01,Victoria,Miscellaneous goods and services,1128.2,A130208456V
2015-08-01,Victoria,Miscellaneous goods and services,1136.9,A130208456V
2015-09-01,Victoria,Miscellaneous goods and services,1133.1,A130208456V
2015-10-01,Victoria,Miscellaneous goods and services,1194.1,A130208456V
2015-11-01,Victoria,Miscellaneous goods and services,1204.4,A130208456V
2015-12-01,Victoria,Miscellaneous goods and services,1342.5,A130208456V
2016-01-01,Victoria,Miscellaneous goods and services,1136.4,A130208456V
2016-02-01,Victoria,Miscellaneous goods and services,1131.8,A130208456V
2016-03-01,Victoria,Miscellaneous goods and services,1195.5,A130208456V
2016-04-01,Victoria,Miscellaneous goods and services,1138.7,A130208456V
2016-05-01,Victoria,Miscellaneous goods and services,1181.5,A130208456V
2016-06-01,Victoria,Miscellaneous goods and services,1201.9,A130208456V
2016-07-01,Victoria,Miscellaneous goods and services,1165.5,A130208456V
2016-08-01,Victoria,Miscellaneous goods and services,1185.7,A130208456V
2016-09-01,Victoria,Miscellaneous goods and services,1179.6,A130208456V
2016-10-01,Victoria,Miscellaneous goods and services,1241.0,A130208456V
2016-11-01,Victoria,Miscellaneous goods and services,1256.9,A130208456V
2016-12-01,Victoria,Miscellaneous goods and services,1396.7,A130208456V
2017-01-01,Victoria,Miscellaneous goods and services,1173.7,A130208456V
2017-02-01,Victoria,Miscellaneous goods and services,1179.1,A130208456V
2017-03-01,Victoria,Miscellaneous goods and services,1251.5,A130208456V
2017-04-01,Victoria,Miscellaneous goods and services,1171.8,A130208456V
2017-05-01,Victoria,Miscellaneous goods and services,1252.0,A130208456V
2017-06-01,Victoria,Miscellaneous goods and services,1250.8,A130208456V
2017-07-01,Victoria,Miscellaneous goods and services,1218.2,A130208456V
2017-08-01,Victoria,Miscellaneous goods and services,1237.9,A130208456V
2017-09-01,Victoria,Miscellaneous goods and services,1232.9,A130208456V
2017-10-01,Victoria,Miscellaneous goods and services,1289.7,A130208456V
2017-11-01,Victoria,Miscellaneous goods and services,1340.6,A130208456V
2017-12-01,Victoria,Miscellaneous goods and services,1486.2,A130208456V
2018-01-01,Victoria,Miscellaneous goods and services,1243.5,A130208456V
2018-02-01,Victoria,Miscellaneous goods and services,1224.5,A130208456V
2018-03-01,Victoria,Miscellaneous goods and services,1338.2,A130208456V
2018-04-01,Victoria,Miscellaneous goods and services,1262.2,A130208456V
2018-05-01,Victoria,Miscellaneous goods and services,1341.0,A130208456V
2018-06-01,Victoria,Miscellaneous goods and services,1338.9,A130208456V
2018-07-01,Victoria,Miscellaneous goods and services,1301.7,A130208456V
2018-08-01,Victoria,Miscellaneous goods and services,1318.1,A130208456V
2018-09-01,Victoria,Miscellaneous goods and services,1300.1,A130208456V
2018-10-01,Victoria,Miscellaneous goods and services,1383.6,A130208456V
2018-11-01,Victoria,Miscellaneous goods and services,1435.4,A130208456V
2018-12-01,Victoria,Miscellaneous goods and services,1565.0,A130208456V
2019-01-01,Victoria,Miscellaneous goods and services,1239.2,A130208456V
2019-02-01,Victoria,Miscellaneous goods and services,1252.7,A130208456V
2019-03-01,Victoria,Miscellaneous goods and services,1321.7,A130208456V
2019-04-01,Victoria,Miscellaneous goods and services,1246.5,A130208456V
2019-05-01,Victoria,Miscellaneous goods and services,1395.6,A130208456V
2019-06-01,Victoria,Miscellaneous goods and services,1371.5,A130208456V
2019-07-01,Victoria,Miscellaneous goods and services,1360.2,A130208456V
2019-08-01,Victoria,Miscellaneous goods and services,1364.7,A130208456V
2019-09-01,Victoria,Miscellaneous goods and services,1311.5,A130208456V
2019-10-01,Victoria,Miscellaneous goods and services,1403.7,A130208456V
2019-11-01,Victoria,Miscellaneous goods and services,1391.2,A130208456V
2019-12-01,Victoria,Miscellaneous goods and services,1492.2,A130208456V
2020-01-01,Victoria,Miscellaneous goods and services,1249.1,A130208456V
2020-02-01,Victoria,Miscellaneous goods and services,1213.2,A130208456V
2020-03-01,Victoria,Miscellaneous goods and services,1181.9,A130208456V
2020-04-01,Victoria,Miscellaneous goods and services,781.9,A130208456V
2020-05-01,Victoria,Miscellaneous goods and services,937.8,A130208456V
2020-06-01,Victoria,Miscellaneous goods and services,1074.7,A130208456V
2020-07-01,Victoria,Miscellaneous goods and services,1036.7,A130208456V
2020-08-01,Victoria,Miscellaneous goods and services,852.7,A130208456V
2020-09-01,Victoria,Miscellaneous goods and services,845.9,A130208456V
2020-10-01,Victoria,Miscellaneous goods and services,995.7,A130208456V
2020-11-01,Victoria,Miscellaneous goods and services,1245.7,A130208456V
2020-12-01,Victoria,Miscellaneous goods and services,1396.3,A130208456V
2021-01-01,Victoria,Miscellaneous goods and services,1093.3,A130208456V
2021-02-01,Victoria,Miscellaneous goods and services,1064.0,A130208456V
2021-03-01,Victoria,Miscellaneous goods and services,1246.0,A130208456V
2021-04-01,Victoria,Miscellaneous goods and services,1237.7,A130208456V
2021-05-01,Victoria,Miscellaneous goods and services,1240.8,A130208456V
2021-06-01,Victoria,Miscellaneous goods and services,1172.7,A130208456V
2021-07-01,Victoria,Miscellaneous goods and services,1146.2,A130208456V
2021-08-01,Victoria,Miscellaneous goods and services,992.2,A130208456V
2021-09-01,Victoria,Miscellaneous goods and services,948.6,A130208456V
2021-10-01,Victoria,Miscellaneous goods and services,1102.9,A130208456V
2021-11-01,Victoria,Miscellaneous goods and services,1427.4,A130208456V
2021-12-01,Victoria,Miscellaneous goods and services,1537.7,A130208456V
2022-01-01,Victoria,Miscellaneous goods and services,1190.7,A130208456V
2022-02-01,Victoria,Miscellaneous goods and services,1231.8,A130208456V
2022-03-01,Victoria,Miscellaneous goods and services,1376.8,A130208456V
2022-04-01,Victoria,Miscellaneous goods and services,1323.0,A130208456V
2022-05-01,Victoria,Miscellaneous goods and services,1392.0,A130208456V
2022-06-01,Victoria,Miscellaneous goods and services,1441.5,A130208456V
2022-07-01,Victoria,Miscellaneous goods and services,1409.4,A130208456V
2022-08-01,Victoria,Miscellaneous goods and services,1481.6,A130208456V
2022-09-01,Victoria,Miscellaneous goods and services,1473.8,A130208456V
2022-10-01,Victoria,Miscellaneous goods and services,1491.8,A130208456V
2022-11-01,Victoria,Miscellaneous goods and services,1549.8,A130208456V
2022-12-01,Victoria,Miscellaneous goods and services,1653.7,A130208456V
2023-01-01,Victoria,Miscellaneous goods and services,1317.5,A130208456V
2023-02-01,Victoria,Miscellaneous goods and services,1334.0,A130208456V
2023-03-01,Victoria,Miscellaneous goods and services,1456.8,A130208456V
2023-04-01,Victoria,Miscellaneous goods and services,1371.9,A130208456V
2023-05-01,Victoria,Miscellaneous goods and services,1461.4,A130208456V
2023-06-01,Victoria,Miscellaneous goods and services,1474.0,A130208456V
2023-07-01,Victoria,Miscellaneous goods and services,1388.5,A130208456V
2023-08-01,Victoria,Miscellaneous goods and services,1472.8,A130208456V
2023-09-01,Victoria,Miscellaneous goods and services,1433.6,A130208456V
2023-10-01,Victoria,Miscellaneous goods and services,1460.9,A130208456V
2023-11-01,Victoria,Miscellaneous goods and services,1563.0,A130208456V
2023-12-01,Victoria,Miscellaneous goods and services,1628.6,A130208456V
2024-01-01,Victoria,Miscellaneous goods and services,1359.2,A130208456V
2024-02-01,Victoria,Miscellaneous goods and services,1376.3,A130208456V
2024-03-01,Victoria,Miscellaneous goods and services,1401.2,A130208456V
2024-04-01,Victoria,Miscellaneous goods and services,1401.1,A130208456V
2024-05-01,Victoria,Miscellaneous goods and services,1472.2,A130208456V
2024-06-01,Victoria,Miscellaneous goods and services,1454.3,A130208456V
2024-07-01,Victoria,Miscellaneous goods and services,1448.2,A130208456V
2024-08-01,Victoria,Miscellaneous goods and services,1519.3,A130208456V
2024-09-01,Victoria,Miscellaneous goods and services,1451.3,A130208456V
2024-10-01,Victoria,Miscellaneous goods and services,1563.8,A130208456V
2024-11-01,Victoria,Miscellaneous goods and services,1580.1,A130208456V
2024-12-01,Victoria,Miscellaneous goods and services,1692.8,A130208456V
2025-01-01,Victoria,Miscellaneous goods and services,1437.2,A130208456V
2025-02-01,Victoria,Miscellaneous goods and services,1393.2,A130208456V
2025-03-01,Victoria,Miscellaneous goods and services,1523.2,A130208456V
2025-04-01,Victoria,Miscellaneous goods and services,1456.7,A130208456V
2025-05-01,Victoria,Miscellaneous goods and services,1567.4,A130208456V
2025-06-01,Victoria,Miscellaneous goods and services,1566.3,A130208456V
2025-07-01,Victoria,Miscellaneous goods and services,1576.6,A130208456V
2025-08-01,Victoria,Miscellaneous goods and services,1597.1,A130208456V
2025-09-01,Victoria,Miscellaneous goods and services,1565.2,A130208456V
2025-10-01,Victoria,Miscellaneous goods and services,1686.0,A130208456V
2025-11-01,Victoria,Miscellaneous goods and services,1696.8,A130208456V
2025-12-01,Victoria,Miscellaneous goods and services,1820.8,A130208456V
2026-01-01,Victoria,Miscellaneous goods and services,1542.3,A130208456V
2026-02-01,Victoria,Miscellaneous goods and services,1511.1,A130208456V
2026-03-01,Victoria,Miscellaneous goods and services,1653.4,A130208456V
2026-04-01,Victoria,Miscellaneous goods and services,1593.0,A130208456V
2026-05-01,Victoria,Miscellaneous goods and services,1679.3,A130208456V
2026-06-01,Victoria,Miscellaneous goods and services,1709.4,A130208456V
2026-07-01,Victoria,Miscellaneous goods and services,1703.6,A130208456V
