month,Location_ID,metadata_match_flag,monthly_footfall,avg_hourly_footfall,observation_count,Sensor_Description,Sensor_Name,Latitude,Longitude,Location_Type,Status,weekday_footfall,weekend_footfall,weekend_share_pct,is_partial_month,previous_month_footfall,mom_footfall_growth_pct,footfall_3m_avg,previous_year_footfall,yoy_footfall_growth_pct,expected_hours,coverage_pct,previous_year_coverage_pct,valid_yoy_comparison,validated_yoy_footfall_growth_pct
2024-10-01,1,Matched,757139,1019.029609690444,743,Bourke Street Mall (North),Bou292_T,-37.81349441,144.96515323,Outdoor,A,553693,203446,26.87036330185078,False,,,,,,744,99.86559139784946,,False,
2024-11-01,1,Matched,837574,1163.2972222222222,720,Bourke Street Mall (North),Bou292_T,-37.81349441,144.96515323,Outdoor,A,568326,269248,32.1461745469654,False,757139.0,10.623544685982363,,,,720,100.0,,False,
2024-12-01,1,Matched,1063048,1428.8279569892472,744,Bourke Street Mall (North),Bou292_T,-37.81349441,144.96515323,Outdoor,A,729569,333479,31.37007924383471,False,837574.0,26.91989006344514,885920.3333333334,,,744,100.0,,False,
2025-01-01,1,Matched,745185,1001.592741935484,744,Bourke Street Mall (North),Bou292_T,-37.81349441,144.96515323,Outdoor,A,556888,188297,25.268490374873352,False,1063048.0,-29.90109571722067,881935.6666666666,,,744,100.0,,False,
2025-02-01,1,Matched,642561,956.1919642857144,672,Bourke Street Mall (North),Bou292_T,-37.81349441,144.96515323,Outdoor,A,449155,193406,30.099243495948247,False,745185.0,-13.771613760341392,816931.3333333334,,,672,100.0,,False,
2025-03-01,1,Matched,755156,1014.994623655914,744,Bourke Street Mall (North),Bou292_T,-37.81349441,144.96515323,Outdoor,A,490351,264805,35.06626445396713,False,642561.0,17.522849970664264,714300.6666666666,,,744,100.0,,False,
2025-04-01,1,Matched,732304,1017.0888888888888,720,Bourke Street Mall (North),Bou292_T,-37.81349441,144.96515323,Outdoor,A,518024,214280,29.261071904564226,False,755156.0,-3.0261297003533043,710007.0,,,720,100.0,,False,
2025-05-01,1,Matched,693445,932.0497311827957,744,Bourke Street Mall (North),Bou292_T,-37.81349441,144.96515323,Outdoor,A,465712,227733,32.84081650311128,False,732304.0,-5.306402805392296,726968.3333333334,,,744,100.0,,False,
2025-06-01,1,Matched,653145,907.1458333333334,720,Bourke Street Mall (North),Bou292_T,-37.81349441,144.96515323,Outdoor,A,431972,221173,33.862771666322175,False,693445.0,-5.811564002912992,692964.6666666666,,,720,100.0,,False,
2025-07-01,1,Matched,731372,984.349932705249,743,Bourke Street Mall (North),Bou292_T,-37.81349441,144.96515323,Outdoor,A,526291,205081,28.04058673288012,False,653145.0,11.976972953938253,692654.0,,,744,99.86559139784946,,False,
2025-08-01,1,Matched,760895,1022.7083333333334,744,Bourke Street Mall (North),Bou292_T,-37.81349441,144.96515323,Outdoor,A,479717,281178,36.95358755150185,False,731372.0,4.036659866661562,715137.3333333334,,,744,100.0,,False,
2025-09-01,1,Matched,686816,953.9111111111112,720,Bourke Street Mall (North),Bou292_T,-37.81349441,144.96515323,Outdoor,A,492629,194187,28.273511391697337,False,760895.0,-9.735771689917794,726361.0,,,720,100.0,,False,
2025-10-01,1,Matched,739657,995.50067294751,743,Bourke Street Mall (North),Bou292_T,-37.81349441,144.96515323,Outdoor,A,537177,202480,27.37485077542699,False,686816.0,7.693618086940315,729122.6666666666,757139.0,-2.3089551588281676,744,99.86559139784946,99.86559139784946,True,-2.3089551588281676
2025-11-01,1,Matched,219485,984.237668161435,223,Bourke Street Mall (North),Bou292_T,-37.81349441,144.96515323,Outdoor,A,115336,104149,47.45153427341276,False,739657.0,-70.32611061613694,548652.6666666666,837574.0,-73.79515123439839,720,30.97222222222222,100.0,False,
2026-06-01,1,Matched,15487,1032.4666666666667,15,Bourke Street Mall (North),Bou292_T,-37.81349441,144.96515323,Outdoor,A,15487,0,0.0,False,,,324876.3333333333,653145.0,-97.62885729814971,720,2.083333333333333,100.0,False,
2026-07-01,1,Matched,688726,925.706989247312,744,Bourke Street Mall (North),Bou292_T,-37.81349441,144.96515323,Outdoor,A,492991,195735,28.41986508422798,False,15487.0,4347.123393814167,307899.3333333333,731372.0,-5.830958800719744,744,100.0,99.86559139784946,True,-5.830958800719744
2026-08-01,1,Matched,638583,858.3104838709677,744,Bourke Street Mall (North),Bou292_T,-37.81349441,144.96515323,Outdoor,A,399874,238709,37.38104522043336,False,688726.0,-7.280544077034989,447598.6666666667,760895.0,-16.07475407250672,744,100.0,100.0,True,-16.07475407250672
2024-10-01,2,Matched,434100,584.2530282637954,743,Bourke Street Mall (South),Bou283_T,-37.81380668,144.96516718,Outdoor,A,320463,113637,26.177608845888045,False,,,,,,744,99.86559139784946,,False,
2024-11-01,2,Matched,417093,579.2958333333333,720,Bourke Street Mall (South),Bou283_T,-37.81380668,144.96516718,Outdoor,A,282787,134306,32.2004924561189,False,434100.0,-3.9177608845888043,,,,720,100.0,,False,
2024-12-01,2,Matched,585254,786.6317204301075,744,Bourke Street Mall (South),Bou283_T,-37.81380668,144.96516718,Outdoor,A,390285,194969,33.313569834635906,False,417093.0,40.31738724936645,478815.6666666667,,,744,100.0,,False,
2025-01-01,2,Matched,405532,545.0698924731183,744,Bourke Street Mall (South),Bou283_T,-37.81380668,144.96516718,Outdoor,A,309563,95969,23.66496355404752,False,585254.0,-30.708376192217397,469293.0,,,744,100.0,,False,
2025-02-01,2,Matched,339217,504.7872023809524,672,Bourke Street Mall (South),Bou283_T,-37.81380668,144.96516718,Outdoor,A,242267,96950,28.580525150567336,False,405532.0,-16.352593630095775,443334.3333333333,,,672,100.0,,False,
2025-03-01,2,Matched,396093,532.383064516129,744,Bourke Street Mall (South),Bou283_T,-37.81380668,144.96516718,Outdoor,A,260235,135858,34.29952056713954,False,339217.0,16.76684835960462,380280.6666666667,,,744,100.0,,False,
2025-04-01,2,Matched,385822,535.8638888888889,720,Bourke Street Mall (South),Bou283_T,-37.81380668,144.96516718,Outdoor,A,275372,110450,28.627190777094103,False,396093.0,-2.5930778882737133,373710.6666666667,,,720,100.0,,False,
2025-05-01,2,Matched,343918,462.255376344086,744,Bourke Street Mall (South),Bou283_T,-37.81380668,144.96516718,Outdoor,A,233652,110266,32.06171238492897,False,385822.0,-10.860966974407887,375277.6666666667,,,744,100.0,,False,
2025-06-01,2,Matched,326208,454.3286908077994,718,Bourke Street Mall (South),Bou283_T,-37.81380668,144.96516718,Outdoor,A,217258,108950,33.39893564842064,False,343918.0,-5.149483307067382,351982.6666666667,,,720,99.72222222222223,,False,
2025-07-01,2,Matched,390115,524.3481182795699,744,Bourke Street Mall (South),Bou283_T,-37.81380668,144.96516718,Outdoor,A,278776,111339,28.54004588390603,False,326208.0,19.59087453403963,353413.6666666667,,,744,100.0,,False,
2025-08-01,2,Matched,508322,705.0235783633842,721,Bourke Street Mall (South),Bou283_T,-37.81380668,144.96516718,Outdoor,A,312572,195750,38.50905528385551,False,390115.0,30.300552401215025,408215.0,,,744,96.90860215053763,,False,
2025-09-01,2,Matched,474265,658.7013888888889,720,Bourke Street Mall (South),Bou283_T,-37.81380668,144.96516718,Outdoor,A,341449,132816,28.00459658629669,False,508322.0,-6.69988707944964,457567.3333333333,,,720,100.0,,False,
2025-10-01,2,Matched,521980,702.5302826379542,743,Bourke Street Mall (South),Bou283_T,-37.81380668,144.96516718,Outdoor,A,379281,142699,27.33802061381662,False,474265.0,10.060830970027306,501522.3333333333,434100.0,20.244183367887583,744,99.86559139784946,99.86559139784946,True,20.244183367887583
2025-11-01,2,Matched,581544,807.7,720,Bourke Street Mall (South),Bou283_T,-37.81380668,144.96516718,Outdoor,A,370180,211364,36.34531522980205,False,521980.0,11.41116517874248,525929.6666666666,417093.0,39.427897375405486,720,100.0,100.0,True,39.427897375405486
2025-12-01,2,Matched,800635,1076.122311827957,744,Bourke Street Mall (South),Bou283_T,-37.81380668,144.96516718,Outdoor,A,554805,245830,30.70437839964528,False,581544.0,37.67401950669253,634719.6666666666,585254.0,36.801286279119836,744,100.0,100.0,True,36.801286279119836
2026-01-01,2,Matched,503539,676.7997311827957,744,Bourke Street Mall (South),Bou283_T,-37.81380668,144.96516718,Outdoor,A,346328,157211,31.22121623151335,False,800635.0,-37.10754588545342,628572.6666666666,405532.0,24.167513291182942,744,100.0,100.0,True,24.167513291182942
2026-02-01,2,Matched,440919,656.1294642857143,672,Bourke Street Mall (South),Bou283_T,-37.81380668,144.96516718,Outdoor,A,303363,137556,31.197566900042865,False,503539.0,-12.435978146677815,581697.6666666666,339217.0,29.981398337937073,672,100.0,100.0,True,29.981398337937073
2026-03-01,2,Matched,472715,635.369623655914,744,Bourke Street Mall (South),Bou283_T,-37.81380668,144.96516718,Outdoor,A,316739,155976,32.995779698126775,False,440919.0,7.211301849092464,472391.0,396093.0,19.344446884948738,744,100.0,100.0,True,19.344446884948738
2026-04-01,2,Matched,534792,742.7666666666667,720,Bourke Street Mall (South),Bou283_T,-37.81380668,144.96516718,Outdoor,A,375989,158803,29.69434845697019,False,472715.0,13.132014004209724,482808.6666666667,385822.0,38.61106935322506,720,100.0,100.0,True,38.61106935322506
2026-05-01,2,Matched,440787,592.4556451612904,744,Bourke Street Mall (South),Bou283_T,-37.81380668,144.96516718,Outdoor,A,281465,159322,36.1448953803084,False,534792.0,-17.577862047300634,482764.6666666667,343918.0,28.16630708482836,744,100.0,100.0,True,28.16630708482836
2026-06-01,2,Matched,408373,567.1847222222223,720,Bourke Street Mall (South),Bou283_T,-37.81380668,144.96516718,Outdoor,A,288118,120255,29.44734348255149,False,440787.0,-7.353665148926806,461317.3333333333,326208.0,25.187916911908964,720,100.0,99.72222222222223,True,25.187916911908964
2026-07-01,2,Matched,474118,637.255376344086,744,Bourke Street Mall (South),Bou283_T,-37.81380668,144.96516718,Outdoor,A,344434,129684,27.352684352840438,False,408373.0,16.099252399154697,441092.6666666667,390115.0,21.53288132986427,744,100.0,100.0,True,21.53288132986427
2026-08-01,2,Matched,458341,616.0497311827957,744,Bourke Street Mall (South),Bou283_T,-37.81380668,144.96516718,Outdoor,A,293433,164908,35.979325436738144,False,474118.0,-3.327652609687884,446944.0,508322.0,-9.832547086295694,744,100.0,96.90860215053763,True,-9.832547086295694
2024-10-01,3,Matched,736499,991.250336473755,743,Melbourne Central,Swa295_T,-37.81101524,144.96429485,Outdoor,A,519580,216919,29.45272159229001,False,,,,,,744,99.86559139784946,,False,
2024-11-01,3,Matched,721423,1001.9763888888888,720,Melbourne Central,Swa295_T,-37.81101524,144.96429485,Outdoor,A,487822,233601,32.38058670156067,False,736499.0,-2.0469817338516414,,,,720,100.0,,False,
2024-12-01,3,Matched,805878,1083.1693548387098,744,Melbourne Central,Swa295_T,-37.81101524,144.96429485,Outdoor,A,556184,249694,30.984094366641106,False,721423.0,11.706724071730456,754600.0,,,744,100.0,,False,
2025-01-01,3,Matched,691670,929.6639784946236,744,Melbourne Central,Swa295_T,-37.81101524,144.96429485,Outdoor,A,507058,184612,26.69076293608224,False,805878.0,-14.171872169236535,739657.0,,,744,100.0,,False,
2025-02-01,3,Matched,647237,963.1502976190476,672,Melbourne Central,Swa295_T,-37.81101524,144.96429485,Outdoor,A,444168,203069,31.37475144344344,False,691670.0,-6.424017233651886,714928.3333333334,,,672,100.0,,False,
2025-03-01,3,Matched,817605,1098.9314516129032,744,Melbourne Central,Swa295_T,-37.81101524,144.96429485,Outdoor,A,534935,282670,34.57292947083249,False,647237.0,26.322351781495808,718837.3333333334,,,744,100.0,,False,
2025-04-01,3,Matched,809415,1124.1875,720,Melbourne Central,Swa295_T,-37.81101524,144.96429485,Outdoor,A,577199,232216,28.68936207013708,False,817605.0,-1.0017062028730255,758085.6666666666,,,720,100.0,,False,
2025-05-01,3,Matched,749701,1007.662634408602,744,Melbourne Central,Swa295_T,-37.81101524,144.96429485,Outdoor,A,502631,247070,32.95580504761232,False,809415.0,-7.377426907087218,792240.3333333334,,,744,100.0,,False,
2025-06-01,3,Matched,695689,966.2347222222222,720,Melbourne Central,Swa295_T,-37.81101524,144.96429485,Outdoor,A,456291,239398,34.411640833763364,False,749701.0,-7.204472182910253,751601.6666666666,,,720,100.0,,False,
2025-07-01,3,Matched,806426,1083.9059139784947,744,Melbourne Central,Swa295_T,-37.81101524,144.96429485,Outdoor,A,575656,230770,28.616388856510085,False,695689.0,15.917601111991134,750605.3333333334,,,744,100.0,,False,
2025-08-01,3,Matched,910333,1223.5658602150538,744,Melbourne Central,Swa295_T,-37.81101524,144.96429485,Outdoor,A,574418,335915,36.900233211363314,False,806426.0,12.884877223700625,804149.3333333334,,,744,100.0,,False,
2025-09-01,3,Matched,815802,1133.0583333333334,720,Melbourne Central,Swa295_T,-37.81101524,144.96429485,Outdoor,A,580863,234939,28.7985319967345,False,910333.0,-10.38422203743026,844187.0,,,720,100.0,,False,
2025-10-01,3,Matched,861255,1159.1588156123823,743,Melbourne Central,Swa295_T,-37.81101524,144.96429485,Outdoor,A,622850,238405,27.68111651020894,False,815802.0,5.571572513918818,862463.3333333334,736499.0,16.939058980392367,744,99.86559139784946,99.86559139784946,True,16.939058980392367
2025-11-01,3,Matched,800050,1111.1805555555557,720,Melbourne Central,Swa295_T,-37.81101524,144.96429485,Outdoor,A,519509,280541,35.06543341041185,False,861255.0,-7.106489947808721,825702.3333333334,721423.0,10.898876248747268,720,100.0,100.0,True,10.898876248747268
2025-12-01,3,Matched,910272,1223.483870967742,744,Melbourne Central,Swa295_T,-37.81101524,144.96429485,Outdoor,A,652548,257724,28.31285593756591,False,800050.0,13.776888944440973,857192.3333333334,805878.0,12.954069970888893,744,100.0,100.0,True,12.954069970888893
2026-01-01,3,Matched,795836,1069.6720430107528,744,Melbourne Central,Swa295_T,-37.81101524,144.96429485,Outdoor,A,527460,268376,33.72252574651059,False,910272.0,-12.571626942276595,835386.0,691670.0,15.060071999653013,744,100.0,100.0,True,15.060071999653013
2026-02-01,3,Matched,797386,1186.5863095238096,672,Melbourne Central,Swa295_T,-37.81101524,144.96429485,Outdoor,A,540688,256698,32.192438793758605,False,795836.0,0.1947637452942566,834498.0,647237.0,23.198457442945937,672,100.0,100.0,True,23.198457442945937
2026-03-01,3,Matched,1005041,1350.861559139785,744,Melbourne Central,Swa295_T,-37.81101524,144.96429485,Outdoor,A,675316,329725,32.80711931155047,False,797386.0,26.0419671275894,866087.6666666666,817605.0,22.92500657407917,744,100.0,100.0,True,22.92500657407917
2026-04-01,3,Matched,1066037,1480.6069444444445,720,Melbourne Central,Swa295_T,-37.81101524,144.96429485,Outdoor,A,742675,323362,30.333093504259235,False,1005041.0,6.069006140048018,956154.6666666666,809415.0,31.70462618063663,720,100.0,100.0,True,31.70462618063663
2026-05-01,3,Matched,951982,1279.5456989247311,744,Melbourne Central,Swa295_T,-37.81101524,144.96429485,Outdoor,A,614687,337295,35.43081696922841,False,1066037.0,-10.698971986901018,1007686.6666666666,749701.0,26.981556647250038,744,100.0,100.0,True,26.981556647250038
2026-06-01,3,Matched,794918,1104.0527777777777,720,Melbourne Central,Swa295_T,-37.81101524,144.96429485,Outdoor,A,554832,240086,30.202612093322838,False,951982.0,-16.498631276641785,937645.6666666666,695689.0,14.263413680538287,720,100.0,100.0,True,14.263413680538287
2026-07-01,3,Matched,905105,1216.5389784946235,744,Melbourne Central,Swa295_T,-37.81101524,144.96429485,Outdoor,A,651333,253772,28.037851961927068,False,794918.0,13.86142973237491,884001.6666666666,806426.0,12.236584633927974,744,100.0,100.0,True,12.236584633927974
2026-08-01,3,Matched,922904,1240.462365591398,744,Melbourne Central,Swa295_T,-37.81101524,144.96429485,Outdoor,A,579153,343751,37.246669209365216,False,905105.0,1.9665121726208563,874309.0,910333.0,1.3809232445709427,744,100.0,100.0,True,1.3809232445709427
2024-10-01,4,Matched,884138,1189.956931359354,743,Town Hall (West),Swa123_T,-37.81487988,144.9660878,Outdoor,A,625685,258453,29.232201307940613,False,,,,,,744,99.86559139784946,,False,
2024-11-01,4,Matched,1056693,1467.6291666666666,720,Town Hall (West),Swa123_T,-37.81487988,144.9660878,Outdoor,A,730345,326348,30.88389910787712,False,884138.0,19.516749647679436,,,,720,100.0,,False,
2024-12-01,4,Matched,1389236,1867.252688172043,744,Town Hall (West),Swa123_T,-37.81487988,144.9660878,Outdoor,A,949748,439488,31.63522972338753,False,1056693.0,31.470162100061227,1110022.3333333333,,,744,100.0,,False,
2025-01-01,4,Matched,1116560,1500.752688172043,744,Town Hall (West),Swa123_T,-37.81487988,144.9660878,Outdoor,A,831895,284665,25.494823386114497,False,1389236.0,-19.62776662856419,1187496.3333333333,,,744,100.0,,False,
2025-02-01,4,Matched,1030017,1532.763392857143,672,Town Hall (West),Swa123_T,-37.81487988,144.9660878,Outdoor,A,717839,312178,30.30804345947688,False,1116560.0,-7.750859783621122,1178604.3333333333,,,672,100.0,,False,
2025-03-01,4,Matched,1265757,1701.2862903225807,744,Town Hall (West),Swa123_T,-37.81487988,144.9660878,Outdoor,A,819534,446223,35.253449121750855,False,1030017.0,22.88700089416,1137444.6666666667,,,744,100.0,,False,
2025-04-01,4,Matched,1220025,1694.4791666666667,720,Town Hall (West),Swa123_T,-37.81487988,144.9660878,Outdoor,A,864629,355396,29.13022274133727,False,1265757.0,-3.6130157684294852,1171933.0,,,720,100.0,,False,
2025-05-01,4,Matched,989840,1330.4301075268818,744,Town Hall (West),Swa123_T,-37.81487988,144.9660878,Outdoor,A,654912,334928,33.83657964923624,False,1220025.0,-18.867236327124445,1158540.6666666667,,,744,100.0,,False,
2025-06-01,4,Matched,988647,1373.1208333333334,720,Town Hall (West),Swa123_T,-37.81487988,144.9660878,Outdoor,A,646237,342410,34.63420209640044,False,989840.0,-0.12052452921684313,1066170.6666666667,,,720,100.0,,False,
2025-07-01,4,Matched,1081348,1453.4247311827958,744,Town Hall (West),Swa123_T,-37.81487988,144.9660878,Outdoor,A,771885,309463,28.61826165119832,False,988647.0,9.376551994796928,1019945.0,,,744,100.0,,False,
2025-08-01,4,Matched,1167082,1568.6586021505375,744,Town Hall (West),Swa123_T,-37.81487988,144.9660878,Outdoor,A,744519,422563,36.20679609487594,False,1081348.0,7.928437468788956,1079025.6666666667,,,744,100.0,,False,
2025-09-01,4,Matched,1068592,1484.1555555555556,720,Town Hall (West),Swa123_T,-37.81487988,144.9660878,Outdoor,A,767896,300696,28.139458277808554,False,1167082.0,-8.438995717524561,1105674.0,,,720,100.0,,False,
2025-10-01,4,Matched,1113287,1498.3674293405115,743,Town Hall (West),Swa123_T,-37.81487988,144.9660878,Outdoor,A,801839,311448,27.97553550881309,False,1068592.0,4.182606645005764,1116320.3333333333,884138.0,25.91778658987624,744,99.86559139784946,99.86559139784946,True,25.91778658987624
2025-11-01,4,Matched,1135231,1576.709722222222,720,Town Hall (West),Swa123_T,-37.81487988,144.9660878,Outdoor,A,738657,396574,34.93333074942457,False,1113287.0,1.9710999948800263,1105703.3333333333,1056693.0,7.4324330718572,720,100.0,100.0,True,7.4324330718572
2025-12-01,4,Matched,1410531,1895.875,744,Town Hall (West),Swa123_T,-37.81487988,144.9660878,Outdoor,A,1012347,398184,28.22936893978225,False,1135231.0,24.25057102915618,1219683.0,1389236.0,1.5328569084014523,744,100.0,100.0,True,1.5328569084014523
2026-01-01,4,Matched,1176427,1581.2190860215053,744,Town Hall (West),Swa123_T,-37.81487988,144.9660878,Outdoor,A,802028,374399,31.82509411973713,False,1410531.0,-16.596870256662207,1240729.6666666667,1116560.0,5.361736046428316,744,100.0,100.0,True,5.361736046428316
2026-02-01,4,Matched,1041245,1549.471726190476,672,Town Hall (West),Swa123_T,-37.81487988,144.9660878,Outdoor,A,712965,328280,31.527642389639325,False,1176427.0,-11.490895737687081,1209401.0,1030017.0,1.0900790957819142,672,100.0,100.0,True,1.0900790957819142
2026-03-01,4,Matched,1203992,1618.268817204301,744,Town Hall (West),Swa123_T,-37.81487988,144.9660878,Outdoor,A,805150,398842,33.12663207064499,False,1041245.0,15.63003903980331,1140554.6666666667,1265757.0,-4.879688597416408,744,100.0,100.0,True,-4.879688597416408
2026-04-01,4,Matched,1295924,1799.8944444444444,720,Town Hall (West),Swa123_T,-37.81487988,144.9660878,Outdoor,A,897752,398172,30.724949919902716,False,1203992.0,7.635598907633938,1180387.0,1220025.0,6.221102026597816,720,100.0,100.0,True,6.221102026597816
2026-05-01,4,Matched,1132758,1522.524193548387,744,Town Hall (West),Swa123_T,-37.81487988,144.9660878,Outdoor,A,718893,413865,36.53604741701229,False,1295924.0,-12.590707479759617,1210891.3333333333,989840.0,14.43849511032086,744,100.0,100.0,True,14.43849511032086
2026-06-01,4,Matched,858467,1341.3546875,640,Town Hall (West),Swa123_T,-37.81487988,144.9660878,Outdoor,A,625170,233297,27.176000941212653,False,1132758.0,-24.214439447790262,1095716.3333333333,988647.0,-13.167490519872107,720,88.88888888888889,100.0,False,
2026-07-01,4,Matched,1094725,1471.404569892473,744,Town Hall (West),Swa123_T,-37.81487988,144.9660878,Outdoor,A,785911,308814,28.209276302267693,False,858467.0,27.520918101685908,1028650.0,1081348.0,1.237067068140876,744,100.0,100.0,True,1.237067068140876
2026-08-01,4,Matched,1099700,1478.0913978494625,744,Town Hall (West),Swa123_T,-37.81487988,144.9660878,Outdoor,A,692690,407010,37.011003000818405,False,1094725.0,0.45445203133206974,1017630.6666666666,1167082.0,-5.773544618115951,744,100.0,100.0,True,-5.773544618115951
2024-10-01,5,Matched,760430,1023.4589502018842,743,Princes Bridge,PriNW_T,-37.81874249,144.96787656,Outdoor,A,524740,235690,30.994305853267228,False,,,,,,744,99.86559139784946,,False,
2024-11-01,5,Matched,726160,1008.5555555555557,720,Princes Bridge,PriNW_T,-37.81874249,144.96787656,Outdoor,A,477543,248617,34.23722044728434,False,760430.0,-4.506660705127362,,,,720,100.0,,False,
2024-12-01,5,Matched,1082730,1465.128552097429,739,Princes Bridge,PriNW_T,-37.81874249,144.96787656,Outdoor,A,728911,353819,32.678414747905755,False,726160.0,49.10350336014101,856440.0,,,744,99.32795698924731,,False,
2025-01-01,5,Matched,974614,1309.965053763441,744,Princes Bridge,PriNW_T,-37.81874249,144.96787656,Outdoor,A,709826,264788,27.16849952904432,False,1082730.0,-9.985499616709612,927834.6666666666,,,744,100.0,,False,
2025-02-01,5,Matched,696328,1037.746646795827,671,Princes Bridge,PriNW_T,-37.81874249,144.96787656,Outdoor,A,448295,248033,35.620138785170205,False,974614.0,-28.553458086996493,917890.6666666666,,,672,99.85119047619048,,False,
2025-03-01,5,Matched,1001523,1346.133064516129,744,Princes Bridge,PriNW_T,-37.81874249,144.96787656,Outdoor,A,618510,383013,38.24305582597704,False,696328.0,43.82920118105261,890821.6666666666,,,744,100.0,,False,
2025-04-01,5,Matched,765034,1062.5472222222222,720,Princes Bridge,PriNW_T,-37.81874249,144.96787656,Outdoor,A,494161,270873,35.40666166471033,False,1001523.0,-23.612937496193297,820961.6666666666,,,720,100.0,,False,
2025-05-01,5,Matched,583993,784.9368279569892,744,Princes Bridge,PriNW_T,-37.81874249,144.96787656,Outdoor,A,362156,221837,37.98624298578922,False,765034.0,-23.66443844325873,783516.6666666666,,,744,100.0,,False,
2025-06-01,5,Matched,626321,869.8902777777778,720,Princes Bridge,PriNW_T,-37.81874249,144.96787656,Outdoor,A,401405,224916,35.9106592306501,False,583993.0,7.248032082576332,658449.3333333334,,,720,100.0,,False,
2025-07-01,5,Matched,732679,984.7836021505376,744,Princes Bridge,PriNW_T,-37.81874249,144.96787656,Outdoor,A,499804,232875,31.784041851888755,False,626321.0,16.981388138031456,647664.3333333334,,,744,100.0,,False,
2025-08-01,5,Matched,841062,1133.5067385444745,742,Princes Bridge,PriNW_T,-37.81874249,144.96787656,Outdoor,A,533361,307701,36.58481776610999,False,732679.0,14.792699121989303,733354.0,,,744,99.73118279569893,,False,
2025-09-01,5,Matched,810620,1127.4269819193323,719,Princes Bridge,PriNW_T,-37.81874249,144.96787656,Outdoor,A,567181,243439,30.03121067824628,False,841062.0,-3.6194715728448084,794787.0,,,720,99.86111111111111,,False,
2025-10-01,5,Matched,827211,1113.3391655450876,743,Princes Bridge,PriNW_T,-37.81874249,144.96787656,Outdoor,A,585256,241955,29.24949015426536,False,810620.0,2.0467049912412723,826297.6666666666,760430.0,8.782004918269926,744,99.86559139784946,99.86559139784946,True,8.782004918269926
2025-11-01,5,Matched,712445,990.883171070932,719,Princes Bridge,PriNW_T,-37.81874249,144.96787656,Outdoor,A,430684,281761,39.54845637207083,False,827211.0,-13.873848389346854,783425.3333333334,726160.0,-1.8887022143880137,720,99.86111111111111,100.0,True,-1.8887022143880137
2025-12-01,5,Matched,1095188,1472.02688172043,744,Princes Bridge,PriNW_T,-37.81874249,144.96787656,Outdoor,A,762193,332995,30.40528201550784,False,712445.0,53.722462786601064,878281.3333333334,1082730.0,1.150610032048618,744,100.0,99.32795698924731,True,1.150610032048618
2026-01-01,5,Matched,963725,1295.3293010752689,744,Princes Bridge,PriNW_T,-37.81874249,144.96787656,Outdoor,A,638313,325412,33.766063970531015,False,1095188.0,-12.00369251671859,923786.0,974614.0,-1.1172628343118405,744,100.0,100.0,True,-1.1172628343118405
2026-02-01,5,Matched,681021,1013.4241071428572,672,Princes Bridge,PriNW_T,-37.81874249,144.96787656,Outdoor,A,432371,248650,36.51135574380232,False,963725.0,-29.334509325793146,913311.3333333334,696328.0,-2.198245654346802,672,100.0,99.85119047619048,True,-2.198245654346802
2026-03-01,5,Matched,877522,1179.465053763441,744,Princes Bridge,PriNW_T,-37.81874249,144.96787656,Outdoor,A,560995,316527,36.070548658609134,False,681021.0,28.853882626233258,840756.0,1001523.0,-12.381243366353043,744,100.0,100.0,True,-12.381243366353043
2026-04-01,5,Matched,820970,1141.8219749652294,719,Princes Bridge,PriNW_T,-37.81874249,144.96787656,Outdoor,A,520105,300865,36.64750234478726,False,877522.0,-6.444510792891803,793171.0,765034.0,7.311570466149217,720,99.86111111111111,100.0,True,7.311570466149217
2026-05-01,5,Matched,672437,903.8131720430108,744,Princes Bridge,PriNW_T,-37.81874249,144.96787656,Outdoor,A,403013,269424,40.06680179704567,False,820970.0,-18.09237852783902,790309.6666666666,583993.0,15.144702076908455,744,100.0,100.0,True,15.144702076908455
2026-06-01,5,Matched,651223,904.4763888888888,720,Princes Bridge,PriNW_T,-37.81874249,144.96787656,Outdoor,A,439111,212112,32.57133117227125,False,672437.0,-3.1547936832744186,714876.6666666666,626321.0,3.975916502879514,720,100.0,100.0,True,3.975916502879514
2026-07-01,5,Matched,748600,1006.1827956989248,744,Princes Bridge,PriNW_T,-37.81874249,144.96787656,Outdoor,A,521648,226952,30.316858135185683,False,651223.0,14.952942386862873,690753.3333333334,732679.0,2.1729843492170513,744,100.0,100.0,True,2.1729843492170513
2026-08-01,5,Matched,789364,1060.97311827957,744,Princes Bridge,PriNW_T,-37.81874249,144.96787656,Outdoor,A,476512,312852,39.633426404041735,False,748600.0,5.445364680737376,729729.0,841062.0,-6.146752558075386,744,100.0,99.73118279569893,True,-6.146752558075386
2024-10-01,6,Matched,322619,438.3410326086956,736,Flinders Underpass - Myki Barriers,FliS_T,-37.81907439,144.96557866,Outdoor,A,266294,56325,17.458674163641945,False,,,,,,744,98.9247311827957,,False,
2024-11-01,6,Matched,304556,427.14726507713885,713,Flinders Underpass - Myki Barriers,FliS_T,-37.81907439,144.96557866,Outdoor,A,240197,64359,21.13207423265344,False,322619.0,-5.5988642950353205,,,,720,99.02777777777779,,False,
2024-12-01,6,Matched,322375,435.6418918918919,740,Flinders Underpass - Myki Barriers,FliS_T,-37.81907439,144.96557866,Outdoor,A,250178,72197,22.395347033734005,False,304556.0,5.850812330080511,316516.6666666667,,,744,99.46236559139786,,False,
2025-01-01,6,Matched,275071,371.7175675675676,740,Flinders Underpass - Myki Barriers,FliS_T,-37.81907439,144.96557866,Outdoor,A,223817,51254,18.6330074780693,False,322375.0,-14.67359441644048,300667.3333333333,,,744,99.46236559139786,,False,
2025-02-01,6,Matched,279930,419.6851574212894,667,Flinders Underpass - Myki Barriers,FliS_T,-37.81907439,144.96557866,Outdoor,A,228651,51279,18.31850819847819,False,275071.0,1.766453024855401,292458.6666666667,,,672,99.25595238095238,,False,
2025-03-01,6,Matched,316277,427.40135135135137,740,Flinders Underpass - Myki Barriers,FliS_T,-37.81907439,144.96557866,Outdoor,A,246845,69432,21.95290836829741,False,279930.0,12.984317507948415,290426.0,,,744,99.46236559139786,,False,
2025-04-01,6,Matched,280248,391.95524475524473,715,Flinders Underpass - Myki Barriers,FliS_T,-37.81907439,144.96557866,Outdoor,A,226549,53699,19.16124289914647,False,316277.0,-11.39159660677191,292151.6666666667,,,720,99.30555555555556,,False,
2025-05-01,6,Matched,302034,408.7063599458728,739,Flinders Underpass - Myki Barriers,FliS_T,-37.81907439,144.96557866,Outdoor,A,244082,57952,19.18724382023216,False,280248.0,7.77382889440781,299519.6666666667,,,744,99.32795698924731,,False,
2025-06-01,6,Matched,267407,373.99580419580417,715,Flinders Underpass - Myki Barriers,FliS_T,-37.81907439,144.96557866,Outdoor,A,215333,52074,19.473686178746256,False,302034.0,-11.464603322804717,283229.6666666667,,,720,99.30555555555556,,False,
2025-07-01,6,Matched,282015,386.8518518518519,729,Flinders Underpass - Myki Barriers,FliS_T,-37.81907439,144.96557866,Outdoor,A,236174,45841,16.25480914135773,False,267407.0,5.462833807641535,283818.6666666667,,,744,97.98387096774194,,False,
2025-08-01,6,Matched,280856,382.1170068027211,735,Flinders Underpass - Myki Barriers,FliS_T,-37.81907439,144.96557866,Outdoor,A,223360,57496,20.471700800410176,False,282015.0,-0.4109710476393099,276759.3333333333,,,744,98.79032258064517,,False,
2025-09-01,6,Matched,278235,388.5963687150838,716,Flinders Underpass - Myki Barriers,FliS_T,-37.81907439,144.96557866,Outdoor,A,232223,46012,16.537099933509445,False,280856.0,-0.9332184464636681,280368.6666666667,,,720,99.44444444444444,,False,
2025-10-01,6,Matched,308016,415.6761133603239,741,Flinders Underpass - Myki Barriers,FliS_T,-37.81907439,144.96557866,Outdoor,A,260131,47885,15.546270323619552,False,278235.0,10.703541969917515,289035.6666666667,322619.0,-4.526391812013551,744,99.59677419354838,98.9247311827957,True,-4.526391812013551
2025-11-01,6,Matched,287255,399.5201668984701,719,Flinders Underpass - Myki Barriers,FliS_T,-37.81907439,144.96557866,Outdoor,A,223389,63866,22.233207428939444,False,308016.0,-6.740234273544231,291168.6666666667,304556.0,-5.680728667305848,720,99.86111111111111,99.02777777777779,True,-5.680728667305848
2025-12-01,6,Matched,352364,476.1675675675676,740,Flinders Underpass - Myki Barriers,FliS_T,-37.81907439,144.96557866,Outdoor,A,265350,87014,24.694350160629348,False,287255.0,22.665924004804094,315878.3333333333,322375.0,9.302520356727413,744,99.46236559139786,99.46236559139786,True,9.302520356727413
2026-01-01,6,Matched,297369,401.3076923076923,741,Flinders Underpass - Myki Barriers,FliS_T,-37.81907439,144.96557866,Outdoor,A,217981,79388,26.69679758145604,False,352364.0,-15.607440033601616,312329.3333333333,275071.0,8.10627074464411,744,99.59677419354838,99.46236559139786,True,8.10627074464411
2026-02-01,6,Matched,259084,389.6,665,Flinders Underpass - Myki Barriers,FliS_T,-37.81907439,144.96557866,Outdoor,A,212863,46221,17.84015994812493,False,297369.0,-12.874576704363939,302939.0,279930.0,-7.446861715428857,672,98.95833333333334,99.25595238095238,True,-7.446861715428857
2026-03-01,6,Matched,290086,390.9514824797844,742,Flinders Underpass - Myki Barriers,FliS_T,-37.81907439,144.96557866,Outdoor,A,234013,56073,19.32978496032211,False,259084.0,11.966003303947755,282179.6666666667,316277.0,-8.28103213322499,744,99.73118279569893,99.46236559139786,True,-8.28103213322499
2026-04-01,6,Matched,328799,457.3004172461752,719,Flinders Underpass - Myki Barriers,FliS_T,-37.81907439,144.96557866,Outdoor,A,255324,73475,22.346479155958505,False,290086.0,13.345352757458134,292656.3333333333,280248.0,17.32429847849048,720,99.86111111111111,99.30555555555556,True,17.32429847849048
2026-05-01,6,Matched,320352,431.7412398921833,742,Flinders Underpass - Myki Barriers,FliS_T,-37.81907439,144.96557866,Outdoor,A,244010,76342,23.83066127260014,False,328799.0,-2.569046742842892,313079.0,302034.0,6.064880112834979,744,99.73118279569893,99.32795698924731,True,6.064880112834979
2026-06-01,6,Matched,255747,357.6881118881119,715,Flinders Underpass - Myki Barriers,FliS_T,-37.81907439,144.96557866,Outdoor,A,211364,44383,17.354260265027545,False,320352.0,-20.16687893317351,301632.6666666667,267407.0,-4.360394454894599,720,99.30555555555556,99.30555555555556,True,-4.360394454894599
2026-07-01,6,Matched,267038,360.8621621621622,740,Flinders Underpass - Myki Barriers,FliS_T,-37.81907439,144.96557866,Outdoor,A,222008,45030,16.862768594731836,False,255747.0,4.4149100478206975,281045.6666666667,282015.0,-5.310710423204439,744,99.46236559139786,97.98387096774194,True,-5.310710423204439
2026-08-01,6,Matched,265017,359.1016260162602,738,Flinders Underpass - Myki Barriers,FliS_T,-37.81907439,144.96557866,Outdoor,A,205501,59516,22.45742725938336,False,267038.0,-0.7568211265812357,262600.6666666667,280856.0,-5.639544820121343,744,99.19354838709677,98.79032258064517,True,-5.639544820121343
2024-10-01,8,Matched,171298,234.65479452054797,730,Webb Bridge,WebBN_T,-37.82293543,144.9471751,Outdoor,A,133946,37352,21.80527501780523,False,,,,,,744,98.11827956989248,,False,
2024-11-01,8,Matched,169323,241.89,700,Webb Bridge,WebBN_T,-37.82293543,144.9471751,Outdoor,A,125405,43918,25.937409566331805,False,171298.0,-1.1529615056801596,,,,720,97.22222222222221,,False,
2024-12-01,8,Matched,170940,237.41666666666663,720,Webb Bridge,WebBN_T,-37.82293543,144.9471751,Outdoor,A,128807,42133,24.64782964782965,False,169323.0,0.9549795361527967,170520.33333333334,,,744,96.7741935483871,,False,
2025-01-01,8,Matched,160640,231.13669064748203,695,Webb Bridge,WebBN_T,-37.82293543,144.9471751,Outdoor,A,128369,32271,20.08901892430279,False,170940.0,-6.025506025506026,166967.66666666666,,,744,93.41397849462365,,False,
2025-02-01,8,Matched,151702,241.9489633173844,627,Webb Bridge,WebBN_T,-37.82293543,144.9471751,Outdoor,A,117434,34268,22.589023216569327,False,160640.0,-5.563994023904383,161094.0,,,672,93.30357142857143,,False,
2025-03-01,8,Matched,164864,239.2801161103048,689,Webb Bridge,WebBN_T,-37.82293543,144.9471751,Outdoor,A,118148,46716,28.33608307453416,False,151702.0,8.676220484898025,159068.66666666666,,,744,92.60752688172043,,False,
2025-04-01,8,Matched,154697,237.9953846153846,650,Webb Bridge,WebBN_T,-37.82293543,144.9471751,Outdoor,A,116631,38066,24.60681202608971,False,164864.0,-6.166901203416149,157087.66666666666,,,720,90.27777777777779,,False,
2025-05-01,8,Matched,145689,224.48228043143297,649,Webb Bridge,WebBN_T,-37.82293543,144.9471751,Outdoor,A,106063,39626,27.19903355778405,False,154697.0,-5.8229959210585855,155083.33333333334,,,744,87.23118279569893,,False,
2025-06-01,8,Matched,124359,211.49489795918367,588,Webb Bridge,WebBN_T,-37.82293543,144.9471751,Outdoor,A,89942,34417,27.675520066903083,False,145689.0,-14.640775899347238,141581.66666666666,,,720,81.66666666666667,,False,
2025-07-01,8,Matched,141546,239.502538071066,591,Webb Bridge,WebBN_T,-37.82293543,144.9471751,Outdoor,A,100048,41498,29.31767764542975,False,124359.0,13.820471377222395,137198.0,,,744,79.43548387096774,,False,
2025-08-01,8,Matched,143832,215.64017991004496,667,Webb Bridge,WebBN_T,-37.82293543,144.9471751,Outdoor,A,100652,43180,30.021135769508877,False,141546.0,1.6150226781399684,136579.0,,,744,89.65053763440861,,False,
2025-09-01,8,Matched,146722,217.68842729970328,674,Webb Bridge,WebBN_T,-37.82293543,144.9471751,Outdoor,A,112417,34305,23.380951731846626,False,143832.0,2.009288614494688,144033.33333333334,,,720,93.61111111111111,,False,
2025-10-01,8,Matched,168209,238.25637393767704,706,Webb Bridge,WebBN_T,-37.82293543,144.9471751,Outdoor,A,132150,36059,21.43702180026039,False,146722.0,14.644702225978381,152921.0,171298.0,-1.8032901726815258,744,94.89247311827957,98.11827956989248,True,-1.8032901726815258
2025-11-01,8,Matched,172076,262.3109756097561,656,Webb Bridge,WebBN_T,-37.82293543,144.9471751,Outdoor,A,123478,48598,28.24217206350682,False,168209.0,2.298925741191018,162335.66666666666,169323.0,1.6258866190653365,720,91.11111111111111,97.22222222222221,True,1.6258866190653365
2025-12-01,8,Matched,184568,261.05799151343706,707,Webb Bridge,WebBN_T,-37.82293543,144.9471751,Outdoor,A,143657,40911,22.16581422565125,False,172076.0,7.25958297496455,174951.0,170940.0,7.972387972387971,744,95.02688172043011,96.7741935483871,True,7.972387972387971
2026-01-01,8,Matched,164938,233.954609929078,705,Webb Bridge,WebBN_T,-37.82293543,144.9471751,Outdoor,A,123207,41731,25.30102220228207,False,184568.0,-10.635646482597199,173860.66666666666,160640.0,2.6755478087649402,744,94.75806451612904,93.41397849462365,True,2.6755478087649402
2026-02-01,8,Matched,152981,247.1421647819063,619,Webb Bridge,WebBN_T,-37.82293543,144.9471751,Outdoor,A,116974,36007,23.53690981232964,False,164938.0,-7.249390680134353,167495.66666666666,151702.0,0.8431002887239456,672,92.11309523809523,93.30357142857143,True,0.8431002887239456
2026-03-01,8,Matched,157881,228.4819102749638,691,Webb Bridge,WebBN_T,-37.82293543,144.9471751,Outdoor,A,113732,44149,27.96346615488881,False,152981.0,3.20301213876233,158600.0,164864.0,-4.2356123835403725,744,92.8763440860215,92.60752688172043,True,-4.2356123835403725
2026-04-01,8,Matched,157355,241.3420245398773,652,Webb Bridge,WebBN_T,-37.82293543,144.9471751,Outdoor,A,115559,41796,26.5615963903276,False,157881.0,-0.33316231845503896,156072.33333333334,154697.0,1.7181975086782548,720,90.55555555555556,90.27777777777779,True,1.7181975086782548
2026-05-01,8,Matched,135918,213.7075471698113,636,Webb Bridge,WebBN_T,-37.82293543,144.9471751,Outdoor,A,93480,42438,31.22323754028164,False,157355.0,-13.62333576943853,150384.66666666666,145689.0,-6.706752054032905,744,85.48387096774194,87.23118279569893,False,
2026-06-01,8,Matched,119896,207.4325259515571,578,Webb Bridge,WebBN_T,-37.82293543,144.9471751,Outdoor,A,87183,32713,27.284479882564888,False,135918.0,-11.787989817389898,137723.0,124359.0,-3.5888033837518796,720,80.27777777777779,81.66666666666667,False,
2026-07-01,8,Matched,145263,246.6264855687606,589,Webb Bridge,WebBN_T,-37.82293543,144.9471751,Outdoor,A,101699,43564,29.989742742474,False,119896.0,21.15750316941349,133692.33333333334,141546.0,2.626001441227587,744,79.16666666666666,79.43548387096774,False,
2026-08-01,8,Matched,139684,247.66666666666663,564,Webb Bridge,WebBN_T,-37.82293543,144.9471751,Outdoor,A,92920,46764,33.4784227255806,False,145263.0,-3.840620116616069,134947.66666666666,143832.0,-2.883920129039435,744,75.80645161290323,89.65053763440861,False,
2024-10-01,9,Matched,467715,630.3436657681941,742,Southern Cross Station,Col700_T,-37.81982992,144.95102555,Outdoor,A,443688,24027,5.137102722811969,False,,,,,,744,99.73118279569893,,False,
2024-11-01,9,Matched,394480,548.6509040333797,719,Southern Cross Station,Col700_T,-37.81982992,144.95102555,Outdoor,A,367625,26855,6.807696207665788,False,467715.0,-15.658039618143526,,,,720,99.86111111111111,,False,
2024-12-01,9,Matched,307425,413.2056451612903,744,Southern Cross Station,Col700_T,-37.81982992,144.95102555,Outdoor,A,289660,17765,5.778645198015776,False,394480.0,-22.06829243561144,389873.3333333333,,,744,100.0,,False,
2025-01-01,9,Matched,323151,434.34274193548384,744,Southern Cross Station,Col700_T,-37.81982992,144.95102555,Outdoor,A,308226,14925,4.618583881838521,False,307425.0,5.115393998536228,341685.3333333333,,,744,100.0,,False,
2025-02-01,9,Matched,390214,580.6755952380952,672,Southern Cross Station,Col700_T,-37.81982992,144.95102555,Outdoor,A,373011,17203,4.4086065594776205,False,323151.0,20.752836909061088,340263.3333333333,,,672,100.0,,False,
2025-03-01,9,Matched,431687,580.2244623655914,744,Southern Cross Station,Col700_T,-37.81982992,144.95102555,Outdoor,A,404953,26734,6.192912920704121,False,390214.0,10.628270641237885,381684.0,,,744,100.0,,False,
2025-04-01,9,Matched,380580,530.7949790794979,717,Southern Cross Station,Col700_T,-37.81982992,144.95102555,Outdoor,A,351920,28660,7.53061117242104,False,431687.0,-11.838901796903775,400827.0,,,720,99.58333333333333,,False,
2025-05-01,9,Matched,431562,581.6199460916442,742,Southern Cross Station,Col700_T,-37.81982992,144.95102555,Outdoor,A,411439,20123,4.662829442814705,False,380580.0,13.395869462399496,414609.6666666667,,,744,99.73118279569893,,False,
2025-06-01,9,Matched,347785,484.3802228412257,718,Southern Cross Station,Col700_T,-37.81982992,144.95102555,Outdoor,A,329566,18219,5.238581307416939,False,431562.0,-19.412506198414135,386642.3333333333,,,720,99.72222222222223,,False,
2025-07-01,9,Matched,417150,564.4790257104195,739,Southern Cross Station,Col700_T,-37.81982992,144.95102555,Outdoor,A,392840,24310,5.8276399376723,False,347785.0,19.944793478729675,398832.3333333333,,,744,99.32795698924731,,False,
2025-08-01,9,Matched,385970,521.581081081081,740,Southern Cross Station,Col700_T,-37.81982992,144.95102555,Outdoor,A,363588,22382,5.7988962872762135,False,417150.0,-7.474529545726957,383635.0,,,744,99.46236559139786,,False,
2025-09-01,9,Matched,374837,521.3310152990264,719,Southern Cross Station,Col700_T,-37.81982992,144.95102555,Outdoor,A,359935,14902,3.975594725173876,False,385970.0,-2.8844210689949996,392652.3333333333,,,720,99.86111111111111,,False,
2025-10-01,9,Matched,420259,567.1511470985155,741,Southern Cross Station,Col700_T,-37.81982992,144.95102555,Outdoor,A,400439,19820,4.716139333125525,False,374837.0,12.117800537300214,393688.6666666667,467715.0,-10.146349807040613,744,99.59677419354838,99.73118279569893,True,-10.146349807040613
2025-11-01,9,Matched,368142,512.7325905292479,718,Southern Cross Station,Col700_T,-37.81982992,144.95102555,Outdoor,A,340589,27553,7.484340281739112,False,420259.0,-12.401162140489555,387746.0,394480.0,-6.676637598864328,720,99.72222222222223,99.86111111111111,True,-6.676637598864328
2025-12-01,9,Matched,322797,434.4508748317632,743,Southern Cross Station,Col700_T,-37.81982992,144.95102555,Outdoor,A,302715,20082,6.22124740936254,False,368142.0,-12.317258014570465,370399.3333333333,307425.0,5.000243961941937,744,99.86559139784946,100.0,True,5.000243961941937
2026-01-01,9,Matched,299117,403.122641509434,742,Southern Cross Station,Col700_T,-37.81982992,144.95102555,Outdoor,A,280816,18301,6.118341652263161,False,322797.0,-7.335879825401104,330018.6666666667,323151.0,-7.437389950827941,744,99.73118279569893,100.0,True,-7.437389950827941
2026-02-01,9,Matched,364203,541.96875,672,Southern Cross Station,Col700_T,-37.81982992,144.95102555,Outdoor,A,344660,19543,5.365963487395765,False,299117.0,21.75937843720016,328705.6666666667,390214.0,-6.665829519186908,672,100.0,100.0,True,-6.665829519186908
2026-03-01,9,Matched,436009,586.0336021505376,744,Southern Cross Station,Col700_T,-37.81982992,144.95102555,Outdoor,A,400977,35032,8.034696531493616,False,364203.0,19.715927655730457,366443.0,431687.0,1.0011883610115662,744,100.0,100.0,True,1.0011883610115662
2026-04-01,9,Matched,389994,542.4116828929068,719,Southern Cross Station,Col700_T,-37.81982992,144.95102555,Outdoor,A,369445,20549,5.269055421365457,False,436009.0,-10.553681231350728,396735.3333333333,380580.0,2.4735929370960115,720,99.86111111111111,99.58333333333333,True,2.4735929370960115
2026-05-01,9,Matched,421843,567.7563930013459,743,Southern Cross Station,Col700_T,-37.81982992,144.95102555,Outdoor,A,397044,24799,5.878727393840837,False,389994.0,8.166535895424031,415948.6666666667,431562.0,-2.2520518488652845,744,99.86559139784946,99.73118279569893,True,-2.2520518488652845
2026-06-01,9,Matched,354397,494.2775453277545,717,Southern Cross Station,Col700_T,-37.81982992,144.95102555,Outdoor,A,337000,17397,4.908901599054168,False,421843.0,-15.988412750715314,388744.6666666667,347785.0,1.9011745762468193,720,99.58333333333333,99.72222222222223,True,1.9011745762468193
2026-07-01,9,Matched,401186,540.6819407008086,742,Southern Cross Station,Col700_T,-37.81982992,144.95102555,Outdoor,A,372902,28284,7.050096463984287,False,354397.0,13.202425528432805,392475.3333333333,417150.0,-3.8269207719045903,744,99.73118279569893,99.32795698924731,True,-3.8269207719045903
2026-08-01,9,Matched,379078,510.1991924629879,743,Southern Cross Station,Col700_T,-37.81982992,144.95102555,Outdoor,A,353427,25651,6.766681263486671,False,401186.0,-5.510660890459787,378220.3333333333,385970.0,-1.7856310075912634,744,99.86559139784946,99.46236559139786,True,-1.7856310075912634
2024-10-01,10,Matched,79850,114.72701149425288,696,Victoria Point,BouHbr_T,-37.81876474,144.94710545,Outdoor,A,64994,14856,18.60488415779587,False,,,,,,744,93.54838709677419,,False,
2024-11-01,10,Matched,74256,107.77358490566036,689,Victoria Point,BouHbr_T,-37.81876474,144.94710545,Outdoor,A,54532,19724,26.56216332686921,False,79850.0,-7.0056355666875385,,,,720,95.69444444444444,,False,
2024-12-01,10,Matched,72213,101.28050490883592,713,Victoria Point,BouHbr_T,-37.81876474,144.94710545,Outdoor,A,61260,10953,15.167629097253958,False,74256.0,-2.7512928248222366,75439.66666666667,,,744,95.83333333333334,,False,
2025-01-01,10,Matched,69665,98.81560283687944,705,Victoria Point,BouHbr_T,-37.81876474,144.94710545,Outdoor,A,58520,11145,15.99799038254504,False,72213.0,-3.5284505559940733,72044.66666666667,,,744,94.75806451612904,,False,
2025-02-01,10,Matched,71550,112.5,636,Victoria Point,BouHbr_T,-37.81876474,144.94710545,Outdoor,A,57846,13704,19.15303983228512,False,69665.0,2.705806359003804,71142.66666666667,,,672,94.64285714285714,,False,
2025-03-01,10,Matched,77741,107.22896551724138,725,Victoria Point,BouHbr_T,-37.81876474,144.94710545,Outdoor,A,60038,17703,22.77176779305643,False,71550.0,8.652690426275331,72985.33333333333,,,744,97.44623655913979,,False,
2025-04-01,10,Matched,76026,107.99147727272728,704,Victoria Point,BouHbr_T,-37.81876474,144.94710545,Outdoor,A,56520,19506,25.65701207481651,False,77741.0,-2.20604314325774,75105.66666666667,,,720,97.77777777777777,,False,
2025-05-01,10,Matched,74338,102.81881051175657,723,Victoria Point,BouHbr_T,-37.81876474,144.94710545,Outdoor,A,60736,13602,18.297505986171277,False,76026.0,-2.2202930576381763,76035.0,,,744,97.17741935483872,,False,
2025-06-01,10,Matched,60130,88.16715542521995,682,Victoria Point,BouHbr_T,-37.81876474,144.94710545,Outdoor,A,48754,11376,18.91900881423582,False,74338.0,-19.112701444752346,70164.66666666667,,,720,94.72222222222221,,False,
2025-07-01,10,Matched,87383,123.77195467422096,706,Victoria Point,BouHbr_T,-37.81876474,144.94710545,Outdoor,A,63830,23553,26.953755307096344,False,60130.0,45.3234658240479,73950.33333333333,,,744,94.89247311827957,,False,
2025-08-01,10,Matched,66169,92.41480446927376,716,Victoria Point,BouHbr_T,-37.81876474,144.94710545,Outdoor,A,52444,13725,20.742341579893907,False,87383.0,-24.277033290228076,71227.33333333333,,,744,96.23655913978494,,False,
2025-09-01,10,Matched,62595,89.54935622317596,699,Victoria Point,BouHbr_T,-37.81876474,144.94710545,Outdoor,A,53086,9509,15.1913092100008,False,66169.0,-5.4013208602215546,72049.0,,,720,97.08333333333333,,False,
2025-10-01,10,Matched,75375,105.1255230125523,717,Victoria Point,BouHbr_T,-37.81876474,144.94710545,Outdoor,A,61615,13760,18.255389718076284,False,62595.0,20.416966211358734,68046.33333333333,79850.0,-5.604257983719474,744,96.37096774193549,93.54838709677419,True,-5.604257983719474
2025-11-01,10,Matched,71960,102.65335235378032,701,Victoria Point,BouHbr_T,-37.81876474,144.94710545,Outdoor,A,52916,19044,26.464702612562537,False,75375.0,-4.5306799336650085,69976.66666666667,74256.0,-3.092006033182504,720,97.36111111111111,95.69444444444444,True,-3.092006033182504
2025-12-01,10,Matched,77724,107.8002773925104,721,Victoria Point,BouHbr_T,-37.81876474,144.94710545,Outdoor,A,64658,13066,16.810766301271165,False,71960.0,8.010005558643691,75019.66666666667,72213.0,7.631589879938515,744,96.90860215053763,95.83333333333334,True,7.631589879938515
2026-01-01,10,Matched,63513,87.72513812154696,724,Victoria Point,BouHbr_T,-37.81876474,144.94710545,Outdoor,A,51573,11940,18.79930093051816,False,77724.0,-18.283927744326075,71065.66666666667,69665.0,-8.830833273523291,744,97.31182795698925,94.75806451612904,True,-8.830833273523291
2026-02-01,10,Matched,66089,102.14683153013912,647,Victoria Point,BouHbr_T,-37.81876474,144.94710545,Outdoor,A,53648,12441,18.82461529150085,False,63513.0,4.055862579314471,69108.66666666667,71550.0,-7.632424877707897,672,96.27976190476191,94.64285714285714,True,-7.632424877707897
2026-03-01,10,Matched,71432,98.52689655172414,725,Victoria Point,BouHbr_T,-37.81876474,144.94710545,Outdoor,A,52940,18492,25.887557397244933,False,66089.0,8.084552648700996,67011.33333333333,77741.0,-8.11540885761696,744,97.44623655913979,97.44623655913979,True,-8.11540885761696
2026-04-01,10,Matched,63902,90.64113475177304,705,Victoria Point,BouHbr_T,-37.81876474,144.94710545,Outdoor,A,53066,10836,16.957215736596666,False,71432.0,-10.541494008287602,67141.0,76026.0,-15.947175966116856,720,97.91666666666666,97.77777777777777,True,-15.947175966116856
2026-05-01,10,Matched,67098,93.581589958159,717,Victoria Point,BouHbr_T,-37.81876474,144.94710545,Outdoor,A,52318,14780,22.027482190229215,False,63902.0,5.001408406622641,67477.33333333333,74338.0,-9.73929887809734,744,96.37096774193549,97.17741935483872,True,-9.73929887809734
2026-06-01,10,Matched,60347,87.08080808080808,693,Victoria Point,BouHbr_T,-37.81876474,144.94710545,Outdoor,A,50132,10215,16.92710490993753,False,67098.0,-10.061402724373304,63782.333333333336,60130.0,0.3608847497089639,720,96.25,94.72222222222221,True,0.3608847497089639
2026-07-01,10,Matched,77837,108.7108938547486,716,Victoria Point,BouHbr_T,-37.81876474,144.94710545,Outdoor,A,56723,21114,27.125916980356383,False,60347.0,28.982385205561172,68427.33333333333,87383.0,-10.924321664396965,744,96.23655913978494,94.89247311827957,True,-10.924321664396965
2026-08-01,10,Matched,61219,85.02638888888889,720,Victoria Point,BouHbr_T,-37.81876474,144.94710545,Outdoor,A,45682,15537,25.379375684019667,False,77837.0,-21.34974369515783,66467.66666666667,66169.0,-7.480844504224033,744,96.7741935483871,96.23655913978494,True,-7.480844504224033
2024-10-01,11,Matched,123667,171.75972222222222,720,Docklands Waterfront City Building Side,WatCit_T,-37.81566651,144.93974366,Outdoor,A,67497,56170,45.42036274834839,False,,,,,,744,96.7741935483871,,False,
2024-11-01,11,Matched,94022,134.89526542324248,697,Docklands Waterfront City Building Side,WatCit_T,-37.81566651,144.93974366,Outdoor,A,58063,35959,38.24530429048521,False,123667.0,-23.971633499640163,,,,720,96.80555555555556,,False,
2024-12-01,11,Matched,121001,168.29068150208624,719,Docklands Waterfront City Building Side,WatCit_T,-37.81566651,144.93974366,Outdoor,A,82552,38449,31.775770448178115,False,94022.0,28.69434813128842,112896.66666666667,,,744,96.63978494623656,,False,
2025-01-01,11,Matched,115447,158.14657534246575,730,Docklands Waterfront City Building Side,WatCit_T,-37.81566651,144.93974366,Outdoor,A,80804,34643,30.007709165244652,False,121001.0,-4.590044710374294,110156.66666666667,,,744,98.11827956989248,,False,
2025-02-01,11,Matched,89690,137.35068912710565,653,Docklands Waterfront City Building Side,WatCit_T,-37.81566651,144.93974366,Outdoor,A,60310,29380,32.75727505853495,False,115447.0,-22.310670697376285,108712.66666666667,,,672,97.17261904761905,,False,
2025-03-01,11,Matched,107641,146.64986376021798,734,Docklands Waterfront City Building Side,WatCit_T,-37.81566651,144.93974366,Outdoor,A,65716,41925,38.94891351808326,False,89690.0,20.014494369494926,104259.33333333333,,,744,98.65591397849462,,False,
2025-04-01,11,Matched,100477,141.31786216596342,711,Docklands Waterfront City Building Side,WatCit_T,-37.81566651,144.93974366,Outdoor,A,67477,33000,32.84333728116883,False,107641.0,-6.655456563948681,99269.33333333333,,,720,98.75,,False,
2025-05-01,11,Matched,83428,115.23204419889504,724,Docklands Waterfront City Building Side,WatCit_T,-37.81566651,144.93974366,Outdoor,A,51384,32044,38.409167186076616,False,100477.0,-16.968062342625675,97182.0,,,744,97.31182795698925,,False,
2025-06-01,11,Matched,60792,87.84971098265896,692,Docklands Waterfront City Building Side,WatCit_T,-37.81566651,144.93974366,Outdoor,A,35846,24946,41.03500460586919,False,83428.0,-27.13237761902479,81565.66666666667,,,720,96.11111111111111,,False,
2025-07-01,11,Matched,117759,167.03404255319148,705,Docklands Waterfront City Building Side,WatCit_T,-37.81566651,144.93974366,Outdoor,A,57017,60742,51.5816200884858,False,60792.0,93.70805369127517,87326.33333333333,,,744,94.75806451612904,,False,
2025-08-01,11,Matched,76271,108.03257790368272,706,Docklands Waterfront City Building Side,WatCit_T,-37.81566651,144.93974366,Outdoor,A,43405,32866,43.09108311153649,False,117759.0,-35.2312774395163,84940.66666666667,,,744,94.89247311827957,,False,
2025-09-01,11,Matched,73319,105.3433908045977,696,Docklands Waterfront City Building Side,WatCit_T,-37.81566651,144.93974366,Outdoor,A,48762,24557,33.4933646121742,False,76271.0,-3.8704094610009045,89116.33333333333,,,720,96.66666666666667,,False,
2025-10-01,11,Matched,122778,169.58287292817678,724,Docklands Waterfront City Building Side,WatCit_T,-37.81566651,144.93974366,Outdoor,A,72485,50293,40.96255029402662,False,73319.0,67.45727574025832,90789.33333333333,123667.0,-0.7188659868841324,744,97.31182795698925,96.7741935483871,True,-0.7188659868841324
2025-11-01,11,Matched,88800,128.32369942196533,692,Docklands Waterfront City Building Side,WatCit_T,-37.81566651,144.93974366,Outdoor,A,56442,32358,36.43918918918919,False,122778.0,-27.674339050970044,94965.66666666667,94022.0,-5.554019272085257,720,96.11111111111111,96.80555555555556,True,-5.554019272085257
2025-12-01,11,Matched,128386,175.63064295485637,731,Docklands Waterfront City Building Side,WatCit_T,-37.81566651,144.93974366,Outdoor,A,97433,30953,24.10932656208621,False,88800.0,44.57882882882883,113321.33333333333,121001.0,6.103255344997149,744,98.25268817204301,96.63978494623656,True,6.103255344997149
2026-01-01,11,Matched,104573,143.25068493150684,730,Docklands Waterfront City Building Side,WatCit_T,-37.81566651,144.93974366,Outdoor,A,73022,31551,30.171267918105052,False,128386.0,-18.547972520368265,107253.0,115447.0,-9.419040771955963,744,98.11827956989248,98.11827956989248,True,-9.419040771955963
2026-02-01,11,Matched,86413,130.5332326283988,662,Docklands Waterfront City Building Side,WatCit_T,-37.81566651,144.93974366,Outdoor,A,56424,29989,34.70426903359448,False,104573.0,-17.365859256213362,106457.33333333333,89690.0,-3.653696064221206,672,98.51190476190477,97.17261904761905,True,-3.653696064221206
2026-03-01,11,Matched,98575,134.6653005464481,732,Docklands Waterfront City Building Side,WatCit_T,-37.81566651,144.93974366,Outdoor,A,60808,37767,38.31295967537408,False,86413.0,14.074271232337725,96520.33333333333,107641.0,-8.422441263087485,744,98.38709677419355,98.65591397849462,True,-8.422441263087485
2026-04-01,11,Matched,99584,140.65536723163842,708,Docklands Waterfront City Building Side,WatCit_T,-37.81566651,144.93974366,Outdoor,A,67000,32584,32.720115681233935,False,98575.0,1.0235861019528276,94857.33333333333,100477.0,-0.888760611881326,720,98.33333333333333,98.75,True,-0.888760611881326
2026-05-01,11,Matched,88473,123.0500695410292,719,Docklands Waterfront City Building Side,WatCit_T,-37.81566651,144.93974366,Outdoor,A,52561,35912,40.590914742350776,False,99584.0,-11.157414845758355,95544.0,83428.0,6.04713045979767,744,96.63978494623656,97.31182795698925,True,6.04713045979767
2026-06-01,11,Matched,69216,99.02145922746782,699,Docklands Waterfront City Building Side,WatCit_T,-37.81566651,144.93974366,Outdoor,A,45132,24084,34.795423023578365,False,88473.0,-21.76596249703299,85757.66666666667,60792.0,13.857086458744572,720,97.08333333333333,96.11111111111111,True,13.857086458744572
2026-07-01,11,Matched,89530,125.56802244039272,713,Docklands Waterfront City Building Side,WatCit_T,-37.81566651,144.93974366,Outdoor,A,55207,34323,38.33687032279683,False,69216.0,29.34870550161812,82406.33333333333,117759.0,-23.971840793485,744,95.83333333333334,94.75806451612904,True,-23.971840793485
2026-08-01,11,Matched,81530,113.39360222531292,719,Docklands Waterfront City Building Side,WatCit_T,-37.81566651,144.93974366,Outdoor,A,44818,36712,45.02882374586042,False,89530.0,-8.935552328828326,80092.0,76271.0,6.895150188144903,744,96.63978494623656,94.89247311827957,True,6.895150188144903
2024-10-01,12,Matched,214946,290.4675675675676,740,New Quay,NewQ_T,-37.81457988,144.94292398,Outdoor,A,134416,80530,37.46522382365804,False,,,,,,744,99.46236559139786,,False,
2024-11-01,12,Matched,190847,265.8036211699164,718,New Quay,NewQ_T,-37.81457988,144.94292398,Outdoor,A,116165,74682,39.13187003201518,False,214946.0,-11.211653159398175,,,,720,99.72222222222223,,False,
2024-12-01,12,Matched,210809,283.72678331090174,743,New Quay,NewQ_T,-37.81457988,144.94292398,Outdoor,A,150282,60527,28.711772267787428,False,190847.0,10.459687603158551,205534.0,,,744,99.86559139784946,,False,
2025-01-01,12,Matched,193069,259.5013440860215,744,New Quay,NewQ_T,-37.81457988,144.94292398,Outdoor,A,138075,54994,28.48411707731433,False,210809.0,-8.415200489542666,198241.66666666666,,,744,100.0,,False,
2025-02-01,12,Matched,165108,246.42985074626867,670,New Quay,NewQ_T,-37.81457988,144.94292398,Outdoor,A,112913,52195,31.612641422584005,False,193069.0,-14.4823871258462,189662.0,,,672,99.70238095238095,,False,
2025-03-01,12,Matched,205814,277.7516869095816,741,New Quay,NewQ_T,-37.81457988,144.94292398,Outdoor,A,125130,80684,39.20238662092957,False,165108.0,24.65416575817041,187997.0,,,744,99.59677419354838,,False,
2025-04-01,12,Matched,187886,261.3157162726008,719,New Quay,NewQ_T,-37.81457988,144.94292398,Outdoor,A,124487,63399,33.74333372364093,False,205814.0,-8.710777692479619,186269.33333333334,,,720,99.86111111111111,,False,
2025-05-01,12,Matched,159570,216.51289009497964,737,New Quay,NewQ_T,-37.81457988,144.94292398,Outdoor,A,99624,59946,37.56721188193269,False,187886.0,-15.070840829013338,184423.33333333334,,,744,99.05913978494624,,False,
2025-06-01,12,Matched,93615,142.70579268292684,656,New Quay,NewQ_T,-37.81457988,144.94292398,Outdoor,A,56536,37079,39.60796880841745,False,159570.0,-41.332957322805036,147023.66666666666,,,720,91.11111111111111,,False,
2025-07-01,12,Matched,137823,201.49561403508773,684,New Quay,NewQ_T,-37.81457988,144.94292398,Outdoor,A,81910,55913,40.568700434615415,False,93615.0,47.22320141003045,130336.0,,,744,91.93548387096774,,False,
2025-08-01,12,Matched,122297,177.49927431059507,689,New Quay,NewQ_T,-37.81457988,144.94292398,Outdoor,A,69435,52862,43.22428187118245,False,137823.0,-11.265173447102443,117911.66666666667,,,744,92.60752688172043,,False,
2025-09-01,12,Matched,111190,163.03519061583577,682,New Quay,NewQ_T,-37.81457988,144.94292398,Outdoor,A,76521,34669,31.17996222681896,False,122297.0,-9.081988928591871,123770.0,,,720,94.72222222222221,,False,
2025-10-01,12,Matched,173958,243.6386554621849,714,New Quay,NewQ_T,-37.81457988,144.94292398,Outdoor,A,110983,62975,36.20126697248761,False,111190.0,56.45111970500945,135815.0,214946.0,-19.06897546360481,744,95.96774193548387,99.46236559139786,True,-19.06897546360481
2025-11-01,12,Matched,143753,215.1991017964072,668,New Quay,NewQ_T,-37.81457988,144.94292398,Outdoor,A,93062,50691,35.26256843335444,False,173958.0,-17.36338656457306,142967.0,190847.0,-24.67631139079996,720,92.77777777777779,99.72222222222223,True,-24.67631139079996
2025-12-01,12,Matched,183004,257.3895921237693,711,New Quay,NewQ_T,-37.81457988,144.94292398,Outdoor,A,136552,46452,25.383051736574064,False,143753.0,27.30447364576739,166905.0,210809.0,-13.189664577888042,744,95.56451612903226,99.86559139784946,True,-13.189664577888042
2026-01-01,12,Matched,161703,226.79242636746145,713,New Quay,NewQ_T,-37.81457988,144.94292398,Outdoor,A,111890,49813,30.805241708564463,False,183004.0,-11.639636292102905,162820.0,193069.0,-16.246005314162296,744,95.83333333333334,100.0,True,-16.246005314162296
2026-02-01,12,Matched,140920,216.8,650,New Quay,NewQ_T,-37.81457988,144.94292398,Outdoor,A,96796,44124,31.31138234459268,False,161703.0,-12.852575400580077,161875.66666666666,165108.0,-14.649804976136831,672,96.72619047619048,99.70238095238095,True,-14.649804976136831
2026-03-01,12,Matched,141898,203.0014306151645,699,New Quay,NewQ_T,-37.81457988,144.94292398,Outdoor,A,86408,55490,39.10555469421697,False,140920.0,0.6940107862617088,148173.66666666666,205814.0,-31.055224620288218,744,93.95161290322581,99.59677419354838,True,-31.055224620288218
2026-04-01,12,Matched,131247,197.9592760180996,663,New Quay,NewQ_T,-37.81457988,144.94292398,Outdoor,A,87883,43364,33.03999329508484,False,141898.0,-7.506095928061002,138021.66666666666,187886.0,-30.145407321460887,720,92.08333333333333,99.86111111111111,True,-30.145407321460887
2026-05-01,12,Matched,107984,161.65269461077844,668,New Quay,NewQ_T,-37.81457988,144.94292398,Outdoor,A,61661,46323,42.89802192917469,False,131247.0,-17.724595609804414,127043.0,159570.0,-32.32813185435859,744,89.78494623655914,99.05913978494624,False,
2026-06-01,12,Matched,84993,134.69572107765453,631,New Quay,NewQ_T,-37.81457988,144.94292398,Outdoor,A,53610,31383,36.92421728848258,False,107984.0,-21.291117202548527,108074.66666666667,93615.0,-9.21006248998558,720,87.63888888888889,91.11111111111111,False,
2026-07-01,12,Matched,118975,183.03846153846155,650,New Quay,NewQ_T,-37.81457988,144.94292398,Outdoor,A,69372,49603,41.691952090775374,False,84993.0,39.98211617427317,103984.0,137823.0,-13.675511344260391,744,87.36559139784946,91.93548387096774,False,
2026-08-01,12,Matched,111234,167.7737556561086,663,New Quay,NewQ_T,-37.81457988,144.94292398,Outdoor,A,60374,50860,45.72342988654548,False,118975.0,-6.506408909434755,105067.33333333333,122297.0,-9.046010940579082,744,89.11290322580645,92.60752688172043,False,
2024-10-01,14,Matched,205639,376.62820512820514,546,Sandridge Bridge,SanBri_T,-37.82011242,144.96291897,Outdoor,A,157841,47798,23.24364541745486,False,,,,,,744,73.38709677419355,,False,
2024-11-01,14,Matched,251478,392.934375,640,Sandridge Bridge,SanBri_T,-37.82011242,144.96291897,Outdoor,A,194442,57036,22.6803139837282,False,205639.0,22.291005110898222,,,,720,88.88888888888889,,False,
2024-12-01,14,Matched,390755,527.3346828609987,741,Sandridge Bridge,SanBri_T,-37.82011242,144.96291897,Outdoor,A,267140,123615,31.63491190131924,False,251478.0,55.383373495892286,282624.0,,,744,99.59677419354838,,False,
2025-01-01,14,Matched,276755,371.9825268817205,744,Sandridge Bridge,SanBri_T,-37.82011242,144.96291897,Outdoor,A,214989,61766,22.31793463532728,False,390755.0,-29.174290796023083,306329.3333333333,,,744,100.0,,False,
2025-02-01,14,Matched,238510,354.92559523809524,672,Sandridge Bridge,SanBri_T,-37.82011242,144.96291897,Outdoor,A,177198,61312,25.70625969561025,False,276755.0,-13.819081859406335,302006.6666666667,,,672,100.0,,False,
2025-03-01,14,Matched,284227,382.0255376344086,744,Sandridge Bridge,SanBri_T,-37.82011242,144.96291897,Outdoor,A,197468,86759,30.52454552171328,False,238510.0,19.16774977988344,266497.3333333333,,,744,100.0,,False,
2025-04-01,14,Matched,267873,372.04583333333335,720,Sandridge Bridge,SanBri_T,-37.82011242,144.96291897,Outdoor,A,195797,72076,26.90678045193058,False,284227.0,-5.753851674893659,263536.6666666667,,,720,100.0,,False,
2025-05-01,14,Matched,177963,323.5690909090909,550,Sandridge Bridge,SanBri_T,-37.82011242,144.96291897,Outdoor,A,128789,49174,27.63158634098099,False,267873.0,-33.56441298675119,243354.33333333334,,,744,73.9247311827957,,False,
2025-06-01,14,Matched,129648,231.9284436493739,559,Sandridge Bridge,SanBri_T,-37.82011242,144.96291897,Outdoor,A,94535,35113,27.08333333333333,False,177963.0,-27.14890173800172,191828.0,,,720,77.63888888888889,,False,
2025-07-01,14,Matched,151990,247.94453507340947,613,Sandridge Bridge,SanBri_T,-37.82011242,144.96291897,Outdoor,A,114600,37390,24.60030265149023,False,129648.0,17.23281500678761,153200.33333333334,,,744,82.39247311827957,,False,
2025-08-01,14,Matched,174540,279.71153846153845,624,Sandridge Bridge,SanBri_T,-37.82011242,144.96291897,Outdoor,A,126318,48222,27.62805087658989,False,151990.0,14.83650240147378,152059.33333333334,,,744,83.87096774193549,,False,
2025-09-01,14,Matched,236110,331.1500701262272,713,Sandridge Bridge,SanBri_T,-37.82011242,144.96291897,Outdoor,A,178078,58032,24.57837448646817,False,174540.0,35.275581528589434,187546.66666666666,,,720,99.02777777777779,,False,
2025-10-01,14,Matched,259188,348.83983849259755,743,Sandridge Bridge,SanBri_T,-37.82011242,144.96291897,Outdoor,A,201695,57493,22.18196830100159,False,236110.0,9.774257761212994,223279.33333333334,205639.0,26.040293913119594,744,99.86559139784946,73.38709677419355,False,
2025-11-01,14,Matched,258814,359.9638386648122,719,Sandridge Bridge,SanBri_T,-37.82011242,144.96291897,Outdoor,A,183507,75307,29.096957660713876,False,259188.0,-0.14429680386437643,251370.66666666666,251478.0,2.9171537868123654,720,99.86111111111111,88.88888888888889,False,
2025-12-01,14,Matched,374039,505.4581081081081,740,Sandridge Bridge,SanBri_T,-37.82011242,144.96291897,Outdoor,A,268188,105851,28.299455404382968,False,258814.0,44.5203891597827,297347.0,390755.0,-4.277872324090542,744,99.46236559139786,99.59677419354838,True,-4.277872324090542
2026-01-01,14,Matched,272712,367.5363881401617,742,Sandridge Bridge,SanBri_T,-37.82011242,144.96291897,Outdoor,A,197668,75044,27.517674323095427,False,374039.0,-27.089955860217785,301855.0,276755.0,-1.4608588824050153,744,99.73118279569893,100.0,True,-1.4608588824050153
2026-02-01,14,Matched,205832,309.5218045112782,665,Sandridge Bridge,SanBri_T,-37.82011242,144.96291897,Outdoor,A,154630,51202,24.875626724707526,False,272712.0,-24.52404001290739,284194.3333333333,238510.0,-13.7008930443168,672,98.95833333333334,100.0,True,-13.7008930443168
2026-03-01,14,Matched,206420,289.10364145658264,714,Sandridge Bridge,SanBri_T,-37.82011242,144.96291897,Outdoor,A,147188,59232,28.6948939056293,False,205832.0,0.2856698666873955,228321.33333333334,284227.0,-27.374950303806468,744,95.96774193548387,100.0,True,-27.374950303806468
2026-04-01,14,Matched,180687,320.3670212765957,564,Sandridge Bridge,SanBri_T,-37.82011242,144.96291897,Outdoor,A,134353,46334,25.64323941401429,False,206420.0,-12.466330781900979,197646.33333333334,267873.0,-32.547513187219316,720,78.33333333333333,100.0,False,
2026-05-01,14,Matched,163394,242.42433234421364,674,Sandridge Bridge,SanBri_T,-37.82011242,144.96291897,Outdoor,A,117012,46382,28.38659926313084,False,180687.0,-9.570694073176265,183500.33333333334,177963.0,-8.186533155768334,744,90.59139784946237,73.9247311827957,False,
2026-06-01,14,Matched,138951,209.26355421686748,664,Sandridge Bridge,SanBri_T,-37.82011242,144.96291897,Outdoor,A,105046,33905,24.400688012320888,False,163394.0,-14.959545638150729,161010.66666666666,129648.0,7.175583117363939,720,92.22222222222223,77.63888888888889,False,
2026-07-01,14,Matched,164465,244.013353115727,674,Sandridge Bridge,SanBri_T,-37.82011242,144.96291897,Outdoor,A,122608,41857,25.45039978110844,False,138951.0,18.361868572374433,155603.33333333334,151990.0,8.207776827422856,744,90.59139784946237,82.39247311827957,False,
2026-08-01,14,Matched,158951,254.3216,625,Sandridge Bridge,SanBri_T,-37.82011242,144.96291897,Outdoor,A,110479,48472,30.49493240055111,False,164465.0,-3.3526890219803605,154122.33333333334,174540.0,-8.931477025323709,744,84.00537634408603,83.87096774193549,False,
2024-10-01,17,Matched,291188,392.4366576819407,742,Collins Place (South),Col15_T,-37.81362543,144.97323591,Outdoor,A,256478,34710,11.920134071458987,False,,,,,,744,99.73118279569893,,False,
2024-11-01,17,Matched,250456,347.85555555555555,720,Collins Place (South),Col15_T,-37.81362543,144.97323591,Outdoor,A,215309,35147,14.033203436931036,False,291188.0,-13.988213800019231,,,,720,100.0,,False,
2024-12-01,17,Matched,236525,317.9099462365592,744,Collins Place (South),Col15_T,-37.81362543,144.97323591,Outdoor,A,199632,36893,15.597928337385056,False,250456.0,-5.562254447887054,259389.66666666666,,,744,100.0,,False,
2025-01-01,17,Matched,235811,316.9502688172043,744,Collins Place (South),Col15_T,-37.81362543,144.97323591,Outdoor,A,205299,30512,12.939175865417644,False,236525.0,-0.3018708381777825,240930.66666666666,,,744,100.0,,False,
2025-02-01,17,Matched,248890,370.92399403874816,671,Collins Place (South),Col15_T,-37.81362543,144.97323591,Outdoor,A,220504,28386,11.405038370364418,False,235811.0,5.546390965646217,240408.66666666666,,,672,99.85119047619048,,False,
2025-03-01,17,Matched,266873,358.7002688172043,744,Collins Place (South),Col15_T,-37.81362543,144.97323591,Outdoor,A,225913,40960,15.3481243887542,False,248890.0,7.225280244284623,250524.66666666666,,,744,100.0,,False,
2025-04-01,17,Matched,254670,353.7083333333333,720,Collins Place (South),Col15_T,-37.81362543,144.97323591,Outdoor,A,221735,32935,12.932422350492796,False,266873.0,-4.57258696083905,256811.0,,,720,100.0,,False,
2025-05-01,17,Matched,274897,370.9811066126856,741,Collins Place (South),Col15_T,-37.81362543,144.97323591,Outdoor,A,237676,37221,13.539980429033418,False,254670.0,7.942435308438371,265480.0,,,744,99.59677419354838,,False,
2025-06-01,17,Matched,234178,326.6080892608089,717,Collins Place (South),Col15_T,-37.81362543,144.97323591,Outdoor,A,202868,31310,13.3701714080742,False,274897.0,-14.812457029360088,254581.66666666666,,,720,99.58333333333333,,False,
2025-07-01,17,Matched,267726,359.8467741935484,744,Collins Place (South),Col15_T,-37.81362543,144.97323591,Outdoor,A,233834,33892,12.659211283177576,False,234178.0,14.325854691730221,258933.66666666666,,,744,100.0,,False,
2025-08-01,17,Matched,271094,364.3736559139785,744,Collins Place (South),Col15_T,-37.81362543,144.97323591,Outdoor,A,226448,44646,16.46882631116882,False,267726.0,1.2580025847321514,257666.0,,,744,100.0,,False,
2025-09-01,17,Matched,261577,363.3013888888889,720,Collins Place (South),Col15_T,-37.81362543,144.97323591,Outdoor,A,231282,30295,11.581675758954342,False,271094.0,-3.5105904225102735,266799.0,,,720,100.0,,False,
2025-10-01,17,Matched,297906,402.0323886639676,741,Collins Place (South),Col15_T,-37.81362543,144.97323591,Outdoor,A,265728,32178,10.801393728222996,False,261577.0,13.88845349552904,276859.0,291188.0,2.3071005673310716,744,99.59677419354838,99.73118279569893,True,2.3071005673310716
2025-11-01,17,Matched,265678,370.5411436541144,717,Collins Place (South),Col15_T,-37.81362543,144.97323591,Outdoor,A,227983,37695,14.188227854771563,False,297906.0,-10.818177545937308,275053.6666666667,250456.0,6.077714249209442,720,99.58333333333333,100.0,True,6.077714249209442
2025-12-01,17,Matched,268351,360.6868279569893,744,Collins Place (South),Col15_T,-37.81362543,144.97323591,Outdoor,A,234313,34038,12.684133839635404,False,265678.0,1.0061051347872236,277311.6666666667,236525.0,13.455660078215834,744,100.0,100.0,True,13.455660078215834
2026-01-01,17,Matched,254506,342.53835800807536,743,Collins Place (South),Col15_T,-37.81362543,144.97323591,Outdoor,A,217579,36927,14.509284653406992,False,268351.0,-5.1592876493845745,262845.0,235811.0,7.927959255505468,744,99.86559139784946,100.0,True,7.927959255505468
2026-02-01,17,Matched,294934,439.5439642324888,671,Collins Place (South),Col15_T,-37.81362543,144.97323591,Outdoor,A,256597,38337,12.99850135962622,False,254506.0,15.884890729491644,272597.0,248890.0,18.499738840451606,672,99.85119047619048,99.85119047619048,True,18.499738840451606
2026-03-01,17,Matched,320175,430.34274193548384,744,Collins Place (South),Col15_T,-37.81362543,144.97323591,Outdoor,A,273494,46681,14.57983915046459,False,294934.0,8.558185899218131,289871.6666666667,266873.0,19.97279604905704,744,100.0,100.0,True,19.97279604905704
2026-04-01,17,Matched,305958,424.94166666666666,720,Collins Place (South),Col15_T,-37.81362543,144.97323591,Outdoor,A,267720,38238,12.497793814837332,False,320175.0,-4.440384164909815,307022.3333333333,254670.0,20.139003416185652,720,100.0,100.0,True,20.139003416185652
2026-05-01,17,Matched,299173,402.114247311828,744,Collins Place (South),Col15_T,-37.81362543,144.97323591,Outdoor,A,255370,43803,14.641361352795872,False,305958.0,-2.2176246412906346,308435.3333333333,274897.0,8.830943953553513,744,100.0,99.59677419354838,True,8.830943953553513
2026-06-01,17,Matched,284200,394.72222222222223,720,Collins Place (South),Col15_T,-37.81362543,144.97323591,Outdoor,A,250750,33450,11.76988036593948,False,299173.0,-5.004796555838929,296443.6666666667,234178.0,21.36067435882107,720,100.0,99.58333333333333,True,21.36067435882107
2026-07-01,17,Matched,307276,413.005376344086,744,Collins Place (South),Col15_T,-37.81362543,144.97323591,Outdoor,A,269798,37478,12.196852341217667,False,284200.0,8.11963406052076,296883.0,267726.0,14.772565981637944,744,100.0,100.0,True,14.772565981637944
2026-08-01,17,Matched,301666,406.0107671601615,743,Collins Place (South),Col15_T,-37.81362543,144.97323591,Outdoor,A,253195,48471,16.067770315514508,False,307276.0,-1.8257201994298287,297714.0,271094.0,11.277269139117797,744,99.86559139784946,100.0,True,11.277269139117797
2024-10-01,18,Matched,178432,265.9195230998509,671,Collins Place (North),Col12_T,-37.81344862,144.97305353,Outdoor,A,164294,14138,7.923466642754663,False,,,,,,744,90.18817204301075,,False,
2024-11-01,18,Matched,159198,246.43653250773997,646,Collins Place (North),Col12_T,-37.81344862,144.97305353,Outdoor,A,144031,15167,9.527129737810776,False,178432.0,-10.779456599713056,,,,720,89.72222222222223,,False,
2024-12-01,18,Matched,147526,207.1994382022472,712,Collins Place (North),Col12_T,-37.81344862,144.97305353,Outdoor,A,129677,17849,12.098884264468635,False,159198.0,-7.331750398874358,161718.66666666666,,,744,95.6989247311828,,False,
2025-01-01,18,Matched,145565,202.4547983310153,719,Collins Place (North),Col12_T,-37.81344862,144.97305353,Outdoor,A,131878,13687,9.402672345687494,False,147526.0,-1.3292572156772364,150763.0,,,744,96.63978494623656,,False,
2025-02-01,18,Matched,173114,265.5122699386503,652,Collins Place (North),Col12_T,-37.81344862,144.97305353,Outdoor,A,158572,14542,8.400244925309334,False,145565.0,18.925565898395906,155401.66666666666,,,672,97.02380952380952,,False,
2025-03-01,18,Matched,174520,241.7174515235457,722,Collins Place (North),Col12_T,-37.81344862,144.97305353,Outdoor,A,155706,18814,10.780426312170526,False,173114.0,0.8121815682151645,164399.66666666666,,,744,97.04301075268818,,False,
2025-04-01,18,Matched,154957,225.5560407569141,687,Collins Place (North),Col12_T,-37.81344862,144.97305353,Outdoor,A,140767,14190,9.15737914389153,False,174520.0,-11.209603483841393,167530.33333333334,,,720,95.41666666666667,,False,
2025-05-01,18,Matched,163509,229.9704641350211,711,Collins Place (North),Col12_T,-37.81344862,144.97305353,Outdoor,A,147868,15641,9.565834296583064,False,154957.0,5.518950418503198,164328.66666666666,,,744,95.56451612903226,,False,
2025-06-01,18,Matched,135459,200.97774480712167,674,Collins Place (North),Col12_T,-37.81344862,144.97305353,Outdoor,A,122794,12665,9.349692526890054,False,163509.0,-17.15501898978038,151308.33333333334,,,720,93.61111111111111,,False,
2025-07-01,18,Matched,152744,221.0477568740955,691,Collins Place (North),Col12_T,-37.81344862,144.97305353,Outdoor,A,139043,13701,8.969910438380559,False,135459.0,12.760318620394361,150570.66666666666,,,744,92.8763440860215,,False,
2025-08-01,18,Matched,162795,230.2616690240453,707,Collins Place (North),Col12_T,-37.81344862,144.97305353,Outdoor,A,142161,20634,12.674836450750943,False,152744.0,6.580291206201226,150332.66666666666,,,744,95.02688172043011,,False,
2025-09-01,18,Matched,159643,230.03314121037465,694,Collins Place (North),Col12_T,-37.81344862,144.97305353,Outdoor,A,144273,15370,9.627731876749998,False,162795.0,-1.93617740102583,158394.0,,,720,96.38888888888889,,False,
2025-10-01,18,Matched,181880,253.6680613668061,717,Collins Place (North),Col12_T,-37.81344862,144.97305353,Outdoor,A,167783,14097,7.750714756982625,False,159643.0,13.929204537624576,168106.0,178432.0,1.9323888091822097,744,96.37096774193549,90.18817204301075,True,1.9323888091822097
2025-11-01,18,Matched,162310,238.34067547723936,681,Collins Place (North),Col12_T,-37.81344862,144.97305353,Outdoor,A,146528,15782,9.723368862054096,False,181880.0,-10.759841653837695,167944.33333333334,159198.0,1.9547984271159187,720,94.58333333333333,89.72222222222223,False,
2025-12-01,18,Matched,161908,227.3988764044944,712,Collins Place (North),Col12_T,-37.81344862,144.97305353,Outdoor,A,146634,15274,9.43375250142056,False,162310.0,-0.24767420368430781,168699.33333333334,147526.0,9.74879004378889,744,95.6989247311828,95.6989247311828,True,9.74879004378889
2026-01-01,18,Matched,150147,210.28991596638656,714,Collins Place (North),Col12_T,-37.81344862,144.97305353,Outdoor,A,134240,15907,10.594284268083944,False,161908.0,-7.264001778787954,158121.66666666666,145565.0,3.147734688970563,744,95.96774193548387,96.63978494623656,True,3.147734688970563
2026-02-01,18,Matched,170467,267.1896551724138,638,Collins Place (North),Col12_T,-37.81344862,144.97305353,Outdoor,A,154617,15850,9.297987293728404,False,150147.0,13.533403930814469,160840.66666666666,173114.0,-1.529050221241494,672,94.94047619047619,97.02380952380952,True,-1.529050221241494
2026-03-01,18,Matched,179668,256.30242510699003,701,Collins Place (North),Col12_T,-37.81344862,144.97305353,Outdoor,A,161137,18531,10.314023643609325,False,170467.0,5.3975256207946405,166760.66666666666,174520.0,2.949805179922072,744,94.22043010752688,97.04301075268818,True,2.949805179922072
2026-04-01,18,Matched,163535,245.5480480480481,666,Collins Place (North),Col12_T,-37.81344862,144.97305353,Outdoor,A,149118,14417,8.815849818081755,False,179668.0,-8.979339670948638,171223.33333333334,154957.0,5.535729266828862,720,92.5,95.41666666666667,True,5.535729266828862
2026-05-01,18,Matched,131373,212.57766990291265,618,Collins Place (North),Col12_T,-37.81344862,144.97305353,Outdoor,A,115063,16310,12.415032008099075,False,163535.0,-19.666738007154432,158192.0,163509.0,-19.653964001981542,744,83.06451612903226,95.56451612903226,False,
2026-06-01,18,Matched,126114,194.6203703703704,648,Collins Place (North),Col12_T,-37.81344862,144.97305353,Outdoor,A,115779,10335,8.194966458918122,False,131373.0,-4.003105660980567,140340.66666666666,135459.0,-6.89876641640644,720,90.0,93.61111111111111,True,-6.89876641640644
2026-07-01,18,Matched,140894,212.50980392156865,663,Collins Place (North),Col12_T,-37.81344862,144.97305353,Outdoor,A,128627,12267,8.706545346146749,False,126114.0,11.719555322961765,132793.66666666666,152744.0,-7.758078877075368,744,89.11290322580645,92.8763440860215,False,
2026-08-01,18,Matched,140116,213.9175572519084,655,Collins Place (North),Col12_T,-37.81344862,144.97305353,Outdoor,A,124872,15244,10.87955693853664,False,140894.0,-0.5521881698298011,135708.0,162795.0,-13.931017537393656,744,88.03763440860214,95.02688172043011,False,
2024-10-01,19,Matched,397267,534.6796769851951,743,Chinatown-Swanston St (North),LtB210_T,-37.81237202,144.96550671,Outdoor,A,273258,124009,31.21553010947297,False,,,,,,744,99.86559139784946,,False,
2024-11-01,19,Matched,399588,555.7552155771906,719,Chinatown-Swanston St (North),LtB210_T,-37.81237202,144.96550671,Outdoor,A,262512,137076,34.30433346346737,False,397267.0,0.5842418323193217,,,,720,99.86111111111111,,False,
2024-12-01,19,Matched,442765,595.114247311828,744,Chinatown-Swanston St (North),LtB210_T,-37.81237202,144.96550671,Outdoor,A,298769,143996,32.521992479080325,False,399588.0,10.805379540927156,413206.6666666667,,,744,100.0,,False,
2025-01-01,19,Matched,262302,528.8346774193549,496,Chinatown-Swanston St (North),LtB210_T,-37.81237202,144.96550671,Outdoor,A,180740,81562,31.094692377488546,False,442765.0,-40.75819001050219,368218.3333333333,,,744,66.66666666666666,,False,
2025-02-01,19,Matched,297953,552.7884972170687,539,Chinatown-Swanston St (North),LtB210_T,-37.81237202,144.96550671,Outdoor,A,204804,93149,31.2629844304303,False,262302.0,13.591585271938452,334340.0,,,672,80.20833333333334,,False,
2025-03-01,19,Matched,428408,575.8172043010753,744,Chinatown-Swanston St (North),LtB210_T,-37.81237202,144.96550671,Outdoor,A,264829,163579,38.18299378162872,False,297953.0,43.783751128533694,329554.3333333333,,,744,100.0,,False,
2025-04-01,19,Matched,431752,599.6555555555556,720,Chinatown-Swanston St (North),LtB210_T,-37.81237202,144.96550671,Outdoor,A,295199,136553,31.62764735311012,False,428408.0,0.7805643218614031,386037.6666666667,,,720,100.0,,False,
2025-05-01,19,Matched,399970,537.5940860215054,744,Chinatown-Swanston St (North),LtB210_T,-37.81237202,144.96550671,Outdoor,A,256771,143199,35.802435182638696,False,431752.0,-7.361170301469362,420043.3333333333,,,744,100.0,,False,
2025-06-01,19,Matched,368286,511.5083333333333,720,Chinatown-Swanston St (North),LtB210_T,-37.81237202,144.96550671,Outdoor,A,232673,135613,36.82274102192318,False,399970.0,-7.921594119558967,400002.6666666667,,,720,100.0,,False,
2025-07-01,19,Matched,400431,538.2137096774194,744,Chinatown-Swanston St (North),LtB210_T,-37.81237202,144.96550671,Outdoor,A,276613,123818,30.921182425936056,False,368286.0,8.728270963327414,389562.3333333333,,,744,100.0,,False,
2025-08-01,19,Matched,403813,543.4899057873486,743,Chinatown-Swanston St (North),LtB210_T,-37.81237202,144.96550671,Outdoor,A,247195,156618,38.78478404608073,False,400431.0,0.8445899543242156,390843.3333333333,,,744,99.86559139784946,,False,
2025-09-01,19,Matched,361201,501.6680555555556,720,Chinatown-Swanston St (North),LtB210_T,-37.81237202,144.96550671,Outdoor,A,246906,114295,31.643046392451847,False,403813.0,-10.5524091596853,388481.6666666667,,,720,100.0,,False,
2025-10-01,19,Matched,393532,529.6527590847913,743,Chinatown-Swanston St (North),LtB210_T,-37.81237202,144.96550671,Outdoor,A,275222,118310,30.06362887897299,False,361201.0,8.950971896534062,386182.0,397267.0,-0.9401737370584519,744,99.86559139784946,99.86559139784946,True,-0.9401737370584519
2025-11-01,19,Matched,389192,540.5444444444445,720,Chinatown-Swanston St (North),LtB210_T,-37.81237202,144.96550671,Outdoor,A,241340,147852,37.989475631564886,False,393532.0,-1.1028328064807944,381308.3333333333,399588.0,-2.601679730122026,720,100.0,99.86111111111111,True,-2.601679730122026
2025-12-01,19,Matched,439537,590.7755376344086,744,Chinatown-Swanston St (North),LtB210_T,-37.81237202,144.96550671,Outdoor,A,308663,130874,29.775422774419447,False,389192.0,12.935774630516558,407420.3333333333,442765.0,-0.7290549162648358,744,100.0,100.0,True,-0.7290549162648358
2026-01-01,19,Matched,385288,517.8602150537635,744,Chinatown-Swanston St (North),LtB210_T,-37.81237202,144.96550671,Outdoor,A,251524,133764,34.717925292248914,False,439537.0,-12.342305653448971,404672.3333333333,262302.0,46.88717585073693,744,100.0,66.66666666666666,False,
2026-02-01,19,Matched,381846,568.2232142857143,672,Chinatown-Swanston St (North),LtB210_T,-37.81237202,144.96550671,Outdoor,A,246901,134945,35.340163311911084,False,385288.0,-0.8933576960611284,402223.6666666667,297953.0,28.156454205864684,672,100.0,80.20833333333334,False,
2026-03-01,19,Matched,422410,567.755376344086,744,Chinatown-Swanston St (North),LtB210_T,-37.81237202,144.96550671,Outdoor,A,270108,152302,36.05549111053242,False,381846.0,10.623130790947135,396514.6666666667,428408.0,-1.4000672256353757,744,100.0,100.0,True,-1.4000672256353757
2026-04-01,19,Matched,446089,619.5680555555556,720,Chinatown-Swanston St (North),LtB210_T,-37.81237202,144.96550671,Outdoor,A,298452,147637,33.09586203649944,False,422410.0,5.605691153145049,416781.6666666667,431752.0,3.320656302692286,720,100.0,100.0,True,3.320656302692286
2026-05-01,19,Matched,411376,552.9247311827957,744,Chinatown-Swanston St (North),LtB210_T,-37.81237202,144.96550671,Outdoor,A,248902,162474,39.49525494924352,False,446089.0,-7.7816310198189145,426625.0,399970.0,2.8517138785408904,744,100.0,100.0,True,2.8517138785408904
2026-06-01,19,Matched,361537,502.1347222222222,720,Chinatown-Swanston St (North),LtB210_T,-37.81237202,144.96550671,Outdoor,A,240977,120560,33.3465177837953,False,411376.0,-12.115193885885418,406334.0,368286.0,-1.8325431865452393,720,100.0,100.0,True,-1.8325431865452393
2026-07-01,19,Matched,410095,551.9448183041723,743,Chinatown-Swanston St (North),LtB210_T,-37.81237202,144.96550671,Outdoor,A,284461,125634,30.63534059181409,False,361537.0,13.430990465706138,394336.0,400431.0,2.4133995619719752,744,99.86559139784946,100.0,True,2.4133995619719752
2026-08-01,19,Matched,376090,510.2985074626866,737,Chinatown-Swanston St (North),LtB210_T,-37.81237202,144.96550671,Outdoor,A,225039,151051,40.16352468823952,False,410095.0,-8.291981126324387,382574.0,403813.0,-6.8653064661117895,744,99.05913978494624,99.86559139784946,True,-6.8653064661117895
2024-10-01,20,Matched,264507,355.99865410497983,743,Chinatown-Lt Bourke St (South),LtB170_T,-37.81172914,144.9682466,Outdoor,A,174782,89725,33.92159753806138,False,,,,,,744,99.86559139784946,,False,
2024-11-01,20,Matched,251707,349.5930555555556,720,Chinatown-Lt Bourke St (South),LtB170_T,-37.81172914,144.9682466,Outdoor,A,159504,92203,36.63108296551149,False,264507.0,-4.839191401361779,,,,720,100.0,,False,
2024-12-01,20,Matched,266598,359.29649595687334,742,Chinatown-Lt Bourke St (South),LtB170_T,-37.81172914,144.9682466,Outdoor,A,170635,95963,35.99539381390708,False,251707.0,5.916005514348031,260937.33333333334,,,744,99.73118279569893,,False,
2025-01-01,20,Matched,239785,322.2916666666667,744,Chinatown-Lt Bourke St (South),LtB170_T,-37.81172914,144.9682466,Outdoor,A,169701,70084,29.227849948912564,False,266598.0,-10.057464797185276,252696.66666666666,,,744,100.0,,False,
2025-02-01,20,Matched,219821,327.1145833333333,672,Chinatown-Lt Bourke St (South),LtB170_T,-37.81172914,144.9682466,Outdoor,A,133912,85909,39.081343456721605,False,239785.0,-8.325791855203619,242068.0,,,672,100.0,,False,
2025-03-01,20,Matched,256032,344.1290322580645,744,Chinatown-Lt Bourke St (South),LtB170_T,-37.81172914,144.9682466,Outdoor,A,146987,109045,42.59037932758405,False,219821.0,16.47294844441614,238546.0,,,744,100.0,,False,
2025-04-01,20,Matched,301217,418.3569444444444,720,Chinatown-Lt Bourke St (South),LtB170_T,-37.81172914,144.9682466,Outdoor,A,197606,103611,34.39746096667851,False,256032.0,17.64818460192476,259023.33333333334,,,720,100.0,,False,
2025-05-01,20,Matched,259188,348.3709677419355,744,Chinatown-Lt Bourke St (South),LtB170_T,-37.81172914,144.9682466,Outdoor,A,157975,101213,39.05003318054848,False,301217.0,-13.953063738102431,272145.6666666667,,,744,100.0,,False,
2025-06-01,20,Matched,243559,338.2763888888889,720,Chinatown-Lt Bourke St (South),LtB170_T,-37.81172914,144.9682466,Outdoor,A,145082,98477,40.43250300748484,False,259188.0,-6.029985956139945,267988.0,,,720,100.0,,False,
2025-07-01,20,Matched,268672,361.1182795698925,744,Chinatown-Lt Bourke St (South),LtB170_T,-37.81172914,144.9682466,Outdoor,A,176367,92305,34.35601774654597,False,243559.0,10.310848706063007,257139.66666666666,,,744,100.0,,False,
2025-08-01,20,Matched,269095,361.6868279569893,744,Chinatown-Lt Bourke St (South),LtB170_T,-37.81172914,144.9682466,Outdoor,A,156022,113073,42.019732808116096,False,268672.0,0.1574410433539781,260442.0,,,744,100.0,,False,
2025-09-01,20,Matched,246216,341.96666666666664,720,Chinatown-Lt Bourke St (South),LtB170_T,-37.81172914,144.9682466,Outdoor,A,160911,85305,34.64640803197192,False,269095.0,-8.502201824634422,261327.66666666666,,,720,100.0,,False,
2025-10-01,20,Matched,265277,357.0349932705249,743,Chinatown-Lt Bourke St (South),LtB170_T,-37.81172914,144.9682466,Outdoor,A,178375,86902,32.75896515717533,False,246216.0,7.741576501933261,260196.0,264507.0,0.2911076077381695,744,99.86559139784946,99.86559139784946,True,0.2911076077381695
2025-11-01,20,Matched,259166,359.9527777777778,720,Chinatown-Lt Bourke St (South),LtB170_T,-37.81172914,144.9682466,Outdoor,A,153709,105457,40.69090852966825,False,265277.0,-2.3036297907470304,256886.33333333334,251707.0,2.9633661360232333,720,100.0,100.0,True,2.9633661360232333
2025-12-01,20,Matched,280513,380.0989159891599,738,Chinatown-Lt Bourke St (South),LtB170_T,-37.81172914,144.9682466,Outdoor,A,188490,92023,32.80525323247051,False,259166.0,8.236805753841168,268318.6666666667,266598.0,5.219469013270917,744,99.19354838709677,99.73118279569893,True,5.219469013270917
2026-01-01,20,Matched,235827,317.3983849259758,743,Chinatown-Lt Bourke St (South),LtB170_T,-37.81172914,144.9682466,Outdoor,A,145907,89920,38.12964588448312,False,280513.0,-15.930099496280029,258502.0,239785.0,-1.650645369810455,744,99.86559139784946,100.0,True,-1.650645369810455
2026-02-01,20,Matched,253196,376.7797619047619,672,Chinatown-Lt Bourke St (South),LtB170_T,-37.81172914,144.9682466,Outdoor,A,154501,98695,38.97968372328157,False,235827.0,7.365144788340605,256512.0,219821.0,15.182807830007143,672,100.0,100.0,True,15.182807830007143
2026-03-01,20,Matched,261193,351.53835800807536,743,Chinatown-Lt Bourke St (South),LtB170_T,-37.81172914,144.9682466,Outdoor,A,153971,107222,41.050870429146265,False,253196.0,3.1584227238976923,250072.0,256032.0,2.015763654543182,744,99.86559139784946,100.0,True,2.015763654543182
2026-04-01,20,Matched,290394,403.88595271210016,719,Chinatown-Lt Bourke St (South),LtB170_T,-37.81172914,144.9682466,Outdoor,A,184583,105811,36.43704759740215,False,261193.0,11.179855509144579,268261.0,301217.0,-3.593090695412277,720,99.86111111111111,100.0,True,-3.593090695412277
2026-05-01,20,Matched,263562,354.25,744,Chinatown-Lt Bourke St (South),LtB170_T,-37.81172914,144.9682466,Outdoor,A,148188,115374,43.77489926468915,False,290394.0,-9.239860327692721,271716.3333333333,259188.0,1.6875781286170657,744,100.0,100.0,True,1.6875781286170657
2026-06-01,20,Matched,232333,322.6847222222222,720,Chinatown-Lt Bourke St (South),LtB170_T,-37.81172914,144.9682466,Outdoor,A,143309,89024,38.31741508954819,False,263562.0,-11.848824944415355,262096.33333333334,243559.0,-4.609150144318215,720,100.0,100.0,True,-4.609150144318215
2026-07-01,20,Matched,257942,347.1628532974428,743,Chinatown-Lt Bourke St (South),LtB170_T,-37.81172914,144.9682466,Outdoor,A,168957,88985,34.49806545657551,False,232333.0,11.022540921866458,251279.0,268672.0,-3.9937172463077655,744,99.86559139784946,100.0,True,-3.9937172463077655
2026-08-01,20,Matched,265795,361.1345108695652,736,Chinatown-Lt Bourke St (South),LtB170_T,-37.81172914,144.9682466,Outdoor,A,146151,119644,45.01363833029215,False,257942.0,3.0444828682416976,252023.33333333334,269095.0,-1.2263327077797803,744,98.9247311827957,100.0,True,-1.2263327077797803
2024-10-01,21,Matched,271434,365.81401617250674,742,155-161 Russell Street,Bourke155_T,-37.81267313,144.96788288,Outdoor,A,192011,79423,29.26052005275684,False,,,,,,744,99.73118279569893,,False,
2024-11-01,21,Matched,262077,363.9958333333333,720,155-161 Russell Street,Bourke155_T,-37.81267313,144.96788288,Outdoor,A,174981,87096,33.232981146762214,False,271434.0,-3.4472468445367936,,,,720,100.0,,False,
2024-12-01,21,Matched,285434,383.6478494623656,744,155-161 Russell Street,Bourke155_T,-37.81267313,144.96788288,Outdoor,A,192949,92485,32.4015359067245,False,262077.0,8.912266242363884,272981.6666666667,,,744,100.0,,False,
2025-01-01,21,Matched,273848,368.0752688172043,744,155-161 Russell Street,Bourke155_T,-37.81267313,144.96788288,Outdoor,A,199110,74738,27.291782302591216,False,285434.0,-4.059081959402174,273786.3333333333,,,744,100.0,,False,
2025-02-01,21,Matched,256803,382.1473214285714,672,155-161 Russell Street,Bourke155_T,-37.81267313,144.96788288,Outdoor,A,167967,88836,34.59305381946473,False,273848.0,-6.22425579153399,272028.3333333333,,,672,100.0,,False,
2025-03-01,21,Matched,301069,404.6626344086022,744,155-161 Russell Street,Bourke155_T,-37.81267313,144.96788288,Outdoor,A,190150,110919,36.84172066868393,False,256803.0,17.237337570043966,277240.0,,,744,100.0,,False,
2025-04-01,21,Matched,327749,455.84005563282335,719,155-161 Russell Street,Bourke155_T,-37.81267313,144.96788288,Outdoor,A,224652,103097,31.456083771422644,False,301069.0,8.861755942989813,295207.0,,,720,99.86111111111111,,False,
2025-05-01,21,Matched,274061,368.36155913978496,744,155-161 Russell Street,Bourke155_T,-37.81267313,144.96788288,Outdoor,A,179499,94562,34.50399728527591,False,327749.0,-16.380828011679668,300959.6666666667,,,744,100.0,,False,
2025-06-01,21,Matched,246192,341.93333333333334,720,155-161 Russell Street,Bourke155_T,-37.81267313,144.96788288,Outdoor,A,160760,85432,34.70137128745044,False,274061.0,-10.168904003123393,282667.3333333333,,,720,100.0,,False,
2025-07-01,21,Matched,279077,376.1145552560647,742,155-161 Russell Street,Bourke155_T,-37.81267313,144.96788288,Outdoor,A,193141,85936,30.792935283093914,False,246192.0,13.357460843569246,266443.3333333333,,,744,99.73118279569893,,False,
2025-08-01,21,Matched,291685,392.0497311827957,744,155-161 Russell Street,Bourke155_T,-37.81267313,144.96788288,Outdoor,A,177607,114078,39.109998800075424,False,279077.0,4.517749581656676,272318.0,,,744,100.0,,False,
2025-09-01,21,Matched,260641,362.5048678720445,719,155-161 Russell Street,Bourke155_T,-37.81267313,144.96788288,Outdoor,A,180355,80286,30.803288814883302,False,291685.0,-10.642988155030256,277134.3333333333,,,720,99.86111111111111,,False,
2025-10-01,21,Matched,283340,381.3458950201885,743,155-161 Russell Street,Bourke155_T,-37.81267313,144.96788288,Outdoor,A,200066,83274,29.39013199689419,False,260641.0,8.708913793301898,278555.3333333333,271434.0,4.38633332596506,744,99.86559139784946,99.73118279569893,True,4.38633332596506
2025-11-01,21,Matched,287781,399.6958333333333,720,155-161 Russell Street,Bourke155_T,-37.81267313,144.96788288,Outdoor,A,184858,102923,35.76434858451392,False,283340.0,1.5673748852968166,277254.0,262077.0,9.807804576517588,720,100.0,100.0,True,9.807804576517588
2025-12-01,21,Matched,356885,479.68413978494624,744,155-161 Russell Street,Bourke155_T,-37.81267313,144.96788288,Outdoor,A,253209,103676,29.050254283592757,False,287781.0,24.012704104857512,309335.3333333333,285434.0,25.032406791062034,744,100.0,100.0,True,25.032406791062034
2026-01-01,21,Matched,344010,462.3790322580645,744,155-161 Russell Street,Bourke155_T,-37.81267313,144.96788288,Outdoor,A,229964,114046,33.151943257463444,False,356885.0,-3.6076046905866037,329558.6666666667,273848.0,25.620782331804502,744,100.0,100.0,True,25.620782331804502
2026-02-01,21,Matched,333705,497.3248882265276,671,155-161 Russell Street,Bourke155_T,-37.81267313,144.96788288,Outdoor,A,216426,117279,35.14451386703825,False,344010.0,-2.9955524548704977,344866.6666666667,256803.0,29.94591184682422,672,99.85119047619048,100.0,True,29.94591184682422
2026-03-01,21,Matched,349919,470.3212365591398,744,155-161 Russell Street,Bourke155_T,-37.81267313,144.96788288,Outdoor,A,226659,123260,35.22529499684212,False,333705.0,4.858782457559821,342544.6666666667,301069.0,16.225516409859534,744,100.0,100.0,True,16.225516409859534
2026-04-01,21,Matched,366116,508.49444444444447,720,155-161 Russell Street,Bourke155_T,-37.81267313,144.96788288,Outdoor,A,247187,118929,32.48396683018497,False,349919.0,4.628785518934382,349913.3333333333,327749.0,11.706214206603224,720,100.0,99.86111111111111,True,11.706214206603224
2026-05-01,21,Matched,317900,427.2849462365592,744,155-161 Russell Street,Bourke155_T,-37.81267313,144.96788288,Outdoor,A,196942,120958,38.049072035231205,False,366116.0,-13.169596521321111,344645.0,274061.0,15.996073866766888,744,100.0,100.0,True,15.996073866766888
2026-06-01,21,Matched,278470,386.7638888888889,720,155-161 Russell Street,Bourke155_T,-37.81267313,144.96788288,Outdoor,A,191152,87318,31.35634000071821,False,317900.0,-12.403271469015413,320828.6666666667,246192.0,13.110905309677001,720,100.0,100.0,True,13.110905309677001
2026-07-01,21,Matched,314471,423.2449528936743,743,155-161 Russell Street,Bourke155_T,-37.81267313,144.96788288,Outdoor,A,221466,93005,29.575064155359318,False,278470.0,12.928143067475851,303613.6666666667,279077.0,12.682521311322681,744,99.86559139784946,99.73118279569893,True,12.682521311322681
2026-08-01,21,Matched,311366,418.502688172043,744,155-161 Russell Street,Bourke155_T,-37.81267313,144.96788288,Outdoor,A,193116,118250,37.97781389104784,False,314471.0,-0.9873724445179364,301435.6666666667,291685.0,6.747347309597683,744,100.0,100.0,True,6.747347309597683
2024-10-01,23,Matched,272463,366.7065948855989,743,Spencer St-Collins St (South),Col623_T,-37.81909256,144.95452748,Outdoor,A,231753,40710,14.9414782924654,False,,,,,,744,99.86559139784946,,False,
2024-11-01,23,Matched,241308,335.15,720,Spencer St-Collins St (South),Col623_T,-37.81909256,144.95452748,Outdoor,A,198290,43018,17.827009465081968,False,272463.0,-11.434580108124774,,,,720,100.0,,False,
2024-12-01,23,Matched,224055,301.1491935483871,744,Spencer St-Collins St (South),Col623_T,-37.81909256,144.95452748,Outdoor,A,181665,42390,18.91946173930508,False,241308.0,-7.149783678949724,245942.0,,,744,100.0,,False,
2025-01-01,23,Matched,213644,287.1559139784946,744,Spencer St-Collins St (South),Col623_T,-37.81909256,144.95452748,Outdoor,A,180755,32889,15.394300799460789,False,224055.0,-4.646626944277075,226335.66666666666,,,744,100.0,,False,
2025-02-01,23,Matched,217042,322.9791666666667,672,Spencer St-Collins St (South),Col623_T,-37.81909256,144.95452748,Outdoor,A,185110,31932,14.712359819758388,False,213644.0,1.590496339705304,218247.0,,,672,100.0,,False,
2025-03-01,23,Matched,255174,342.9758064516129,744,Spencer St-Collins St (South),Col623_T,-37.81909256,144.95452748,Outdoor,A,204453,50721,19.877025088762963,False,217042.0,17.568949788520193,228620.0,,,744,100.0,,False,
2025-04-01,23,Matched,243609,338.34583333333336,720,Spencer St-Collins St (South),Col623_T,-37.81909256,144.95452748,Outdoor,A,200787,42822,17.578168294274843,False,255174.0,-4.532201556584918,238608.33333333334,,,720,100.0,,False,
2025-05-01,23,Matched,280108,376.489247311828,744,Spencer St-Collins St (South),Col623_T,-37.81909256,144.95452748,Outdoor,A,233000,47108,16.817798849015382,False,243609.0,14.982615584810086,259630.33333333334,,,744,100.0,,False,
2025-06-01,23,Matched,247867,344.2597222222222,720,Spencer St-Collins St (South),Col623_T,-37.81909256,144.95452748,Outdoor,A,206666,41201,16.622220787761176,False,280108.0,-11.510203207334314,257194.66666666666,,,720,100.0,,False,
2025-07-01,23,Matched,288274,387.9865410497981,743,Spencer St-Collins St (South),Col623_T,-37.81909256,144.95452748,Outdoor,A,242450,45824,15.895987844897563,False,247867.0,16.301887705906797,272083.0,,,744,99.86559139784946,,False,
2025-08-01,23,Matched,269869,362.7271505376344,744,Spencer St-Collins St (South),Col623_T,-37.81909256,144.95452748,Outdoor,A,215587,54282,20.1142035580226,False,288274.0,-6.384550809299486,268670.0,,,744,100.0,,False,
2025-09-01,23,Matched,241613,335.5736111111111,720,Spencer St-Collins St (South),Col623_T,-37.81909256,144.95452748,Outdoor,A,206078,35535,14.70740398902377,False,269869.0,-10.470265202746518,266585.3333333333,,,720,100.0,,False,
2025-10-01,23,Matched,271705,365.6864064602961,743,Spencer St-Collins St (South),Col623_T,-37.81909256,144.95452748,Outdoor,A,233030,38675,14.234187813989438,False,241613.0,12.454627855289244,261062.33333333334,272463.0,-0.2782029119550178,744,99.86559139784946,99.86559139784946,True,-0.2782029119550178
2025-11-01,23,Matched,266296,369.8555555555556,720,Spencer St-Collins St (South),Col623_T,-37.81909256,144.95452748,Outdoor,A,213824,52472,19.704389100850182,False,271705.0,-1.990762039712188,259871.33333333334,241308.0,10.355230659572,720,100.0,100.0,True,10.355230659572
2025-12-01,23,Matched,259523,348.8212365591398,744,Spencer St-Collins St (South),Col623_T,-37.81909256,144.95452748,Outdoor,A,215397,44126,17.002731935127137,False,266296.0,-2.5434103403731187,265841.3333333333,224055.0,15.83004173082502,744,100.0,100.0,True,15.83004173082502
2026-01-01,23,Matched,229965,309.09274193548384,744,Spencer St-Collins St (South),Col623_T,-37.81909256,144.95452748,Outdoor,A,185877,44088,19.171613071554365,False,259523.0,-11.389356627350947,251928.0,213644.0,7.639343955365,744,100.0,100.0,True,7.639343955365
2026-02-01,23,Matched,272405,405.3645833333333,672,Spencer St-Collins St (South),Col623_T,-37.81909256,144.95452748,Outdoor,A,226466,45939,16.86422789596373,False,229965.0,18.454982279912162,253964.33333333334,217042.0,25.507966200090305,672,100.0,100.0,True,25.507966200090305
2026-03-01,23,Matched,295935,397.7620967741936,744,Spencer St-Collins St (South),Col623_T,-37.81909256,144.95452748,Outdoor,A,232803,63132,21.333063003700136,False,272405.0,8.637873754152823,266101.6666666667,255174.0,15.973806108772838,744,100.0,100.0,True,15.973806108772838
2026-04-01,23,Matched,273412,379.7388888888889,720,Spencer St-Collins St (South),Col623_T,-37.81909256,144.95452748,Outdoor,A,225059,48353,17.685032112709028,False,295935.0,-7.61079291060537,280584.0,243609.0,12.233948663637221,720,100.0,100.0,True,12.233948663637221
2026-05-01,23,Matched,248023,333.364247311828,744,Spencer St-Collins St (South),Col623_T,-37.81909256,144.95452748,Outdoor,A,199669,48354,19.495772569479445,False,273412.0,-9.285985984521528,272456.6666666667,280108.0,-11.45451040313022,744,100.0,100.0,True,-11.45451040313022
2026-06-01,23,Matched,226789,314.9847222222222,720,Spencer St-Collins St (South),Col623_T,-37.81909256,144.95452748,Outdoor,A,190979,35810,15.79000745186054,False,248023.0,-8.561302782403244,249408.0,247867.0,-8.503754029378658,720,100.0,100.0,True,-8.503754029378658
2026-07-01,23,Matched,255975,345.44534412955466,741,Spencer St-Collins St (South),Col623_T,-37.81909256,144.95452748,Outdoor,A,215872,40103,15.666764332454342,False,226789.0,12.869230870985806,243595.66666666666,288274.0,-11.2042709366783,744,99.59677419354838,99.86559139784946,True,-11.2042709366783
2026-08-01,23,Matched,251471,338.4535666218035,743,Spencer St-Collins St (South),Col623_T,-37.81909256,144.95452748,Outdoor,A,199599,51872,20.62742821239825,False,255975.0,-1.75954683074519,244745.0,269869.0,-6.817381766709032,744,99.86559139784946,100.0,True,-6.817381766709032
2024-10-01,24,Matched,731866,985.014804845222,743,Spencer St-Collins St (North),Col620_T,-37.81887963,144.95449198,Outdoor,A,594509,137357,18.76805316820292,False,,,,,,744,99.86559139784946,,False,
2024-11-01,24,Matched,647494,911.96338028169,710,Spencer St-Collins St (North),Col620_T,-37.81887963,144.95449198,Outdoor,A,492134,155360,23.994044732460843,False,731866.0,-11.52833988735643,,,,720,98.61111111111111,,False,
2024-12-01,24,Matched,613719,824.891129032258,744,Spencer St-Collins St (North),Col620_T,-37.81887963,144.95449198,Outdoor,A,476952,136767,22.2849545150142,False,647494.0,-5.216264552258399,664359.6666666666,,,744,100.0,,False,
2025-01-01,24,Matched,595165,799.9529569892474,744,Spencer St-Collins St (North),Col620_T,-37.81887963,144.95449198,Outdoor,A,483812,111353,18.709601539069,False,613719.0,-3.023207689512627,618792.6666666666,,,744,100.0,,False,
2025-02-01,24,Matched,605613,901.2098214285714,672,Spencer St-Collins St (North),Col620_T,-37.81887963,144.95449198,Outdoor,A,486591,119022,19.65314483011428,False,595165.0,1.7554795728915509,604832.3333333334,,,672,100.0,,False,
2025-03-01,24,Matched,702803,972.0650069156292,723,Spencer St-Collins St (North),Col620_T,-37.81887963,144.95449198,Outdoor,A,523910,178893,25.454216900041693,False,605613.0,16.048202399882435,634527.0,,,744,97.17741935483872,,False,
2025-04-01,24,Matched,645051,895.9041666666667,720,Spencer St-Collins St (North),Col620_T,-37.81887963,144.95449198,Outdoor,A,517990,127061,19.69782234272949,False,702803.0,-8.2173809730465,651155.6666666666,,,720,100.0,,False,
2025-05-01,24,Matched,695468,934.7688172043012,744,Spencer St-Collins St (North),Col620_T,-37.81887963,144.95449198,Outdoor,A,549691,145777,20.960993172942537,False,645051.0,7.815971140266428,681107.3333333334,,,744,100.0,,False,
2025-06-01,24,Matched,625553,868.8236111111111,720,Spencer St-Collins St (North),Col620_T,-37.81887963,144.95449198,Outdoor,A,496355,129198,20.65340586648933,False,695468.0,-10.052942766597457,655357.3333333334,,,720,100.0,,False,
2025-07-01,24,Matched,721016,969.1075268817204,744,Spencer St-Collins St (North),Col620_T,-37.81887963,144.95449198,Outdoor,A,590606,130410,18.08697726541436,False,625553.0,15.26057744108013,680679.0,,,744,100.0,,False,
2025-08-01,24,Matched,686663,922.9341397849462,744,Spencer St-Collins St (North),Col620_T,-37.81887963,144.95449198,Outdoor,A,525080,161583,23.5316305087066,False,721016.0,-4.764526723401422,677744.0,,,744,100.0,,False,
2025-09-01,24,Matched,600371,906.904833836858,662,Spencer St-Collins St (North),Col620_T,-37.81887963,144.95449198,Outdoor,A,516510,83861,13.968196331934754,False,686663.0,-12.56686322111429,669350.0,,,720,91.94444444444444,,False,
2025-10-01,24,Matched,691210,930.2960969044416,743,Spencer St-Collins St (North),Col620_T,-37.81887963,144.95449198,Outdoor,A,569274,121936,17.640948481648124,False,600371.0,15.130477654650207,659414.6666666666,731866.0,-5.555115280666133,744,99.86559139784946,99.86559139784946,True,-5.555115280666133
2025-11-01,24,Matched,648006,900.0083333333333,720,Spencer St-Collins St (North),Col620_T,-37.81887963,144.95449198,Outdoor,A,484964,163042,25.160569500899683,False,691210.0,-6.250488274185847,646529.0,647494.0,0.07907409180625612,720,100.0,98.61111111111111,True,0.07907409180625612
2025-12-01,24,Matched,622123,836.1868279569892,744,Spencer St-Collins St (North),Col620_T,-37.81887963,144.95449198,Outdoor,A,495760,126363,20.31157825703277,False,648006.0,-3.9942531396314234,653779.6666666666,613719.0,1.3693563340877501,744,100.0,100.0,True,1.3693563340877501
2026-01-01,24,Matched,547058,735.2930107526881,744,Spencer St-Collins St (North),Col620_T,-37.81887963,144.95449198,Outdoor,A,421017,126041,23.039787371722927,False,622123.0,-12.065941943956421,605729.0,595165.0,-8.082968588542673,744,100.0,100.0,True,-8.082968588542673
2026-02-01,24,Matched,649287,966.2008928571428,672,Spencer St-Collins St (North),Col620_T,-37.81887963,144.95449198,Outdoor,A,516764,132523,20.41054264138971,False,547058.0,18.687049636418806,606156.0,605613.0,7.211536079971863,672,100.0,100.0,True,7.211536079971863
2026-03-01,24,Matched,707831,951.385752688172,744,Spencer St-Collins St (North),Col620_T,-37.81887963,144.95449198,Outdoor,A,547997,159834,22.5808137818208,False,649287.0,9.016659812994869,634725.3333333334,702803.0,0.7154209643385131,744,100.0,97.17741935483872,True,0.7154209643385131
2026-04-01,24,Matched,662596,920.2722222222222,720,Spencer St-Collins St (North),Col620_T,-37.81887963,144.95449198,Outdoor,A,525933,136663,20.62538862293162,False,707831.0,-6.390649745490096,673238.0,645051.0,2.719939973738511,720,100.0,100.0,True,2.719939973738511
2026-05-01,24,Matched,667694,897.4381720430108,744,Spencer St-Collins St (North),Col620_T,-37.81887963,144.95449198,Outdoor,A,496105,171589,25.698748228979145,False,662596.0,0.7693979438451183,679373.6666666666,695468.0,-3.9935697976039157,744,100.0,100.0,True,-3.9935697976039157
2026-06-01,24,Matched,628849,880.7408963585434,714,Spencer St-Collins St (North),Col620_T,-37.81887963,144.95449198,Outdoor,A,507074,121775,19.36474415956772,False,667694.0,-5.817784793633011,653046.3333333334,625553.0,0.5268938043619006,720,99.16666666666667,100.0,True,0.5268938043619006
2026-07-01,24,Matched,663257,891.4744623655914,744,Spencer St-Collins St (North),Col620_T,-37.81887963,144.95449198,Outdoor,A,537108,126149,19.019625876545597,False,628849.0,5.471583798336326,653266.6666666666,721016.0,-8.010779233747932,744,100.0,100.0,True,-8.010779233747932
2026-08-01,24,Matched,706368,949.4193548387096,744,Spencer St-Collins St (North),Col620_T,-37.81887963,144.95449198,Outdoor,A,541439,164929,23.348877638851132,False,663257.0,6.499893706361185,666158.0,686663.0,2.869675517684803,744,100.0,100.0,True,2.869675517684803
2024-10-01,25,Matched,553230,793.7302725968436,697,Melbourne Convention Exhibition Centre,MCEC_T,-37.82401776,144.95604426,Outdoor,A,350797,202433,36.59111038808452,False,,,,,,744,93.68279569892472,,False,
2024-11-01,25,Matched,540867,775.9928263988522,697,Melbourne Convention Exhibition Centre,MCEC_T,-37.82401776,144.95604426,Outdoor,A,374699,166168,30.722525130947165,False,553230.0,-2.234694430887696,,,,720,96.80555555555556,,False,
2024-12-01,25,Matched,643118,864.4059139784946,744,Melbourne Convention Exhibition Centre,MCEC_T,-37.82401776,144.95604426,Outdoor,A,427892,215226,33.466020232678915,False,540867.0,18.90501731479273,579071.6666666666,,,744,100.0,,False,
2025-01-01,25,Matched,458959,636.5589459084605,721,Melbourne Convention Exhibition Centre,MCEC_T,-37.82401776,144.95604426,Outdoor,A,340636,118323,25.780734226804576,False,643118.0,-28.63533597255869,547648.0,,,744,96.90860215053763,,False,
2025-02-01,25,Matched,405032,602.7261904761905,672,Melbourne Convention Exhibition Centre,MCEC_T,-37.82401776,144.95604426,Outdoor,A,275740,129292,31.921428430346243,False,458959.0,-11.749851293906428,502369.6666666667,,,672,100.0,,False,
2025-03-01,25,Matched,463333,622.7594086021505,744,Melbourne Convention Exhibition Centre,MCEC_T,-37.82401776,144.95604426,Outdoor,A,302712,160621,34.66642781757397,False,405032.0,14.394171324734836,442441.3333333333,,,744,100.0,,False,
2025-04-01,25,Matched,484506,672.925,720,Melbourne Convention Exhibition Centre,MCEC_T,-37.82401776,144.95604426,Outdoor,A,312519,171987,35.49739322113658,False,463333.0,4.569715517780947,450957.0,,,720,100.0,,False,
2025-05-01,25,Matched,439851,591.1975806451613,744,Melbourne Convention Exhibition Centre,MCEC_T,-37.82401776,144.95604426,Outdoor,A,275777,164074,37.30217732823161,False,484506.0,-9.21660412874144,462563.3333333333,,,744,100.0,,False,
2025-06-01,25,Matched,389029,558.9497126436781,696,Melbourne Convention Exhibition Centre,MCEC_T,-37.82401776,144.95604426,Outdoor,A,224854,164175,42.2012240732696,False,439851.0,-11.554367274372458,437795.3333333333,,,720,96.66666666666667,,False,
2025-07-01,25,Matched,397929,556.5440559440559,715,Melbourne Convention Exhibition Centre,MCEC_T,-37.82401776,144.95604426,Outdoor,A,247112,150817,37.90047973382186,False,389029.0,2.287747185942436,408936.3333333333,,,744,96.10215053763442,,False,
2025-08-01,25,Matched,504385,677.9368279569892,744,Melbourne Convention Exhibition Centre,MCEC_T,-37.82401776,144.95604426,Outdoor,A,286693,217692,43.15988778413315,False,397929.0,26.75251112635671,430447.6666666667,,,744,100.0,,False,
2025-09-01,25,Matched,577853,802.5736111111111,720,Melbourne Convention Exhibition Centre,MCEC_T,-37.82401776,144.95604426,Outdoor,A,383339,194514,33.66150214673974,False,504385.0,14.565857430335955,493389.0,,,720,100.0,,False,
2025-10-01,25,Matched,785606,1058.7681940700809,742,Melbourne Convention Exhibition Centre,MCEC_T,-37.82401776,144.95604426,Outdoor,A,534669,250937,31.941838529746462,False,577853.0,35.95256925204161,622614.6666666666,553230.0,42.00350667895812,744,99.73118279569893,93.68279569892472,True,42.00350667895812
2025-11-01,25,Matched,645733,896.8513888888889,720,Melbourne Convention Exhibition Centre,MCEC_T,-37.82401776,144.95604426,Outdoor,A,408416,237317,36.7515675983727,False,785606.0,-17.804471961772187,669730.6666666666,540867.0,19.388500315234612,720,100.0,96.80555555555556,True,19.388500315234612
2025-12-01,25,Matched,687799,924.4610215053764,744,Melbourne Convention Exhibition Centre,MCEC_T,-37.82401776,144.95604426,Outdoor,A,474713,213086,30.98085341793169,False,645733.0,6.514457213740044,706379.3333333334,643118.0,6.947558612882861,744,100.0,100.0,True,6.947558612882861
2026-01-01,25,Matched,516352,694.0215053763441,744,Melbourne Convention Exhibition Centre,MCEC_T,-37.82401776,144.95604426,Outdoor,A,340121,176231,34.13001208477937,False,687799.0,-24.92690451716272,616628.0,458959.0,12.505038576430575,744,100.0,96.90860215053763,True,12.505038576430575
2026-02-01,25,Matched,406080,605.1862891207154,671,Melbourne Convention Exhibition Centre,MCEC_T,-37.82401776,144.95604426,Outdoor,A,261654,144426,35.56589834515366,False,516352.0,-21.355974219137334,536743.6666666666,405032.0,0.25874498805032686,672,99.85119047619048,100.0,True,0.25874498805032686
2026-03-01,25,Matched,456302,613.3091397849462,744,Melbourne Convention Exhibition Centre,MCEC_T,-37.82401776,144.95604426,Outdoor,A,278248,178054,39.02108691173828,False,406080.0,12.36751379038613,459578.0,463333.0,-1.5174831061029541,744,100.0,100.0,True,-1.5174831061029541
2026-04-01,25,Matched,536498,745.1361111111111,720,Melbourne Convention Exhibition Centre,MCEC_T,-37.82401776,144.95604426,Outdoor,A,337804,198694,37.03536639465571,False,456302.0,17.57520238789223,466293.3333333333,484506.0,10.730930060721642,720,100.0,100.0,True,10.730930060721642
2026-05-01,25,Matched,460217,618.5712365591398,744,Melbourne Convention Exhibition Centre,MCEC_T,-37.82401776,144.95604426,Outdoor,A,281781,178436,38.77214444490317,False,536498.0,-14.2183195463916,484339.0,439851.0,4.630204319189907,744,100.0,100.0,True,4.630204319189907
2026-06-01,25,Matched,419922,584.849582172702,718,Melbourne Convention Exhibition Centre,MCEC_T,-37.82401776,144.95604426,Outdoor,A,259506,160416,38.20138025633332,False,460217.0,-8.755652224928676,472212.3333333333,389029.0,7.9410532376763685,720,99.72222222222223,96.66666666666667,True,7.9410532376763685
2026-07-01,25,Matched,447632,602.4656796769852,743,Melbourne Convention Exhibition Centre,MCEC_T,-37.82401776,144.95604426,Outdoor,A,293189,154443,34.502225041998784,False,419922.0,6.5988445473206925,442590.3333333333,397929.0,12.49041914512388,744,99.86559139784946,96.10215053763442,True,12.49041914512388
2026-08-01,25,Matched,457909,617.9608636977058,741,Melbourne Convention Exhibition Centre,MCEC_T,-37.82401776,144.95604426,Outdoor,A,250245,207664,45.35049540410868,False,447632.0,2.2958590985452334,441821.0,504385.0,-9.21438980144136,744,99.59677419354838,100.0,True,-9.21438980144136
2024-10-01,27,Matched,119018,160.4016172506739,742,QV Market-Peel St,Vic_T,-37.80606888,144.95644692,Outdoor,A,79323,39695,33.352098001982895,False,,,,,,744,99.73118279569893,,False,
2024-11-01,27,Matched,111013,154.18472222222223,720,QV Market-Peel St,Vic_T,-37.80606888,144.95644692,Outdoor,A,70696,40317,36.317368236152525,False,119018.0,-6.725873397301249,,,,720,100.0,,False,
2024-12-01,27,Matched,109157,146.71639784946237,744,QV Market-Peel St,Vic_T,-37.80606888,144.95644692,Outdoor,A,68806,40351,36.96602141869051,False,111013.0,-1.6718762667435345,113062.66666666667,,,744,100.0,,False,
2025-01-01,27,Matched,105069,141.22177419354838,744,QV Market-Peel St,Vic_T,-37.80606888,144.95644692,Outdoor,A,73373,31696,30.16684274143658,False,109157.0,-3.7450644484549773,108413.0,,,744,100.0,,False,
2025-02-01,27,Matched,102140,152.22056631892698,671,QV Market-Peel St,Vic_T,-37.80606888,144.95644692,Outdoor,A,65978,36162,35.404346974740555,False,105069.0,-2.7876918977053173,105455.33333333333,,,672,99.85119047619048,,False,
2025-03-01,27,Matched,119634,161.23180592991915,742,QV Market-Peel St,Vic_T,-37.80606888,144.95644692,Outdoor,A,71664,47970,40.09729675510306,False,102140.0,17.127472097121597,108947.66666666667,,,744,99.73118279569893,,False,
2025-04-01,27,Matched,109844,152.5611111111111,720,QV Market-Peel St,Vic_T,-37.80606888,144.95644692,Outdoor,A,71829,38015,34.60817158879866,False,119634.0,-8.18329237507732,110539.33333333333,,,720,100.0,,False,
2025-05-01,27,Matched,115398,155.94324324324324,740,QV Market-Peel St,Vic_T,-37.80606888,144.95644692,Outdoor,A,71254,44144,38.2536959046084,False,109844.0,5.056261607370453,114958.66666666667,,,744,99.46236559139786,,False,
2025-06-01,27,Matched,107736,150.050139275766,718,QV Market-Peel St,Vic_T,-37.80606888,144.95644692,Outdoor,A,65256,42480,39.42971708621074,False,115398.0,-6.639629802942859,110992.66666666667,,,720,99.72222222222223,,False,
2025-07-01,27,Matched,120658,162.83130904183537,741,QV Market-Peel St,Vic_T,-37.80606888,144.95644692,Outdoor,A,81248,39410,32.66256692469625,False,107736.0,11.994133808569094,114597.33333333333,,,744,99.59677419354838,,False,
2025-08-01,27,Matched,122704,169.71507607192254,723,QV Market-Peel St,Vic_T,-37.80606888,144.95644692,Outdoor,A,72529,50175,40.891087495110185,False,120658.0,1.6957019012415258,117032.66666666667,,,744,97.17741935483872,,False,
2025-09-01,27,Matched,108388,150.7482614742698,719,QV Market-Peel St,Vic_T,-37.80606888,144.95644692,Outdoor,A,71635,36753,33.90873528434882,False,122704.0,-11.667101316990482,117250.0,,,720,99.86111111111111,,False,
2025-10-01,27,Matched,153340,206.6576819407008,742,QV Market-Peel St,Vic_T,-37.80606888,144.95644692,Outdoor,A,105601,47739,31.13277683578975,False,108388.0,41.473225818356276,128144.0,119018.0,28.837654808516362,744,99.73118279569893,99.73118279569893,True,28.837654808516362
2025-11-01,27,Matched,105419,147.2332402234637,716,QV Market-Peel St,Vic_T,-37.80606888,144.95644692,Outdoor,A,62092,43327,41.09980174351872,False,153340.0,-31.2514673275075,122382.33333333333,111013.0,-5.0390494806914505,720,99.44444444444444,100.0,True,-5.0390494806914505
2025-12-01,27,Matched,104765,140.81317204301075,744,QV Market-Peel St,Vic_T,-37.80606888,144.95644692,Outdoor,A,71768,32997,31.496205793919724,False,105419.0,-0.6203815251520125,121174.66666666667,109157.0,-4.023562391784311,744,100.0,100.0,True,-4.023562391784311
2026-01-01,27,Matched,98640,132.93800539083557,742,QV Market-Peel St,Vic_T,-37.80606888,144.95644692,Outdoor,A,63009,35631,36.12226277372263,False,104765.0,-5.846418174008495,102941.33333333333,105069.0,-6.11883619335865,744,99.73118279569893,100.0,True,-6.11883619335865
2026-02-01,27,Matched,97448,149.46012269938652,652,QV Market-Peel St,Vic_T,-37.80606888,144.95644692,Outdoor,A,62085,35363,36.28909777522371,False,98640.0,-1.208434712084347,100284.33333333333,102140.0,-4.5936949285294695,672,97.02380952380952,99.85119047619048,True,-4.5936949285294695
2026-03-01,27,Matched,108108,145.30645161290323,744,QV Market-Peel St,Vic_T,-37.80606888,144.95644692,Outdoor,A,68233,39875,36.88441188441188,False,97448.0,10.939167556029883,101398.66666666667,119634.0,-9.634384873865288,744,100.0,99.73118279569893,True,-9.634384873865288
2026-04-01,27,Matched,102224,142.7709497206704,716,QV Market-Peel St,Vic_T,-37.80606888,144.95644692,Outdoor,A,65657,36567,35.7714431053373,False,108108.0,-5.442705442705443,102593.33333333333,109844.0,-6.937110811696588,720,99.44444444444444,100.0,True,-6.937110811696588
2026-05-01,27,Matched,106078,142.7698519515478,743,QV Market-Peel St,Vic_T,-37.80606888,144.95644692,Outdoor,A,59702,46376,43.7187729783744,False,102224.0,3.7701518234465485,105470.0,115398.0,-8.076396471342658,744,99.86559139784946,99.46236559139786,True,-8.076396471342658
2026-06-01,27,Matched,101584,141.67921896792188,717,QV Market-Peel St,Vic_T,-37.80606888,144.95644692,Outdoor,A,62901,38683,38.07981571901087,False,106078.0,-4.236505213145044,103295.33333333333,107736.0,-5.710254696665924,720,99.58333333333333,99.72222222222223,True,-5.710254696665924
2026-07-01,27,Matched,113101,152.01747311827958,744,QV Market-Peel St,Vic_T,-37.80606888,144.95644692,Outdoor,A,75203,37898,33.508103376627965,False,101584.0,11.337415340998582,106921.0,120658.0,-6.2631570223275705,744,100.0,99.59677419354838,True,-6.2631570223275705
2026-08-01,27,Matched,114429,154.00942126514133,743,QV Market-Peel St,Vic_T,-37.80606888,144.95644692,Outdoor,A,63356,51073,44.632916480962,False,113101.0,1.1741717579862248,109704.66666666667,122704.0,-6.743871430434216,744,99.86559139784946,97.17741935483872,True,-6.743871430434216
2024-10-01,28,Unmatched,465949,627.1184387617766,743,,,,,,,331278,134671,28.90251937443797,False,,,,,,744,99.86559139784946,,False,
2024-11-01,28,Unmatched,428732,597.9525801952581,717,,,,,,,292284,136448,31.82594254685911,False,465949.0,-7.987354839263524,,,,720,99.58333333333333,,False,
2024-12-01,28,Unmatched,551110,740.739247311828,744,,,,,,,376138,174972,31.74901562301537,False,428732.0,28.544172116846887,481930.3333333333,,,744,100.0,,False,
2025-01-01,28,Unmatched,672471,903.858870967742,744,,,,,,,498267,174204,25.90505761586745,False,551110.0,22.021193591116113,550771.0,,,744,100.0,,False,
2025-02-01,28,Unmatched,529880,788.5119047619048,672,,,,,,,354166,175714,33.16109307767797,False,672471.0,-21.204037051411884,584487.0,,,672,100.0,,False,
2025-03-01,28,Unmatched,681088,916.6729475100942,743,,,,,,,428048,253040,37.15232099229468,False,529880.0,28.536272363554012,627813.0,,,744,99.86559139784946,,False,
2025-04-01,28,Unmatched,644971,895.7930555555556,720,,,,,,,444928,200043,31.015813114077996,False,681088.0,-5.302838987032513,618646.3333333334,,,720,100.0,,False,
2025-05-01,28,Unmatched,419927,564.4180107526881,744,,,,,,,289920,130007,30.95942866260088,False,644971.0,-34.892111428265764,581995.3333333334,,,744,100.0,,False,
2025-06-01,28,Unmatched,363462,593.8921568627451,612,,,,,,,253081,110381,30.36933709713808,False,419927.0,-13.446384728774289,476120.0,,,720,85.0,,False,
2025-07-01,28,Unmatched,474203,682.3064748201439,695,,,,,,,345899,128304,27.05676682770881,False,363462.0,30.4683845904111,419197.3333333333,,,744,93.41397849462365,,False,
2025-08-01,28,Unmatched,525690,729.1123439667128,721,,,,,,,342077,183613,34.927999391276224,False,474203.0,10.85758630797359,454451.6666666667,,,744,96.90860215053763,,False,
2025-09-01,28,Unmatched,510964,709.6722222222222,720,,,,,,,368620,142344,27.8579312828301,False,525690.0,-2.801270710875231,503619.0,,,720,100.0,,False,
2025-10-01,28,Unmatched,478280,649.8369565217391,736,,,,,,,346780,131500,27.49435477126369,False,510964.0,-6.3965367423145265,504978.0,465949.0,2.6464269694752,744,98.9247311827957,99.86559139784946,True,2.6464269694752
2025-11-01,28,Unmatched,247743,554.2348993288591,447,,,,,,,177194,70549,28.47668753506658,False,478280.0,-48.20126285857656,412329.0,428732.0,-42.2149501320172,720,62.083333333333336,99.58333333333333,False,
2024-10-01,29,Matched,257050,352.6063100137174,729,St Kilda Rd-Alexandra Gardens,AG_T,-37.8199817,144.96872865,Outdoor,A,137415,119635,46.54152888543085,False,,,,,,744,97.98387096774194,,False,
2024-11-01,29,Matched,311755,432.99305555555554,720,St Kilda Rd-Alexandra Gardens,AG_T,-37.8199817,144.96872865,Outdoor,A,220479,91276,29.2781190357813,False,257050.0,21.281851779809376,,,,720,100.0,,False,
2024-12-01,29,Matched,438828,589.8225806451613,744,St Kilda Rd-Alexandra Gardens,AG_T,-37.8199817,144.96872865,Outdoor,A,276530,162298,36.98442214261624,False,311755.0,40.76053311093647,335877.6666666667,,,744,100.0,,False,
2025-01-01,29,Matched,356032,478.5376344086022,744,St Kilda Rd-Alexandra Gardens,AG_T,-37.8199817,144.96872865,Outdoor,A,236054,119978,33.69865630055725,False,438828.0,-18.8675289635119,368871.6666666667,,,744,100.0,,False,
2025-02-01,29,Matched,281363,418.6949404761905,672,St Kilda Rd-Alexandra Gardens,AG_T,-37.8199817,144.96872865,Outdoor,A,207810,73553,26.141674633836004,False,356032.0,-20.972553028941217,358741.0,,,672,100.0,,False,
2025-03-01,29,Matched,456689,613.8293010752689,744,St Kilda Rd-Alexandra Gardens,AG_T,-37.8199817,144.96872865,Outdoor,A,244952,211737,46.36349901136222,False,281363.0,62.31309731556743,364694.6666666667,,,744,100.0,,False,
2025-04-01,29,Matched,355766,494.11944444444447,720,St Kilda Rd-Alexandra Gardens,AG_T,-37.8199817,144.96872865,Outdoor,A,265137,90629,25.474328631741088,False,456689.0,-22.098846260803302,364606.0,,,720,100.0,,False,
2025-05-01,29,Matched,279347,375.4663978494624,744,St Kilda Rd-Alexandra Gardens,AG_T,-37.8199817,144.96872865,Outdoor,A,176805,102542,36.70775057544917,False,355766.0,-21.480130197939097,363934.0,,,744,100.0,,False,
2025-06-01,29,Matched,182840,255.0069735006973,717,St Kilda Rd-Alexandra Gardens,AG_T,-37.8199817,144.96872865,Outdoor,A,118351,64489,35.270728505797415,False,279347.0,-34.54735508167261,272651.0,,,720,99.58333333333333,,False,
2025-07-01,29,Matched,225763,313.9958275382476,719,St Kilda Rd-Alexandra Gardens,AG_T,-37.8199817,144.96872865,Outdoor,A,153460,72303,32.02606272949952,False,182840.0,23.475716473419382,229316.66666666666,,,744,96.63978494623656,,False,
2025-08-01,29,Matched,191986,266.2773925104022,721,St Kilda Rd-Alexandra Gardens,AG_T,-37.8199817,144.96872865,Outdoor,A,100944,91042,47.42116612669674,False,225763.0,-14.961264689076598,200196.33333333334,,,744,96.90860215053763,,False,
2025-09-01,29,Matched,172872,246.25641025641025,702,St Kilda Rd-Alexandra Gardens,AG_T,-37.8199817,144.96872865,Outdoor,A,100174,72698,42.05307973529548,False,191986.0,-9.955934286875085,196873.66666666666,,,720,97.5,,False,
2025-10-01,29,Matched,215591,296.1414835164835,728,St Kilda Rd-Alexandra Gardens,AG_T,-37.8199817,144.96872865,Outdoor,A,135334,80257,37.22650760003896,False,172872.0,24.711347123883566,193483.0,257050.0,-16.128768722038515,744,97.84946236559139,97.98387096774194,True,-16.128768722038515
2025-11-01,29,Matched,294871,410.68384401114207,718,St Kilda Rd-Alexandra Gardens,AG_T,-37.8199817,144.96872865,Outdoor,A,202177,92694,31.435441260754704,False,215591.0,36.773334693934345,227778.0,311755.0,-5.415791246331254,720,99.72222222222223,100.0,True,-5.415791246331254
2025-12-01,29,Matched,345636,465.1897711978466,743,St Kilda Rd-Alexandra Gardens,AG_T,-37.8199817,144.96872865,Outdoor,A,232337,113299,32.77986089411983,False,294871.0,17.216002930094856,285366.0,438828.0,-21.236566490743524,744,99.86559139784946,100.0,True,-21.236566490743524
2026-01-01,29,Matched,367547,494.6796769851952,743,St Kilda Rd-Alexandra Gardens,AG_T,-37.8199817,144.96872865,Outdoor,A,226283,141264,38.434268270452485,False,345636.0,6.339328079251004,336018.0,356032.0,3.234259841811972,744,99.86559139784946,100.0,True,3.234259841811972
2026-02-01,29,Matched,297587,443.4977645305514,671,St Kilda Rd-Alexandra Gardens,AG_T,-37.8199817,144.96872865,Outdoor,A,206682,90905,30.54736934073061,False,367547.0,-19.03430037519011,336923.3333333333,281363.0,5.766216595643351,672,99.85119047619048,100.0,True,5.766216595643351
2026-03-01,29,Matched,437387,587.885752688172,744,St Kilda Rd-Alexandra Gardens,AG_T,-37.8199817,144.96872865,Outdoor,A,238523,198864,45.46637188576707,False,297587.0,46.977858575811446,367507.0,456689.0,-4.226508630599817,744,100.0,100.0,True,-4.226508630599817
2026-04-01,29,Matched,263611,366.12638888888887,720,St Kilda Rd-Alexandra Gardens,AG_T,-37.8199817,144.96872865,Outdoor,A,177731,85880,32.57830667157289,False,437387.0,-39.73049038951775,332861.6666666667,355766.0,-25.903262256651843,720,100.0,100.0,True,-25.903262256651843
2026-05-01,29,Matched,213664,288.3454790823212,741,St Kilda Rd-Alexandra Gardens,AG_T,-37.8199817,144.96872865,Outdoor,A,126120,87544,40.97274224951325,False,263611.0,-18.947236647939576,304887.3333333333,279347.0,-23.51305007750217,744,99.59677419354838,100.0,True,-23.51305007750217
2026-06-01,29,Matched,150813,209.7538247566064,719,St Kilda Rd-Alexandra Gardens,AG_T,-37.8199817,144.96872865,Outdoor,A,96915,53898,35.73829842254978,False,213664.0,-29.41581174180021,209362.66666666666,182840.0,-17.516407788230147,720,99.86111111111111,99.58333333333333,True,-17.516407788230147
2026-07-01,29,Matched,163414,234.79022988505747,696,St Kilda Rd-Alexandra Gardens,AG_T,-37.8199817,144.96872865,Outdoor,A,105074,58340,35.7007355550932,False,150813.0,8.35538050433318,175963.66666666666,225763.0,-27.617014302609373,744,93.54838709677419,96.63978494623656,True,-27.617014302609373
2026-08-01,29,Matched,179102,240.7284946236559,744,St Kilda Rd-Alexandra Gardens,AG_T,-37.8199817,144.96872865,Outdoor,A,96491,82611,46.12511306406405,False,163414.0,9.600156657324343,164443.0,191986.0,-6.7109060035627595,744,100.0,96.90860215053763,True,-6.7109060035627595
2024-10-01,30,Matched,308919,415.77254374158815,743,Lonsdale St (South),Lon189_T,-37.8112185,144.96656806,Outdoor,A,211134,97785,31.653928699756246,False,,,,,,744,99.86559139784946,,False,
2024-11-01,30,Matched,304813,423.3513888888889,720,Lonsdale St (South),Lon189_T,-37.8112185,144.96656806,Outdoor,A,197883,106930,35.08052478076723,False,308919.0,-1.329151007221958,,,,720,100.0,,False,
2024-12-01,30,Matched,320322,430.5403225806452,744,Lonsdale St (South),Lon189_T,-37.8112185,144.96656806,Outdoor,A,211556,108766,33.95520757238029,False,304813.0,5.088037583698858,311351.3333333333,,,744,100.0,,False,
2025-01-01,30,Matched,291520,391.8279569892473,744,Lonsdale St (South),Lon189_T,-37.8112185,144.96656806,Outdoor,A,204219,87301,29.94683040614709,False,320322.0,-8.991577225416926,305551.6666666667,,,744,100.0,,False,
2025-02-01,30,Matched,259644,386.375,672,Lonsdale St (South),Lon189_T,-37.8112185,144.96656806,Outdoor,A,172153,87491,33.69652293139838,False,291520.0,-10.934412733260155,290495.3333333333,,,672,100.0,,False,
2025-03-01,30,Matched,315644,424.252688172043,744,Lonsdale St (South),Lon189_T,-37.8112185,144.96656806,Outdoor,A,191242,124402,39.412122517773184,False,259644.0,21.56799309824221,288936.0,,,744,100.0,,False,
2025-04-01,30,Matched,328104,455.7,720,Lonsdale St (South),Lon189_T,-37.8112185,144.96656806,Outdoor,A,220456,107648,32.80910930680516,False,315644.0,3.9474851414885124,301130.6666666667,,,720,100.0,,False,
2025-05-01,30,Matched,312467,419.9825268817205,744,Lonsdale St (South),Lon189_T,-37.8112185,144.96656806,Outdoor,A,196697,115770,37.05031251300137,False,328104.0,-4.7658669202448,318738.3333333333,,,744,100.0,,False,
2025-06-01,30,Matched,284962,395.7805555555556,720,Lonsdale St (South),Lon189_T,-37.8112185,144.96656806,Outdoor,A,177431,107531,37.73520679950309,False,312467.0,-8.802529547120177,308511.0,,,720,100.0,,False,
2025-07-01,30,Matched,308332,414.4247311827957,744,Lonsdale St (South),Lon189_T,-37.8112185,144.96656806,Outdoor,A,208681,99651,32.31938300273731,False,284962.0,8.20109347913055,301920.3333333333,,,744,100.0,,False,
2025-08-01,30,Matched,312400,419.8924731182796,744,Lonsdale St (South),Lon189_T,-37.8112185,144.96656806,Outdoor,A,189351,123049,39.38828425096031,False,308332.0,1.319357056679164,301898.0,,,744,100.0,,False,
2025-09-01,30,Matched,280658,389.8027777777778,720,Lonsdale St (South),Lon189_T,-37.8112185,144.96656806,Outdoor,A,190662,89996,32.06607329917551,False,312400.0,-10.160691421254802,300463.3333333333,,,720,100.0,,False,
2025-10-01,30,Matched,322770,434.41453566621806,743,Lonsdale St (South),Lon189_T,-37.8112185,144.96656806,Outdoor,A,219435,103335,32.01505716144623,False,280658.0,15.004738863670376,305276.0,308919.0,4.48369961057753,744,99.86559139784946,99.86559139784946,True,4.48369961057753
2025-11-01,30,Matched,326882,454.0027777777778,720,Lonsdale St (South),Lon189_T,-37.8112185,144.96656806,Outdoor,A,195729,131153,40.12242950055372,False,322770.0,1.2739721783313194,310103.3333333333,304813.0,7.24017676411439,720,100.0,100.0,True,7.24017676411439
2025-12-01,30,Matched,341074,458.4327956989248,744,Lonsdale St (South),Lon189_T,-37.8112185,144.96656806,Outdoor,A,233643,107431,31.49785677008509,False,326882.0,4.34162786571301,330242.0,320322.0,6.478481028465106,744,100.0,100.0,True,6.478481028465106
2026-01-01,30,Matched,311073,418.108870967742,744,Lonsdale St (South),Lon189_T,-37.8112185,144.96656806,Outdoor,A,200094,110979,35.67619176206228,False,341074.0,-8.796038396359734,326343.0,291520.0,6.707258507135016,744,100.0,100.0,True,6.707258507135016
2026-02-01,30,Matched,305250,454.2410714285714,672,Lonsdale St (South),Lon189_T,-37.8112185,144.96656806,Outdoor,A,189785,115465,37.82637182637183,False,311073.0,-1.871907880143889,319132.3333333333,259644.0,17.564819522114895,672,100.0,100.0,True,17.564819522114895
2026-03-01,30,Matched,334592,449.7204301075269,744,Lonsdale St (South),Lon189_T,-37.8112185,144.96656806,Outdoor,A,211422,123170,36.81199789594491,False,305250.0,9.612448812448813,316971.6666666667,315644.0,6.0029653660452915,744,100.0,100.0,True,6.0029653660452915
2026-04-01,30,Matched,361612,502.2388888888889,720,Lonsdale St (South),Lon189_T,-37.8112185,144.96656806,Outdoor,A,238537,123075,34.03509839275245,False,334592.0,8.07550688599847,333818.0,328104.0,10.212615512154683,720,100.0,100.0,True,10.212615512154683
2026-05-01,30,Matched,343975,462.3319892473118,744,Lonsdale St (South),Lon189_T,-37.8112185,144.96656806,Outdoor,A,203237,140738,40.91518278944691,False,361612.0,-4.877327079853544,346726.3333333333,312467.0,10.08362483078213,744,100.0,100.0,True,10.08362483078213
2026-06-01,30,Matched,298996,416.42896935933146,718,Lonsdale St (South),Lon189_T,-37.8112185,144.96656806,Outdoor,A,197463,101533,33.95797937096148,False,343975.0,-13.076241005887058,334861.0,284962.0,4.924867175272492,720,99.72222222222223,100.0,True,4.924867175272492
2026-07-01,30,Matched,304913,412.6021650879567,739,Lonsdale St (South),Lon189_T,-37.8112185,144.96656806,Outdoor,A,208312,96601,31.681496033294746,False,298996.0,1.9789562402172605,315961.3333333333,308332.0,-1.1088696599769081,744,99.32795698924731,100.0,True,-1.1088696599769081
2026-08-01,30,Matched,311681,418.9260752688172,744,Lonsdale St (South),Lon189_T,-37.8112185,144.96656806,Outdoor,A,185231,126450,40.57032671224746,False,304913.0,2.219649539376806,305196.6666666667,312400.0,-0.23015364916773368,744,100.0,100.0,True,-0.23015364916773368
2024-10-01,31,Matched,160517,216.03903095558547,743,Lygon St (West),Lyg161_T,-37.80169681,144.96658911,Outdoor,A,101810,58707,36.573696244011536,False,,,,,,744,99.86559139784946,,False,
2024-11-01,31,Matched,154792,215.28789986091795,719,Lygon St (West),Lyg161_T,-37.80169681,144.96658911,Outdoor,A,95336,59456,38.41025375988424,False,160517.0,-3.566600422385168,,,,720,99.86111111111111,,False,
2024-12-01,31,Matched,151194,203.4912516823688,743,Lygon St (West),Lyg161_T,-37.80169681,144.96658911,Outdoor,A,94727,56467,37.34738150984828,False,154792.0,-2.3244095302082797,155501.0,,,744,99.86559139784946,,False,
2025-01-01,31,Matched,158640,213.800539083558,742,Lygon St (West),Lyg161_T,-37.80169681,144.96658911,Outdoor,A,106898,51742,32.61598587997983,False,151194.0,4.9247986031191715,154875.33333333334,,,744,99.73118279569893,,False,
2025-02-01,31,Matched,136090,202.81669150521608,671,Lygon St (West),Lyg161_T,-37.80169681,144.96658911,Outdoor,A,85813,50277,36.94393416121684,False,158640.0,-14.214573877962684,148641.33333333334,,,672,99.85119047619048,,False,
2025-03-01,31,Matched,172881,232.36693548387095,744,Lygon St (West),Lyg161_T,-37.80169681,144.96658911,Outdoor,A,101315,71566,41.3961048351178,False,136090.0,27.03431552648982,155870.33333333334,,,744,100.0,,False,
2025-04-01,31,Matched,159918,222.1083333333333,720,Lygon St (West),Lyg161_T,-37.80169681,144.96658911,Outdoor,A,105611,54307,33.95927913055441,False,172881.0,-7.498221319867423,156296.33333333334,,,720,100.0,,False,
2025-05-01,31,Matched,157263,211.65948855989237,743,Lygon St (West),Lyg161_T,-37.80169681,144.96658911,Outdoor,A,93064,64199,40.822698282494926,False,159918.0,-1.6602258657562,163354.0,,,744,99.86559139784946,,False,
2025-06-01,31,Matched,129874,180.883008356546,718,Lygon St (West),Lyg161_T,-37.80169681,144.96658911,Outdoor,A,78147,51727,39.828603107627394,False,157263.0,-17.416048275818216,149018.33333333334,,,720,99.72222222222223,,False,
2025-07-01,31,Matched,141688,191.2118758434548,741,Lygon St (West),Lyg161_T,-37.80169681,144.96658911,Outdoor,A,91213,50475,35.62404720230366,False,129874.0,9.096508924034064,142941.66666666666,,,744,99.59677419354838,,False,
2025-08-01,31,Matched,153871,208.2151556156969,739,Lygon St (West),Lyg161_T,-37.80169681,144.96658911,Outdoor,A,88439,65432,42.52393238491984,False,141688.0,8.598469877477275,141811.0,,,744,99.32795698924731,,False,
2025-09-01,31,Matched,140870,197.020979020979,715,Lygon St (West),Lyg161_T,-37.80169681,144.96658911,Outdoor,A,90779,50091,35.558316178036485,False,153871.0,-8.449285440401374,145476.33333333334,,,720,99.30555555555556,,False,
2025-10-01,31,Matched,163413,220.8283783783784,740,Lygon St (West),Lyg161_T,-37.80169681,144.96658911,Outdoor,A,105822,57591,35.24260615740486,False,140870.0,16.00269752253851,152718.0,160517.0,1.804170274799554,744,99.46236559139786,99.86559139784946,True,1.804170274799554
2025-11-01,31,Matched,151620,211.1699164345404,718,Lygon St (West),Lyg161_T,-37.80169681,144.96658911,Outdoor,A,88950,62670,41.33359715077167,False,163413.0,-7.216684107139579,151967.66666666666,154792.0,-2.0492015091219185,720,99.72222222222223,99.86111111111111,True,-2.0492015091219185
2025-12-01,31,Matched,163344,220.14016172506737,742,Lygon St (West),Lyg161_T,-37.80169681,144.96658911,Outdoor,A,109188,54156,33.15456949750221,False,151620.0,7.732489117530669,159459.0,151194.0,8.03603317591968,744,99.73118279569893,99.86559139784946,True,8.03603317591968
2026-01-01,31,Matched,170152,229.93513513513517,740,Lygon St (West),Lyg161_T,-37.80169681,144.96658911,Outdoor,A,105530,64622,37.97898349710847,False,163344.0,4.167891076501126,161705.33333333334,158640.0,7.256681795259707,744,99.46236559139786,99.73118279569893,True,7.256681795259707
2026-02-01,31,Matched,149689,223.7503736920777,669,Lygon St (West),Lyg161_T,-37.80169681,144.96658911,Outdoor,A,89154,60535,40.44051333097288,False,170152.0,-12.02630589120316,161061.66666666666,136090.0,9.992651921522523,672,99.55357142857143,99.85119047619048,True,9.992651921522523
2026-03-01,31,Matched,171064,230.544474393531,742,Lygon St (West),Lyg161_T,-37.80169681,144.96658911,Outdoor,A,102241,68823,40.23231071411869,False,149689.0,14.279606383902625,163635.0,172881.0,-1.0510119677697376,744,99.73118279569893,100.0,True,-1.0510119677697376
2026-04-01,31,Matched,159748,223.42377622377623,715,Lygon St (West),Lyg161_T,-37.80169681,144.96658911,Outdoor,A,100058,59690,37.36510003255127,False,171064.0,-6.615068044708414,160167.0,159918.0,-0.10630448104653634,720,99.30555555555556,100.0,True,-0.10630448104653634
2026-05-01,31,Matched,142169,192.12027027027028,740,Lygon St (West),Lyg161_T,-37.80169681,144.96658911,Outdoor,A,79063,63106,44.388017078266,False,159748.0,-11.00420662543506,157660.33333333334,157263.0,-9.597934669947794,744,99.46236559139786,99.86559139784946,True,-9.597934669947794
2026-06-01,31,Matched,132003,184.6195804195804,715,Lygon St (West),Lyg161_T,-37.80169681,144.96658911,Outdoor,A,82400,49603,37.577176276296754,False,142169.0,-7.150644655304602,144640.0,129874.0,1.6392811494217472,720,99.30555555555556,99.72222222222223,True,1.6392811494217472
2026-07-01,31,Matched,145430,196.26180836707152,741,Lygon St (West),Lyg161_T,-37.80169681,144.96658911,Outdoor,A,94352,51078,35.12205184624905,False,132003.0,10.171738521094218,139867.33333333334,141688.0,2.6410140590593416,744,99.59677419354838,99.59677419354838,True,2.6410140590593416
2026-08-01,31,Matched,153801,207.2789757412399,742,Lygon St (West),Lyg161_T,-37.80169681,144.96658911,Outdoor,A,86155,67646,43.98280895442813,False,145430.0,5.756033830708932,143744.66666666666,153871.0,-0.04549265293655075,744,99.73118279569893,99.32795698924731,True,-0.04549265293655075
2024-10-01,35,Matched,1052343,1416.343203230148,743,Southbank Promenade,SouthB_T,-37.82018685,144.96508508,Outdoor,A,754496,297847,28.30322432894978,False,,,,,,744,99.86559139784946,,False,
2024-11-01,35,Matched,1067986,1483.3138888888889,720,Southbank Promenade,SouthB_T,-37.82018685,144.96508508,Outdoor,A,729968,338018,31.65004035633426,False,1052343.0,1.4864925219248857,,,,720,100.0,,False,
2024-12-01,35,Matched,1375820,1849.220430107527,744,Southbank Promenade,SouthB_T,-37.82018685,144.96508508,Outdoor,A,951190,424630,30.863775784622987,False,1067986.0,28.823786079592807,1165383.0,,,744,100.0,,False,
2025-01-01,35,Matched,1191592,1601.6021505376343,744,Southbank Promenade,SouthB_T,-37.82018685,144.96508508,Outdoor,A,869362,322230,27.041974098516945,False,1375820.0,-13.39041444374991,1211799.3333333333,,,744,100.0,,False,
2025-02-01,35,Matched,965288,1436.440476190476,672,Southbank Promenade,SouthB_T,-37.82018685,144.96508508,Outdoor,A,688495,276793,28.67465461085189,False,1191592.0,-18.991735426219712,1177566.6666666667,,,672,100.0,,False,
2025-03-01,35,Matched,1183312,1590.47311827957,744,Southbank Promenade,SouthB_T,-37.82018685,144.96508508,Outdoor,A,776894,406418,34.34580229052017,False,965288.0,22.58641980424495,1113397.3333333333,,,744,100.0,,False,
2025-04-01,35,Matched,1075588,1493.8722222222225,720,Southbank Promenade,SouthB_T,-37.82018685,144.96508508,Outdoor,A,755111,320477,29.795516498882478,False,1183312.0,-9.103600740971105,1074729.3333333333,,,720,100.0,,False,
2025-05-01,35,Matched,872630,1172.889784946237,744,Southbank Promenade,SouthB_T,-37.82018685,144.96508508,Outdoor,A,591328,281302,32.2361138168525,False,1075588.0,-18.869492779763256,1043843.3333333334,,,744,100.0,,False,
2025-06-01,35,Matched,700104,972.3666666666668,720,Southbank Promenade,SouthB_T,-37.82018685,144.96508508,Outdoor,A,477002,223102,31.86697976300664,False,872630.0,-19.770807787951366,882774.0,,,720,100.0,,False,
2025-07-01,35,Matched,845486,1136.4059139784947,744,Southbank Promenade,SouthB_T,-37.82018685,144.96508508,Outdoor,A,593802,251684,29.767967772381805,False,700104.0,20.765771942454265,806073.3333333334,,,744,100.0,,False,
2025-08-01,35,Matched,834666,1121.8629032258063,744,Southbank Promenade,SouthB_T,-37.82018685,144.96508508,Outdoor,A,545319,289347,34.666201810065346,False,845486.0,-1.279737334503469,793418.6666666666,,,744,100.0,,False,
2025-09-01,35,Matched,835806,1160.8416666666667,720,Southbank Promenade,SouthB_T,-37.82018685,144.96508508,Outdoor,A,594628,241178,28.85573925049593,False,834666.0,0.13658157873928015,838652.6666666666,,,720,100.0,,False,
2025-10-01,35,Matched,918831,1236.650067294751,743,Southbank Promenade,SouthB_T,-37.82018685,144.96508508,Outdoor,A,678635,240196,26.14147759490048,False,835806.0,9.93352524389631,863101.0,1052343.0,-12.687118173447251,744,99.86559139784946,99.86559139784946,True,-12.687118173447251
2025-11-01,35,Matched,921709,1280.151388888889,720,Southbank Promenade,SouthB_T,-37.82018685,144.96508508,Outdoor,A,605046,316663,34.35607116779808,False,918831.0,0.3132240858220935,892115.3333333334,1067986.0,-13.69652785710674,720,100.0,100.0,True,-13.69652785710674
2025-12-01,35,Matched,1325678,1781.8252688172042,744,Southbank Promenade,SouthB_T,-37.82018685,144.96508508,Outdoor,A,959975,365703,27.58611065432179,False,921709.0,43.82825815957097,1055406.0,1375820.0,-3.6445174514107945,744,100.0,100.0,True,-3.6445174514107945
2026-01-01,35,Matched,1135962,1526.8306451612902,744,Southbank Promenade,SouthB_T,-37.82018685,144.96508508,Outdoor,A,780744,355218,31.270236152265657,False,1325678.0,-14.310865836198532,1127783.0,1191592.0,-4.668544266829586,744,100.0,100.0,True,-4.668544266829586
2026-02-01,35,Matched,917235,1364.9330357142858,672,Southbank Promenade,SouthB_T,-37.82018685,144.96508508,Outdoor,A,640919,276316,30.124886206915345,False,1135962.0,-19.25478140994153,1126291.6666666667,965288.0,-4.978099800266864,672,100.0,100.0,True,-4.978099800266864
2026-03-01,35,Matched,1042538,1401.260752688172,744,Southbank Promenade,SouthB_T,-37.82018685,144.96508508,Outdoor,A,690317,352221,33.78495556037286,False,917235.0,13.660948393814017,1031911.6666666666,1183312.0,-11.89660884027205,744,100.0,100.0,True,-11.89660884027205
2026-04-01,35,Matched,916722,1273.225,720,Southbank Promenade,SouthB_T,-37.82018685,144.96508508,Outdoor,A,639984,276738,30.18777775596092,False,1042538.0,-12.068241157636459,958831.6666666666,1075588.0,-14.770153627597185,720,100.0,100.0,True,-14.770153627597185
2026-05-01,35,Matched,771425,1036.861559139785,744,Southbank Promenade,SouthB_T,-37.82018685,144.96508508,Outdoor,A,509241,262184,33.98697216190816,False,916722.0,-15.84962507717716,910228.3333333334,872630.0,-11.597698910191031,744,100.0,100.0,True,-11.597698910191031
2026-06-01,35,Matched,659506,915.9805555555556,720,Southbank Promenade,SouthB_T,-37.82018685,144.96508508,Outdoor,A,466129,193377,29.32149214715257,False,771425.0,-14.508085685581879,782551.0,700104.0,-5.798852741878349,720,100.0,100.0,True,-5.798852741878349
2026-07-01,35,Matched,770603,1035.7567204301076,744,Southbank Promenade,SouthB_T,-37.82018685,144.96508508,Outdoor,A,523760,246843,32.0324473172308,False,659506.0,16.845487379948022,733844.6666666666,845486.0,-8.856799521222115,744,100.0,100.0,True,-8.856799521222115
2026-08-01,35,Matched,745300,1003.0955585464334,743,Southbank Promenade,SouthB_T,-37.82018685,144.96508508,Outdoor,A,475296,270004,36.22755937206494,False,770603.0,-3.283532506361901,725136.3333333334,834666.0,-10.706797689135534,744,99.86559139784946,100.0,True,-10.706797689135534
2024-10-01,36,Matched,180793,243.328398384926,743,Queen St (West),Que85_T,-37.81652527,144.96121062,Outdoor,A,145490,35303,19.52675158883364,False,,,,,,744,99.86559139784946,,False,
2024-11-01,36,Matched,165748,230.20555555555555,720,Queen St (West),Que85_T,-37.81652527,144.96121062,Outdoor,A,124283,41465,25.016893114849047,False,180793.0,-8.321671746140614,,,,720,100.0,,False,
2024-12-01,36,Matched,159506,214.38978494623652,744,Queen St (West),Que85_T,-37.81652527,144.96121062,Outdoor,A,120041,39465,24.742015974320715,False,165748.0,-3.765957960277047,168682.33333333334,,,744,100.0,,False,
2025-01-01,36,Matched,149552,201.28129205921937,743,Queen St (West),Que85_T,-37.81652527,144.96121062,Outdoor,A,117913,31639,21.15585214507329,False,159506.0,-6.240517598084085,158268.66666666666,,,744,99.86559139784946,,False,
2025-02-01,36,Matched,158793,236.29910714285717,672,Queen St (West),Que85_T,-37.81652527,144.96121062,Outdoor,A,124427,34366,21.64201192747791,False,149552.0,6.179121643308013,155950.33333333334,,,672,100.0,,False,
2025-03-01,36,Matched,178743,240.2459677419355,744,Queen St (West),Que85_T,-37.81652527,144.96121062,Outdoor,A,131421,47322,26.47488293247848,False,158793.0,12.563526100017002,162362.66666666666,,,744,100.0,,False,
2025-04-01,36,Matched,157214,218.9610027855153,718,Queen St (West),Que85_T,-37.81652527,144.96121062,Outdoor,A,122447,34767,22.11444273410765,False,178743.0,-12.04466748348187,164916.66666666666,,,720,99.72222222222223,,False,
2025-05-01,36,Matched,175352,236.00538358008075,743,Queen St (West),Que85_T,-37.81652527,144.96121062,Outdoor,A,132322,43030,24.539212555317302,False,157214.0,11.53714045822891,170436.33333333334,,,744,99.86559139784946,,False,
2025-06-01,36,Matched,157620,218.91666666666663,720,Queen St (West),Que85_T,-37.81652527,144.96121062,Outdoor,A,116933,40687,25.813348559827432,False,175352.0,-10.112231397417766,163395.33333333334,,,720,100.0,,False,
2025-07-01,36,Matched,175847,236.671601615074,743,Queen St (West),Que85_T,-37.81652527,144.96121062,Outdoor,A,136414,39433,22.424607755605724,False,157620.0,11.563887831493465,169606.33333333334,,,744,99.86559139784946,,False,
2025-08-01,36,Matched,168903,227.0201612903226,744,Queen St (West),Que85_T,-37.81652527,144.96121062,Outdoor,A,122596,46307,27.41632771472384,False,175847.0,-3.9488873850563273,167456.66666666666,,,744,100.0,,False,
2025-09-01,36,Matched,158872,220.6555555555556,720,Queen St (West),Que85_T,-37.81652527,144.96121062,Outdoor,A,123908,34964,22.007653960420967,False,168903.0,-5.938911683037009,167874.0,,,720,100.0,,False,
2025-10-01,36,Matched,178178,240.1320754716981,742,Queen St (West),Que85_T,-37.81652527,144.96121062,Outdoor,A,141280,36898,20.7085049781679,False,158872.0,12.151921043355657,168651.0,180793.0,-1.4464055577373018,744,99.73118279569893,99.86559139784946,True,-1.4464055577373018
2025-11-01,36,Matched,163728,227.4,720,Queen St (West),Que85_T,-37.81652527,144.96121062,Outdoor,A,118663,45065,27.52430860940096,False,178178.0,-8.109867660429458,166926.0,165748.0,-1.2187175712527452,720,100.0,100.0,True,-1.2187175712527452
2025-12-01,36,Matched,162454,218.3521505376344,744,Queen St (West),Que85_T,-37.81652527,144.96121062,Outdoor,A,126550,35904,22.10102552107058,False,163728.0,-0.7781198084628164,168120.0,159506.0,1.8482063370656905,744,100.0,100.0,True,1.8482063370656905
2026-01-01,36,Matched,147123,198.8148648648649,740,Queen St (West),Que85_T,-37.81652527,144.96121062,Outdoor,A,110864,36259,24.645364762817508,False,162454.0,-9.43713297302621,157768.33333333334,149552.0,-1.6241842302342997,744,99.46236559139786,99.86559139784946,True,-1.6241842302342997
2026-02-01,36,Matched,160562,238.9315476190476,672,Queen St (West),Que85_T,-37.81652527,144.96121062,Outdoor,A,123936,36626,22.81112592020528,False,147123.0,9.134533689497903,156713.0,158793.0,1.1140289559363448,672,100.0,100.0,True,1.1140289559363448
2026-03-01,36,Matched,174123,234.03629032258064,744,Queen St (West),Que85_T,-37.81652527,144.96121062,Outdoor,A,131589,42534,24.427559828397165,False,160562.0,8.445958570521045,160602.66666666666,178743.0,-2.5847166042866014,744,100.0,100.0,True,-2.5847166042866014
2026-04-01,36,Matched,161001,224.23537604456823,718,Queen St (West),Que85_T,-37.81652527,144.96121062,Outdoor,A,125537,35464,22.027192377687097,False,174123.0,-7.536052101100946,165228.66666666666,157214.0,2.4088185530550716,720,99.72222222222223,99.72222222222223,True,2.4088185530550716
2026-05-01,36,Matched,170978,230.1184387617766,743,Queen St (West),Que85_T,-37.81652527,144.96121062,Outdoor,A,125196,45782,26.776544350735183,False,161001.0,6.196855920149565,168700.66666666666,175352.0,-2.4944112413887494,744,99.86559139784946,99.86559139784946,True,-2.4944112413887494
2026-06-01,36,Matched,161286,224.94560669456067,717,Queen St (West),Que85_T,-37.81652527,144.96121062,Outdoor,A,124310,36976,22.925734409682185,False,170978.0,-5.668565546444572,164421.66666666666,157620.0,2.3258469737342975,720,99.58333333333333,100.0,True,2.3258469737342975
2026-07-01,36,Matched,182013,244.97039030955585,743,Queen St (West),Que85_T,-37.81652527,144.96121062,Outdoor,A,142626,39387,21.63966310098729,False,161286.0,12.851084409062164,171425.66666666666,175847.0,3.506457318009406,744,99.86559139784946,99.86559139784946,True,3.506457318009406
2026-08-01,36,Matched,166862,227.6425648021828,733,Queen St (West),Que85_T,-37.81652527,144.96121062,Outdoor,A,120854,46008,27.572485047524303,False,182013.0,-8.32413069396142,170053.66666666666,168903.0,-1.2083858782851695,744,98.52150537634408,100.0,True,-1.2083858782851695
2024-10-01,37,Matched,68523,111.9656862745098,612,Lygon St (East),Lyg260_T,-37.80107122,144.96704554,Outdoor,A,50873,17650,25.757774761758828,False,,,,,,744,82.25806451612904,,False,
2024-11-01,37,Matched,58786,102.41463414634148,574,Lygon St (East),Lyg260_T,-37.80107122,144.96704554,Outdoor,A,43371,15415,26.222229782601296,False,68523.0,-14.209827357237717,,,,720,79.72222222222223,,False,
2024-12-01,37,Matched,56866,98.72569444444444,576,Lygon St (East),Lyg260_T,-37.80107122,144.96704554,Outdoor,A,42004,14862,26.13512467907009,False,58786.0,-3.266083761439799,61391.666666666664,,,744,77.41935483870968,,False,
2025-01-01,37,Matched,64157,107.46566164154105,597,Lygon St (East),Lyg260_T,-37.80107122,144.96704554,Outdoor,A,47310,16847,26.25902083950309,False,56866.0,12.821369535399008,59936.333333333336,,,744,80.24193548387096,,False,
2025-02-01,37,Matched,52699,98.687265917603,534,Lygon St (East),Lyg260_T,-37.80107122,144.96704554,Outdoor,A,39716,12983,24.636141103246743,False,64157.0,-17.859313870661033,57907.333333333336,,,672,79.46428571428571,,False,
2025-03-01,37,Matched,62639,105.80912162162164,592,Lygon St (East),Lyg260_T,-37.80107122,144.96704554,Outdoor,A,43848,18791,29.99888248535257,False,52699.0,18.86183798554052,59831.666666666664,,,744,79.56989247311827,,False,
2025-04-01,37,Matched,60313,104.71006944444444,576,Lygon St (East),Lyg260_T,-37.80107122,144.96704554,Outdoor,A,45614,14699,24.37119692271981,False,62639.0,-3.713341528440748,58550.333333333336,,,720,80.0,,False,
2025-05-01,37,Matched,63298,103.5973813420622,611,Lygon St (East),Lyg260_T,-37.80107122,144.96704554,Outdoor,A,42466,20832,32.91099244841859,False,60313.0,4.9491817684412975,62083.333333333336,,,744,82.1236559139785,,False,
2025-06-01,37,Matched,61231,101.37582781456952,604,Lygon St (East),Lyg260_T,-37.80107122,144.96704554,Outdoor,A,45007,16224,26.496382551322046,False,63298.0,-3.2655060191475247,61614.0,,,720,83.88888888888889,,False,
2025-07-01,37,Matched,58843,99.39695945945944,592,Lygon St (East),Lyg260_T,-37.80107122,144.96704554,Outdoor,A,43253,15590,26.494230409734374,False,61231.0,-3.8999853015629338,61124.0,,,744,79.56989247311827,,False,
2025-08-01,37,Matched,56226,97.61458333333331,576,Lygon St (East),Lyg260_T,-37.80107122,144.96704554,Outdoor,A,36855,19371,34.45203286735674,False,58843.0,-4.447427901364649,58766.666666666664,,,744,77.41935483870968,,False,
2025-09-01,37,Matched,31007,66.68172043010753,465,Lygon St (East),Lyg260_T,-37.80107122,144.96704554,Outdoor,A,22232,8775,28.300061276485955,False,56226.0,-44.852915021520296,48692.0,,,720,64.58333333333334,,False,
2025-10-01,37,Matched,30454,66.06073752711497,461,Lygon St (East),Lyg260_T,-37.80107122,144.96704554,Outdoor,A,21064,9390,30.83338806068168,False,31007.0,-1.7834682491050409,39229.0,68523.0,-55.556528464894996,744,61.96236559139785,82.25806451612904,False,
2025-11-01,37,Matched,27984,64.03661327231121,437,Lygon St (East),Lyg260_T,-37.80107122,144.96704554,Outdoor,A,18051,9933,35.49528301886792,False,30454.0,-8.110593025546727,29815.0,58786.0,-52.396829177014936,720,60.69444444444444,79.72222222222223,False,
2025-12-01,37,Matched,28917,63.55384615384615,455,Lygon St (East),Lyg260_T,-37.80107122,144.96704554,Outdoor,A,20912,8005,27.6826780094754,False,27984.0,3.3340480274442537,29118.333333333332,56866.0,-49.14887630570112,744,61.155913978494624,77.41935483870968,False,
2026-01-01,37,Matched,31567,68.62391304347825,460,Lygon St (East),Lyg260_T,-37.80107122,144.96704554,Outdoor,A,21914,9653,30.57940254062787,False,28917.0,9.164159490956877,29489.333333333332,64157.0,-50.797262964290724,744,61.82795698924731,80.24193548387096,False,
2026-02-01,37,Matched,28892,70.81372549019608,408,Lygon St (East),Lyg260_T,-37.80107122,144.96704554,Outdoor,A,19054,9838,34.05094835940744,False,31567.0,-8.474039344885481,29792.0,52699.0,-45.17543027381924,672,60.71428571428571,79.46428571428571,False,
2026-03-01,37,Matched,32874,74.04054054054055,444,Lygon St (East),Lyg260_T,-37.80107122,144.96704554,Outdoor,A,22564,10310,31.362170712417107,False,28892.0,13.782361899487746,31111.0,62639.0,-47.518319257970276,744,59.67741935483871,79.56989247311827,False,
2026-04-01,37,Matched,59585,106.21212121212122,561,Lygon St (East),Lyg260_T,-37.80107122,144.96704554,Outdoor,A,41327,18258,30.64194008559201,False,32874.0,81.25266167792176,40450.333333333336,60313.0,-1.2070366256031038,720,77.91666666666667,80.0,False,
2026-05-01,37,Matched,55952,95.64444444444445,585,Lygon St (East),Lyg260_T,-37.80107122,144.96704554,Outdoor,A,39403,16549,29.5771375464684,False,59585.0,-6.097172107073928,49470.333333333336,63298.0,-11.605421972258208,744,78.62903225806451,82.1236559139785,False,
2026-06-01,37,Matched,52052,91.80246913580248,567,Lygon St (East),Lyg260_T,-37.80107122,144.96704554,Outdoor,A,40273,11779,22.629293783139936,False,55952.0,-6.970260223048327,55863.0,61231.0,-14.99077264784178,720,78.75,83.88888888888889,False,
2026-07-01,37,Matched,48000,87.91208791208791,546,Lygon St (East),Lyg260_T,-37.80107122,144.96704554,Outdoor,A,36334,11666,24.304166666666667,False,52052.0,-7.784523169138553,52001.333333333336,58843.0,-18.42700066278062,744,73.38709677419355,79.56989247311827,False,
2026-08-01,37,Matched,60364,100.94314381270902,598,Lygon St (East),Lyg260_T,-37.80107122,144.96704554,Outdoor,A,42708,17656,29.249221390232588,False,48000.0,25.758333333333333,53472.0,56226.0,7.359584533845552,744,80.3763440860215,77.41935483870968,False,
2024-10-01,39,Matched,67503,109.5827922077922,616,Alfred Place,AlfPl_T,-37.81379749,144.96995745,Outdoor,A,56413,11090,16.42889945632046,False,,,,,,744,82.79569892473118,,False,
2024-11-01,39,Matched,64371,104.66829268292685,615,Alfred Place,AlfPl_T,-37.81379749,144.96995745,Outdoor,A,52103,12268,19.05827158192353,False,67503.0,-4.6397937869428025,,,,720,85.41666666666666,,False,
2024-12-01,39,Matched,66731,106.94070512820512,624,Alfred Place,AlfPl_T,-37.81379749,144.96995745,Outdoor,A,54337,12394,18.57307698071361,False,64371.0,3.666247223128427,66201.66666666667,,,744,83.87096774193549,,False,
2025-01-01,39,Matched,47979,102.73875802997858,467,Alfred Place,AlfPl_T,-37.81379749,144.96995745,Outdoor,A,39694,8285,17.267971404155986,False,66731.0,-28.100882648244447,59693.666666666664,,,744,62.76881720430107,,False,
2025-02-01,39,Matched,67038,108.3004846526656,619,Alfred Place,AlfPl_T,-37.81379749,144.96995745,Outdoor,A,56896,10142,15.128732957427127,False,47979.0,39.72362908772588,60582.666666666664,,,672,92.11309523809523,,False,
2025-03-01,39,Matched,71692,102.12535612535612,702,Alfred Place,AlfPl_T,-37.81379749,144.96995745,Outdoor,A,58099,13593,18.960274507615917,False,67038.0,6.942331215131717,62236.333333333336,,,744,94.35483870967742,,False,
2025-04-01,39,Matched,65396,93.95977011494251,696,Alfred Place,AlfPl_T,-37.81379749,144.96995745,Outdoor,A,54793,10603,16.213529879503334,False,71692.0,-8.782011939965408,68042.0,,,720,96.66666666666667,,False,
2025-05-01,39,Matched,65228,92.6534090909091,704,Alfred Place,AlfPl_T,-37.81379749,144.96995745,Outdoor,A,54134,11094,17.008033359906786,False,65396.0,-0.2568964462658267,67438.66666666667,,,744,94.6236559139785,,False,
2025-06-01,39,Matched,49665,74.01639344262296,671,Alfred Place,AlfPl_T,-37.81379749,144.96995745,Outdoor,A,40721,8944,18.00865800865801,False,65228.0,-23.859385539952168,60096.333333333336,,,720,93.19444444444444,,False,
2025-07-01,39,Matched,56208,83.518573551263,673,Alfred Place,AlfPl_T,-37.81379749,144.96995745,Outdoor,A,47916,8292,14.752348420153716,False,49665.0,13.174267592872244,57033.666666666664,,,744,90.45698924731182,,False,
2025-08-01,39,Matched,70127,98.49297752808988,712,Alfred Place,AlfPl_T,-37.81379749,144.96995745,Outdoor,A,57246,12881,18.36810358349851,False,56208.0,24.763378878451466,58666.666666666664,,,744,95.6989247311828,,False,
2025-09-01,39,Matched,61348,91.15601783060922,673,Alfred Place,AlfPl_T,-37.81379749,144.96995745,Outdoor,A,52900,8448,13.770620069113908,False,70127.0,-12.518716043749198,62561.0,,,720,93.47222222222223,,False,
2025-10-01,39,Matched,75941,112.67210682492582,674,Alfred Place,AlfPl_T,-37.81379749,144.96995745,Outdoor,A,65823,10118,13.323501139042152,False,61348.0,23.78724652800417,69138.66666666667,67503.0,12.500185176955098,744,90.59139784946237,82.79569892473118,False,
2025-11-01,39,Matched,68872,108.9746835443038,632,Alfred Place,AlfPl_T,-37.81379749,144.96995745,Outdoor,A,56569,12303,17.863573004994773,False,75941.0,-9.308542157727711,68720.33333333333,64371.0,6.9922791319072255,720,87.77777777777777,85.41666666666666,False,
2025-12-01,39,Matched,70773,102.42112879884226,691,Alfred Place,AlfPl_T,-37.81379749,144.96995745,Outdoor,A,60343,10430,14.737258559055007,False,68872.0,2.7601928214659077,71862.0,66731.0,6.057154845574021,744,92.8763440860215,83.87096774193549,False,
2026-01-01,39,Matched,68704,102.23809523809524,672,Alfred Place,AlfPl_T,-37.81379749,144.96995745,Outdoor,A,55975,12729,18.527305542617604,False,70773.0,-2.9234312520311416,69449.66666666667,47979.0,43.19598157527251,744,90.32258064516128,62.76881720430107,False,
2026-02-01,39,Matched,74159,121.9720394736842,608,Alfred Place,AlfPl_T,-37.81379749,144.96995745,Outdoor,A,62953,11206,15.110775495893956,False,68704.0,7.939857941313461,71212.0,67038.0,10.622333601837763,672,90.47619047619048,92.11309523809523,True,10.622333601837763
2026-03-01,39,Matched,76361,113.46359583952452,673,Alfred Place,AlfPl_T,-37.81379749,144.96995745,Outdoor,A,64622,11739,15.37303073558492,False,74159.0,2.96929570247711,73074.66666666667,71692.0,6.512581599062657,744,90.45698924731182,94.35483870967742,True,6.512581599062657
2026-04-01,39,Matched,65586,104.9376,625,Alfred Place,AlfPl_T,-37.81379749,144.96995745,Outdoor,A,56550,9036,13.777330527856554,False,76361.0,-14.110606199499745,72035.33333333333,65396.0,0.290537647562542,720,86.80555555555556,96.66666666666667,False,
2026-05-01,39,Matched,58461,93.5376,625,Alfred Place,AlfPl_T,-37.81379749,144.96995745,Outdoor,A,48323,10138,17.341475513590257,False,65586.0,-10.863598938797914,66802.66666666667,65228.0,-10.37437910099957,744,84.00537634408603,94.6236559139785,False,
2026-06-01,39,Matched,52126,85.17320261437908,612,Alfred Place,AlfPl_T,-37.81379749,144.96995745,Outdoor,A,45817,6309,12.103364923454706,False,58461.0,-10.836284018405433,58724.333333333336,49665.0,4.95519983892077,720,85.0,93.19444444444444,False,
2026-07-01,39,Matched,64645,99.7608024691358,648,Alfred Place,AlfPl_T,-37.81379749,144.96995745,Outdoor,A,56624,8021,12.407765488436848,False,52126.0,24.016805432989294,58410.666666666664,56208.0,15.010318815826928,744,87.09677419354838,90.45698924731182,False,
2026-08-01,39,Matched,61243,93.35823170731707,656,Alfred Place,AlfPl_T,-37.81379749,144.96995745,Outdoor,A,50496,10747,17.548127949316655,False,64645.0,-5.2625879805089335,59338.0,70127.0,-12.668444393742782,744,88.17204301075269,95.6989247311828,False,
2024-10-01,40,Matched,192372,258.9125168236877,743,Lonsdale St-Spring St (West),Spr201_T,-37.80999341,144.97227587,Outdoor,A,154893,37479,19.482565030253884,False,,,,,,744,99.86559139784946,,False,
2024-11-01,40,Matched,172388,240.76536312849163,716,Lonsdale St-Spring St (West),Spr201_T,-37.80999341,144.97227587,Outdoor,A,134112,38276,22.20340162888368,False,192372.0,-10.38820618385212,,,,720,99.44444444444444,,False,
2024-12-01,40,Matched,159796,215.0686406460296,743,Lonsdale St-Spring St (West),Spr201_T,-37.80999341,144.97227587,Outdoor,A,123552,36244,22.68141880898145,False,172388.0,-7.3044527461308215,174852.0,,,744,99.86559139784946,,False,
2025-01-01,40,Matched,149567,201.8448043184885,741,Lonsdale St-Spring St (West),Spr201_T,-37.80999341,144.97227587,Outdoor,A,119070,30497,20.390193023862217,False,159796.0,-6.401286640466595,160583.66666666666,,,744,99.59677419354838,,False,
2025-02-01,40,Matched,161512,240.3452380952381,672,Lonsdale St-Spring St (West),Spr201_T,-37.80999341,144.97227587,Outdoor,A,130148,31364,19.41899053940265,False,149567.0,7.986387371545862,156958.33333333334,,,672,100.0,,False,
2025-03-01,40,Matched,183824,247.7412398921833,742,Lonsdale St-Spring St (West),Spr201_T,-37.80999341,144.97227587,Outdoor,A,139750,44074,23.97619462094177,False,161512.0,13.814453415226113,164967.66666666666,,,744,99.73118279569893,,False,
2025-04-01,40,Matched,164913,229.3643949930459,719,Lonsdale St-Spring St (West),Spr201_T,-37.80999341,144.97227587,Outdoor,A,133926,30987,18.789907405723017,False,183824.0,-10.28755766385238,170083.0,,,720,99.86111111111111,,False,
2025-05-01,40,Matched,169810,228.8544474393531,742,Lonsdale St-Spring St (West),Spr201_T,-37.80999341,144.97227587,Outdoor,A,134882,34928,20.5688710912196,False,164913.0,2.969444494976139,172849.0,,,744,99.73118279569893,,False,
2025-06-01,40,Matched,150323,210.83169705469845,713,Lonsdale St-Spring St (West),Spr201_T,-37.80999341,144.97227587,Outdoor,A,119124,31199,20.75464167160049,False,169810.0,-11.475767033743596,161682.0,,,720,99.02777777777779,,False,
2025-07-01,40,Matched,169674,228.97975708502025,741,Lonsdale St-Spring St (West),Spr201_T,-37.80999341,144.97227587,Outdoor,A,135701,33973,20.02251376168417,False,150323.0,12.872946920963525,163269.0,,,744,99.59677419354838,,False,
2025-08-01,40,Matched,172036,233.11111111111111,738,Lonsdale St-Spring St (West),Spr201_T,-37.80999341,144.97227587,Outdoor,A,128964,43072,25.03662024227487,False,169674.0,1.3920812852882587,164011.0,,,744,99.19354838709677,,False,
2025-09-01,40,Matched,146098,218.70958083832332,668,Lonsdale St-Spring St (West),Spr201_T,-37.80999341,144.97227587,Outdoor,A,114264,31834,21.789483771167298,False,172036.0,-15.077076890883303,162602.66666666666,,,720,92.77777777777779,,False,
2025-10-01,40,Matched,166341,225.7001356852103,737,Lonsdale St-Spring St (West),Spr201_T,-37.80999341,144.97227587,Outdoor,A,134845,31496,18.93459820489236,False,146098.0,13.855768046106038,161491.66666666666,192372.0,-13.531595034620421,744,99.05913978494624,99.86559139784946,True,-13.531595034620421
2025-11-01,40,Matched,134768,191.1602836879433,705,Lonsdale St-Spring St (West),Spr201_T,-37.80999341,144.97227587,Outdoor,A,104906,29862,22.158079069215244,False,166341.0,-18.980888656434676,149069.0,172388.0,-21.8228647005592,720,97.91666666666666,99.44444444444444,True,-21.8228647005592
2025-12-01,40,Matched,155356,209.94054054054052,740,Lonsdale St-Spring St (West),Spr201_T,-37.80999341,144.97227587,Outdoor,A,121330,34026,21.901954221272437,False,134768.0,15.2766235308085,152155.0,159796.0,-2.7785426418683823,744,99.46236559139786,99.86559139784946,True,-2.7785426418683823
2026-01-01,40,Matched,132151,178.34143049932524,741,Lonsdale St-Spring St (West),Spr201_T,-37.80999341,144.97227587,Outdoor,A,101176,30975,23.439096185424248,False,155356.0,-14.936661603027884,140758.33333333334,149567.0,-11.644279821083527,744,99.59677419354838,99.59677419354838,True,-11.644279821083527
2026-02-01,40,Matched,159300,238.4730538922156,668,Lonsdale St-Spring St (West),Spr201_T,-37.80999341,144.97227587,Outdoor,A,120883,38417,24.11613308223478,False,132151.0,20.543923239324712,148935.66666666666,161512.0,-1.3695576799247113,672,99.40476190476191,100.0,True,-1.3695576799247113
2026-03-01,40,Matched,181561,245.35270270270271,740,Lonsdale St-Spring St (West),Spr201_T,-37.80999341,144.97227587,Outdoor,A,137702,43859,24.156619538336976,False,159300.0,13.974262397991211,157670.66666666666,183824.0,-1.231068848463748,744,99.46236559139786,99.73118279569893,True,-1.231068848463748
2026-04-01,40,Matched,175806,245.5391061452514,716,Lonsdale St-Spring St (West),Spr201_T,-37.80999341,144.97227587,Outdoor,A,138177,37629,21.40370635814477,False,181561.0,-3.169733588160453,172222.33333333334,164913.0,6.605300976878718,720,99.44444444444444,99.86111111111111,True,6.605300976878718
2026-05-01,40,Matched,175749,238.4654002713704,737,Lonsdale St-Spring St (West),Spr201_T,-37.80999341,144.97227587,Outdoor,A,131704,44045,25.061309025940403,False,175806.0,-0.03242210163475649,177705.33333333334,169810.0,3.4974383134091043,744,99.05913978494624,99.73118279569893,True,3.4974383134091043
2026-06-01,40,Matched,160660,223.44923504867876,719,Lonsdale St-Spring St (West),Spr201_T,-37.80999341,144.97227587,Outdoor,A,129277,31383,19.533798082908007,False,175749.0,-8.585539604777267,170738.33333333334,150323.0,6.876525880936383,720,99.86111111111111,99.02777777777779,True,6.876525880936383
2026-07-01,40,Matched,166218,225.5332428765265,737,Lonsdale St-Spring St (West),Spr201_T,-37.80999341,144.97227587,Outdoor,A,132519,33699,20.273977547558022,False,160660.0,3.4594796464583593,167542.33333333334,169674.0,-2.0368471303794338,744,99.05913978494624,99.59677419354838,True,-2.0368471303794338
2026-08-01,40,Matched,156662,222.84779516358464,703,Lonsdale St-Spring St (West),Spr201_T,-37.80999341,144.97227587,Outdoor,A,120852,35810,22.85812768890988,False,166218.0,-5.749076513975623,161180.0,172036.0,-8.936501662442744,744,94.48924731182797,99.19354838709677,True,-8.936501662442744
2024-10-01,41,Matched,429204,577.6635262449529,743,Flinders La-Swanston St (West),Swa31,-37.81668634,144.96689733,Outdoor,A,305482,123722,28.825919609323304,False,,,,,,744,99.86559139784946,,False,
2024-11-01,41,Matched,1220200,1694.7222222222222,720,Flinders La-Swanston St (West),Swa31,-37.81668634,144.96689733,Outdoor,A,867080,353120,28.939518111784952,False,429204.0,184.29371580879953,,,,720,100.0,,False,
2024-12-01,41,Matched,1359610,1827.4327956989248,744,Flinders La-Swanston St (West),Swa31,-37.81668634,144.96689733,Outdoor,A,947694,411916,30.296629180426734,False,1220200.0,11.425176200622849,1003004.6666666666,,,744,100.0,,False,
2025-01-01,41,Matched,1202690,1616.518817204301,744,Flinders La-Swanston St (West),Swa31,-37.81668634,144.96689733,Outdoor,A,903887,298803,24.844556785206496,False,1359610.0,-11.541545001875537,1260833.3333333333,,,744,100.0,,False,
2025-02-01,41,Matched,1191301,1772.7693452380952,672,Flinders La-Swanston St (West),Swa31,-37.81668634,144.96689733,Outdoor,A,858795,332506,27.91116602772935,False,1202690.0,-0.9469605634037034,1251200.3333333333,,,672,100.0,,False,
2025-03-01,41,Matched,1471527,1977.858870967742,744,Flinders La-Swanston St (West),Swa31,-37.81668634,144.96689733,Outdoor,A,987863,483664,32.86817027482336,False,1191301.0,23.52268654185634,1288506.0,,,744,100.0,,False,
2025-04-01,41,Matched,1326137,1841.8569444444445,720,Flinders La-Swanston St (West),Swa31,-37.81668634,144.96689733,Outdoor,A,973352,352785,26.602455100792756,False,1471527.0,-9.880212867314022,1329655.0,,,720,100.0,,False,
2025-05-01,41,Matched,647936,874.4075573549258,741,Flinders La-Swanston St (West),Swa31,-37.81668634,144.96689733,Outdoor,A,421073,226863,35.0131803141051,False,1326137.0,-51.14109628190753,1148533.3333333333,,,744,99.59677419354838,,False,
2025-06-01,41,Matched,1065125,1479.3402777777778,720,Flinders La-Swanston St (West),Swa31,-37.81668634,144.96689733,Outdoor,A,732333,332792,31.24440793334116,False,647936.0,64.38737776570525,1013066.0,,,720,100.0,,False,
2025-07-01,41,Matched,1164655,1565.396505376344,744,Flinders La-Swanston St (West),Swa31,-37.81668634,144.96689733,Outdoor,A,860791,303864,26.09047314440757,False,1065125.0,9.34444314047647,959238.6666666666,,,744,100.0,,False,
2025-08-01,41,Matched,1283608,1725.279569892473,744,Flinders La-Swanston St (West),Swa31,-37.81668634,144.96689733,Outdoor,A,881431,402177,31.331761721647105,False,1164655.0,10.213582563076619,1171129.3333333333,,,744,100.0,,False,
2025-09-01,41,Matched,1220678,1695.3861111111112,720,Flinders La-Swanston St (West),Swa31,-37.81668634,144.96689733,Outdoor,A,911216,309462,25.35164883777704,False,1283608.0,-4.90258708266075,1222980.3333333333,,,720,100.0,,False,
2025-10-01,41,Matched,1050451,1413.7967698519517,743,Flinders La-Swanston St (West),Swa31,-37.81668634,144.96689733,Outdoor,A,759659,290792,27.682585860739817,False,1220678.0,-13.945282867390091,1184912.3333333333,429204.0,144.7439912023187,744,99.86559139784946,99.86559139784946,True,144.7439912023187
2025-11-01,41,Matched,1151677,1599.5513888888888,720,Flinders La-Swanston St (West),Swa31,-37.81668634,144.96689733,Outdoor,A,777390,374287,32.49930319004374,False,1050451.0,9.636432351437621,1140935.3333333333,1220200.0,-5.615718734633666,720,100.0,100.0,True,-5.615718734633666
2025-12-01,41,Matched,1333066,1791.755376344086,744,Flinders La-Swanston St (West),Swa31,-37.81668634,144.96689733,Outdoor,A,974796,358270,26.87563856553239,False,1151677.0,15.74998892918761,1178398.0,1359610.0,-1.9523245636616382,744,100.0,100.0,True,-1.9523245636616382
2026-01-01,41,Matched,1218592,1637.8924731182797,744,Flinders La-Swanston St (West),Swa31,-37.81668634,144.96689733,Outdoor,A,850054,368538,30.242936109871067,False,1333066.0,-8.587271747985472,1234445.0,1202690.0,1.3222027288827545,744,100.0,100.0,True,1.3222027288827545
2026-02-01,41,Matched,923165,1538.6083333333331,600,Flinders La-Swanston St (West),Swa31,-37.81668634,144.96689733,Outdoor,A,614071,309094,33.48198859358836,False,1218592.0,-24.24330702975237,1158274.3333333333,1191301.0,-22.507829675287773,672,89.28571428571429,100.0,False,
2026-03-01,41,Matched,1223238,1644.1370967741937,744,Flinders La-Swanston St (West),Swa31,-37.81668634,144.96689733,Outdoor,A,833629,389609,31.850629231596795,False,923165.0,32.50480683301468,1121665.0,1471527.0,-16.872881027667177,744,100.0,100.0,True,-16.872881027667177
2026-04-01,41,Matched,1285836,1785.8833333333334,720,Flinders La-Swanston St (West),Swa31,-37.81668634,144.96689733,Outdoor,A,906823,379013,29.47599849436476,False,1223238.0,5.11740151957346,1144079.6666666667,1326137.0,-3.0389771192569093,720,100.0,100.0,True,-3.0389771192569093
2026-05-01,41,Matched,1075338,1508.18793828892,713,Flinders La-Swanston St (West),Swa31,-37.81668634,144.96689733,Outdoor,A,680586,394752,36.709574106002016,False,1285836.0,-16.370516924397823,1194804.0,647936.0,65.963613690241,744,95.83333333333334,99.59677419354838,True,65.963613690241
2026-06-01,41,Matched,1077479,1496.4986111111111,720,Flinders La-Swanston St (West),Swa31,-37.81668634,144.96689733,Outdoor,A,762448,315031,29.237785608814647,False,1075338.0,0.19910018989378223,1146217.6666666667,1065125.0,1.1598638657434575,720,100.0,100.0,True,1.1598638657434575
2026-07-01,41,Matched,1130800,1519.8924731182797,744,Flinders La-Swanston St (West),Swa31,-37.81668634,144.96689733,Outdoor,A,828142,302658,26.764945171559955,False,1077479.0,4.948681134388698,1094539.0,1164655.0,-2.9068694162649025,744,100.0,100.0,True,-2.9068694162649025
2026-08-01,41,Matched,1029863,1386.0874831763122,743,Flinders La-Swanston St (West),Swa31,-37.81668634,144.96689733,Outdoor,A,675223,354640,34.43564823670721,False,1130800.0,-8.926158471878317,1079380.6666666667,1283608.0,-19.7681067740307,744,99.86559139784946,100.0,True,-19.7681067740307
2024-10-01,42,Matched,186204,251.28744939271252,741,Grattan St-Swanston St (West),UM1_T,-37.80008566,144.96386412,Outdoor,A,168004,18200,9.77422611759146,False,,,,,,744,99.59677419354838,,False,
2024-11-01,42,Matched,93391,130.43435754189943,716,Grattan St-Swanston St (West),UM1_T,-37.80008566,144.96386412,Outdoor,A,79578,13813,14.790504438329174,False,186204.0,-49.8447938819789,,,,720,99.44444444444444,,False,
2024-12-01,42,Matched,71808,97.83106267029972,734,Grattan St-Swanston St (West),UM1_T,-37.80008566,144.96386412,Outdoor,A,61998,9810,13.661430481283425,False,93391.0,-23.110363953700038,117134.33333333333,,,744,98.65591397849462,,False,
2025-01-01,42,Matched,68375,92.9008152173913,736,Grattan St-Swanston St (West),UM1_T,-37.80008566,144.96386412,Outdoor,A,60272,8103,11.850822669104206,False,71808.0,-4.7808043672014255,77858.0,,,744,98.9247311827957,,False,
2025-02-01,42,Matched,109898,165.26015037593984,665,Grattan St-Swanston St (West),UM1_T,-37.80008566,144.96386412,Outdoor,A,99833,10065,9.158492420244228,False,68375.0,60.72833638025594,83360.33333333333,,,672,98.95833333333334,,False,
2025-03-01,42,Matched,236173,318.29245283018867,742,Grattan St-Swanston St (West),UM1_T,-37.80008566,144.96386412,Outdoor,A,216927,19246,8.149111033013936,False,109898.0,114.9020000363974,138148.66666666666,,,744,99.73118279569893,,False,
2025-04-01,42,Matched,205156,286.1311018131102,717,Grattan St-Swanston St (West),UM1_T,-37.80008566,144.96386412,Outdoor,A,189575,15581,7.594708417009495,False,236173.0,-13.13316932926287,183742.33333333334,,,720,99.58333333333333,,False,
2025-05-01,42,Matched,111842,288.2525773195876,388,Grattan St-Swanston St (West),UM1_T,-37.80008566,144.96386412,Outdoor,A,103087,8755,7.828007367536347,False,205156.0,-45.48441186219267,184390.33333333334,,,744,52.1505376344086,,False,
2025-06-01,42,Matched,72758,164.984126984127,441,Grattan St-Swanston St (West),UM1_T,-37.80008566,144.96386412,Outdoor,A,63281,9477,13.02537178042277,False,111842.0,-34.945727007743066,129918.66666666667,,,720,61.25000000000001,,False,
2025-07-01,42,Matched,148157,204.07300275482092,726,Grattan St-Swanston St (West),UM1_T,-37.80008566,144.96386412,Outdoor,A,135182,12975,8.757601733296436,False,72758.0,103.62984139201188,110919.0,,,744,97.58064516129032,,False,
2025-08-01,42,Matched,201202,271.527665317139,741,Grattan St-Swanston St (West),UM1_T,-37.80008566,144.96386412,Outdoor,A,172073,29129,14.477490283396785,False,148157.0,35.80323575666354,140705.66666666666,,,744,99.59677419354838,,False,
2025-09-01,42,Matched,153923,217.098730606488,709,Grattan St-Swanston St (West),UM1_T,-37.80008566,144.96386412,Outdoor,A,139849,14074,9.14353280536372,False,201202.0,-23.498275365056013,167760.66666666666,,,720,98.47222222222223,,False,
2025-10-01,42,Matched,159984,220.060522696011,727,Grattan St-Swanston St (West),UM1_T,-37.80008566,144.96386412,Outdoor,A,143701,16283,10.177892789278928,False,153923.0,3.9376831272779245,171703.0,186204.0,-14.081330154024618,744,97.71505376344086,99.59677419354838,True,-14.081330154024618
2025-11-01,42,Matched,85730,123.7085137085137,693,Grattan St-Swanston St (West),UM1_T,-37.80008566,144.96386412,Outdoor,A,71851,13879,16.189198646914733,False,159984.0,-46.413391339133916,133212.33333333334,93391.0,-8.203145913417782,720,96.25,99.44444444444444,True,-8.203145913417782
2025-12-01,42,Matched,50954,78.75425038639877,647,Grattan St-Swanston St (West),UM1_T,-37.80008566,144.96386412,Outdoor,A,42839,8115,15.92612945009224,False,85730.0,-40.56456316342004,98889.33333333333,71808.0,-29.041332442067734,744,86.96236559139786,98.65591397849462,False,
2026-01-01,42,Matched,59350,82.43055555555556,720,Grattan St-Swanston St (West),UM1_T,-37.80008566,144.96386412,Outdoor,A,50185,9165,15.442291491154169,False,50954.0,16.47760725360129,65344.666666666664,68375.0,-13.199268738574041,744,96.7741935483871,98.9247311827957,True,-13.199268738574041
2026-02-01,42,Matched,101483,153.52950075642966,661,Grattan St-Swanston St (West),UM1_T,-37.80008566,144.96386412,Outdoor,A,90181,11302,11.136840653114314,False,59350.0,70.99073294018534,70595.66666666667,109898.0,-7.65710022020419,672,98.36309523809523,98.95833333333334,True,-7.65710022020419
2026-03-01,42,Matched,207131,283.3529411764706,731,Grattan St-Swanston St (West),UM1_T,-37.80008566,144.96386412,Outdoor,A,189010,18121,8.748569745716479,False,101483.0,104.10413566804293,122654.66666666667,236173.0,-12.296917937274793,744,98.25268817204301,99.73118279569893,True,-12.296917937274793
2026-04-01,42,Matched,137221,192.7261235955056,712,Grattan St-Swanston St (West),UM1_T,-37.80008566,144.96386412,Outdoor,A,123929,13292,9.686564009881868,False,207131.0,-33.75158715981673,148611.66666666666,205156.0,-33.11382557663436,720,98.88888888888889,99.58333333333333,True,-33.11382557663436
2026-05-01,42,Matched,130599,179.64099037138928,727,Grattan St-Swanston St (West),UM1_T,-37.80008566,144.96386412,Outdoor,A,113436,17163,13.141754531045413,False,137221.0,-4.825791970616742,158317.0,111842.0,16.77098049033458,744,97.71505376344086,52.1505376344086,False,
2026-06-01,42,Matched,88624,123.43175487465182,718,Grattan St-Swanston St (West),UM1_T,-37.80008566,144.96386412,Outdoor,A,74846,13778,15.546578804838418,False,130599.0,-32.14036860925428,118814.66666666667,72758.0,21.8065367382281,720,99.72222222222223,61.25000000000001,False,
2026-07-01,42,Matched,122136,167.3095890410959,730,Grattan St-Swanston St (West),UM1_T,-37.80008566,144.96386412,Outdoor,A,109569,12567,10.289349577520142,False,88624.0,37.81368478064633,113786.33333333333,148157.0,-17.563125603245204,744,98.11827956989248,97.58064516129032,True,-17.563125603245204
2026-08-01,42,Matched,172642,234.5679347826087,736,Grattan St-Swanston St (West),UM1_T,-37.80008566,144.96386412,Outdoor,A,144032,28610,16.571865478852192,False,122136.0,41.35226305102508,127800.66666666667,201202.0,-14.194689913619149,744,98.9247311827957,99.59677419354838,True,-14.194689913619149
2024-10-01,43,Matched,118880,162.18281036834924,733,Monash Rd-Swanston St (West),UM2_T,-37.79844526,144.96411782,Outdoor,A,104924,13956,11.73956931359354,False,,,,,,744,98.52150537634408,,False,
2024-11-01,43,Matched,71637,103.07482014388488,695,Monash Rd-Swanston St (West),UM2_T,-37.79844526,144.96411782,Outdoor,A,60437,11200,15.634378882421096,False,118880.0,-39.74007402422611,,,,720,96.52777777777779,,False,
2024-12-01,43,Matched,44580,64.23631123919309,694,Monash Rd-Swanston St (West),UM2_T,-37.79844526,144.96411782,Outdoor,A,36604,7976,17.891431135038133,False,71637.0,-37.76958834122032,78365.66666666667,,,744,93.27956989247312,,False,
2025-01-01,43,Matched,56706,81.00857142857143,700,Monash Rd-Swanston St (West),UM2_T,-37.79844526,144.96411782,Outdoor,A,48065,8641,15.23824639367968,False,44580.0,27.200538358008075,57641.0,,,744,94.08602150537635,,False,
2025-02-01,43,Matched,84131,130.84136858475895,643,Monash Rd-Swanston St (West),UM2_T,-37.79844526,144.96411782,Outdoor,A,75024,9107,10.824785156482154,False,56706.0,48.36348887242973,61805.666666666664,,,672,95.68452380952381,,False,
2025-03-01,43,Matched,174171,238.91769547325103,729,Monash Rd-Swanston St (West),UM2_T,-37.79844526,144.96411782,Outdoor,A,155257,18914,10.859442731568402,False,84131.0,107.02357038428165,105002.66666666667,,,744,97.98387096774194,,False,
2025-04-01,43,Matched,134670,191.29261363636363,704,Monash Rd-Swanston St (West),UM2_T,-37.79844526,144.96411782,Outdoor,A,120982,13688,10.16410484888988,False,174171.0,-22.67943572695799,130990.66666666667,,,720,97.77777777777777,,False,
2025-05-01,43,Matched,151036,212.42756680731364,711,Monash Rd-Swanston St (West),UM2_T,-37.79844526,144.96411782,Outdoor,A,133064,17972,11.8991498715538,False,134670.0,12.152669488379,153292.33333333334,,,744,95.56451612903226,,False,
2025-06-01,43,Matched,84502,122.644412191582,689,Monash Rd-Swanston St (West),UM2_T,-37.79844526,144.96411782,Outdoor,A,68749,15753,18.64216231568484,False,151036.0,-44.051749251833996,123402.66666666667,,,720,95.69444444444444,,False,
2025-07-01,43,Matched,100669,142.18785310734464,708,Monash Rd-Swanston St (West),UM2_T,-37.79844526,144.96411782,Outdoor,A,88619,12050,11.969921226991428,False,84502.0,19.132091548129036,112069.0,,,744,95.16129032258065,,False,
2025-08-01,43,Matched,172468,238.54495159059476,723,Monash Rd-Swanston St (West),UM2_T,-37.79844526,144.96411782,Outdoor,A,145440,27028,15.671312939211912,False,100669.0,71.32185677815414,119213.0,,,744,97.17741935483872,,False,
2025-09-01,43,Matched,139739,199.05840455840456,702,Monash Rd-Swanston St (West),UM2_T,-37.79844526,144.96411782,Outdoor,A,125071,14668,10.49671172686222,False,172468.0,-18.976853677203888,137625.33333333334,,,720,97.5,,False,
2025-10-01,43,Matched,151882,208.91609353507565,727,Monash Rd-Swanston St (West),UM2_T,-37.79844526,144.96411782,Outdoor,A,135046,16836,11.084921188817637,False,139739.0,8.689771645710932,154696.33333333334,118880.0,27.76076716016151,744,97.71505376344086,98.52150537634408,True,27.76076716016151
2025-11-01,43,Matched,92054,130.2036775106082,707,Monash Rd-Swanston St (West),UM2_T,-37.79844526,144.96411782,Outdoor,A,75525,16529,17.955765094401112,False,151882.0,-39.39110625353893,127891.66666666667,71637.0,28.5006351466421,720,98.19444444444444,96.52777777777779,True,28.5006351466421
2025-12-01,43,Matched,49922,76.56748466257669,652,Monash Rd-Swanston St (West),UM2_T,-37.79844526,144.96411782,Outdoor,A,42538,7384,14.79107407555787,False,92054.0,-45.76878788537163,97952.66666666667,44580.0,11.982951996410947,744,87.63440860215054,93.27956989247312,False,
2026-01-01,43,Matched,34980,95.05434782608695,368,Monash Rd-Swanston St (West),UM2_T,-37.79844526,144.96411782,Outdoor,A,30641,4339,12.40423098913665,False,49922.0,-29.930691879331757,58985.333333333336,56706.0,-38.313405988784254,744,49.46236559139785,94.08602150537635,False,
2026-02-01,43,Matched,83151,129.1164596273292,644,Monash Rd-Swanston St (West),UM2_T,-37.79844526,144.96411782,Outdoor,A,71964,11187,13.453836995345815,False,34980.0,137.71012006861062,56017.666666666664,84131.0,-1.1648500552709464,672,95.83333333333334,95.68452380952381,True,-1.1648500552709464
2026-03-01,43,Matched,180632,249.14758620689656,725,Monash Rd-Swanston St (West),UM2_T,-37.79844526,144.96411782,Outdoor,A,160720,19912,11.023517427698303,False,83151.0,117.23370735168548,99587.66666666667,174171.0,3.7095727761797317,744,97.44623655913979,97.98387096774194,True,3.7095727761797317
2026-04-01,43,Matched,141261,200.37021276595743,705,Monash Rd-Swanston St (West),UM2_T,-37.79844526,144.96411782,Outdoor,A,126078,15183,10.748189521523988,False,180632.0,-21.796248726692944,135014.66666666666,134670.0,4.894185787480508,720,97.91666666666666,97.77777777777777,True,4.894185787480508
2026-05-01,43,Matched,153519,212.33609958506224,723,Monash Rd-Swanston St (West),UM2_T,-37.79844526,144.96411782,Outdoor,A,131724,21795,14.196939792468685,False,141261.0,8.67755431435428,158470.66666666666,151036.0,1.6439789189332346,744,97.17741935483872,95.56451612903226,True,1.6439789189332346
2026-06-01,43,Matched,77655,109.83734087694484,707,Monash Rd-Swanston St (West),UM2_T,-37.79844526,144.96411782,Outdoor,A,65408,12247,15.771038568025238,False,153519.0,-49.41668457975886,124145.0,84502.0,-8.102766798418973,720,98.19444444444444,95.69444444444444,True,-8.102766798418973
2026-07-01,43,Matched,98443,137.68251748251748,715,Monash Rd-Swanston St (West),UM2_T,-37.79844526,144.96411782,Outdoor,A,85771,12672,12.872423636012718,False,77655.0,26.769686433584443,109872.33333333333,100669.0,-2.2112070250027314,744,96.10215053763442,95.16129032258065,True,-2.2112070250027314
2026-08-01,43,Matched,166666,230.52005532503455,723,Monash Rd-Swanston St (West),UM2_T,-37.79844526,144.96411782,Outdoor,A,137626,29040,17.424069696278785,False,98443.0,69.30203264833456,114254.66666666667,172468.0,-3.364102326228634,744,97.17741935483872,97.17741935483872,True,-3.364102326228634
2024-10-01,44,Matched,60424,87.06628242074927,694,Tin Alley-Swanston St (West),UM3_T,-37.79698741,144.96441306,Outdoor,A,51635,8789,14.545544816629157,False,,,,,,744,93.27956989247312,,False,
2024-11-01,44,Matched,40757,62.41500765696784,653,Tin Alley-Swanston St (West),UM3_T,-37.79698741,144.96441306,Outdoor,A,33352,7405,18.1686581446132,False,60424.0,-32.5483251688071,,,,720,90.69444444444444,,False,
2024-12-01,44,Matched,24880,38.9358372456964,639,Tin Alley-Swanston St (West),UM3_T,-37.79698741,144.96441306,Outdoor,A,20079,4801,19.29662379421222,False,40757.0,-38.95527148710651,42020.333333333336,,,744,85.88709677419355,,False,
2025-01-01,44,Matched,30228,46.64814814814815,648,Tin Alley-Swanston St (West),UM3_T,-37.79698741,144.96441306,Outdoor,A,25278,4950,16.375545851528383,False,24880.0,21.495176848874596,31955.0,,,744,87.09677419354838,,False,
2025-02-01,44,Matched,44582,75.1804384485666,593,Tin Alley-Swanston St (West),UM3_T,-37.79698741,144.96441306,Outdoor,A,38967,5615,12.594769189358937,False,30228.0,47.4857747783512,33230.0,,,672,88.24404761904762,,False,
2025-03-01,44,Matched,77931,112.45454545454544,693,Tin Alley-Swanston St (West),UM3_T,-37.79698741,144.96441306,Outdoor,A,65783,12148,15.588148490331193,False,44582.0,74.80373244807322,50913.666666666664,,,744,93.14516129032258,,False,
2025-04-01,44,Matched,59299,90.67125382262996,654,Tin Alley-Swanston St (West),UM3_T,-37.79698741,144.96441306,Outdoor,A,51337,7962,13.42687060490059,False,77931.0,-23.908329162977505,60604.0,,,720,90.83333333333333,,False,
2025-05-01,44,Matched,68652,99.20809248554912,692,Tin Alley-Swanston St (West),UM3_T,-37.79698741,144.96441306,Outdoor,A,56524,12128,17.665909223329255,False,59299.0,15.772609993423162,68627.33333333333,,,744,93.01075268817203,,False,
2025-06-01,44,Matched,42746,65.46094946401224,653,Tin Alley-Swanston St (West),UM3_T,-37.79698741,144.96441306,Outdoor,A,33733,9013,21.08501380246105,False,68652.0,-37.735244421138496,56899.0,,,720,90.69444444444444,,False,
2025-07-01,44,Matched,48871,72.50890207715133,674,Tin Alley-Swanston St (West),UM3_T,-37.79698741,144.96441306,Outdoor,A,41453,7418,15.178735855619896,False,42746.0,14.328826088990782,53423.0,,,744,90.59139784946237,,False,
2025-08-01,44,Matched,75652,109.32369942196532,692,Tin Alley-Swanston St (West),UM3_T,-37.79698741,144.96441306,Outdoor,A,59445,16207,21.423095225506263,False,48871.0,54.79936976939289,55756.333333333336,,,744,93.01075268817203,,False,
2025-09-01,44,Matched,60781,90.31352154531946,673,Tin Alley-Swanston St (West),UM3_T,-37.79698741,144.96441306,Outdoor,A,51561,9220,15.169214063605402,False,75652.0,-19.657114154285413,61768.0,,,720,93.47222222222223,,False,
2025-10-01,44,Matched,74865,105.0,713,Tin Alley-Swanston St (West),UM3_T,-37.79698741,144.96441306,Outdoor,A,63722,11143,14.884124757897547,False,60781.0,23.17171484509962,70432.66666666667,60424.0,23.899443929564413,744,95.83333333333334,93.27956989247312,True,23.899443929564413
2025-11-01,44,Matched,49875,70.84517045454545,704,Tin Alley-Swanston St (West),UM3_T,-37.79698741,144.96441306,Outdoor,A,39197,10678,21.409523809523808,False,74865.0,-33.38008415147265,61840.333333333336,40757.0,22.371617145521014,720,97.77777777777777,90.69444444444444,True,22.371617145521014
2025-12-01,44,Matched,26583,38.638081395348834,688,Tin Alley-Swanston St (West),UM3_T,-37.79698741,144.96441306,Outdoor,A,22303,4280,16.10051536696385,False,49875.0,-46.70075187969925,50441.0,24880.0,6.844855305466238,744,92.47311827956989,85.88709677419355,False,
2026-01-01,44,Matched,28308,41.02608695652174,690,Tin Alley-Swanston St (West),UM3_T,-37.79698741,144.96441306,Outdoor,A,23066,5242,18.517733502896707,False,26583.0,6.489109581311364,34922.0,30228.0,-6.351726875744343,744,92.74193548387096,87.09677419354838,False,
2026-02-01,44,Matched,46682,73.3993710691824,636,Tin Alley-Swanston St (West),UM3_T,-37.79698741,144.96441306,Outdoor,A,39470,7212,15.449209545435073,False,28308.0,64.90744665818849,33857.666666666664,44582.0,4.710421246242878,672,94.64285714285714,88.24404761904762,False,
2026-03-01,44,Matched,85621,118.91805555555555,720,Tin Alley-Swanston St (West),UM3_T,-37.79698741,144.96441306,Outdoor,A,72240,13381,15.628175330818376,False,46682.0,83.41330705625295,53537.0,77931.0,9.867703481284726,744,96.7741935483871,93.14516129032258,True,9.867703481284726
2026-04-01,44,Matched,68193,98.6874095513748,691,Tin Alley-Swanston St (West),UM3_T,-37.79698741,144.96441306,Outdoor,A,57978,10215,14.9795433548898,False,85621.0,-20.354819495217296,66832.0,59299.0,14.998566586283074,720,95.97222222222223,90.83333333333333,True,14.998566586283074
2026-05-01,44,Matched,73167,102.90717299578058,711,Tin Alley-Swanston St (West),UM3_T,-37.79698741,144.96441306,Outdoor,A,58143,15024,20.533847226208536,False,68193.0,7.294003783379526,75660.33333333333,68652.0,6.5766474392588705,744,95.56451612903226,93.01075268817203,True,6.5766474392588705
2026-06-01,44,Matched,45793,65.32524964336662,701,Tin Alley-Swanston St (West),UM3_T,-37.79698741,144.96441306,Outdoor,A,37384,8409,18.363068591269407,False,73167.0,-37.413041398444655,62384.333333333336,42746.0,7.128152341739578,720,97.36111111111111,90.69444444444444,True,7.128152341739578
2026-07-01,44,Matched,53618,74.67688022284122,718,Tin Alley-Swanston St (West),UM3_T,-37.79698741,144.96441306,Outdoor,A,44877,8741,16.302361147375883,False,45793.0,17.087764505492107,57526.0,48871.0,9.71332692189642,744,96.50537634408603,90.59139784946237,True,9.71332692189642
2026-08-01,44,Matched,79157,111.6459802538787,709,Tin Alley-Swanston St (West),UM3_T,-37.79698741,144.96441306,Outdoor,A,61125,18032,22.78004472125017,False,53618.0,47.631392442836365,59522.666666666664,75652.0,4.633056627716385,744,95.29569892473118,93.01075268817203,True,4.633056627716385
2024-10-01,45,Matched,584811,787.0942126514132,743,Little Collins St-Swanston St (East),Swa148_T,-37.81414075,144.96609379,Outdoor,A,410766,174045,29.760897110348477,False,,,,,,744,99.86559139784946,,False,
2024-11-01,45,Matched,467673,649.5458333333333,720,Little Collins St-Swanston St (East),Swa148_T,-37.81414075,144.96609379,Outdoor,A,318442,149231,31.90926138562628,False,584811.0,-20.03006099406475,,,,720,100.0,,False,
2024-12-01,45,Matched,612154,822.7876344086021,744,Little Collins St-Swanston St (East),Swa148_T,-37.81414075,144.96609379,Outdoor,A,412374,199780,32.635578628907105,False,467673.0,30.893594455955338,554879.3333333334,,,744,100.0,,False,
2025-01-01,45,Matched,509444,684.736559139785,744,Little Collins St-Swanston St (East),Swa148_T,-37.81414075,144.96609379,Outdoor,A,370418,139026,27.2897511797175,False,612154.0,-16.778457708354434,529757.0,,,744,100.0,,False,
2025-02-01,45,Matched,420749,626.1145833333334,672,Little Collins St-Swanston St (East),Swa148_T,-37.81414075,144.96609379,Outdoor,A,294110,126639,30.09846725720085,False,509444.0,-17.410156955425915,514115.6666666667,,,672,100.0,,False,
2025-03-01,45,Matched,523632,703.8064516129032,744,Little Collins St-Swanston St (East),Swa148_T,-37.81414075,144.96609379,Outdoor,A,338027,185605,35.44569468634461,False,420749.0,24.45234569779132,484608.3333333333,,,744,100.0,,False,
2025-04-01,45,Matched,570423,792.2541666666667,720,Little Collins St-Swanston St (East),Swa148_T,-37.81414075,144.96609379,Outdoor,A,393069,177354,31.09166355494081,False,523632.0,8.935855715464296,504934.6666666667,,,720,100.0,,False,
2025-05-01,45,Matched,536184,720.6774193548387,744,Little Collins St-Swanston St (East),Swa148_T,-37.81414075,144.96609379,Outdoor,A,356009,180175,33.60320337794489,False,570423.0,-6.002387701758169,543413.0,,,744,100.0,,False,
2025-06-01,45,Matched,441626,615.9358437935844,717,Little Collins St-Swanston St (East),Swa148_T,-37.81414075,144.96609379,Outdoor,A,285698,155928,35.30770380367098,False,536184.0,-17.635363979529416,516077.6666666667,,,720,99.58333333333333,,False,
2025-07-01,45,Matched,534164,717.9623655913979,744,Little Collins St-Swanston St (East),Swa148_T,-37.81414075,144.96609379,Outdoor,A,376633,157531,29.491130064923883,False,441626.0,20.95392934292818,503991.3333333333,,,744,100.0,,False,
2025-08-01,45,Matched,533816,718.4602960969045,743,Little Collins St-Swanston St (East),Swa148_T,-37.81414075,144.96609379,Outdoor,A,330332,203484,38.118752528961295,False,534164.0,-0.06514853116271407,503202.0,,,744,99.86559139784946,,False,
2025-09-01,45,Matched,457638,635.6083333333333,720,Little Collins St-Swanston St (East),Swa148_T,-37.81414075,144.96609379,Outdoor,A,325780,131858,28.812729712130547,False,533816.0,-14.270460233488693,508539.3333333333,,,720,100.0,,False,
2025-10-01,45,Matched,570265,767.5168236877523,743,Little Collins St-Swanston St (East),Swa148_T,-37.81414075,144.96609379,Outdoor,A,412557,157708,27.655212927323262,False,457638.0,24.610500002185134,520573.0,584811.0,-2.4872993155053513,744,99.86559139784946,99.86559139784946,True,-2.4872993155053513
2025-11-01,45,Matched,483170,850.6514084507043,568,Little Collins St-Swanston St (East),Swa148_T,-37.81414075,144.96609379,Outdoor,A,316052,167118,34.58782623093321,False,570265.0,-15.272724084416895,503691.0,467673.0,3.3136400861285553,720,78.88888888888889,100.0,False,
2025-12-01,45,Matched,698610,1291.330868761553,541,Little Collins St-Swanston St (East),Swa148_T,-37.81414075,144.96609379,Outdoor,A,491341,207269,29.66877084496357,False,483170.0,44.588861063393836,584015.0,612154.0,14.123243497551268,744,72.71505376344086,100.0,False,
2026-01-01,45,Matched,593038,817.9834482758621,725,Little Collins St-Swanston St (East),Swa148_T,-37.81414075,144.96609379,Outdoor,A,398853,194185,32.744107460230204,False,698610.0,-15.111721847668944,591606.0,509444.0,16.408869277094244,744,97.44623655913979,100.0,True,16.408869277094244
2026-02-01,45,Matched,571854,850.9732142857143,672,Little Collins St-Swanston St (East),Swa148_T,-37.81414075,144.96609379,Outdoor,A,389675,182179,31.85760701157988,False,593038.0,-3.572115108981212,621167.3333333334,420749.0,35.91333550406537,672,100.0,100.0,True,35.91333550406537
2026-03-01,45,Matched,676889,909.7970430107526,744,Little Collins St-Swanston St (East),Swa148_T,-37.81414075,144.96609379,Outdoor,A,444721,232168,34.29927211108468,False,571854.0,18.36745043315252,613927.0,523632.0,29.268073761725795,744,100.0,100.0,True,29.268073761725795
2026-04-01,45,Matched,719989,999.9847222222222,720,Little Collins St-Swanston St (East),Swa148_T,-37.81414075,144.96609379,Outdoor,A,491154,228835,31.783124464401546,False,676889.0,6.367365993538083,656244.0,570423.0,26.220190981078957,720,100.0,100.0,True,26.220190981078957
2026-05-01,45,Matched,598282,804.1424731182796,744,Little Collins St-Swanston St (East),Swa148_T,-37.81414075,144.96609379,Outdoor,A,385055,213227,35.63988219602127,False,719989.0,-16.904008255681685,665053.3333333334,536184.0,11.58147203198902,744,100.0,100.0,True,11.58147203198902
2026-06-01,45,Matched,533687,741.2319444444445,720,Little Collins St-Swanston St (East),Swa148_T,-37.81414075,144.96609379,Outdoor,A,376759,156928,29.404501140181416,False,598282.0,-10.796748021835857,617319.3333333334,441626.0,20.84591939786154,720,100.0,99.58333333333333,True,20.84591939786154
2026-07-01,45,Matched,624350,839.1801075268817,744,Little Collins St-Swanston St (East),Swa148_T,-37.81414075,144.96609379,Outdoor,A,448755,175595,28.124449427404503,False,533687.0,16.988047301133435,585439.6666666666,534164.0,16.88357882597854,744,100.0,100.0,True,16.88357882597854
2026-08-01,45,Matched,643499,864.9180107526881,744,Little Collins St-Swanston St (East),Swa148_T,-37.81414075,144.96609379,Outdoor,A,406030,237469,36.90277684969208,False,624350.0,3.067029710899335,600512.0,533816.0,20.546967494417554,744,100.0,99.86559139784946,True,20.546967494417554
2024-10-01,46,Matched,73281,116.31904761904762,630,Pelham St (South),Pel147_T,-37.80240719,144.9615673,Outdoor,A,61776,11505,15.699840340606706,False,,,,,,744,84.67741935483872,,False,
2024-11-01,46,Matched,47558,77.96393442622951,610,Pelham St (South),Pel147_T,-37.80240719,144.9615673,Outdoor,A,38372,9186,19.3153622944615,False,73281.0,-35.10186815136257,,,,720,84.72222222222221,,False,
2024-12-01,46,Matched,33608,56.96271186440678,590,Pelham St (South),Pel147_T,-37.80240719,144.9615673,Outdoor,A,27493,6115,18.195072601761485,False,47558.0,-29.33260439883931,51482.333333333336,,,744,79.3010752688172,,False,
2025-01-01,46,Matched,30734,50.96849087893864,603,Pelham St (South),Pel147_T,-37.80240719,144.9615673,Outdoor,A,26091,4643,15.10704756946704,False,33608.0,-8.551535348726494,37300.0,,,744,81.04838709677419,,False,
2025-02-01,46,Matched,41430,79.52015355086372,521,Pelham St (South),Pel147_T,-37.80240719,144.9615673,Outdoor,A,35798,5632,13.594013999517257,False,30734.0,34.80184811609293,35257.333333333336,,,672,77.52976190476191,,False,
2025-03-01,46,Matched,77004,130.2944162436548,591,Pelham St (South),Pel147_T,-37.80240719,144.9615673,Outdoor,A,67108,9896,12.85128045296348,False,41430.0,85.86531498913831,49722.666666666664,,,744,79.43548387096774,,False,
2025-04-01,46,Matched,54847,99.54083484573503,551,Pelham St (South),Pel147_T,-37.80240719,144.9615673,Outdoor,A,48109,6738,12.28508396083651,False,77004.0,-28.77382993091268,57760.333333333336,,,720,76.52777777777777,,False,
2025-05-01,46,Matched,63365,111.75485008818342,567,Pelham St (South),Pel147_T,-37.80240719,144.9615673,Outdoor,A,55419,7946,12.540045766590389,False,54847.0,15.530475686910862,65072.0,,,744,76.20967741935483,,False,
2025-06-01,46,Matched,40357,80.39243027888446,502,Pelham St (South),Pel147_T,-37.80240719,144.9615673,Outdoor,A,33793,6564,16.264836335703844,False,63365.0,-36.31026591967174,52856.333333333336,,,720,69.72222222222221,,False,
2025-07-01,46,Matched,37804,72.56046065259117,521,Pelham St (South),Pel147_T,-37.80240719,144.9615673,Outdoor,A,32891,4913,12.995979261453812,False,40357.0,-6.326040092177318,47175.333333333336,,,744,70.02688172043011,,False,
2025-08-01,46,Matched,61251,106.15424610051991,577,Pelham St (South),Pel147_T,-37.80240719,144.9615673,Outdoor,A,51562,9689,15.81851724869798,False,37804.0,62.022537297640454,46470.666666666664,,,744,77.55376344086021,,False,
2025-09-01,46,Matched,62457,106.0390492359932,589,Pelham St (South),Pel147_T,-37.80240719,144.9615673,Outdoor,A,55470,6987,11.186896584850375,False,61251.0,1.9689474457559877,53837.333333333336,,,720,81.80555555555556,,False,
2025-10-01,46,Matched,85424,135.5936507936508,630,Pelham St (South),Pel147_T,-37.80240719,144.9615673,Outdoor,A,74376,11048,12.933133545607792,False,62457.0,36.77249947964199,69710.66666666667,73281.0,16.570461647630356,744,84.67741935483872,84.67741935483872,False,
2025-11-01,46,Matched,51153,85.68341708542714,597,Pelham St (South),Pel147_T,-37.80240719,144.9615673,Outdoor,A,41137,10016,19.580474263484057,False,85424.0,-40.11870200412062,66344.66666666667,47558.0,7.559190882711636,720,82.91666666666667,84.72222222222221,False,
2025-12-01,46,Matched,35413,57.7699836867863,613,Pelham St (South),Pel147_T,-37.80240719,144.9615673,Outdoor,A,29849,5564,15.71174427470138,False,51153.0,-30.770433796649264,57330.0,33608.0,5.370745060699833,744,82.39247311827957,79.3010752688172,False,
2026-01-01,46,Matched,32006,52.81518151815182,606,Pelham St (South),Pel147_T,-37.80240719,144.9615673,Outdoor,A,25541,6465,20.19933762419546,False,35413.0,-9.620760737582245,39524.0,30734.0,4.138738855990109,744,81.45161290322581,81.04838709677419,False,
2026-02-01,46,Matched,40233,74.36783733826248,541,Pelham St (South),Pel147_T,-37.80240719,144.9615673,Outdoor,A,34214,6019,14.960355926726814,False,32006.0,25.704555395863277,35884.0,41430.0,-2.889210716871832,672,80.50595238095238,77.52976190476191,False,
2026-03-01,46,Matched,74815,123.8658940397351,604,Pelham St (South),Pel147_T,-37.80240719,144.9615673,Outdoor,A,65405,9410,12.57769163937713,False,40233.0,85.95431610866702,49018.0,77004.0,-2.8427094696379407,744,81.18279569892472,79.43548387096774,False,
2026-04-01,46,Matched,61574,107.08521739130435,575,Pelham St (South),Pel147_T,-37.80240719,144.9615673,Outdoor,A,53637,7937,12.890180920518402,False,74815.0,-17.69832252890463,58874.0,54847.0,12.265028169270881,720,79.86111111111111,76.52777777777777,False,
2026-05-01,46,Matched,59697,101.35314091680814,589,Pelham St (South),Pel147_T,-37.80240719,144.9615673,Outdoor,A,50218,9479,15.87851985861936,False,61574.0,-3.0483645694611363,65362.0,63365.0,-5.788684605065888,744,79.16666666666666,76.20967741935483,False,
2026-06-01,46,Matched,38653,73.06805293005671,529,Pelham St (South),Pel147_T,-37.80240719,144.9615673,Outdoor,A,31458,7195,18.61433782630068,False,59697.0,-35.251352664287985,53308.0,40357.0,-4.222315831206482,720,73.47222222222223,69.72222222222221,False,
2026-07-01,46,Matched,40961,77.72485768500948,527,Pelham St (South),Pel147_T,-37.80240719,144.9615673,Outdoor,A,35184,5777,14.103659578623567,False,38653.0,5.971075983752878,46437.0,37804.0,8.350968151518359,744,70.83333333333334,70.02688172043011,False,
2026-08-01,46,Matched,72271,111.35747303543914,649,Pelham St (South),Pel147_T,-37.80240719,144.9615673,Outdoor,A,58705,13566,18.77101465318039,False,40961.0,76.43856351163302,50628.333333333336,61251.0,17.991542995216406,744,87.23118279569893,77.55376344086021,False,
2024-10-01,47,Matched,679040,913.9165545087484,743,Melbourne Central-Elizabeth St (East),Eli250_T,-37.81258467,144.9625775,Outdoor,A,493133,185907,27.377915881244107,False,,,,,,744,99.86559139784946,,False,
2024-11-01,47,Matched,661199,918.3319444444444,720,Melbourne Central-Elizabeth St (East),Eli250_T,-37.81258467,144.9625775,Outdoor,A,461557,199642,30.19393556251597,False,679040.0,-2.6273857210179075,,,,720,100.0,,False,
2024-12-01,47,Matched,717593,964.5067204301076,744,Melbourne Central-Elizabeth St (East),Eli250_T,-37.81258467,144.9625775,Outdoor,A,504201,213392,29.73719085888519,False,661199.0,8.529051011873884,685944.0,,,744,100.0,,False,
2025-01-01,47,Matched,602014,809.1586021505376,744,Melbourne Central-Elizabeth St (East),Eli250_T,-37.81258467,144.9625775,Outdoor,A,457542,144472,23.99811300069433,False,717593.0,-16.106483758899543,660268.6666666666,,,744,100.0,,False,
2025-02-01,47,Matched,563596,838.6845238095239,672,Melbourne Central-Elizabeth St (East),Eli250_T,-37.81258467,144.9625775,Outdoor,A,403506,160090,28.40509868771248,False,602014.0,-6.381579165933019,627734.3333333334,,,672,100.0,,False,
2025-03-01,47,Matched,677480,910.5913978494624,744,Melbourne Central-Elizabeth St (East),Eli250_T,-37.81258467,144.9625775,Outdoor,A,450866,226614,33.449548326149845,False,563596.0,20.206672864960005,614363.3333333334,,,744,100.0,,False,
2025-04-01,47,Matched,667802,927.5027777777776,720,Melbourne Central-Elizabeth St (East),Eli250_T,-37.81258467,144.9625775,Outdoor,A,482751,185051,27.71045908817284,False,677480.0,-1.4285292554761764,636292.6666666666,,,720,100.0,,False,
2025-05-01,47,Matched,682231,916.9771505376344,744,Melbourne Central-Elizabeth St (East),Eli250_T,-37.81258467,144.9625775,Outdoor,A,466997,215234,31.548551736875048,False,667802.0,2.160670378345677,675837.6666666666,,,744,100.0,,False,
2025-06-01,47,Matched,624847,867.8430555555556,720,Melbourne Central-Elizabeth St (East),Eli250_T,-37.81258467,144.9625775,Outdoor,A,422807,202040,32.334315440419815,False,682231.0,-8.411227282254838,658293.3333333334,,,720,100.0,,False,
2025-07-01,47,Matched,683124,918.1774193548388,744,Melbourne Central-Elizabeth St (East),Eli250_T,-37.81258467,144.9625775,Outdoor,A,498994,184130,26.95411082029031,False,624847.0,9.326603152451721,663400.6666666666,,,744,100.0,,False,
2025-08-01,47,Matched,702950,944.8252688172043,744,Melbourne Central-Elizabeth St (East),Eli250_T,-37.81258467,144.9625775,Outdoor,A,458446,244504,34.78255921473789,False,683124.0,2.90225493468243,670307.0,,,744,100.0,,False,
2025-09-01,47,Matched,628044,872.2833333333333,720,Melbourne Central-Elizabeth St (East),Eli250_T,-37.81258467,144.9625775,Outdoor,A,452287,175757,27.9848227194273,False,702950.0,-10.655949925314745,671372.6666666666,,,720,100.0,,False,
2025-10-01,47,Matched,732829,986.3109017496636,743,Melbourne Central-Elizabeth St (East),Eli250_T,-37.81258467,144.9625775,Outdoor,A,539718,193111,26.351440786322595,False,628044.0,16.684340587602144,687941.0,679040.0,7.921330113100848,744,99.86559139784946,99.86559139784946,True,7.921330113100848
2025-11-01,47,Matched,654701,909.3069444444444,720,Melbourne Central-Elizabeth St (East),Eli250_T,-37.81258467,144.9625775,Outdoor,A,428682,226019,34.5224766725574,False,732829.0,-10.661150145531904,671858.0,661199.0,-0.9827601070177057,720,100.0,100.0,True,-0.9827601070177057
2025-12-01,47,Matched,752008,1010.763440860215,744,Melbourne Central-Elizabeth St (East),Eli250_T,-37.81258467,144.9625775,Outdoor,A,551107,200901,26.71527430559249,False,654701.0,14.862815239322988,713179.3333333334,717593.0,4.795894051363377,744,100.0,100.0,True,4.795894051363377
2026-01-01,47,Matched,613578,833.6657608695652,736,Melbourne Central-Elizabeth St (East),Eli250_T,-37.81258467,144.9625775,Outdoor,A,420898,192680,31.402690448484137,False,752008.0,-18.40804885054414,673429.0,602014.0,1.9208855608009117,744,98.9247311827957,100.0,True,1.9208855608009117
2026-02-01,47,Matched,580411,863.7068452380952,672,Melbourne Central-Elizabeth St (East),Eli250_T,-37.81258467,144.9625775,Outdoor,A,399319,181092,31.200649195139302,False,613578.0,-5.405506716342503,648665.6666666666,563596.0,2.9835201101498234,672,100.0,100.0,True,2.9835201101498234
2026-03-01,47,Matched,672479,903.869623655914,744,Melbourne Central-Elizabeth St (East),Eli250_T,-37.81258467,144.9625775,Outdoor,A,450599,221880,32.99433885667805,False,580411.0,15.862552570506072,622156.0,677480.0,-0.7381767727460589,744,100.0,100.0,True,-0.7381767727460589
2026-04-01,47,Matched,674046,937.4770514603616,719,Melbourne Central-Elizabeth St (East),Eli250_T,-37.81258467,144.9625775,Outdoor,A,466483,207563,30.793595689314973,False,672479.0,0.23301842882826082,642312.0,667802.0,0.9350076819176942,720,99.86111111111111,100.0,True,0.9350076819176942
2026-05-01,47,Matched,602434,809.7231182795699,744,Melbourne Central-Elizabeth St (East),Eli250_T,-37.81258467,144.9625775,Outdoor,A,374088,228346,37.90390316615596,False,674046.0,-10.624200722205902,649653.0,682231.0,-11.696478172349249,744,100.0,100.0,True,-11.696478172349249
2026-06-01,47,Matched,572573,795.2402777777778,720,Melbourne Central-Elizabeth St (East),Eli250_T,-37.81258467,144.9625775,Outdoor,A,400237,172336,30.098520188692092,False,602434.0,-4.956725550018757,616351.0,624847.0,-8.365887969374903,720,100.0,100.0,True,-8.365887969374903
2026-07-01,47,Matched,638086,857.6424731182796,744,Melbourne Central-Elizabeth St (East),Eli250_T,-37.81258467,144.9625775,Outdoor,A,458582,179504,28.13163115943619,False,572573.0,11.441859815254999,604364.3333333334,683124.0,-6.592946522154104,744,100.0,100.0,True,-6.592946522154104
2026-08-01,47,Matched,632777,850.5067204301075,744,Melbourne Central-Elizabeth St (East),Eli250_T,-37.81258467,144.9625775,Outdoor,A,398207,234570,37.06993142923968,False,638086.0,-0.8320195083421358,614478.6666666666,702950.0,-9.98264456931503,744,100.0,100.0,True,-9.98264456931503
2024-10-01,48,Matched,179714,312.5460869565217,575,QVM-Queen St (East),QVMQ_T,-37.80631581,144.95866697,Outdoor,A,118499,61215,34.062454789276295,False,,,,,,744,77.28494623655914,,False,
2024-11-01,48,Matched,180347,250.48194444444445,720,QVM-Queen St (East),QVMQ_T,-37.80631581,144.95866697,Outdoor,A,114139,66208,36.71145070336629,False,179714.0,0.3522263151451751,,,,720,100.0,,False,
2024-12-01,48,Matched,181747,348.8426103646833,521,QVM-Queen St (East),QVMQ_T,-37.80631581,144.95866697,Outdoor,A,113467,68280,37.56870814924043,False,180347.0,0.7762812799769333,180602.66666666666,,,744,70.02688172043011,,False,
2025-01-01,48,Matched,169422,340.2048192771084,498,QVM-Queen St (East),QVMQ_T,-37.80631581,144.95866697,Outdoor,A,120328,49094,28.977346507537398,False,181747.0,-6.7814049200261906,177172.0,,,744,66.93548387096774,,False,
2025-02-01,48,Matched,165052,316.7984644913628,521,QVM-Queen St (East),QVMQ_T,-37.80631581,144.95866697,Outdoor,A,109230,55822,33.82085645735889,False,169422.0,-2.5793580526732063,172073.66666666666,,,672,77.52976190476191,,False,
2025-03-01,48,Matched,186953,367.294695481336,509,QVM-Queen St (East),QVMQ_T,-37.80631581,144.95866697,Outdoor,A,110347,76606,40.9760742004675,False,165052.0,13.269151540120689,173809.0,,,744,68.41397849462365,,False,
2025-04-01,48,Matched,176224,361.85626283367554,487,QVM-Queen St (East),QVMQ_T,-37.80631581,144.95866697,Outdoor,A,110757,65467,37.14987742872707,False,186953.0,-5.73887554626029,176076.33333333334,,,720,67.63888888888889,,False,
2025-05-01,48,Matched,180788,349.011583011583,518,QVM-Queen St (East),QVMQ_T,-37.80631581,144.95866697,Outdoor,A,108228,72560,40.13540721729319,False,176224.0,2.5898856001452697,181321.66666666666,,,744,69.6236559139785,,False,
2025-06-01,48,Matched,174975,337.1387283236994,519,QVM-Queen St (East),QVMQ_T,-37.80631581,144.95866697,Outdoor,A,106156,68819,39.33076153736248,False,180788.0,-3.2153682766555303,177329.0,,,720,72.08333333333333,,False,
2025-07-01,48,Matched,209480,391.5514018691589,535,QVM-Queen St (East),QVMQ_T,-37.80631581,144.95866697,Outdoor,A,144410,65070,31.06263127744892,False,174975.0,19.719959994284896,188414.33333333334,,,744,71.90860215053763,,False,
2025-08-01,48,Matched,199513,372.9214953271028,535,QVM-Queen St (East),QVMQ_T,-37.80631581,144.95866697,Outdoor,A,119104,80409,40.3026369209024,False,209480.0,-4.757972121443575,194656.0,,,744,71.90860215053763,,False,
2025-09-01,48,Matched,153155,315.13374485596705,486,QVM-Queen St (East),QVMQ_T,-37.80631581,144.95866697,Outdoor,A,108154,45001,29.382651562142925,False,199513.0,-23.235578633973724,187382.66666666666,,,720,67.5,,False,
2025-10-01,48,Matched,228503,413.2061482820977,553,QVM-Queen St (East),QVMQ_T,-37.80631581,144.95866697,Outdoor,A,164817,63686,27.870968871305845,False,153155.0,49.1972185041298,193723.66666666666,179714.0,27.148135370644468,744,74.32795698924731,77.28494623655914,False,
2025-11-01,48,Matched,168904,360.136460554371,469,QVM-Queen St (East),QVMQ_T,-37.80631581,144.95866697,Outdoor,A,96802,72102,42.688154217780514,False,228503.0,-26.08237090979112,183520.66666666666,180347.0,-6.34499049055432,720,65.13888888888889,100.0,False,
2025-12-01,48,Matched,172594,357.3374741200828,483,QVM-Queen St (East),QVMQ_T,-37.80631581,144.95866697,Outdoor,A,113947,58647,33.97974437118324,False,168904.0,2.184672950314972,190000.33333333334,181747.0,-5.036121641622696,744,64.91935483870968,70.02688172043011,False,
2026-01-01,48,Matched,175194,295.43676222596963,593,QVM-Queen St (East),QVMQ_T,-37.80631581,144.95866697,Outdoor,A,113051,62143,35.47096361747548,False,172594.0,1.5064254840840352,172230.66666666666,169422.0,3.406877501150972,744,79.70430107526882,66.93548387096774,False,
2026-02-01,48,Matched,184247,343.7444029850746,536,QVM-Queen St (East),QVMQ_T,-37.80631581,144.95866697,Outdoor,A,120982,63265,34.3370584052929,False,175194.0,5.167414409169264,177345.0,165052.0,11.629668225771272,672,79.76190476190477,77.52976190476191,False,
2026-03-01,48,Matched,192936,334.3778162911612,577,QVM-Queen St (East),QVMQ_T,-37.80631581,144.95866697,Outdoor,A,122416,70520,36.55098063606584,False,184247.0,4.715951955798467,184125.66666666666,186953.0,3.2002695864736057,744,77.55376344086021,68.41397849462365,False,
2026-04-01,48,Matched,168273,373.94,450,QVM-Queen St (East),QVMQ_T,-37.80631581,144.95866697,Outdoor,A,100471,67802,40.29285743999335,False,192936.0,-12.78299539743749,181818.66666666666,176224.0,-4.51187125476666,720,62.5,67.63888888888889,False,
2026-05-01,48,Matched,159140,390.0490196078432,408,QVM-Queen St (East),QVMQ_T,-37.80631581,144.95866697,Outdoor,A,83587,75553,47.47580746512504,False,168273.0,-5.427489852798726,173449.66666666666,180788.0,-11.974246078279533,744,54.83870967741935,69.6236559139785,False,
2026-06-01,48,Matched,141419,397.2443820224719,356,QVM-Queen St (East),QVMQ_T,-37.80631581,144.95866697,Outdoor,A,77673,63746,45.07597988954808,False,159140.0,-11.135478195299736,156277.33333333334,174975.0,-19.177596799542794,720,49.44444444444444,72.08333333333333,False,
2026-07-01,48,Matched,199467,276.65325936199724,721,QVM-Queen St (East),QVMQ_T,-37.80631581,144.95866697,Outdoor,A,134121,65346,32.760306216065814,False,141419.0,41.04681832002772,166675.33333333334,209480.0,-4.779931258354019,744,96.90860215053763,71.90860215053763,False,
2026-08-01,48,Matched,199548,269.2955465587045,741,QVM-Queen St (East),QVMQ_T,-37.80631581,144.95866697,Outdoor,A,113222,86326,43.26076933870547,False,199467.0,0.040608220908721744,180144.66666666666,199513.0,0.017542716514713327,744,99.59677419354838,71.90860215053763,False,
2024-10-01,49,Matched,275940,371.3862718707941,743,QVM-Therry St (South),Eli501_T,-37.80730068,144.95956055,Outdoor,A,188288,87652,31.76487642241067,False,,,,,,744,99.86559139784946,,False,
2024-11-01,49,Matched,250907,348.4819444444444,720,QVM-Therry St (South),Eli501_T,-37.80730068,144.95956055,Outdoor,A,161552,89355,35.61279677330644,False,275940.0,-9.071899688338044,,,,720,100.0,,False,
2024-12-01,49,Matched,257717,346.39381720430106,744,QVM-Therry St (South),Eli501_T,-37.80730068,144.95956055,Outdoor,A,167550,90167,34.98682663541792,False,250907.0,2.7141530527247144,261521.33333333334,,,744,100.0,,False,
2025-01-01,49,Matched,233483,313.8212365591398,744,QVM-Therry St (South),Eli501_T,-37.80730068,144.95956055,Outdoor,A,166366,67117,28.74599007208233,False,257717.0,-9.403337769724155,247369.0,,,744,100.0,,False,
2025-02-01,49,Matched,222481,331.0729166666667,672,QVM-Therry St (South),Eli501_T,-37.80730068,144.95956055,Outdoor,A,152386,70095,31.50606119174222,False,233483.0,-4.712120368506486,237893.66666666666,,,672,100.0,,False,
2025-03-01,49,Matched,280353,376.8185483870968,744,QVM-Therry St (South),Eli501_T,-37.80730068,144.95956055,Outdoor,A,177665,102688,36.62810813510111,False,222481.0,26.0121088991869,245439.0,,,744,100.0,,False,
2025-04-01,49,Matched,270401,375.55694444444447,720,QVM-Therry St (South),Eli501_T,-37.80730068,144.95956055,Outdoor,A,184938,85463,31.606022167077786,False,280353.0,-3.5498104175806926,257745.0,,,720,100.0,,False,
2025-05-01,49,Matched,289650,389.31451612903226,744,QVM-Therry St (South),Eli501_T,-37.80730068,144.95956055,Outdoor,A,190187,99463,34.33902986362852,False,270401.0,7.118686691247443,280134.6666666667,,,744,100.0,,False,
2025-06-01,49,Matched,260571,361.9041666666666,720,QVM-Therry St (South),Eli501_T,-37.80730068,144.95956055,Outdoor,A,169438,91133,34.974344804295185,False,289650.0,-10.039357845675816,273540.6666666667,,,720,100.0,,False,
2025-07-01,49,Matched,290597,390.5873655913978,744,QVM-Therry St (South),Eli501_T,-37.80730068,144.95956055,Outdoor,A,204896,85701,29.49135744691101,False,260571.0,11.52315491746971,280272.6666666667,,,744,100.0,,False,
2025-08-01,49,Matched,308600,414.7849462365592,744,QVM-Therry St (South),Eli501_T,-37.80730068,144.95956055,Outdoor,A,195571,113029,36.62637718729747,False,290597.0,6.195177513876605,286589.3333333333,,,744,100.0,,False,
2025-09-01,49,Matched,266683,370.3930555555556,720,QVM-Therry St (South),Eli501_T,-37.80730068,144.95956055,Outdoor,A,182240,84443,31.66418556863392,False,308600.0,-13.582955281918341,288626.6666666667,,,720,100.0,,False,
2025-10-01,49,Matched,320004,430.6917900403769,743,QVM-Therry St (South),Eli501_T,-37.80730068,144.95956055,Outdoor,A,221971,98033,30.63492956338046,False,266683.0,19.994150358290554,298429.0,275940.0,15.968688845401175,744,99.86559139784946,99.86559139784946,True,15.968688845401175
2025-11-01,49,Matched,262744,364.9222222222222,720,QVM-Therry St (South),Eli501_T,-37.80730068,144.95956055,Outdoor,A,160206,102538,39.02581980939622,False,320004.0,-17.893526330920864,283143.6666666667,250907.0,4.717684241571578,720,100.0,100.0,True,4.717684241571578
2025-12-01,49,Matched,250353,336.4959677419355,744,QVM-Therry St (South),Eli501_T,-37.80730068,144.95956055,Outdoor,A,172372,77981,31.14841843317236,False,262744.0,-4.715997320585817,277700.3333333333,257717.0,-2.857397843370829,744,100.0,100.0,True,-2.857397843370829
2026-01-01,49,Matched,229626,309.0524899057873,743,QVM-Therry St (South),Eli501_T,-37.80730068,144.95956055,Outdoor,A,147126,82500,35.9279872488307,False,250353.0,-8.279109896825682,247574.33333333334,233483.0,-1.6519403982302778,744,99.86559139784946,100.0,True,-1.6519403982302778
2026-02-01,49,Matched,171636,261.2420091324201,657,QVM-Therry St (South),Eli501_T,-37.80730068,144.95956055,Outdoor,A,104290,67346,39.23768906290056,False,229626.0,-25.254108855269003,217205.0,222481.0,-22.853636939783623,672,97.76785714285714,100.0,True,-22.853636939783623
2026-03-01,49,Matched,287116,385.90860215053766,744,QVM-Therry St (South),Eli501_T,-37.80730068,144.95956055,Outdoor,A,188525,98591,34.33838587887823,False,171636.0,67.2819222074623,229459.33333333334,280353.0,2.4123159017381655,744,100.0,100.0,True,2.4123159017381655
2026-04-01,49,Matched,281390,390.81944444444446,720,QVM-Therry St (South),Eli501_T,-37.80730068,144.95956055,Outdoor,A,191535,89855,31.932549131099183,False,287116.0,-1.9943158862619985,246714.0,270401.0,4.063964260487203,720,100.0,100.0,True,4.063964260487203
2026-05-01,49,Matched,296323,398.28360215053766,744,QVM-Therry St (South),Eli501_T,-37.80730068,144.95956055,Outdoor,A,180296,116027,39.15558360302778,False,281390.0,5.3068694694196665,288276.3333333333,289650.0,2.3038149490764717,744,100.0,100.0,True,2.3038149490764717
2026-06-01,49,Matched,279022,388.0695410292072,719,QVM-Therry St (South),Eli501_T,-37.80730068,144.95956055,Outdoor,A,185797,93225,33.41134390836565,False,296323.0,-5.838561299662868,285578.3333333333,260571.0,7.080987523554041,720,99.86111111111111,100.0,True,7.080987523554041
2026-07-01,49,Matched,300029,403.26478494623655,744,QVM-Therry St (South),Eli501_T,-37.80730068,144.95956055,Outdoor,A,210665,89364,29.78512077165874,False,279022.0,7.5287970124219585,291791.3333333333,290597.0,3.2457320619276873,744,100.0,100.0,True,3.2457320619276873
2026-08-01,49,Matched,313153,420.9045698924731,744,QVM-Therry St (South),Eli501_T,-37.80730068,144.95956055,Outdoor,A,190011,123142,39.323270094809885,False,300029.0,4.374243823097101,297401.3333333333,308600.0,1.4753726506804927,744,100.0,100.0,True,1.4753726506804927
2024-10-01,50,Matched,166830,228.22161422708615,731,Faraday St-Lygon St (West),Lyg309_T,-37.79808192,144.96721013,Outdoor,A,113404,53426,32.0242162680573,False,,,,,,744,98.25268817204301,,False,
2024-11-01,50,Matched,162223,230.1035460992908,705,Faraday St-Lygon St (West),Lyg309_T,-37.79808192,144.96721013,Outdoor,A,105032,57191,35.25455699869932,False,166830.0,-2.761493736138584,,,,720,97.91666666666666,,False,
2024-12-01,50,Matched,188517,254.7527027027027,740,Faraday St-Lygon St (West),Lyg309_T,-37.79808192,144.96721013,Outdoor,A,124695,63822,33.85477171820048,False,162223.0,16.20855242474865,172523.33333333334,,,744,99.46236559139786,,False,
2025-01-01,50,Matched,164941,223.19485791610285,739,Faraday St-Lygon St (West),Lyg309_T,-37.79808192,144.96721013,Outdoor,A,119376,45565,27.625029556023065,False,188517.0,-12.506033938583789,171893.66666666666,,,744,99.32795698924731,,False,
2025-02-01,50,Matched,140059,209.98350824587703,667,Faraday St-Lygon St (West),Lyg309_T,-37.79808192,144.96721013,Outdoor,A,92762,47297,33.76934006383024,False,164941.0,-15.085394171249114,164505.66666666666,,,672,99.25595238095238,,False,
2025-03-01,50,Matched,168141,226.91093117408903,741,Faraday St-Lygon St (West),Lyg309_T,-37.79808192,144.96721013,Outdoor,A,104542,63599,37.82480180324846,False,140059.0,20.050121734411928,157713.66666666666,,,744,99.59677419354838,,False,
2025-04-01,50,Matched,158102,222.0533707865169,712,Faraday St-Lygon St (West),Lyg309_T,-37.79808192,144.96721013,Outdoor,A,110630,47472,30.02618562700029,False,168141.0,-5.970584212060117,155434.0,,,720,98.88888888888889,,False,
2025-05-01,50,Matched,155904,212.11428571428573,735,Faraday St-Lygon St (West),Lyg309_T,-37.79808192,144.96721013,Outdoor,A,100279,55625,35.67900759441708,False,158102.0,-1.3902417426724518,160715.66666666666,,,744,98.79032258064517,,False,
2025-06-01,50,Matched,141636,200.33380480905237,707,Faraday St-Lygon St (West),Lyg309_T,-37.79808192,144.96721013,Outdoor,A,90922,50714,35.80586856448925,False,155904.0,-9.151785714285714,151880.66666666666,,,720,98.19444444444444,,False,
2025-07-01,50,Matched,147744,202.66666666666663,729,Faraday St-Lygon St (West),Lyg309_T,-37.79808192,144.96721013,Outdoor,A,101579,46165,31.2466157678146,False,141636.0,4.312462933152588,148428.0,,,744,97.98387096774194,,False,
2025-08-01,50,Matched,155848,213.7832647462277,729,Faraday St-Lygon St (West),Lyg309_T,-37.79808192,144.96721013,Outdoor,A,95884,59964,38.47595092654381,False,147744.0,5.485163526099199,148409.33333333334,,,744,97.98387096774194,,False,
2025-09-01,50,Matched,142547,201.62234794908065,707,Faraday St-Lygon St (West),Lyg309_T,-37.79808192,144.96721013,Outdoor,A,98020,44527,31.23671490806541,False,155848.0,-8.53459781325394,148713.0,,,720,98.19444444444444,,False,
2025-10-01,50,Matched,160196,217.6576086956522,736,Faraday St-Lygon St (West),Lyg309_T,-37.79808192,144.96721013,Outdoor,A,109316,50880,31.76109266148968,False,142547.0,12.38117954078304,152863.66666666666,166830.0,-3.9765030270335076,744,98.9247311827957,98.25268817204301,True,-3.9765030270335076
2025-11-01,50,Matched,162202,226.8559440559441,715,Faraday St-Lygon St (West),Lyg309_T,-37.79808192,144.96721013,Outdoor,A,100294,61908,38.16722358540585,False,160196.0,1.252216035356688,154981.66666666666,162223.0,-0.01294514341369596,720,99.30555555555556,97.91666666666666,True,-0.01294514341369596
2025-12-01,50,Matched,175778,238.8288043478261,736,Faraday St-Lygon St (West),Lyg309_T,-37.79808192,144.96721013,Outdoor,A,126257,49521,28.17246754428882,False,162202.0,8.36981048322462,166058.66666666666,188517.0,-6.757480757703549,744,98.9247311827957,99.46236559139786,True,-6.757480757703549
2026-01-01,50,Matched,158100,214.2276422764228,738,Faraday St-Lygon St (West),Lyg309_T,-37.79808192,144.96721013,Outdoor,A,105384,52716,33.34345351043643,False,175778.0,-10.057003720602124,165360.0,164941.0,-4.147543667129459,744,99.19354838709677,99.32795698924731,True,-4.147543667129459
2026-02-01,50,Matched,144402,217.14586466165412,665,Faraday St-Lygon St (West),Lyg309_T,-37.79808192,144.96721013,Outdoor,A,93416,50986,35.30837523025997,False,158100.0,-8.664136622390892,159426.66666666666,140059.0,3.1008360762250198,672,98.95833333333334,99.25595238095238,True,3.1008360762250198
2026-03-01,50,Matched,168064,228.03799185888735,737,Faraday St-Lygon St (West),Lyg309_T,-37.79808192,144.96721013,Outdoor,A,109436,58628,34.88432977913176,False,144402.0,16.38619963712414,156855.33333333334,168141.0,-0.045794898329378324,744,99.05913978494624,99.59677419354838,True,-0.045794898329378324
2026-04-01,50,Matched,159848,225.4555712270804,709,Faraday St-Lygon St (West),Lyg309_T,-37.79808192,144.96721013,Outdoor,A,110426,49422,30.9181222161053,False,168064.0,-4.888613861386139,157438.0,158102.0,1.1043503560992272,720,98.47222222222223,98.88888888888889,True,1.1043503560992272
2026-05-01,50,Matched,174010,237.39427012278307,733,Faraday St-Lygon St (West),Lyg309_T,-37.79808192,144.96721013,Outdoor,A,106108,67902,39.02189529337394,False,159848.0,8.859666683349182,167307.33333333334,155904.0,11.613557060755337,744,98.52150537634408,98.79032258064517,True,11.613557060755337
2026-06-01,50,Matched,159327,228.91810344827587,696,Faraday St-Lygon St (West),Lyg309_T,-37.79808192,144.96721013,Outdoor,A,107674,51653,32.41948947761522,False,174010.0,-8.438020803402104,164395.0,141636.0,12.490468524951284,720,96.66666666666667,98.19444444444444,True,12.490468524951284
2026-07-01,50,Matched,171911,251.69985358711563,683,Faraday St-Lygon St (West),Lyg309_T,-37.79808192,144.96721013,Outdoor,A,118905,53006,30.83339635043714,False,159327.0,7.898221895849416,168416.0,147744.0,16.357347844920945,744,91.8010752688172,97.98387096774194,True,16.357347844920945
2026-08-01,50,Matched,180880,258.4,700,Faraday St-Lygon St (West),Lyg309_T,-37.79808192,144.96721013,Outdoor,A,107805,73075,40.39971251658558,False,171911.0,5.217234499246704,170706.0,155848.0,16.061803808839382,744,94.08602150537635,97.98387096774194,True,16.061803808839382
2024-10-01,51,Matched,88462,119.06056527590847,743,QVM-Franklin St (North),Fra118_T,-37.80841815,144.95906316,Outdoor,A,62457,26005,29.396803147114014,False,,,,,,744,99.86559139784946,,False,
2024-11-01,51,Matched,73923,102.67083333333332,720,QVM-Franklin St (North),Fra118_T,-37.80841815,144.95906316,Outdoor,A,48098,25825,34.934999932362054,False,88462.0,-16.43530555492754,,,,720,100.0,,False,
2024-12-01,51,Matched,88566,119.04032258064515,744,QVM-Franklin St (North),Fra118_T,-37.80841815,144.95906316,Outdoor,A,59606,28960,32.69877831221913,False,73923.0,19.80844933241346,83650.33333333333,,,744,100.0,,False,
2025-01-01,51,Matched,85250,114.58333333333331,744,QVM-Franklin St (North),Fra118_T,-37.80841815,144.95906316,Outdoor,A,61612,23638,27.727859237536656,False,88566.0,-3.7441004448659756,82579.66666666667,,,744,100.0,,False,
2025-02-01,51,Matched,82509,122.78125,672,QVM-Franklin St (North),Fra118_T,-37.80841815,144.95906316,Outdoor,A,57291,25218,30.563938479438608,False,85250.0,-3.2152492668621697,85441.66666666667,,,672,100.0,,False,
2025-03-01,51,Matched,103646,139.68463611859838,742,QVM-Franklin St (North),Fra118_T,-37.80841815,144.95906316,Outdoor,A,67580,36066,34.797290778225886,False,82509.0,25.61781139027258,90468.33333333333,,,744,99.73118279569893,,False,
2025-04-01,51,Matched,91805,127.50694444444444,720,QVM-Franklin St (North),Fra118_T,-37.80841815,144.95906316,Outdoor,A,64432,27373,29.816458798540385,False,103646.0,-11.424464041062848,92653.33333333333,,,720,100.0,,False,
2025-05-01,51,Matched,88619,119.11155913978494,744,QVM-Franklin St (North),Fra118_T,-37.80841815,144.95906316,Outdoor,A,58690,29929,33.772667260971126,False,91805.0,-3.4703992157289907,94690.0,,,744,100.0,,False,
2025-06-01,51,Matched,82353,114.37916666666666,720,QVM-Franklin St (North),Fra118_T,-37.80841815,144.95906316,Outdoor,A,54118,28235,34.28533265333382,False,88619.0,-7.070718468951354,87592.33333333333,,,720,100.0,,False,
2025-07-01,51,Matched,92284,124.03763440860214,744,QVM-Franklin St (North),Fra118_T,-37.80841815,144.95906316,Outdoor,A,66982,25302,27.417537167873085,False,82353.0,12.059062814955132,87752.0,,,744,100.0,,False,
2025-08-01,51,Matched,98153,131.9260752688172,744,QVM-Franklin St (North),Fra118_T,-37.80841815,144.95906316,Outdoor,A,64706,33447,34.07639094067426,False,92284.0,6.359715660352824,90930.0,,,744,100.0,,False,
2025-09-01,51,Matched,87910,122.09722222222224,720,QVM-Franklin St (North),Fra118_T,-37.80841815,144.95906316,Outdoor,A,62535,25375,28.864748037765896,False,98153.0,-10.435748270557191,92782.33333333333,,,720,100.0,,False,
2025-10-01,51,Matched,100784,135.64468371467026,743,QVM-Franklin St (North),Fra118_T,-37.80841815,144.95906316,Outdoor,A,73581,27203,26.991387521828862,False,87910.0,14.644522807416676,95615.66666666667,88462.0,13.929144717505823,744,99.86559139784946,99.86559139784946,True,13.929144717505823
2025-11-01,51,Matched,88944,123.70514603616134,719,QVM-Franklin St (North),Fra118_T,-37.80841815,144.95906316,Outdoor,A,56981,31963,35.936094621334775,False,100784.0,-11.747896491506589,92546.0,73923.0,20.31979221622499,720,99.86111111111111,100.0,True,20.31979221622499
2025-12-01,51,Matched,91316,122.73655913978494,744,QVM-Franklin St (North),Fra118_T,-37.80841815,144.95906316,Outdoor,A,66294,25022,27.401550659249203,False,88944.0,2.666846555135816,93681.33333333333,88566.0,3.1050290179075493,744,100.0,100.0,True,3.1050290179075493
2026-01-01,51,Matched,84777,113.9475806451613,744,QVM-Franklin St (North),Fra118_T,-37.80841815,144.95906316,Outdoor,A,58442,26335,31.063849864939787,False,91316.0,-7.160848044154365,88345.66666666667,85250.0,-0.5548387096774193,744,100.0,100.0,True,-0.5548387096774193
2026-02-01,51,Matched,89378,133.0029761904762,672,QVM-Franklin St (North),Fra118_T,-37.80841815,144.95906316,Outdoor,A,62114,27264,30.504150909619813,False,84777.0,5.4271795416209585,88490.33333333333,82509.0,8.32515240761614,672,100.0,100.0,True,8.32515240761614
2026-03-01,51,Matched,108257,145.50672043010752,744,QVM-Franklin St (North),Fra118_T,-37.80841815,144.95906316,Outdoor,A,74784,33473,30.919940511929944,False,89378.0,21.122647631408174,94137.33333333333,103646.0,4.448796866256295,744,100.0,99.73118279569893,True,4.448796866256295
2026-04-01,51,Matched,99980,138.86111111111111,720,QVM-Franklin St (North),Fra118_T,-37.80841815,144.95906316,Outdoor,A,69585,30395,30.40108021604321,False,108257.0,-7.64569496660724,99205.0,91805.0,8.904743750340396,720,100.0,100.0,True,8.904743750340396
2026-05-01,51,Matched,89200,119.89247311827955,744,QVM-Franklin St (North),Fra118_T,-37.80841815,144.95906316,Outdoor,A,59068,30132,33.780269058295964,False,99980.0,-10.782156431286257,99145.66666666667,88619.0,0.6556156129046818,744,100.0,100.0,True,0.6556156129046818
2026-06-01,51,Matched,74368,103.28888888888888,720,QVM-Franklin St (North),Fra118_T,-37.80841815,144.95906316,Outdoor,A,50929,23439,31.51758820998279,False,89200.0,-16.62780269058296,87849.33333333333,82353.0,-9.696064502811069,720,100.0,100.0,True,-9.696064502811069
2026-07-01,51,Matched,58967,79.25672043010752,744,QVM-Franklin St (North),Fra118_T,-37.80841815,144.95906316,Outdoor,A,41391,17576,29.80650194176404,False,74368.0,-20.70917598967298,74178.33333333333,92284.0,-36.10268302197564,744,100.0,100.0,True,-36.10268302197564
2026-08-01,51,Matched,61168,82.4366576819407,742,QVM-Franklin St (North),Fra118_T,-37.80841815,144.95906316,Outdoor,A,36905,24263,39.66616531519749,False,58967.0,3.732596197873387,64834.333333333336,98153.0,-37.6809674691553,744,99.73118279569893,100.0,True,-37.6809674691553
2024-10-01,52,Matched,272338,366.53835800807536,743,Elizabeth St-Lonsdale St (South),Eli263_T,-37.81252157,144.9619401,Outdoor,A,200638,71700,26.32757822999361,False,,,,,,744,99.86559139784946,,False,
2024-11-01,52,Matched,264463,367.3097222222222,720,Elizabeth St-Lonsdale St (South),Eli263_T,-37.81252157,144.9619401,Outdoor,A,184415,80048,30.268128244782822,False,272338.0,-2.891627316055784,,,,720,100.0,,False,
2024-12-01,52,Matched,272461,366.2110215053763,744,Elizabeth St-Lonsdale St (South),Eli263_T,-37.81252157,144.9619401,Outdoor,A,191137,81324,29.84794154025714,False,264463.0,3.024241576326367,269754.0,,,744,100.0,,False,
2025-01-01,52,Matched,239892,322.43548387096774,744,Elizabeth St-Lonsdale St (South),Eli263_T,-37.81252157,144.9619401,Outdoor,A,178785,61107,25.472712720724328,False,272461.0,-11.95363740131615,258938.66666666666,,,744,100.0,,False,
2025-02-01,52,Matched,239306,356.11011904761904,672,Elizabeth St-Lonsdale St (South),Eli263_T,-37.81252157,144.9619401,Outdoor,A,171585,67721,28.298914360693004,False,239892.0,-0.24427659113267636,250553.0,,,672,100.0,,False,
2025-03-01,52,Matched,281884,378.8763440860215,744,Elizabeth St-Lonsdale St (South),Eli263_T,-37.81252157,144.9619401,Outdoor,A,185999,95885,34.01576535028593,False,239306.0,17.79228268409484,253694.0,,,744,100.0,,False,
2025-04-01,52,Matched,278634,387.5299026425592,719,Elizabeth St-Lonsdale St (South),Eli263_T,-37.81252157,144.9619401,Outdoor,A,198617,80017,28.717600867087288,False,281884.0,-1.152956535312398,266608.0,,,720,99.86111111111111,,False,
2025-05-01,52,Matched,286453,385.0174731182796,744,Elizabeth St-Lonsdale St (South),Eli263_T,-37.81252157,144.9619401,Outdoor,A,195921,90532,31.60448659989597,False,278634.0,2.8061901993295866,282323.6666666667,,,744,100.0,,False,
2025-06-01,52,Matched,261763,363.5597222222222,720,Elizabeth St-Lonsdale St (South),Eli263_T,-37.81252157,144.9619401,Outdoor,A,176751,85012,32.47670602797187,False,286453.0,-8.61921501956691,275616.6666666667,,,720,100.0,,False,
2025-07-01,52,Matched,271712,366.188679245283,742,Elizabeth St-Lonsdale St (South),Eli263_T,-37.81252157,144.9619401,Outdoor,A,195200,76512,28.159227417265345,False,261763.0,3.800766342072791,273309.3333333333,,,744,99.73118279569893,,False,
2025-08-01,52,Matched,279417,375.5604838709677,744,Elizabeth St-Lonsdale St (South),Eli263_T,-37.81252157,144.9619401,Outdoor,A,183184,96233,34.440638901713214,False,271712.0,2.8357231185961607,270964.0,,,744,100.0,,False,
2025-09-01,52,Matched,246111,341.8208333333333,720,Elizabeth St-Lonsdale St (South),Eli263_T,-37.81252157,144.9619401,Outdoor,A,177970,68141,27.68710053593704,False,279417.0,-11.919818765501025,265746.6666666667,,,720,100.0,,False,
2025-10-01,52,Matched,282467,380.170928667564,743,Elizabeth St-Lonsdale St (South),Eli263_T,-37.81252157,144.9619401,Outdoor,A,206886,75581,26.757461933606404,False,246111.0,14.772196285415932,269331.6666666667,272338.0,3.71927531229575,744,99.86559139784946,99.86559139784946,True,3.71927531229575
2025-11-01,52,Matched,274824,381.7,720,Elizabeth St-Lonsdale St (South),Eli263_T,-37.81252157,144.9619401,Outdoor,A,179758,95066,34.5915931650802,False,282467.0,-2.7058028017432125,267800.6666666667,264463.0,3.917750309116965,720,100.0,100.0,True,3.917750309116965
2025-12-01,52,Matched,303176,409.14439946018894,741,Elizabeth St-Lonsdale St (South),Eli263_T,-37.81252157,144.9619401,Outdoor,A,221593,81583,26.90945193550941,False,274824.0,10.31642069106046,286822.3333333333,272461.0,11.273173041279302,744,99.59677419354838,100.0,True,11.273173041279302
2026-01-01,52,Matched,265285,359.46476964769647,738,Elizabeth St-Lonsdale St (South),Eli263_T,-37.81252157,144.9619401,Outdoor,A,181849,83436,31.45145786606857,False,303176.0,-12.498020951526506,281095.0,239892.0,10.585179997665616,744,99.19354838709677,100.0,True,10.585179997665616
2026-02-01,52,Matched,271298,406.743628185907,667,Elizabeth St-Lonsdale St (South),Eli263_T,-37.81252157,144.9619401,Outdoor,A,190558,80740,29.76063221992053,False,265285.0,2.266618919275496,279919.6666666667,239306.0,13.36865770185453,672,99.25595238095238,100.0,True,13.36865770185453
2026-03-01,52,Matched,291970,396.1601085481682,737,Elizabeth St-Lonsdale St (South),Eli263_T,-37.81252157,144.9619401,Outdoor,A,200533,91437,31.31725862246121,False,271298.0,7.619665460121343,276184.3333333333,281884.0,3.578067573895645,744,99.05913978494624,100.0,True,3.578067573895645
2026-04-01,52,Matched,278167,390.68398876404495,712,Elizabeth St-Lonsdale St (South),Eli263_T,-37.81252157,144.9619401,Outdoor,A,198631,79536,28.592895634636744,False,291970.0,-4.727540500736377,280478.3333333333,278634.0,-0.16760337934351155,720,98.88888888888889,99.86111111111111,True,-0.16760337934351155
2026-05-01,52,Matched,267765,361.8445945945946,740,Elizabeth St-Lonsdale St (South),Eli263_T,-37.81252157,144.9619401,Outdoor,A,179261,88504,33.05286351838366,False,278167.0,-3.7394802402873095,279300.6666666667,286453.0,-6.523932372849996,744,99.46236559139786,100.0,True,-6.523932372849996
2026-06-01,52,Matched,242537,339.68767507002804,714,Elizabeth St-Lonsdale St (South),Eli263_T,-37.81252157,144.9619401,Outdoor,A,173115,69422,28.62326160544577,False,267765.0,-9.421694396205629,262823.0,261763.0,-7.3448119100102005,720,99.16666666666667,100.0,True,-7.3448119100102005
2026-07-01,52,Matched,279153,376.7246963562753,741,Elizabeth St-Lonsdale St (South),Eli263_T,-37.81252157,144.9619401,Outdoor,A,202111,77042,27.598485418390634,False,242537.0,15.097077971608455,263151.6666666667,271712.0,2.73856141797197,744,99.59677419354838,99.73118279569893,True,2.73856141797197
2026-08-01,52,Matched,285510,387.92119565217394,736,Elizabeth St-Lonsdale St (South),Eli263_T,-37.81252157,144.9619401,Outdoor,A,183349,102161,35.78193408286925,False,279153.0,2.277245811436739,269066.6666666667,279417.0,2.180611773800449,744,98.9247311827957,100.0,True,2.180611773800449
2024-10-01,53,Matched,352153,601.9709401709401,585,Collins Street (North),Col254_T,-37.81564191,144.965499,Outdoor,A,276591,75562,21.457150727098732,False,,,,,,744,78.62903225806451,,False,
2024-11-01,53,Matched,433138,601.5805555555555,720,Collins Street (North),Col254_T,-37.81564191,144.965499,Outdoor,A,320583,112555,25.98594443341383,False,352153.0,22.99710637137835,,,,720,100.0,,False,
2024-12-01,53,Matched,323068,615.3676190476191,525,Collins Street (North),Col254_T,-37.81564191,144.965499,Outdoor,A,223479,99589,30.82601805192715,False,433138.0,-25.412224279559865,369453.0,,,744,70.56451612903226,,False,
2025-01-01,53,Matched,395037,530.9637096774194,744,Collins Street (North),Col254_T,-37.81564191,144.965499,Outdoor,A,309702,85335,21.601774011042004,False,323068.0,22.276734309804745,383747.6666666667,,,744,100.0,,False,
2025-02-01,53,Matched,377679,562.0223214285714,672,Collins Street (North),Col254_T,-37.81564191,144.965499,Outdoor,A,288563,89116,23.595698993060243,False,395037.0,-4.394018788113518,365261.3333333333,,,672,100.0,,False,
2025-03-01,53,Matched,418831,562.9448924731183,744,Collins Street (North),Col254_T,-37.81564191,144.965499,Outdoor,A,298767,120064,28.66645496632293,False,377679.0,10.896025460774892,397182.3333333333,,,744,100.0,,False,
2025-04-01,53,Matched,412214,572.5194444444444,720,Collins Street (North),Col254_T,-37.81564191,144.965499,Outdoor,A,307600,104614,25.37856550238468,False,418831.0,-1.579873505065289,402908.0,,,720,100.0,,False,
2025-05-01,53,Matched,372956,501.9596231493944,743,Collins Street (North),Col254_T,-37.81564191,144.965499,Outdoor,A,272787,100169,26.858128036551225,False,412214.0,-9.523694003600072,401333.6666666667,,,744,99.86559139784946,,False,
2025-06-01,53,Matched,331294,460.7705146036161,719,Collins Street (North),Col254_T,-37.81564191,144.965499,Outdoor,A,239585,91709,27.682058835958397,False,372956.0,-11.170754727099174,372154.6666666667,,,720,99.86111111111111,,False,
2025-07-01,53,Matched,388119,522.3674293405114,743,Collins Street (North),Col254_T,-37.81564191,144.965499,Outdoor,A,293178,94941,24.461827429216296,False,331294.0,17.15243861947394,364123.0,,,744,99.86559139784946,,False,
2025-08-01,53,Matched,393336,530.8178137651822,741,Collins Street (North),Col254_T,-37.81564191,144.965499,Outdoor,A,270393,122943,31.256483006894868,False,388119.0,1.3441753688945917,370916.3333333333,,,744,99.59677419354838,,False,
2025-09-01,53,Matched,386992,537.4888888888889,720,Collins Street (North),Col254_T,-37.81564191,144.965499,Outdoor,A,296137,90855,23.477229503452268,False,393336.0,-1.6128704212174834,389482.3333333333,,,720,100.0,,False,
2025-10-01,53,Matched,423653,570.192462987887,743,Collins Street (North),Col254_T,-37.81564191,144.965499,Outdoor,A,326741,96912,22.87532485312272,False,386992.0,9.473322445942035,401327.0,352153.0,20.303674823159252,744,99.86559139784946,78.62903225806451,False,
2025-11-01,53,Matched,417328,579.6222222222223,720,Collins Street (North),Col254_T,-37.81564191,144.965499,Outdoor,A,292883,124445,29.819470536364683,False,423653.0,-1.4929671216774105,409324.3333333333,433138.0,-3.650106894338525,720,100.0,100.0,True,-3.650106894338525
2025-12-01,53,Matched,501774,675.3351278600269,743,Collins Street (North),Col254_T,-37.81564191,144.965499,Outdoor,A,377355,124419,24.795824414975662,False,417328.0,20.23492313000805,447585.0,323068.0,55.3152896603811,744,99.86559139784946,70.56451612903226,False,
2026-01-01,53,Matched,432069,582.3032345013477,742,Collins Street (North),Col254_T,-37.81564191,144.965499,Outdoor,A,312477,119592,27.678912395936763,False,501774.0,-13.891712205096319,450390.3333333333,395037.0,9.374311773327562,744,99.73118279569893,100.0,True,9.374311773327562
2026-02-01,53,Matched,426221,634.2574404761905,672,Collins Street (North),Col254_T,-37.81564191,144.965499,Outdoor,A,317882,108339,25.418503546282327,False,432069.0,-1.3534875216689926,453354.6666666667,377679.0,12.852713547748222,672,100.0,100.0,True,12.852713547748222
2026-03-01,53,Matched,468710,629.986559139785,744,Collins Street (North),Col254_T,-37.81564191,144.965499,Outdoor,A,345134,123576,26.36512982441168,False,426221.0,9.968772068950145,442333.3333333333,418831.0,11.909099374210601,744,100.0,100.0,True,11.909099374210601
2026-04-01,53,Matched,489203,679.4486111111111,720,Collins Street (North),Col254_T,-37.81564191,144.965499,Outdoor,A,363547,125656,25.68586047101101,False,468710.0,4.372213095517484,461378.0,412214.0,18.67694935155041,720,100.0,100.0,True,18.67694935155041
2026-05-01,53,Matched,467734,628.6747311827957,744,Collins Street (North),Col254_T,-37.81564191,144.965499,Outdoor,A,326479,141255,30.199857183783944,False,489203.0,-4.388566709525493,475215.6666666667,372956.0,25.412649213312026,744,100.0,99.86559139784946,True,25.412649213312026
2026-06-01,53,Matched,418685,581.5069444444445,720,Collins Street (North),Col254_T,-37.81564191,144.965499,Outdoor,A,316302,102383,24.45346740389553,False,467734.0,-10.486515840199772,458540.6666666667,331294.0,26.378684793567043,720,100.0,99.86111111111111,True,26.378684793567043
2026-07-01,53,Matched,473710,637.563930013459,743,Collins Street (North),Col254_T,-37.81564191,144.965499,Outdoor,A,361872,111838,23.608959067784088,False,418685.0,13.142338512246676,453376.3333333333,388119.0,22.052772474421506,744,99.86559139784946,99.86559139784946,True,22.052772474421506
2026-08-01,53,Matched,457819,616.1763122476447,743,Collins Street (North),Col254_T,-37.81564191,144.965499,Outdoor,A,318065,139754,30.52603758253808,False,473710.0,-3.354584028202909,450071.3333333333,393336.0,16.39387190595318,744,99.86559139784946,99.59677419354838,True,16.39387190595318
2024-10-01,54,Matched,149934,202.06738544474396,742,Lincoln-Swanston (West),Swa607_T,-37.804024,144.96308399,Outdoor,A,121087,28847,19.239798844825057,False,,,,,,744,99.73118279569893,,False,
2024-11-01,54,Matched,100509,139.78998609179416,719,Lincoln-Swanston (West),Swa607_T,-37.804024,144.96308399,Outdoor,A,74591,25918,25.7867454655802,False,149934.0,-32.96450438192805,,,,720,99.86111111111111,,False,
2024-12-01,54,Matched,68575,92.17069892473118,744,Lincoln-Swanston (West),Swa607_T,-37.804024,144.96308399,Outdoor,A,50906,17669,25.765949690120305,False,100509.0,-31.772279099384136,106339.33333333333,,,744,100.0,,False,
2025-01-01,54,Matched,66108,93.9034090909091,704,Lincoln-Swanston (West),Swa607_T,-37.804024,144.96308399,Outdoor,A,51211,14897,22.53433775034792,False,68575.0,-3.5975209624498725,78397.33333333333,,,744,94.6236559139785,,False,
2025-02-01,54,Matched,91032,138.13657056145675,659,Lincoln-Swanston (West),Swa607_T,-37.804024,144.96308399,Outdoor,A,71712,19320,21.22330609016609,False,66108.0,37.70194227627518,75238.33333333333,,,672,98.06547619047619,,False,
2025-03-01,54,Matched,171997,231.8018867924528,742,Lincoln-Swanston (West),Swa607_T,-37.804024,144.96308399,Outdoor,A,138325,33672,19.57708564684268,False,91032.0,88.94125142806925,109712.33333333333,,,744,99.73118279569893,,False,
2025-04-01,54,Matched,150019,208.35972222222225,720,Lincoln-Swanston (West),Swa607_T,-37.804024,144.96308399,Outdoor,A,122298,27721,18.4783260786967,False,171997.0,-12.778129851102054,137682.66666666666,,,720,100.0,,False,
2025-05-01,54,Matched,167629,225.30779569892476,744,Lincoln-Swanston (West),Swa607_T,-37.804024,144.96308399,Outdoor,A,133870,33759,20.139116739943567,False,150019.0,11.738513121671255,163215.0,,,744,100.0,,False,
2025-06-01,54,Matched,111057,154.89121338912133,717,Lincoln-Swanston (West),Swa607_T,-37.804024,144.96308399,Outdoor,A,82123,28934,26.05328795123225,False,167629.0,-33.7483371015755,142901.66666666666,,,720,99.58333333333333,,False,
2025-07-01,54,Matched,123376,165.8279569892473,744,Lincoln-Swanston (West),Swa607_T,-37.804024,144.96308399,Outdoor,A,99780,23596,19.12527558033977,False,111057.0,11.092502048497618,134020.66666666666,,,744,100.0,,False,
2025-08-01,54,Matched,183721,246.93682795698925,744,Lincoln-Swanston (West),Swa607_T,-37.804024,144.96308399,Outdoor,A,141049,42672,23.22652282537108,False,123376.0,48.91145765789132,139384.66666666666,,,744,100.0,,False,
2025-09-01,54,Matched,154021,213.91805555555555,720,Lincoln-Swanston (West),Swa607_T,-37.804024,144.96308399,Outdoor,A,125186,28835,18.721473045883357,False,183721.0,-16.165816645892413,153706.0,,,720,100.0,,False,
2025-10-01,54,Matched,163109,219.52759084791387,743,Lincoln-Swanston (West),Swa607_T,-37.804024,144.96308399,Outdoor,A,132329,30780,18.870816447896804,False,154021.0,5.900494088468456,166950.33333333334,149934.0,8.787199701201862,744,99.86559139784946,99.73118279569893,True,8.787199701201862
2025-11-01,54,Matched,110578,153.58055555555555,720,Lincoln-Swanston (West),Swa607_T,-37.804024,144.96308399,Outdoor,A,81031,29547,26.720504982907997,False,163109.0,-32.206070787019726,142569.33333333334,100509.0,10.018008337561811,720,100.0,99.86111111111111,True,10.018008337561811
2025-12-01,54,Matched,75236,103.9171270718232,724,Lincoln-Swanston (West),Swa607_T,-37.804024,144.96308399,Outdoor,A,61415,13821,18.370195119357756,False,110578.0,-31.961149595760457,116307.66666666667,68575.0,9.7134524243529,744,97.31182795698925,100.0,True,9.7134524243529
2026-01-01,54,Matched,71496,99.43810848400555,719,Lincoln-Swanston (West),Swa607_T,-37.804024,144.96308399,Outdoor,A,54018,17478,24.446122860020143,False,75236.0,-4.971024509543303,85770.0,66108.0,8.150299509892903,744,96.63978494623656,94.6236559139785,True,8.150299509892903
2026-02-01,54,Matched,97289,144.77529761904762,672,Lincoln-Swanston (West),Swa607_T,-37.804024,144.96308399,Outdoor,A,76220,21069,21.656096783809065,False,71496.0,36.07614411995076,81340.33333333333,91032.0,6.873407153528429,672,100.0,98.06547619047619,True,6.873407153528429
2026-03-01,54,Matched,164053,220.79811574697172,743,Lincoln-Swanston (West),Swa607_T,-37.804024,144.96308399,Outdoor,A,133254,30799,18.77381090257417,False,97289.0,68.62440769254489,110946.0,171997.0,-4.61868520962575,744,99.86559139784946,99.73118279569893,True,-4.61868520962575
2026-04-01,54,Matched,121157,172.58831908831908,702,Lincoln-Swanston (West),Swa607_T,-37.804024,144.96308399,Outdoor,A,99055,22102,18.242445752205818,False,164053.0,-26.147647406630785,127499.66666666667,150019.0,-19.238896406455183,720,97.5,100.0,True,-19.238896406455183
2026-05-01,54,Matched,124734,167.65322580645162,744,Lincoln-Swanston (West),Swa607_T,-37.804024,144.96308399,Outdoor,A,96046,28688,22.999342601055044,False,121157.0,2.952367589161171,136648.0,167629.0,-25.589247683873317,744,100.0,100.0,True,-25.589247683873317
2026-06-01,54,Matched,94999,136.492816091954,696,Lincoln-Swanston (West),Swa607_T,-37.804024,144.96308399,Outdoor,A,72025,22974,24.18341245697323,False,124734.0,-23.838728814918145,113630.0,111057.0,-14.459241650683882,720,96.66666666666667,99.58333333333333,True,-14.459241650683882
2026-07-01,54,Matched,102003,140.30674002751033,727,Lincoln-Swanston (West),Swa607_T,-37.804024,144.96308399,Outdoor,A,81965,20038,19.64452025920806,False,94999.0,7.372709186412489,107245.33333333333,123376.0,-17.323466476462198,744,97.71505376344086,100.0,True,-17.323466476462198
2026-08-01,54,Matched,142437,192.22267206477733,741,Lincoln-Swanston (West),Swa607_T,-37.804024,144.96308399,Outdoor,A,107934,34503,24.2233408454264,False,102003.0,39.64001058792388,113146.33333333333,183721.0,-22.471029441381223,744,99.59677419354838,100.0,True,-22.471029441381223
2024-10-01,56,Matched,302940,407.7254374158816,743,Lonsdale St - Elizabeth St (North),Lon364_T,-37.81234775,144.96153311,Outdoor,A,217284,85656,28.274905921964745,False,,,,,,744,99.86559139784946,,False,
2024-11-01,56,Matched,263079,389.17011834319527,676,Lonsdale St - Elizabeth St (North),Lon364_T,-37.81234775,144.96153311,Outdoor,A,174055,89024,33.8392650116505,False,302940.0,-13.158051099227569,,,,720,93.88888888888889,,False,
2024-12-01,56,Matched,284062,381.8037634408602,744,Lonsdale St - Elizabeth St (North),Lon364_T,-37.81234775,144.96153311,Outdoor,A,196724,87338,30.746104723616675,False,263079.0,7.9759311841690135,283360.3333333333,,,744,100.0,,False,
2025-01-01,56,Matched,265760,357.2043010752688,744,Lonsdale St - Elizabeth St (North),Lon364_T,-37.81234775,144.96153311,Outdoor,A,195440,70320,26.459963877182417,False,284062.0,-6.4429596355725165,270967.0,,,744,100.0,,False,
2025-02-01,56,Matched,262925,391.84053651266765,671,Lonsdale St - Elizabeth St (North),Lon364_T,-37.81234775,144.96153311,Outdoor,A,183034,79891,30.38547114196064,False,265760.0,-1.066751956652619,270915.6666666667,,,672,99.85119047619048,,False,
2025-03-01,56,Matched,305620,410.7795698924731,744,Lonsdale St - Elizabeth St (North),Lon364_T,-37.81234775,144.96153311,Outdoor,A,200275,105345,34.46927557097049,False,262925.0,16.238471046876484,278101.6666666667,,,744,100.0,,False,
2025-04-01,56,Matched,292747,406.5930555555556,720,Lonsdale St - Elizabeth St (North),Lon364_T,-37.81234775,144.96153311,Outdoor,A,208361,84386,28.82557293499165,False,305620.0,-4.212093449381585,287097.3333333333,,,720,100.0,,False,
2025-05-01,56,Matched,311646,421.7131258457375,739,Lonsdale St - Elizabeth St (North),Lon364_T,-37.81234775,144.96153311,Outdoor,A,212142,99504,31.928534298531027,False,292747.0,6.455745063143261,303337.6666666667,,,744,99.32795698924731,,False,
2025-06-01,56,Matched,297726,426.54154727793696,698,Lonsdale St - Elizabeth St (North),Lon364_T,-37.81234775,144.96153311,Outdoor,A,195372,102354,34.37858971000181,False,311646.0,-4.466606341810901,300706.3333333333,,,720,96.94444444444444,,False,
2025-07-01,56,Matched,326531,451.63347164591977,723,Lonsdale St - Elizabeth St (North),Lon364_T,-37.81234775,144.96153311,Outdoor,A,233056,93475,28.62668475581185,False,297726.0,9.675003190853335,311967.6666666667,,,744,97.17741935483872,,False,
2025-08-01,56,Matched,338138,456.3265856950068,741,Lonsdale St - Elizabeth St (North),Lon364_T,-37.81234775,144.96153311,Outdoor,A,218409,119729,35.408324411926486,False,326531.0,3.5546395288655592,320798.3333333333,,,744,99.59677419354838,,False,
2025-09-01,56,Matched,302174,424.4016853932585,712,Lonsdale St - Elizabeth St (North),Lon364_T,-37.81234775,144.96153311,Outdoor,A,216671,85503,28.29594869181333,False,338138.0,-10.635894220702792,322281.0,,,720,98.88888888888889,,False,
2025-10-01,56,Matched,329667,459.1462395543176,718,Lonsdale St - Elizabeth St (North),Lon364_T,-37.81234775,144.96153311,Outdoor,A,241371,88296,26.78339051224417,False,302174.0,9.098400259453163,323326.3333333333,302940.0,8.822539116656763,744,96.50537634408603,99.86559139784946,True,8.822539116656763
2025-11-01,56,Matched,310362,438.98444130127297,707,Lonsdale St - Elizabeth St (North),Lon364_T,-37.81234775,144.96153311,Outdoor,A,203115,107247,34.555454598178905,False,329667.0,-5.855909144682362,314067.6666666667,263079.0,17.972928283899513,720,98.19444444444444,93.88888888888889,True,17.972928283899513
2025-12-01,56,Matched,335572,470.6479663394109,713,Lonsdale St - Elizabeth St (North),Lon364_T,-37.81234775,144.96153311,Outdoor,A,243604,91968,27.406339027094035,False,310362.0,8.122772762129385,325200.3333333333,284062.0,18.13336525124797,744,95.83333333333334,100.0,True,18.13336525124797
2026-01-01,56,Matched,317317,428.2280701754386,741,Lonsdale St - Elizabeth St (North),Lon364_T,-37.81234775,144.96153311,Outdoor,A,217104,100213,31.581352401541672,False,335572.0,-5.439965193758717,321083.6666666667,265760.0,19.399834437086092,744,99.59677419354838,100.0,True,19.399834437086092
2026-02-01,56,Matched,308546,459.1458333333333,672,Lonsdale St - Elizabeth St (North),Lon364_T,-37.81234775,144.96153311,Outdoor,A,208860,99686,32.30831059226177,False,317317.0,-2.7641128587500825,320478.3333333333,262925.0,17.351335932300085,672,100.0,99.85119047619048,True,17.351335932300085
2026-03-01,56,Matched,360037,486.53648648648647,740,Lonsdale St - Elizabeth St (North),Lon364_T,-37.81234775,144.96153311,Outdoor,A,237056,122981,34.15787821807203,False,308546.0,16.688273385491954,328633.3333333333,305620.0,17.80544466985145,744,99.46236559139786,100.0,True,17.80544466985145
2026-04-01,56,Matched,349726,493.2665726375176,709,Lonsdale St - Elizabeth St (North),Lon364_T,-37.81234775,144.96153311,Outdoor,A,252028,97698,27.935583857076686,False,360037.0,-2.8638723242333426,339436.3333333333,292747.0,19.46356410142546,720,98.47222222222223,100.0,True,19.46356410142546
2026-05-01,56,Matched,342732,460.6612903225807,744,Lonsdale St - Elizabeth St (North),Lon364_T,-37.81234775,144.96153311,Outdoor,A,223768,118964,34.71050266680672,False,349726.0,-1.999851312170099,350831.6666666667,311646.0,9.974779076259601,744,100.0,99.32795698924731,True,9.974779076259601
2026-06-01,56,Matched,310250,430.90277777777777,720,Lonsdale St - Elizabeth St (North),Lon364_T,-37.81234775,144.96153311,Outdoor,A,218864,91386,29.455600322320706,False,342732.0,-9.477375908873405,334236.0,297726.0,4.2065523333534856,720,100.0,96.94444444444444,True,4.2065523333534856
2026-07-01,56,Matched,337645,461.89466484268127,731,Lonsdale St - Elizabeth St (North),Lon364_T,-37.81234775,144.96153311,Outdoor,A,250059,87586,25.940262701950275,False,310250.0,8.829975825946818,330209.0,326531.0,3.403658458155581,744,98.25268817204301,97.17741935483872,True,3.403658458155581
2026-08-01,56,Matched,348090,470.3918918918919,740,Lonsdale St - Elizabeth St (North),Lon364_T,-37.81234775,144.96153311,Outdoor,A,220401,127689,36.68275446005344,False,337645.0,3.093485761672763,331995.0,338138.0,2.9431770460581186,744,99.46236559139786,99.59677419354838,True,2.9431770460581186
2024-10-01,58,Matched,546431,735.4387617765814,743,Bourke St - Spencer St (North),Bou688_T,-37.81686075,144.95358075,Outdoor,A,437970,108461,19.8489836777196,False,,,,,,744,99.86559139784946,,False,
2024-11-01,58,Matched,519201,721.1125,720,Bourke St - Spencer St (North),Bou688_T,-37.81686075,144.95358075,Outdoor,A,387485,131716,25.368980414136335,False,546431.0,-4.983245826096982,,,,720,100.0,,False,
2024-12-01,58,Matched,474763,638.122311827957,744,Bourke St - Spencer St (North),Bou688_T,-37.81686075,144.95358075,Outdoor,A,364572,110191,23.209685674747192,False,519201.0,-8.558920341062517,513465.0,,,744,100.0,,False,
2025-01-01,58,Matched,447274,601.1747311827957,744,Bourke St - Spencer St (North),Bou688_T,-37.81686075,144.95358075,Outdoor,A,359143,88131,19.70402929747761,False,474763.0,-5.790046823362394,480412.6666666667,,,744,100.0,,False,
2025-02-01,58,Matched,455588,677.9583333333334,672,Bourke St - Spencer St (North),Bou688_T,-37.81686075,144.95358075,Outdoor,A,358820,96768,21.240243377788705,False,447274.0,1.858815848897991,459208.3333333333,,,672,100.0,,False,
2025-03-01,58,Matched,540457,726.4206989247311,744,Bourke St - Spencer St (North),Bou688_T,-37.81686075,144.95358075,Outdoor,A,393851,146606,27.12630237003129,False,455588.0,18.62845377841383,481106.3333333333,,,744,100.0,,False,
2025-04-01,58,Matched,498231,691.9875,720,Bourke St - Spencer St (North),Bou688_T,-37.81686075,144.95358075,Outdoor,A,385587,112644,22.608789898661463,False,540457.0,-7.813017501854912,498092.0,,,720,100.0,,False,
2025-05-01,58,Matched,524086,704.4166666666666,744,Bourke St - Spencer St (North),Bou688_T,-37.81686075,144.95358075,Outdoor,A,397968,126118,24.064371114664382,False,498231.0,5.189359955522639,520924.6666666667,,,744,100.0,,False,
2025-06-01,58,Matched,467677,649.5513888888889,720,Bourke St - Spencer St (North),Bou688_T,-37.81686075,144.95358075,Outdoor,A,351946,115731,24.745925072218647,False,524086.0,-10.763309838461627,496664.6666666667,,,720,100.0,,False,
2025-07-01,58,Matched,551006,740.5994623655914,744,Bourke St - Spencer St (North),Bou688_T,-37.81686075,144.95358075,Outdoor,A,431898,119108,21.61646152673474,False,467677.0,17.817639097069133,514256.3333333333,,,744,100.0,,False,
2025-08-01,58,Matched,521455,700.880376344086,744,Bourke St - Spencer St (North),Bou688_T,-37.81686075,144.95358075,Outdoor,A,380322,141133,27.0652309403496,False,551006.0,-5.363099494379372,513379.3333333333,,,744,100.0,,False,
2025-09-01,58,Matched,465468,647.3824756606398,719,Bourke St - Spencer St (North),Bou688_T,-37.81686075,144.95358075,Outdoor,A,375714,89754,19.28252855190905,False,521455.0,-10.736688688381548,512643.0,,,720,99.86111111111111,,False,
2025-10-01,58,Matched,522392,703.0847913862718,743,Bourke St - Spencer St (North),Bou688_T,-37.81686075,144.95358075,Outdoor,A,420755,101637,19.45607895986156,False,465468.0,12.229412118555947,503105.0,546431.0,-4.3992745653156575,744,99.86559139784946,99.86559139784946,True,-4.3992745653156575
2025-11-01,58,Matched,508479,706.2208333333333,720,Bourke St - Spencer St (North),Bou688_T,-37.81686075,144.95358075,Outdoor,A,365564,142915,28.106372141229038,False,522392.0,-2.6633256252009985,498779.6666666667,519201.0,-2.0650961766252376,720,100.0,100.0,True,-2.0650961766252376
2025-12-01,58,Matched,498449,669.9583333333334,744,Bourke St - Spencer St (North),Bou688_T,-37.81686075,144.95358075,Outdoor,A,389462,108987,21.865225930837457,False,508479.0,-1.972549505485969,509773.3333333333,474763.0,4.989015571980125,744,100.0,100.0,True,4.989015571980125
2026-01-01,58,Matched,414417,557.0120967741935,744,Bourke St - Spencer St (North),Bou688_T,-37.81686075,144.95358075,Outdoor,A,314622,99795,24.080817147945183,False,498449.0,-16.85869567398069,473781.6666666667,447274.0,-7.346056332360029,744,100.0,100.0,True,-7.346056332360029
2026-02-01,58,Matched,380139,577.7188449848024,658,Bourke St - Spencer St (North),Bou688_T,-37.81686075,144.95358075,Outdoor,A,290920,89219,23.47009909533092,False,414417.0,-8.27137882857122,431001.6666666667,455588.0,-16.560796157932167,672,97.91666666666666,100.0,True,-16.560796157932167
2026-03-01,58,Matched,486019,653.2513440860215,744,Bourke St - Spencer St (North),Bou688_T,-37.81686075,144.95358075,Outdoor,A,360042,125977,25.920180075264547,False,380139.0,27.852969571656683,426858.3333333333,540457.0,-10.07258671827731,744,100.0,100.0,True,-10.07258671827731
2026-04-01,58,Matched,492438,683.9416666666667,720,Bourke St - Spencer St (North),Bou688_T,-37.81686075,144.95358075,Outdoor,A,373180,119258,24.21787108224792,False,486019.0,1.3207302595166033,452865.3333333333,498231.0,-1.16271368100339,720,100.0,100.0,True,-1.16271368100339
2026-05-01,58,Matched,486135,653.4072580645161,744,Bourke St - Spencer St (North),Bou688_T,-37.81686075,144.95358075,Outdoor,A,340687,145448,29.91926111059685,False,492438.0,-1.2799580860940871,488197.3333333333,524086.0,-7.241368782985999,744,100.0,100.0,True,-7.241368782985999
2026-06-01,58,Matched,437734,607.9638888888888,720,Bourke St - Spencer St (North),Bou688_T,-37.81686075,144.95358075,Outdoor,A,336859,100875,23.044817172072538,False,486135.0,-9.956287862425047,472102.3333333333,467677.0,-6.40249573958095,720,100.0,100.0,True,-6.40249573958095
2026-07-01,58,Matched,495214,676.5218579234972,732,Bourke St - Spencer St (North),Bou688_T,-37.81686075,144.95358075,Outdoor,A,373293,121921,24.61986131248309,False,437734.0,13.13126236481516,473027.6666666667,551006.0,-10.125479577354875,744,98.38709677419355,100.0,True,-10.125479577354875
2026-08-01,58,Matched,486116,657.8024357239512,739,Bourke St - Spencer St (North),Bou688_T,-37.81686075,144.95358075,Outdoor,A,335388,150728,31.00659101942746,False,495214.0,-1.8371855399887727,473021.3333333333,521455.0,-6.776998974024605,744,99.32795698924731,100.0,True,-6.776998974024605
2024-10-01,59,Matched,439285,591.2314939434724,743,Building 80 RMIT,RMIT_T,-37.80825648,144.96304859,Outdoor,A,377784,61501,14.00025040691123,False,,,,,,744,99.86559139784946,,False,
2024-11-01,59,Matched,254699,353.7486111111112,720,Building 80 RMIT,RMIT_T,-37.80825648,144.96304859,Outdoor,A,196172,58527,22.978888806002377,False,439285.0,-42.01964556039928,,,,720,100.0,,False,
2024-12-01,59,Matched,221046,297.10483870967744,744,Building 80 RMIT,RMIT_T,-37.80825648,144.96304859,Outdoor,A,163199,57847,26.169666042362223,False,254699.0,-13.212851247943652,305010.0,,,744,100.0,,False,
2025-01-01,59,Matched,245408,329.8494623655914,744,Building 80 RMIT,RMIT_T,-37.80825648,144.96304859,Outdoor,A,190930,54478,22.19895031946799,False,221046.0,11.02123539896673,240384.33333333334,,,744,100.0,,False,
2025-02-01,59,Matched,232377,345.7991071428572,672,Building 80 RMIT,RMIT_T,-37.80825648,144.96304859,Outdoor,A,196589,35788,15.40083571093525,False,245408.0,-5.309932846524971,232943.66666666666,,,672,100.0,,False,
2025-03-01,59,Matched,583103,783.7405913978495,744,Building 80 RMIT,RMIT_T,-37.80825648,144.96304859,Outdoor,A,533195,49908,8.55903673964977,False,232377.0,150.9297391738425,353629.3333333333,,,744,100.0,,False,
2025-04-01,59,Matched,482668,670.3722222222223,720,Building 80 RMIT,RMIT_T,-37.80825648,144.96304859,Outdoor,A,426853,55815,11.563849271134613,False,583103.0,-17.224229681548543,432716.0,,,720,100.0,,False,
2025-05-01,59,Matched,560681,753.6034946236559,744,Building 80 RMIT,RMIT_T,-37.80825648,144.96304859,Outdoor,A,488466,72215,12.87987286888623,False,482668.0,16.162869715829515,542150.6666666666,,,744,100.0,,False,
2025-06-01,59,Matched,396466,550.6472222222222,720,Building 80 RMIT,RMIT_T,-37.80825648,144.96304859,Outdoor,A,303462,93004,23.45825367118492,False,560681.0,-29.28849024668216,479938.3333333333,,,720,100.0,,False,
2025-07-01,59,Matched,618704,831.5913978494624,744,Building 80 RMIT,RMIT_T,-37.80825648,144.96304859,Outdoor,A,521539,97165,15.704601877472912,False,396466.0,56.0547436602382,525283.6666666666,,,744,100.0,,False,
2025-08-01,59,Matched,844501,1135.081989247312,744,Building 80 RMIT,RMIT_T,-37.80825648,144.96304859,Outdoor,A,663829,180672,21.393935590366382,False,618704.0,36.49515761979881,619890.3333333334,,,744,100.0,,False,
2025-09-01,59,Matched,638948,887.4277777777778,720,Building 80 RMIT,RMIT_T,-37.80825648,144.96304859,Outdoor,A,532037,106911,16.732347546279197,False,844501.0,-24.340172480553605,700717.6666666666,,,720,100.0,,False,
2025-10-01,59,Matched,690589,929.4602960969044,743,Building 80 RMIT,RMIT_T,-37.80825648,144.96304859,Outdoor,A,574235,116354,16.84851626654928,False,638948.0,8.082191352034908,724679.3333333334,439285.0,57.20750765448399,744,99.86559139784946,99.86559139784946,True,57.20750765448399
2025-11-01,59,Matched,435858,605.3583333333333,720,Building 80 RMIT,RMIT_T,-37.80825648,144.96304859,Outdoor,A,317885,117973,27.066842870843256,False,690589.0,-36.88604944474933,588465.0,254699.0,71.1267024998135,720,100.0,100.0,True,71.1267024998135
2025-12-01,59,Matched,381730,513.0779569892474,744,Building 80 RMIT,RMIT_T,-37.80825648,144.96304859,Outdoor,A,295600,86130,22.56306813716501,False,435858.0,-12.41872352922282,502725.6666666667,221046.0,72.69256172923284,744,100.0,100.0,True,72.69256172923284
2026-01-01,59,Matched,361306,485.6263440860215,744,Building 80 RMIT,RMIT_T,-37.80825648,144.96304859,Outdoor,A,268292,93014,25.74382933026299,False,381730.0,-5.350378539805622,392964.6666666667,245408.0,47.22665927761116,744,100.0,100.0,True,47.22665927761116
2026-02-01,59,Matched,495703,737.6532738095239,672,Building 80 RMIT,RMIT_T,-37.80825648,144.96304859,Outdoor,A,396576,99127,19.997256421687982,False,361306.0,37.19755553464377,412913.0,232377.0,113.31844373582582,672,100.0,100.0,True,113.31844373582582
2026-03-01,59,Matched,1007236,1353.8118279569892,744,Building 80 RMIT,RMIT_T,-37.80825648,144.96304859,Outdoor,A,860307,146929,14.587345964600154,False,495703.0,103.19344446170389,621415.0,583103.0,72.73723510254621,744,100.0,100.0,True,72.73723510254621
2026-04-01,59,Matched,757480,1052.0555555555557,720,Building 80 RMIT,RMIT_T,-37.80825648,144.96304859,Outdoor,A,638811,118669,15.66628821883086,False,1007236.0,-24.796174878578604,753473.0,482668.0,56.93603056345148,720,100.0,100.0,True,56.93603056345148
2026-05-01,59,Matched,762436,1027.5417789757412,742,Building 80 RMIT,RMIT_T,-37.80825648,144.96304859,Outdoor,A,627793,134643,17.659580607421475,False,757480.0,0.6542747003221207,842384.0,560681.0,35.98391955496976,744,99.73118279569893,100.0,True,35.98391955496976
2026-06-01,59,Matched,481566,668.8416666666667,720,Building 80 RMIT,RMIT_T,-37.80825648,144.96304859,Outdoor,A,384034,97532,20.25309095741809,False,762436.0,-36.83850185458189,667160.6666666666,396466.0,21.464640095241457,720,100.0,100.0,True,21.464640095241457
2026-07-01,59,Matched,668527,898.5577956989247,744,Building 80 RMIT,RMIT_T,-37.80825648,144.96304859,Outdoor,A,568779,99748,14.920564165695628,False,481566.0,38.82354651283521,637509.6666666666,618704.0,8.052800693061625,744,100.0,100.0,True,8.052800693061625
2026-08-01,59,Matched,836761,1124.6787634408602,744,Building 80 RMIT,RMIT_T,-37.80825648,144.96304859,Outdoor,A,662905,173856,20.777258978370167,False,668527.0,25.16487740958854,662284.6666666666,844501.0,-0.916517564810462,744,100.0,100.0,True,-0.916517564810462
2024-10-01,61,Matched,506645,681.8909825033647,743,RMIT Building 14,RMIT14_T,-37.80767455,144.96309114,Outdoor,A,399297,107348,21.18801132943185,False,,,,,,744,99.86559139784946,,False,
2024-11-01,61,Matched,421994,586.1027777777778,720,RMIT Building 14,RMIT14_T,-37.80767455,144.96309114,Outdoor,A,313581,108413,25.690649630089528,False,506645.0,-16.708148703727463,,,,720,100.0,,False,
2024-12-01,61,Matched,336180,451.85483870967744,744,RMIT Building 14,RMIT14_T,-37.80767455,144.96309114,Outdoor,A,246532,89648,26.666666666666668,False,421994.0,-20.33536021839173,421606.3333333333,,,744,100.0,,False,
2025-01-01,61,Matched,278967,374.9556451612903,744,RMIT Building 14,RMIT14_T,-37.80767455,144.96309114,Outdoor,A,215396,63571,22.78800001433861,False,336180.0,-17.01856148491879,345713.6666666667,,,744,100.0,,False,
2025-02-01,61,Matched,482429,717.9002976190476,672,RMIT Building 14,RMIT14_T,-37.80767455,144.96309114,Outdoor,A,383414,99015,20.524263674032863,False,278967.0,72.93407463965272,365858.6666666667,,,672,100.0,,False,
2025-03-01,61,Matched,690731,928.40188172043,744,RMIT Building 14,RMIT14_T,-37.80767455,144.96309114,Outdoor,A,532379,158352,22.925277713031555,False,482429.0,43.177752581208836,484042.3333333333,,,744,100.0,,False,
2025-04-01,61,Matched,460873,640.1013888888889,720,RMIT Building 14,RMIT14_T,-37.80767455,144.96309114,Outdoor,A,367320,93553,20.29908456342637,False,690731.0,-33.27749876580029,544677.6666666666,,,720,100.0,,False,
2025-05-01,61,Matched,455740,612.5537634408602,744,RMIT Building 14,RMIT14_T,-37.80767455,144.96309114,Outdoor,A,360739,95001,20.845438188440777,False,460873.0,-1.1137558503101723,535781.3333333334,,,744,100.0,,False,
2025-06-01,61,Matched,234026,325.0361111111111,720,RMIT Building 14,RMIT14_T,-37.80767455,144.96309114,Outdoor,A,178281,55745,23.82000290566005,False,455740.0,-48.64922982402247,383546.3333333333,,,720,100.0,,False,
2025-07-01,61,Matched,315066,423.4758064516129,744,RMIT Building 14,RMIT14_T,-37.80767455,144.96309114,Outdoor,A,260597,54469,17.288123758196694,False,234026.0,34.62863100681121,334944.0,,,744,100.0,,False,
2025-08-01,61,Matched,418269,562.1895161290323,744,RMIT Building 14,RMIT14_T,-37.80767455,144.96309114,Outdoor,A,312075,106194,25.38892435250999,False,315066.0,32.75599398221325,322453.6666666667,,,744,100.0,,False,
2025-09-01,61,Matched,357606,496.675,720,RMIT Building 14,RMIT14_T,-37.80767455,144.96309114,Outdoor,A,289565,68041,19.02680603793001,False,418269.0,-14.503345932880515,363647.0,,,720,100.0,,False,
2025-10-01,61,Matched,420670,566.1776581426649,743,RMIT Building 14,RMIT14_T,-37.80767455,144.96309114,Outdoor,A,342402,78268,18.605557800651344,False,357606.0,17.635050866036924,398848.3333333333,506645.0,-16.969475668367398,744,99.86559139784946,99.86559139784946,True,-16.969475668367398
2025-11-01,61,Matched,278619,388.0487465181059,718,RMIT Building 14,RMIT14_T,-37.80767455,144.96309114,Outdoor,A,203620,74999,26.918121161873383,False,420670.0,-33.76779898732973,352298.3333333333,421994.0,-33.97560154883719,720,99.72222222222223,100.0,True,-33.97560154883719
2025-12-01,61,Matched,251404,337.90860215053766,744,RMIT Building 14,RMIT14_T,-37.80767455,144.96309114,Outdoor,A,192570,58834,23.40217339421807,False,278619.0,-9.767819136526942,316897.6666666667,336180.0,-25.217443036468556,744,100.0,100.0,True,-25.217443036468556
2026-01-01,61,Matched,233020,313.1989247311828,744,RMIT Building 14,RMIT14_T,-37.80767455,144.96309114,Outdoor,A,170284,62736,26.9230109003519,False,251404.0,-7.31253281570699,254347.66666666666,278967.0,-16.470406894005386,744,100.0,100.0,True,-16.470406894005386
2026-02-01,61,Matched,318596,474.1011904761905,672,RMIT Building 14,RMIT14_T,-37.80767455,144.96309114,Outdoor,A,252583,66013,20.7199713744052,False,233020.0,36.72474465711098,267673.3333333333,482429.0,-33.96002313293769,672,100.0,100.0,True,-33.96002313293769
2026-03-01,61,Matched,487104,654.7096774193549,744,RMIT Building 14,RMIT14_T,-37.80767455,144.96309114,Outdoor,A,394060,93044,19.10146498489029,False,318596.0,52.890808421951306,346240.0,690731.0,-29.479927786649217,744,100.0,100.0,True,-29.479927786649217
2026-04-01,61,Matched,395726,549.6194444444444,720,RMIT Building 14,RMIT14_T,-37.80767455,144.96309114,Outdoor,A,321428,74298,18.775112072494604,False,487104.0,-18.75944356851925,400475.3333333333,460873.0,-14.135564461359204,720,100.0,100.0,True,-14.135564461359204
2026-05-01,61,Matched,391031,529.8523035230352,738,RMIT Building 14,RMIT14_T,-37.80767455,144.96309114,Outdoor,A,306709,84322,21.56401922098248,False,395726.0,-1.186426972197935,424620.3333333333,455740.0,-14.198665905999034,744,99.19354838709677,100.0,True,-14.198665905999034
2026-06-01,61,Matched,287550,399.375,720,RMIT Building 14,RMIT14_T,-37.80767455,144.96309114,Outdoor,A,223724,63826,22.196487567379585,False,391031.0,-26.463630760732528,358102.3333333333,234026.0,22.87096305538701,720,100.0,100.0,True,22.87096305538701
2026-07-01,61,Matched,371185,499.5760430686407,743,RMIT Building 14,RMIT14_T,-37.80767455,144.96309114,Outdoor,A,304641,66544,17.927448576855205,False,287550.0,29.085376456268474,349922.0,315066.0,17.811823554429864,744,99.86559139784946,100.0,True,17.811823554429864
2026-08-01,61,Matched,441838,593.8682795698925,744,RMIT Building 14,RMIT14_T,-37.80767455,144.96309114,Outdoor,A,333825,108013,24.44629026928422,False,371185.0,19.034443740991687,366857.6666666667,418269.0,5.634890465226924,744,100.0,100.0,True,5.634890465226924
2024-10-01,62,Matched,212797,286.40242261103634,743,La Trobe St (North),Lat224_T,-37.80996494,144.96216521,Outdoor,A,161940,50857,23.899303091678924,False,,,,,,744,99.86559139784946,,False,
2024-11-01,62,Matched,229561,318.83472222222224,720,La Trobe St (North),Lat224_T,-37.80996494,144.96216521,Outdoor,A,161560,68001,29.62219192284404,False,212797.0,7.877930609924013,,,,720,100.0,,False,
2024-12-01,62,Matched,159672,214.6129032258065,744,La Trobe St (North),Lat224_T,-37.80996494,144.96216521,Outdoor,A,114610,45062,28.221604288792022,False,229561.0,-30.444631274476063,200676.66666666666,,,744,100.0,,False,
2025-01-01,62,Matched,153827,206.75672043010752,744,La Trobe St (North),Lat224_T,-37.80996494,144.96216521,Outdoor,A,116020,37807,24.5776099124341,False,159672.0,-3.660629290044591,181020.0,,,744,100.0,,False,
2025-02-01,62,Matched,181923,270.71875,672,La Trobe St (North),Lat224_T,-37.80996494,144.96216521,Outdoor,A,133238,48685,26.761322097810613,False,153827.0,18.264673951907014,165140.66666666666,,,672,100.0,,False,
2025-03-01,62,Matched,238654,320.77150537634407,744,La Trobe St (North),Lat224_T,-37.80996494,144.96216521,Outdoor,A,167131,71523,29.96932798109397,False,181923.0,31.184072382271623,191468.0,,,744,100.0,,False,
2025-04-01,62,Matched,211501,293.75138888888887,720,La Trobe St (North),Lat224_T,-37.80996494,144.96216521,Outdoor,A,157216,54285,25.666545311842498,False,238654.0,-11.37755914420039,210692.66666666666,,,720,100.0,,False,
2025-05-01,62,Matched,165641,222.63575268817203,744,La Trobe St (North),Lat224_T,-37.80996494,144.96216521,Outdoor,A,116726,48915,29.53073212550033,False,211501.0,-21.683112609396645,205265.33333333334,,,744,100.0,,False,
2025-06-01,62,Matched,170848,237.2888888888889,720,La Trobe St (North),Lat224_T,-37.80996494,144.96216521,Outdoor,A,118665,52183,30.543524068177565,False,165641.0,3.1435453782577985,182663.33333333334,,,720,100.0,,False,
2025-07-01,62,Matched,218066,293.0994623655914,744,La Trobe St (North),Lat224_T,-37.80996494,144.96216521,Outdoor,A,160355,57711,26.464923463538565,False,170848.0,27.637432103390147,184851.66666666666,,,744,100.0,,False,
2025-08-01,62,Matched,250163,336.24059139784947,744,La Trobe St (North),Lat224_T,-37.80996494,144.96216521,Outdoor,A,167108,83055,33.20035336960302,False,218066.0,14.718938303082554,213025.66666666666,,,744,100.0,,False,
2025-09-01,62,Matched,221376,307.46666666666664,720,La Trobe St (North),Lat224_T,-37.80996494,144.96216521,Outdoor,A,164376,57000,25.74804856895057,False,250163.0,-11.507297242198087,229868.33333333334,,,720,100.0,,False,
2025-10-01,62,Matched,236095,317.7590847913863,743,La Trobe St (North),Lat224_T,-37.80996494,144.96216521,Outdoor,A,175436,60659,25.692623731972297,False,221376.0,6.648868892743567,235878.0,212797.0,10.948462619303843,744,99.86559139784946,99.86559139784946,True,10.948462619303843
2025-11-01,62,Matched,192214,266.9638888888889,720,La Trobe St (North),Lat224_T,-37.80996494,144.96216521,Outdoor,A,128348,63866,33.22650795467552,False,236095.0,-18.58616234990152,216561.66666666666,229561.0,-16.268878424471055,720,100.0,100.0,True,-16.268878424471055
2025-12-01,62,Matched,199995,268.81048387096774,744,La Trobe St (North),Lat224_T,-37.80996494,144.96216521,Outdoor,A,146149,53846,26.923673091827293,False,192214.0,4.048092230534717,209434.66666666666,159672.0,25.253644972192994,744,100.0,100.0,True,25.253644972192994
2026-01-01,62,Matched,182973,245.93145161290323,744,La Trobe St (North),Lat224_T,-37.80996494,144.96216521,Outdoor,A,125292,57681,31.524323260808973,False,199995.0,-8.511212780319507,191727.33333333334,153827.0,18.947258933737253,744,100.0,100.0,True,18.947258933737253
2026-02-01,62,Matched,205370,305.61011904761904,672,La Trobe St (North),Lat224_T,-37.80996494,144.96216521,Outdoor,A,145375,59995,29.21312752592881,False,182973.0,12.240603804932968,196112.66666666666,181923.0,12.88841982597033,672,100.0,100.0,True,12.88841982597033
2026-03-01,62,Matched,312715,420.31586021505376,744,La Trobe St (North),Lat224_T,-37.80996494,144.96216521,Outdoor,A,224961,87754,28.06197336232672,False,205370.0,52.269075327457756,233686.0,238654.0,31.032792243163744,744,100.0,100.0,True,31.032792243163744
2026-04-01,62,Matched,250211,347.5152777777778,720,La Trobe St (North),Lat224_T,-37.80996494,144.96216521,Outdoor,A,179925,70286,28.090691456410788,False,312715.0,-19.98752858033673,256098.66666666666,211501.0,18.30251393610432,720,100.0,100.0,True,18.30251393610432
2026-05-01,62,Matched,226506,304.4435483870968,744,La Trobe St (North),Lat224_T,-37.80996494,144.96216521,Outdoor,A,148892,77614,34.26575896444245,False,250211.0,-9.474003940674072,263144.0,165641.0,36.74512952710983,744,100.0,100.0,True,36.74512952710983
2026-06-01,62,Matched,177196,246.10555555555555,720,La Trobe St (North),Lat224_T,-37.80996494,144.96216521,Outdoor,A,127011,50185,28.32174541186031,False,226506.0,-21.76984274147263,217971.0,170848.0,3.7155834425922456,720,100.0,100.0,True,3.7155834425922456
2026-07-01,62,Matched,191919,257.9556451612903,744,La Trobe St (North),Lat224_T,-37.80996494,144.96216521,Outdoor,A,139446,52473,27.34122207806418,False,177196.0,8.30887830425066,198540.33333333334,218066.0,-11.990406574156449,744,100.0,100.0,True,-11.990406574156449
2026-08-01,62,Matched,227415,305.6653225806452,744,La Trobe St (North),Lat224_T,-37.80996494,144.96216521,Outdoor,A,148900,78515,34.52498735791394,False,191919.0,18.495302705829022,198843.33333333334,250163.0,-9.093271187185954,744,100.0,100.0,True,-9.093271187185954
2024-10-01,63,Matched,307789,414.2516823687752,743,231 Bourke St,Bou231_T,-37.81333081,144.96675571,Outdoor,A,235487,72302,23.490768026147784,False,,,,,,744,99.86559139784946,,False,
2024-11-01,63,Matched,289698,402.35833333333335,720,231 Bourke St,Bou231_T,-37.81333081,144.96675571,Outdoor,A,203772,85926,29.66054304827786,False,307789.0,-5.877727923999883,,,,720,100.0,,False,
2024-12-01,63,Matched,308992,416.4312668463612,742,231 Bourke St,Bou231_T,-37.81333081,144.96675571,Outdoor,A,216017,92975,30.0897757870754,False,289698.0,6.660039075174836,302159.6666666667,,,744,99.73118279569893,,False,
2025-01-01,63,Matched,278940,375.9299191374663,742,231 Bourke St,Bou231_T,-37.81333081,144.96675571,Outdoor,A,211590,67350,24.144977414497745,False,308992.0,-9.725818144159073,292543.3333333333,,,744,99.73118279569893,,False,
2025-02-01,63,Matched,258892,386.4059701492537,670,231 Bourke St,Bou231_T,-37.81333081,144.96675571,Outdoor,A,187610,71282,27.53348886794493,False,278940.0,-7.187208718720872,282274.6666666667,,,672,99.70238095238095,,False,
2025-03-01,63,Matched,292953,394.28398384925976,743,231 Bourke St,Bou231_T,-37.81333081,144.96675571,Outdoor,A,195999,96954,33.09541120930661,False,258892.0,13.156451338782194,276928.3333333333,,,744,99.86559139784946,,False,
2025-04-01,63,Matched,296107,413.5572625698324,716,231 Bourke St,Bou231_T,-37.81333081,144.96675571,Outdoor,A,210065,86042,29.05773926317176,False,292953.0,1.0766232125972426,282650.6666666667,,,720,99.44444444444444,,False,
2025-05-01,63,Matched,252366,341.49661705006764,739,231 Bourke St,Bou231_T,-37.81333081,144.96675571,Outdoor,A,179995,72371,28.67700086382477,False,296107.0,-14.772024977457473,280475.3333333333,,,744,99.32795698924731,,False,
2025-06-01,63,Matched,223045,311.95104895104896,715,231 Bourke St,Bou231_T,-37.81333081,144.96675571,Outdoor,A,156839,66206,29.68279943509157,False,252366.0,-11.618443054928159,257172.66666666666,,,720,99.30555555555556,,False,
2025-07-01,63,Matched,260057,354.78444747612554,733,231 Bourke St,Bou231_T,-37.81333081,144.96675571,Outdoor,A,192980,67077,25.79319149263431,False,223045.0,16.59396085991616,245156.0,,,744,98.52150537634408,,False,
2025-08-01,63,Matched,274805,371.8606224627876,739,231 Bourke St,Bou231_T,-37.81333081,144.96675571,Outdoor,A,178141,96664,35.17548807336111,False,260057.0,5.6710644204924305,252635.66666666666,,,744,99.32795698924731,,False,
2025-09-01,63,Matched,282589,392.4847222222222,720,231 Bourke St,Bou231_T,-37.81333081,144.96675571,Outdoor,A,208147,74442,26.342851278712192,False,274805.0,2.83255399283128,272483.6666666667,,,720,100.0,,False,
2025-10-01,63,Matched,361470,487.15633423180594,742,231 Bourke St,Bou231_T,-37.81333081,144.96675571,Outdoor,A,268579,92891,25.69812155918887,False,282589.0,27.91368383058081,306288.0,307789.0,17.44084421470553,744,99.73118279569893,99.86559139784946,True,17.44084421470553
2025-11-01,63,Matched,375741,521.8625,720,231 Bourke St,Bou231_T,-37.81333081,144.96675571,Outdoor,A,248446,127295,33.87838963541376,False,361470.0,3.9480454809527763,339933.3333333333,289698.0,29.700929933931196,720,100.0,100.0,True,29.700929933931196
2025-12-01,63,Matched,419592,567.0162162162162,740,231 Bourke St,Bou231_T,-37.81333081,144.96675571,Outdoor,A,305217,114375,27.25862266201453,False,375741.0,11.670539014906545,385601.0,308992.0,35.793806959403476,744,99.46236559139786,99.73118279569893,True,35.793806959403476
2026-01-01,63,Matched,358867,482.3481182795699,744,231 Bourke St,Bou231_T,-37.81333081,144.96675571,Outdoor,A,249526,109341,30.468390796590377,False,419592.0,-14.472392228641157,384733.3333333333,278940.0,28.653832365383238,744,100.0,99.73118279569893,True,28.653832365383238
2026-02-01,63,Matched,339715,505.5282738095238,672,231 Bourke St,Bou231_T,-37.81333081,144.96675571,Outdoor,A,234330,105385,31.02159162827665,False,358867.0,-5.336796083228606,372724.6666666667,258892.0,31.218809387698343,672,100.0,99.70238095238095,True,31.218809387698343
2026-03-01,63,Matched,376497,506.0443548387097,744,231 Bourke St,Bou231_T,-37.81333081,144.96675571,Outdoor,A,253301,123196,32.7216418723124,False,339715.0,10.827311128445903,358359.6666666667,292953.0,28.517885121504133,744,100.0,99.86559139784946,True,28.517885121504133
2026-04-01,63,Matched,410278,569.8305555555555,720,231 Bourke St,Bou231_T,-37.81333081,144.96675571,Outdoor,A,281956,128322,31.276841556213103,False,376497.0,8.972448651649282,375496.6666666667,296107.0,38.55734582431351,720,100.0,99.44444444444444,True,38.55734582431351
2026-05-01,63,Matched,357962,481.1317204301075,744,231 Bourke St,Bou231_T,-37.81333081,144.96675571,Outdoor,A,228985,128977,36.03091948307362,False,410278.0,-12.751353959997855,381579.0,252366.0,41.84240349333904,744,100.0,99.32795698924731,True,41.84240349333904
2026-06-01,63,Matched,318508,442.3722222222222,720,231 Bourke St,Bou231_T,-37.81333081,144.96675571,Outdoor,A,226075,92433,29.02062114609366,False,357962.0,-11.0218403070717,362249.3333333333,223045.0,42.79988343159452,720,100.0,99.30555555555556,True,42.79988343159452
2026-07-01,63,Matched,366606,492.75,744,231 Bourke St,Bou231_T,-37.81333081,144.96675571,Outdoor,A,264982,101624,27.72022280049972,False,318508.0,15.101033569015534,347692.0,260057.0,40.97140242331489,744,100.0,98.52150537634408,True,40.97140242331489
2026-08-01,63,Matched,351623,473.24764468371467,743,231 Bourke St,Bou231_T,-37.81333081,144.96675571,Outdoor,A,223122,128501,36.54510654877525,False,366606.0,-4.086948931550493,345579.0,274805.0,27.953639853714453,744,99.86559139784946,99.32795698924731,True,27.953639853714453
2024-10-01,65,Unmatched,283029,898.504761904762,315,,,,,,,196412,86617,30.60357772525077,False,,,,,,744,42.33870967741936,,False,
2024-10-01,66,Matched,930981,1253.0026917900404,743,"QV2 Apartments, 300 Swanston Street",QVN_T,-37.81057846,144.96444294,Outdoor,A,674181,256800,27.583806758677134,False,,,,,,744,99.86559139784946,,False,
2024-11-01,66,Matched,850368,1181.0666666666666,720,"QV2 Apartments, 300 Swanston Street",QVN_T,-37.81057846,144.96444294,Outdoor,A,587750,262618,30.88286483028524,False,930981.0,-8.65893074079922,,,,720,100.0,,False,
2024-12-01,66,Matched,877263,1179.116935483871,744,"QV2 Apartments, 300 Swanston Street",QVN_T,-37.81057846,144.96444294,Outdoor,A,608850,268413,30.596639776213063,False,850368.0,3.162748363061639,886204.0,,,744,100.0,,False,
2025-01-01,66,Matched,757723,1018.4448924731184,744,"QV2 Apartments, 300 Swanston Street",QVN_T,-37.81057846,144.96444294,Outdoor,A,558468,199255,26.29654900273583,False,877263.0,-13.62647233497822,828451.3333333334,,,744,100.0,,False,
2025-02-01,66,Matched,794284,1181.970238095238,672,"QV2 Apartments, 300 Swanston Street",QVN_T,-37.81057846,144.96444294,Outdoor,A,560705,233579,29.40749152696013,False,757723.0,4.825114190805875,809756.6666666666,,,672,100.0,,False,
2025-03-01,66,Matched,1039659,1397.391129032258,744,"QV2 Apartments, 300 Swanston Street",QVN_T,-37.81057846,144.96444294,Outdoor,A,704039,335620,32.281738531576224,False,794284.0,30.892602645904994,863888.6666666666,,,744,100.0,,False,
2025-04-01,66,Matched,982805,1365.0069444444443,720,"QV2 Apartments, 300 Swanston Street",QVN_T,-37.81057846,144.96444294,Outdoor,A,710804,272001,27.675988624396496,False,1039659.0,-5.468523814058264,938916.0,,,720,100.0,,False,
2025-05-01,66,Matched,959052,1289.048387096774,744,"QV2 Apartments, 300 Swanston Street",QVN_T,-37.81057846,144.96444294,Outdoor,A,668513,290539,30.29439488161226,False,982805.0,-2.416857871093452,993838.6666666666,,,744,100.0,,False,
2025-06-01,66,Matched,772571,1073.0152777777778,720,"QV2 Apartments, 300 Swanston Street",QVN_T,-37.81057846,144.96444294,Outdoor,A,524641,247930,32.09154886735329,False,959052.0,-19.444305418267206,904809.3333333334,,,720,100.0,,False,
2025-07-01,66,Matched,863705,1160.893817204301,744,"QV2 Apartments, 300 Swanston Street",QVN_T,-37.81057846,144.96444294,Outdoor,A,627973,235732,27.29311512611366,False,772571.0,11.796197372150909,865109.3333333334,,,744,100.0,,False,
2025-08-01,66,Matched,948688,1275.1182795698924,744,"QV2 Apartments, 300 Swanston Street",QVN_T,-37.81057846,144.96444294,Outdoor,A,618564,330124,34.7979525407721,False,863705.0,9.839354872323305,861654.6666666666,,,744,100.0,,False,
2025-09-01,66,Matched,824581,1145.2513888888889,720,"QV2 Apartments, 300 Swanston Street",QVN_T,-37.81057846,144.96444294,Outdoor,A,600907,223674,27.1257766065432,False,948688.0,-13.081961614355825,878991.3333333334,,,720,100.0,,False,
2025-10-01,66,Matched,882304,1187.4885598923283,743,"QV2 Apartments, 300 Swanston Street",QVN_T,-37.81057846,144.96444294,Outdoor,A,652873,229431,26.003622334252142,False,824581.0,7.000282567752592,885191.0,930981.0,-5.228570722710775,744,99.86559139784946,99.86559139784946,True,-5.228570722710775
2025-11-01,66,Matched,807746,1121.8694444444443,720,"QV2 Apartments, 300 Swanston Street",QVN_T,-37.81057846,144.96444294,Outdoor,A,534415,273331,33.83873148242145,False,882304.0,-8.450375380821123,838210.3333333334,850368.0,-5.01218296078874,720,100.0,100.0,True,-5.01218296078874
2025-12-01,66,Matched,893828,1201.3817204301076,744,"QV2 Apartments, 300 Swanston Street",QVN_T,-37.81057846,144.96444294,Outdoor,A,650870,242958,27.181739663559437,False,807746.0,10.657062987622346,861292.6666666666,877263.0,1.8882592791443387,744,100.0,100.0,True,1.8882592791443387
2026-01-01,66,Matched,788510,1059.8252688172042,744,"QV2 Apartments, 300 Swanston Street",QVN_T,-37.81057846,144.96444294,Outdoor,A,533064,255446,32.39603809717062,False,893828.0,-11.782803850405225,830028.0,757723.0,4.063094296992436,744,100.0,100.0,True,4.063094296992436
2026-02-01,66,Matched,806645,1200.3645833333333,672,"QV2 Apartments, 300 Swanston Street",QVN_T,-37.81057846,144.96444294,Outdoor,A,557409,249236,30.89785469444427,False,788510.0,2.299907420324409,829661.0,794284.0,1.5562443659950345,672,100.0,100.0,True,1.5562443659950345
2026-03-01,66,Matched,1038014,1395.1801075268818,744,"QV2 Apartments, 300 Swanston Street",QVN_T,-37.81057846,144.96444294,Outdoor,A,713620,324394,31.25140894053452,False,806645.0,28.682877845892556,877723.0,1039659.0,-0.15822495645206747,744,100.0,100.0,True,-0.15822495645206747
2026-04-01,66,Matched,1046175,1453.0208333333333,720,"QV2 Apartments, 300 Swanston Street",QVN_T,-37.81057846,144.96444294,Outdoor,A,746050,300125,28.687839032666616,False,1038014.0,0.7862129027161484,963611.3333333334,982805.0,6.447871144326697,720,100.0,100.0,True,6.447871144326697
2026-05-01,66,Matched,894064,1293.8697539797397,691,"QV2 Apartments, 300 Swanston Street",QVN_T,-37.81057846,144.96444294,Outdoor,A,633737,260327,29.11726677284848,False,1046175.0,-14.539728056969437,992751.0,959052.0,-6.776274904801825,744,92.8763440860215,100.0,True,-6.776274904801825
2026-06-01,66,Matched,815300,1132.361111111111,720,"QV2 Apartments, 300 Swanston Street",QVN_T,-37.81057846,144.96444294,Outdoor,A,585519,229781,28.183613393842755,False,894064.0,-8.80966015855688,918513.0,772571.0,5.530753807740648,720,100.0,100.0,True,5.530753807740648
2026-07-01,66,Matched,938279,1261.127688172043,744,"QV2 Apartments, 300 Swanston Street",QVN_T,-37.81057846,144.96444294,Outdoor,A,688870,249409,26.58153917971094,False,815300.0,15.083895498589476,882547.6666666666,863705.0,8.634198018999543,744,100.0,100.0,True,8.634198018999543
2026-08-01,66,Matched,1009191,1356.4395161290322,744,"QV2 Apartments, 300 Swanston Street",QVN_T,-37.81057846,144.96444294,Outdoor,A,660853,348338,34.516558312549364,False,938279.0,7.55766674944233,920923.3333333334,948688.0,6.377544566812271,744,100.0,100.0,True,6.377544566812271
2024-10-01,67,Matched,408727,550.1036339165545,743,Flinders Ln -Degraves St (South),FLDegS_T,-37.81688755,144.96562569,Outdoor,A,316722,92005,22.510135126869525,False,,,,,,744,99.86559139784946,,False,
2024-11-01,67,Matched,359946,500.6203059805285,719,Flinders Ln -Degraves St (South),FLDegS_T,-37.81688755,144.96562569,Outdoor,A,263544,96402,26.782350685936223,False,408727.0,-11.93486116649989,,,,720,99.86111111111111,,False,
2024-12-01,67,Matched,360234,484.1854838709677,744,Flinders Ln -Degraves St (South),FLDegS_T,-37.81688755,144.96562569,Outdoor,A,260643,99591,27.64619663885141,False,359946.0,0.08001200180027004,376302.3333333333,,,744,100.0,,False,
2025-01-01,67,Matched,354330,476.25,744,Flinders Ln -Degraves St (South),FLDegS_T,-37.81688755,144.96562569,Outdoor,A,269898,84432,23.82863432393531,False,360234.0,-1.6389346924499077,358170.0,,,744,100.0,,False,
2025-02-01,67,Matched,347130,516.5625,672,Flinders Ln -Degraves St (South),FLDegS_T,-37.81688755,144.96562569,Outdoor,A,266490,80640,23.23049001814882,False,354330.0,-2.0320040640081283,353898.0,,,672,100.0,,False,
2025-03-01,67,Matched,378803,509.14381720430106,744,Flinders Ln -Degraves St (South),FLDegS_T,-37.81688755,144.96562569,Outdoor,A,271405,107398,28.35194019054759,False,347130.0,9.124247400109468,360087.6666666667,,,744,100.0,,False,
2025-04-01,67,Matched,358631,498.0986111111111,720,Flinders Ln -Degraves St (South),FLDegS_T,-37.81688755,144.96562569,Outdoor,A,268970,89661,25.00090622394606,False,378803.0,-5.325195418198906,361521.3333333333,,,720,100.0,,False,
2025-05-01,67,Matched,387702,521.1048387096774,744,Flinders Ln -Degraves St (South),FLDegS_T,-37.81688755,144.96562569,Outdoor,A,287486,100216,25.848718861393543,False,358631.0,8.106103487986259,375045.3333333333,,,744,100.0,,False,
2025-06-01,67,Matched,315968,438.8444444444444,720,Flinders Ln -Degraves St (South),FLDegS_T,-37.81688755,144.96562569,Outdoor,A,227778,88190,27.911054283978125,False,387702.0,-18.502354901444924,354100.3333333333,,,720,100.0,,False,
2025-07-01,67,Matched,351348,473.5148247978437,742,Flinders Ln -Degraves St (South),FLDegS_T,-37.81688755,144.96562569,Outdoor,A,266140,85208,24.251739016587543,False,315968.0,11.197336439133077,351672.6666666667,,,744,99.73118279569893,,False,
2025-08-01,67,Matched,366317,493.0242261103634,743,Flinders Ln -Degraves St (South),FLDegS_T,-37.81688755,144.96562569,Outdoor,A,253799,112518,30.716019185568783,False,351348.0,4.260448330430229,344544.3333333333,,,744,99.86559139784946,,False,
2025-09-01,67,Matched,341822,474.7527777777778,720,Flinders Ln -Degraves St (South),FLDegS_T,-37.81688755,144.96562569,Outdoor,A,260677,81145,23.738963554130518,False,366317.0,-6.686831350988352,353162.3333333333,,,720,100.0,,False,
2025-10-01,67,Matched,378778,511.1713900134953,741,Flinders Ln -Degraves St (South),FLDegS_T,-37.81688755,144.96562569,Outdoor,A,300998,77780,20.534455538600447,False,341822.0,10.81147497820503,362305.6666666667,408727.0,-7.3273847825076395,744,99.59677419354838,99.86559139784946,True,-7.3273847825076395
2025-11-01,67,Matched,354149,491.87361111111113,720,Flinders Ln -Degraves St (South),FLDegS_T,-37.81688755,144.96562569,Outdoor,A,252132,102017,28.80623692287709,False,378778.0,-6.502225578043075,358249.6666666667,359946.0,-1.61051935568113,720,100.0,99.86111111111111,True,-1.61051935568113
2025-12-01,67,Matched,396121,533.1372812920592,743,Flinders Ln -Degraves St (South),FLDegS_T,-37.81688755,144.96562569,Outdoor,A,298276,97845,24.700785870983864,False,354149.0,11.851508828205077,376349.3333333333,360234.0,9.962135722891231,744,99.86559139784946,100.0,True,9.962135722891231
2026-01-01,67,Matched,360175,488.70420624151967,737,Flinders Ln -Degraves St (South),FLDegS_T,-37.81688755,144.96562569,Outdoor,A,253475,106700,29.62448809606441,False,396121.0,-9.074499963395024,370148.3333333333,354330.0,1.6495921880732651,744,99.05913978494624,100.0,True,1.6495921880732651
2026-02-01,67,Matched,372205,553.8764880952381,672,Flinders Ln -Degraves St (South),FLDegS_T,-37.81688755,144.96562569,Outdoor,A,280551,91654,24.624602033825447,False,360175.0,3.340043034635941,376167.0,347130.0,7.22351856653127,672,100.0,100.0,True,7.22351856653127
2026-03-01,67,Matched,411650,553.2930107526881,744,Flinders Ln -Degraves St (South),FLDegS_T,-37.81688755,144.96562569,Outdoor,A,303689,107961,26.22640592736548,False,372205.0,10.597654518343386,381343.3333333333,378803.0,8.671261843227217,744,100.0,100.0,True,8.671261843227217
2026-04-01,67,Matched,410980,570.8055555555555,720,Flinders Ln -Degraves St (South),FLDegS_T,-37.81688755,144.96562569,Outdoor,A,304612,106368,25.881551413694098,False,411650.0,-0.16275962589578527,398278.3333333333,358631.0,14.59689764688496,720,100.0,100.0,True,14.59689764688496
2026-05-01,67,Matched,386470,519.4489247311828,744,Flinders Ln -Degraves St (South),FLDegS_T,-37.81688755,144.96562569,Outdoor,A,274067,112403,29.084534375242583,False,410980.0,-5.963793858581926,403033.3333333333,387702.0,-0.3177698335319395,744,100.0,100.0,True,-0.3177698335319395
2026-06-01,67,Matched,348048,484.0723226703755,719,Flinders Ln -Degraves St (South),FLDegS_T,-37.81688755,144.96562569,Outdoor,A,265937,82111,23.591860892750425,False,386470.0,-9.941780733304007,381832.6666666667,315968.0,10.152926878671257,720,99.86111111111111,100.0,True,10.152926878671257
2026-07-01,67,Matched,380332,511.1989247311828,744,Flinders Ln -Degraves St (South),FLDegS_T,-37.81688755,144.96562569,Outdoor,A,291426,88906,23.37589264116614,False,348048.0,9.275732082931091,371616.6666666667,351348.0,8.24937099400025,744,100.0,99.73118279569893,True,8.24937099400025
2026-08-01,67,Matched,376501,514.3456284153006,732,Flinders Ln -Degraves St (South),FLDegS_T,-37.81688755,144.96562569,Outdoor,A,263725,112776,29.95370530224356,False,380332.0,-1.0072778519819527,368293.6666666667,366317.0,2.7801057553976474,744,98.38709677419355,99.86559139784946,True,2.7801057553976474
2024-10-01,68,Matched,155088,226.73684210526315,684,Flinders Ln -Degraves St (North),FLDegN_T,-37.8168479,144.96559789,Outdoor,A,117943,37145,23.95091818838337,False,,,,,,744,91.93548387096774,,False,
2024-11-01,68,Matched,146537,221.68986384266265,661,Flinders Ln -Degraves St (North),FLDegN_T,-37.8168479,144.96559789,Outdoor,A,106444,40093,27.36032537857333,False,155088.0,-5.513643866707933,,,,720,91.80555555555556,,False,
2024-12-01,68,Matched,176880,254.50359712230212,695,Flinders Ln -Degraves St (North),FLDegN_T,-37.8168479,144.96559789,Outdoor,A,123785,53095,30.017526006331973,False,146537.0,20.706715710025456,159501.66666666666,,,744,93.41397849462365,,False,
2025-01-01,68,Matched,223719,316.88243626062325,706,Flinders Ln -Degraves St (North),FLDegN_T,-37.8168479,144.96559789,Outdoor,A,173172,50547,22.59396832633795,False,176880.0,26.480664857530527,182378.66666666666,,,744,94.89247311827957,,False,
2025-02-01,68,Matched,182342,283.139751552795,644,Flinders Ln -Degraves St (North),FLDegN_T,-37.8168479,144.96559789,Outdoor,A,135380,46962,25.75490013271764,False,223719.0,-18.49507641282144,194313.66666666666,,,672,95.83333333333334,,False,
2025-03-01,68,Matched,230155,330.2080344332855,697,Flinders Ln -Degraves St (North),FLDegN_T,-37.8168479,144.96559789,Outdoor,A,157299,72856,31.655188894440705,False,182342.0,26.22160555439778,212072.0,,,744,93.68279569892472,,False,
2025-04-01,68,Matched,228855,340.5580357142857,672,Flinders Ln -Degraves St (North),FLDegN_T,-37.8168479,144.96559789,Outdoor,A,168058,60797,26.56572939197308,False,230155.0,-0.5648367404575177,213784.0,,,720,93.33333333333333,,False,
2025-05-01,68,Matched,211445,306.8867924528302,689,Flinders Ln -Degraves St (North),FLDegN_T,-37.8168479,144.96559789,Outdoor,A,150328,61117,28.90444323582965,False,228855.0,-7.607437023442791,223485.0,,,744,92.60752688172043,,False,
2025-06-01,68,Matched,182202,271.13392857142856,672,Flinders Ln -Degraves St (North),FLDegN_T,-37.8168479,144.96559789,Outdoor,A,127737,54465,29.89264662297889,False,211445.0,-13.830074014519141,207500.66666666666,,,720,93.33333333333333,,False,
2025-07-01,68,Matched,212163,306.1515151515151,693,Flinders Ln -Degraves St (North),FLDegN_T,-37.8168479,144.96559789,Outdoor,A,156928,55235,26.034228399862368,False,182202.0,16.44383705996641,201936.66666666666,,,744,93.14516129032258,,False,
2025-08-01,68,Matched,215285,308.87374461979914,697,Flinders Ln -Degraves St (North),FLDegN_T,-37.8168479,144.96559789,Outdoor,A,145990,69295,32.18756532038925,False,212163.0,1.471510112507836,203216.66666666666,,,744,93.68279569892472,,False,
2025-09-01,68,Matched,201913,304.5444947209653,663,Flinders Ln -Degraves St (North),FLDegN_T,-37.8168479,144.96559789,Outdoor,A,151067,50846,25.18213289882276,False,215285.0,-6.211301298279025,209787.0,,,720,92.08333333333333,,False,
2025-10-01,68,Matched,233419,333.4557142857143,700,Flinders Ln -Degraves St (North),FLDegN_T,-37.8168479,144.96559789,Outdoor,A,180258,53161,22.7749240635938,False,201913.0,15.603750130006489,216872.33333333334,155088.0,50.50745383266274,744,94.08602150537635,91.93548387096774,True,50.50745383266274
2025-11-01,68,Matched,228460,334.00584795321635,684,Flinders Ln -Degraves St (North),FLDegN_T,-37.8168479,144.96559789,Outdoor,A,156781,71679,31.374857743149786,False,233419.0,-2.12450571718669,221264.0,146537.0,55.90601691040488,720,95.0,91.80555555555556,True,55.90601691040488
2025-12-01,68,Matched,261764,366.6162464985994,714,Flinders Ln -Degraves St (North),FLDegN_T,-37.8168479,144.96559789,Outdoor,A,191598,70166,26.805061047355636,False,228460.0,14.577606583209315,241214.33333333334,176880.0,47.98959746720941,744,95.96774193548387,93.41397849462365,True,47.98959746720941
2026-01-01,68,Matched,243860,344.92220650636494,707,Flinders Ln -Degraves St (North),FLDegN_T,-37.8168479,144.96559789,Outdoor,A,168386,75474,30.949725252193883,False,261764.0,-6.839748781345029,244694.66666666666,223719.0,9.002811562719303,744,95.02688172043011,94.89247311827957,True,9.002811562719303
2026-02-01,68,Matched,229763,350.78320610687024,655,Flinders Ln -Degraves St (North),FLDegN_T,-37.8168479,144.96559789,Outdoor,A,170291,59472,25.884063143325942,False,243860.0,-5.78077585499877,245129.0,182342.0,26.00662491362385,672,97.47023809523809,95.83333333333334,True,26.00662491362385
2026-03-01,68,Matched,258505,360.536959553696,717,Flinders Ln -Degraves St (North),FLDegN_T,-37.8168479,144.96559789,Outdoor,A,185393,73112,28.28262509429218,False,229763.0,12.509411872233562,244042.66666666666,230155.0,12.317785839977406,744,96.37096774193549,93.68279569892472,True,12.317785839977406
2026-04-01,68,Matched,267702,390.8058394160584,685,Flinders Ln -Degraves St (North),FLDegN_T,-37.8168479,144.96559789,Outdoor,A,196616,71086,26.554153499039977,False,258505.0,3.5577648401384887,251990.0,228855.0,16.97450350658714,720,95.13888888888889,93.33333333333333,True,16.97450350658714
2026-05-01,68,Matched,233212,323.9055555555556,720,Flinders Ln -Degraves St (North),FLDegN_T,-37.8168479,144.96559789,Outdoor,A,162220,70992,30.44097216266745,False,267702.0,-12.883728922458554,253139.66666666666,211445.0,10.29440279978245,744,96.7741935483871,92.60752688172043,True,10.29440279978245
2026-06-01,68,Matched,204604,289.8073654390935,706,Flinders Ln -Degraves St (North),FLDegN_T,-37.8168479,144.96559789,Outdoor,A,151890,52714,25.763914683974896,False,233212.0,-12.266950242697632,235172.66666666666,182202.0,12.295144949012634,720,98.05555555555556,93.33333333333333,True,12.295144949012634
2026-07-01,68,Matched,234315,327.7132867132867,715,Flinders Ln -Degraves St (North),FLDegN_T,-37.8168479,144.96559789,Outdoor,A,175567,58748,25.07223182468045,False,204604.0,14.521221481495964,224043.66666666666,212163.0,10.441028831605887,744,96.10215053763442,93.14516129032258,True,10.441028831605887
2026-08-01,68,Matched,230230,319.3203883495146,721,Flinders Ln -Degraves St (North),FLDegN_T,-37.8168479,144.96559789,Outdoor,A,156701,73529,31.937193241541067,False,234315.0,-1.7433796385207947,223049.66666666666,215285.0,6.941960656803772,744,96.90860215053763,93.68279569892472,True,6.941960656803772
2024-10-01,69,Matched,148155,212.256446991404,698,Flinders Ln -Degraves St (Crossing),FLDegC_T,-37.81687226,144.96559144,Outdoor,A,110081,38074,25.69876143228376,False,,,,,,744,93.81720430107528,,False,
2024-11-01,69,Matched,141844,208.90132547864508,679,Flinders Ln -Degraves St (Crossing),FLDegC_T,-37.81687226,144.96559144,Outdoor,A,100512,41332,29.13905417218917,False,148155.0,-4.2597279875805745,,,,720,94.30555555555556,,False,
2024-12-01,69,Matched,156968,219.843137254902,714,Flinders Ln -Degraves St (Crossing),FLDegC_T,-37.81687226,144.96559144,Outdoor,A,109135,47833,30.47309005657204,False,141844.0,10.662417867516428,148989.0,,,744,95.96774193548387,,False,
2025-01-01,69,Matched,172111,234.80354706684855,733,Flinders Ln -Degraves St (Crossing),FLDegC_T,-37.81687226,144.96559144,Outdoor,A,131435,40676,23.633585302508266,False,156968.0,9.647189236022628,156974.33333333334,,,744,98.52150537634408,,False,
2025-02-01,69,Matched,140570,215.9293394777266,651,Flinders Ln -Degraves St (Crossing),FLDegC_T,-37.81687226,144.96559144,Outdoor,A,103548,37022,26.337056270897065,False,172111.0,-18.325964058078796,156549.66666666666,,,672,96.875,,False,
2025-03-01,69,Matched,158406,220.3143254520167,719,Flinders Ln -Degraves St (Crossing),FLDegC_T,-37.81687226,144.96559144,Outdoor,A,108183,50223,31.705238437937957,False,140570.0,12.688340328661877,157029.0,,,744,96.63978494623656,,False,
2025-04-01,69,Matched,144321,209.4644412191582,689,Flinders Ln -Degraves St (Crossing),FLDegC_T,-37.81687226,144.96559144,Outdoor,A,109870,34451,23.871092910941584,False,158406.0,-8.89170864739972,147765.66666666666,,,720,95.69444444444444,,False,
2025-05-01,69,Matched,147894,210.07670454545453,704,Flinders Ln -Degraves St (Crossing),FLDegC_T,-37.81687226,144.96559144,Outdoor,A,103761,44133,29.84096717919591,False,144321.0,2.475731182572183,150207.0,,,744,94.6236559139785,,False,
2025-06-01,69,Matched,135131,201.6880597014925,670,Flinders Ln -Degraves St (Crossing),FLDegC_T,-37.81687226,144.96559144,Outdoor,A,93007,42124,31.172713885044885,False,147894.0,-8.629829472460006,142448.66666666666,,,720,93.05555555555556,,False,
2025-07-01,69,Matched,153949,217.1354019746121,709,Flinders Ln -Degraves St (Crossing),FLDegC_T,-37.81687226,144.96559144,Outdoor,A,114258,39691,25.78191478996291,False,135131.0,13.925746127831513,145658.0,,,744,95.29569892473118,,False,
2025-08-01,69,Matched,165068,231.187675070028,714,Flinders Ln -Degraves St (Crossing),FLDegC_T,-37.81687226,144.96559144,Outdoor,A,110521,54547,33.04516926357623,False,153949.0,7.222521744213993,151382.66666666666,,,744,95.96774193548387,,False,
2025-09-01,69,Matched,151305,227.1846846846847,666,Flinders Ln -Degraves St (Crossing),FLDegC_T,-37.81687226,144.96559144,Outdoor,A,113050,38255,25.283368031459634,False,165068.0,-8.337775946882498,156774.0,,,720,92.5,,False,
2025-10-01,69,Matched,156938,223.55840455840456,702,Flinders Ln -Degraves St (Crossing),FLDegC_T,-37.81687226,144.96559144,Outdoor,A,119223,37715,24.03178325198486,False,151305.0,3.722943722943723,157770.33333333334,148155.0,5.928250818399649,744,94.35483870967742,93.81720430107528,True,5.928250818399649
2025-11-01,69,Matched,161078,236.18475073313783,682,Flinders Ln -Degraves St (Crossing),FLDegC_T,-37.81687226,144.96559144,Outdoor,A,110002,51076,31.708861545338284,False,156938.0,2.6379844269711605,156440.33333333334,141844.0,13.559967288006542,720,94.72222222222221,94.30555555555556,True,13.559967288006542
2025-12-01,69,Matched,194559,278.7378223495702,698,Flinders Ln -Degraves St (Crossing),FLDegC_T,-37.81687226,144.96559144,Outdoor,A,142519,52040,26.74767037248341,False,161078.0,20.78558214032953,170858.33333333334,156968.0,23.948193262320984,744,93.81720430107528,95.96774193548387,True,23.948193262320984
2026-01-01,69,Matched,192343,275.9583931133429,697,Flinders Ln -Degraves St (Crossing),FLDegC_T,-37.81687226,144.96559144,Outdoor,A,132070,60273,31.33620667245493,False,194559.0,-1.138986117321738,182660.0,172111.0,11.755204490125557,744,93.68279569892472,98.52150537634408,True,11.755204490125557
2026-02-01,69,Matched,162430,253.4009360374415,641,Flinders Ln -Degraves St (Crossing),FLDegC_T,-37.81687226,144.96559144,Outdoor,A,116786,45644,28.100720310287507,False,192343.0,-15.551904670302532,183110.66666666666,140570.0,15.550971046453723,672,95.38690476190477,96.875,True,15.550971046453723
2026-03-01,69,Matched,176332,251.1851851851852,702,Flinders Ln -Degraves St (Crossing),FLDegC_T,-37.81687226,144.96559144,Outdoor,A,123036,53296,30.224803212122588,False,162430.0,8.558763775164687,177035.0,158406.0,11.316490536974609,744,94.35483870967742,96.63978494623656,True,11.316490536974609
2026-04-01,69,Matched,200340,286.6094420600858,699,Flinders Ln -Degraves St (Crossing),FLDegC_T,-37.81687226,144.96559144,Outdoor,A,143472,56868,28.38574423480084,False,176332.0,13.615225824013791,179700.66666666666,144321.0,38.81555698754859,720,97.08333333333333,95.69444444444444,True,38.81555698754859
2026-05-01,69,Matched,177545,247.62203626220364,717,Flinders Ln -Degraves St (Crossing),FLDegC_T,-37.81687226,144.96559144,Outdoor,A,119733,57812,32.56188571911346,False,200340.0,-11.378157132874115,184739.0,147894.0,20.04881874856316,744,96.37096774193549,94.6236559139785,True,20.04881874856316
2026-06-01,69,Matched,164888,240.3615160349854,686,Flinders Ln -Degraves St (Crossing),FLDegC_T,-37.81687226,144.96559144,Outdoor,A,121180,43708,26.50769006841007,False,177545.0,-7.128896899377622,180924.33333333334,135131.0,22.020853838127447,720,95.27777777777777,93.05555555555556,True,22.020853838127447
2026-07-01,69,Matched,189426,264.1924686192469,717,Flinders Ln -Degraves St (Crossing),FLDegC_T,-37.81687226,144.96559144,Outdoor,A,140964,48462,25.583605207310505,False,164888.0,14.881616612488477,177286.33333333334,153949.0,23.0446446550481,744,96.37096774193549,95.29569892473118,True,23.0446446550481
2026-08-01,69,Matched,181489,253.47625698324023,716,Flinders Ln -Degraves St (Crossing),FLDegC_T,-37.81687226,144.96559144,Outdoor,A,121901,59588,32.832843863815434,False,189426.0,-4.190026712278145,178601.0,165068.0,9.948021421474786,744,96.23655913978494,95.96774193548387,True,9.948021421474786
2024-10-01,70,Matched,129297,179.08171745152356,722,Errol Street (East),Errol20_T,-37.80456984,144.94946228,Outdoor,A,93639,35658,27.578366087380218,False,,,,,,744,97.04301075268818,,False,
2024-11-01,70,Matched,119300,169.94301994301995,702,Errol Street (East),Errol20_T,-37.80456984,144.94946228,Outdoor,A,84981,34319,28.766974015088014,False,129297.0,-7.7318112562549794,,,,720,97.5,,False,
2024-12-01,70,Matched,113905,158.20138888888889,720,Errol Street (East),Errol20_T,-37.80456984,144.94946228,Outdoor,A,82254,31651,27.78719108028621,False,119300.0,-4.522212908633697,120834.0,,,744,96.7741935483871,,False,
2025-01-01,70,Matched,105520,147.16875871687589,717,Errol Street (East),Errol20_T,-37.80456984,144.94946228,Outdoor,A,81365,24155,22.89139499620925,False,113905.0,-7.361397655941354,112908.33333333333,,,744,96.37096774193549,,False,
2025-02-01,70,Matched,107018,166.43545878693624,643,Errol Street (East),Errol20_T,-37.80456984,144.94946228,Outdoor,A,77681,29337,27.41314545216693,False,105520.0,1.4196360879454133,108814.33333333333,,,672,95.68452380952381,,False,
2025-03-01,70,Matched,124058,173.75070028011206,714,Errol Street (East),Errol20_T,-37.80456984,144.94946228,Outdoor,A,83808,40250,32.44450176530332,False,107018.0,15.922555084191444,112198.66666666667,,,744,95.96774193548387,,False,
2025-04-01,70,Matched,122823,175.71244635193133,699,Errol Street (East),Errol20_T,-37.80456984,144.94946228,Outdoor,A,90541,32282,26.283350838198054,False,124058.0,-0.9955021038546487,117966.33333333333,,,720,97.08333333333333,,False,
2025-05-01,70,Matched,121210,167.41712707182322,724,Errol Street (East),Errol20_T,-37.80456984,144.94946228,Outdoor,A,83821,37389,30.84646481313423,False,122823.0,-1.3132719441798362,122697.0,,,744,97.31182795698925,,False,
2025-06-01,70,Matched,105349,150.9297994269341,698,Errol Street (East),Errol20_T,-37.80456984,144.94946228,Outdoor,A,73303,32046,30.418893392438463,False,121210.0,-13.085553997194951,116460.66666666667,,,720,96.94444444444444,,False,
2025-07-01,70,Matched,111410,154.73611111111111,720,Errol Street (East),Errol20_T,-37.80456984,144.94946228,Outdoor,A,82370,29040,26.065882775334348,False,105349.0,5.753258217923284,112656.33333333333,,,744,96.7741935483871,,False,
2025-08-01,70,Matched,116078,160.99583911234396,721,Errol Street (East),Errol20_T,-37.80456984,144.94946228,Outdoor,A,76871,39207,33.776426196178434,False,111410.0,4.189929090745894,110945.66666666667,,,744,96.90860215053763,,False,
2025-09-01,70,Matched,110046,157.20857142857142,700,Errol Street (East),Errol20_T,-37.80456984,144.94946228,Outdoor,A,81181,28865,26.2299402068226,False,116078.0,-5.1965057978255995,112511.33333333333,,,720,97.22222222222221,,False,
2025-10-01,70,Matched,125554,173.41712707182322,724,Errol Street (East),Errol20_T,-37.80456984,144.94946228,Outdoor,A,91001,34553,27.520429456648134,False,110046.0,14.092288679279575,117226.0,129297.0,-2.8948854188418913,744,97.31182795698925,97.04301075268818,True,-2.8948854188418913
2025-11-01,70,Matched,119650,171.41833810888252,698,Errol Street (East),Errol20_T,-37.80456984,144.94946228,Outdoor,A,79536,40114,33.52611784371082,False,125554.0,-4.702359144272584,118416.66666666667,119300.0,0.2933780385582565,720,96.94444444444444,97.5,True,0.2933780385582565
2025-12-01,70,Matched,116461,159.53561643835616,730,Errol Street (East),Errol20_T,-37.80456984,144.94946228,Outdoor,A,87437,29024,24.9216475901804,False,119650.0,-2.6652737150020895,120555.0,113905.0,2.243975242526667,744,98.11827956989248,96.7741935483871,True,2.243975242526667
2026-01-01,70,Matched,111363,152.76131687242798,729,Errol Street (East),Errol20_T,-37.80456984,144.94946228,Outdoor,A,80205,31158,27.978772123595807,False,116461.0,-4.3774310713457725,115824.66666666667,105520.0,5.537338893100834,744,97.98387096774194,96.37096774193549,True,5.537338893100834
2026-02-01,70,Matched,114315,174.79357798165137,654,Errol Street (East),Errol20_T,-37.80456984,144.94946228,Outdoor,A,80937,33378,29.19826794383939,False,111363.0,2.6507906575792677,114046.33333333333,107018.0,6.818479134351231,672,97.32142857142857,95.68452380952381,True,6.818479134351231
2026-03-01,70,Matched,126004,173.79862068965517,725,Errol Street (East),Errol20_T,-37.80456984,144.94946228,Outdoor,A,88398,37606,29.84508428303863,False,114315.0,10.22525477846302,117227.33333333333,124058.0,1.568621128826839,744,97.44623655913979,95.96774193548387,True,1.568621128826839
2026-04-01,70,Matched,124640,179.33812949640287,695,Errol Street (East),Errol20_T,-37.80456984,144.94946228,Outdoor,A,91225,33415,26.80921052631579,False,126004.0,-1.0825053172915144,121653.0,122823.0,1.4793646141195054,720,96.52777777777779,97.08333333333333,True,1.4793646141195054
2026-05-01,70,Matched,120083,169.13098591549297,710,Errol Street (East),Errol20_T,-37.80456984,144.94946228,Outdoor,A,81930,38153,31.772190901293275,False,124640.0,-3.656129653401797,123575.66666666667,121210.0,-0.9297912713472486,744,95.43010752688173,97.31182795698925,True,-0.9297912713472486
2026-06-01,70,Matched,115367,166.71531791907515,692,Errol Street (East),Errol20_T,-37.80456984,144.94946228,Outdoor,A,82946,32421,28.1024903135212,False,120083.0,-3.927283628823397,120030.0,105349.0,9.509345129047261,720,96.11111111111111,96.94444444444444,True,9.509345129047261
2026-07-01,70,Matched,118545,165.3347280334728,717,Errol Street (East),Errol20_T,-37.80456984,144.94946228,Outdoor,A,86660,31885,26.89695896073221,False,115367.0,2.754687215581579,117998.33333333333,111410.0,6.404272506956287,744,96.37096774193549,96.7741935483871,True,6.404272506956287
2026-08-01,70,Matched,118716,165.11265646731573,719,Errol Street (East),Errol20_T,-37.80456984,144.94946228,Outdoor,A,78340,40376,34.010579871289465,False,118545.0,0.1442490193597368,117542.66666666667,116078.0,2.2726097968607317,744,96.63978494623656,96.90860215053763,True,2.2726097968607317
2024-10-01,71,Matched,18701,25.83011049723757,724,Westwood Place,WestWP_T,-37.81235775,144.97136962,Outdoor,A,16258,2443,13.063472541575315,False,,,,,,744,97.31182795698925,,False,
2024-11-01,71,Matched,20276,28.76028368794326,705,Westwood Place,WestWP_T,-37.81235775,144.97136962,Outdoor,A,16651,3625,17.87827973959361,False,18701.0,8.422009518207583,,,,720,97.91666666666666,,False,
2024-12-01,71,Matched,16636,22.977900552486187,724,Westwood Place,WestWP_T,-37.81235775,144.97136962,Outdoor,A,14324,2312,13.897571531618178,False,20276.0,-17.952258828171235,18537.666666666668,,,744,97.31182795698925,,False,
2025-01-01,71,Matched,11987,16.83567415730337,712,Westwood Place,WestWP_T,-37.81235775,144.97136962,Outdoor,A,10510,1477,12.321681821973804,False,16636.0,-27.945419572012504,16299.666666666666,,,744,95.6989247311828,,False,
2025-02-01,71,Matched,12060,18.992125984251967,635,Westwood Place,WestWP_T,-37.81235775,144.97136962,Outdoor,A,10204,1856,15.38971807628524,False,11987.0,0.6089930758321516,13561.0,,,672,94.49404761904762,,False,
2025-03-01,71,Matched,15383,21.454672245467226,717,Westwood Place,WestWP_T,-37.81235775,144.97136962,Outdoor,A,12587,2796,18.17590847038939,False,12060.0,27.553897180762853,13143.333333333334,,,744,96.37096774193549,,False,
2025-04-01,71,Matched,14734,21.01854493580599,701,Westwood Place,WestWP_T,-37.81235775,144.97136962,Outdoor,A,12422,2312,15.691597665264014,False,15383.0,-4.218942989013846,14059.0,,,720,97.36111111111111,,False,
2025-05-01,71,Matched,13899,19.714893617021275,705,Westwood Place,WestWP_T,-37.81235775,144.97136962,Outdoor,A,11920,1979,14.238434419742427,False,14734.0,-5.667164381702185,14672.0,,,744,94.75806451612904,,False,
2025-06-01,71,Matched,14686,21.10057471264368,696,Westwood Place,WestWP_T,-37.81235775,144.97136962,Outdoor,A,12082,2604,17.731172545281222,False,13899.0,5.662277861716671,14439.666666666666,,,720,96.66666666666667,,False,
2025-07-01,71,Matched,17794,24.991573033707866,712,Westwood Place,WestWP_T,-37.81235775,144.97136962,Outdoor,A,14997,2797,15.718781611779251,False,14686.0,21.163012392755004,15459.666666666666,,,744,95.6989247311828,,False,
2025-08-01,71,Matched,18192,25.02338376891334,727,Westwood Place,WestWP_T,-37.81235775,144.97136962,Outdoor,A,14146,4046,22.240545294635005,False,17794.0,2.2367090030347305,16890.666666666668,,,744,97.71505376344086,,False,
2025-09-01,71,Matched,13830,20.82831325301205,664,Westwood Place,WestWP_T,-37.81235775,144.97136962,Outdoor,A,12128,1702,12.306579898770789,False,18192.0,-23.977572559366756,16605.333333333332,,,720,92.22222222222223,,False,
2025-10-01,71,Matched,15300,21.458625525946704,713,Westwood Place,WestWP_T,-37.81235775,144.97136962,Outdoor,A,13653,1647,10.764705882352942,False,13830.0,10.629067245119305,15774.0,18701.0,-18.186193251697773,744,95.83333333333334,97.31182795698925,True,-18.186193251697773
2025-11-01,71,Matched,15060,21.51428571428572,700,Westwood Place,WestWP_T,-37.81235775,144.97136962,Outdoor,A,12708,2352,15.617529880478088,False,15300.0,-1.5686274509803921,14730.0,20276.0,-25.724995068060764,720,97.22222222222221,97.91666666666666,True,-25.724995068060764
2025-12-01,71,Matched,15895,22.199720670391063,716,Westwood Place,WestWP_T,-37.81235775,144.97136962,Outdoor,A,13720,2175,13.683548285624411,False,15060.0,5.544488711819389,15418.333333333334,16636.0,-4.45419572012503,744,96.23655913978494,97.31182795698925,True,-4.45419572012503
2026-01-01,71,Matched,15457,21.497913769123784,719,Westwood Place,WestWP_T,-37.81235775,144.97136962,Outdoor,A,13224,2233,14.446529080675422,False,15895.0,-2.7555835168291916,15470.666666666666,11987.0,28.948027029281718,744,96.63978494623656,95.6989247311828,True,28.948027029281718
2026-02-01,71,Matched,16358,24.89802130898021,657,Westwood Place,WestWP_T,-37.81235775,144.97136962,Outdoor,A,14500,1858,11.358356767330967,False,15457.0,5.8290742058614216,15903.333333333334,12060.0,35.63847429519071,672,97.76785714285714,94.49404761904762,True,35.63847429519071
2026-03-01,71,Matched,18228,25.004115226337447,729,Westwood Place,WestWP_T,-37.81235775,144.97136962,Outdoor,A,15771,2457,13.47926267281106,False,16358.0,11.431715368626971,16681.0,15383.0,18.49444191640122,744,97.98387096774194,96.37096774193549,True,18.49444191640122
2026-04-01,71,Matched,16662,24.07803468208093,692,Westwood Place,WestWP_T,-37.81235775,144.97136962,Outdoor,A,14574,2088,12.531508822470292,False,18228.0,-8.591178406846609,17082.666666666668,14734.0,13.085380752002171,720,96.11111111111111,97.36111111111111,True,13.085380752002171
2026-05-01,71,Matched,17598,24.47566063977747,719,Westwood Place,WestWP_T,-37.81235775,144.97136962,Outdoor,A,14780,2818,16.013183316285943,False,16662.0,5.617572920417717,17496.0,13899.0,26.61342542628966,744,96.63978494623656,94.75806451612904,True,26.61342542628966
2026-06-01,71,Matched,16843,24.410144927536237,690,Westwood Place,WestWP_T,-37.81235775,144.97136962,Outdoor,A,14777,2066,12.266223356884163,False,17598.0,-4.290260256847369,17034.333333333332,14686.0,14.68745744246221,720,95.83333333333334,96.66666666666667,True,14.68745744246221
2026-07-01,71,Matched,19037,26.367036011080334,722,Westwood Place,WestWP_T,-37.81235775,144.97136962,Outdoor,A,16555,2482,13.037768555969953,False,16843.0,13.026182984028972,17826.0,17794.0,6.985500730583342,744,97.04301075268818,95.6989247311828,True,6.985500730583342
2026-08-01,71,Matched,18458,25.88779803646564,713,Westwood Place,WestWP_T,-37.81235775,144.97136962,Outdoor,A,15747,2711,14.687398418030122,False,19037.0,-3.041445605925303,18112.666666666668,18192.0,1.4621811785400176,744,95.83333333333334,97.71505376344086,True,1.4621811785400176
2024-10-01,72,Matched,259413,350.085020242915,741,Flinders St- ACMI,ACMI_T,-37.81726338,144.96872809,Outdoor,A,193079,66334,25.570807939463325,False,,,,,,744,99.59677419354838,,False,
2024-11-01,72,Matched,259663,360.6430555555556,720,Flinders St- ACMI,ACMI_T,-37.81726338,144.96872809,Outdoor,A,185705,73958,28.482302060747973,False,259413.0,0.09637142317462888,,,,720,100.0,,False,
2024-12-01,72,Matched,282194,379.80349932705246,743,Flinders St- ACMI,ACMI_T,-37.81726338,144.96872809,Outdoor,A,199602,82592,29.26780867063084,False,259663.0,8.677015978402776,267090.0,,,744,99.86559139784946,,False,
2025-01-01,72,Matched,247216,332.72678331090174,743,Flinders St- ACMI,ACMI_T,-37.81726338,144.96872809,Outdoor,A,190250,56966,23.043006925118117,False,282194.0,-12.395019029462,263024.3333333333,,,744,99.86559139784946,,False,
2025-02-01,72,Matched,225144,335.5350223546945,671,Flinders St- ACMI,ACMI_T,-37.81726338,144.96872809,Outdoor,A,170034,55110,24.47766762605266,False,247216.0,-8.928224710374732,251518.0,,,672,99.85119047619048,,False,
2025-03-01,72,Matched,299135,402.0631720430108,744,Flinders St- ACMI,ACMI_T,-37.81726338,144.96872809,Outdoor,A,203912,95223,31.83278452872449,False,225144.0,32.863856021035424,257165.0,,,744,100.0,,False,
2025-04-01,72,Matched,256000,356.0500695410292,719,Flinders St- ACMI,ACMI_T,-37.81726338,144.96872809,Outdoor,A,190115,65885,25.736328125000004,False,299135.0,-14.419910742641282,260093.0,,,720,99.86111111111111,,False,
2025-05-01,72,Matched,225232,303.1386271870794,743,Flinders St- ACMI,ACMI_T,-37.81726338,144.96872809,Outdoor,A,159030,66202,29.392803864459754,False,256000.0,-12.01875,260122.33333333334,,,744,99.86559139784946,,False,
2025-06-01,72,Matched,194846,278.3514285714286,700,Flinders St- ACMI,ACMI_T,-37.81726338,144.96872809,Outdoor,A,140960,53886,27.655687055418127,False,225232.0,-13.490978191376005,225359.33333333334,,,720,97.22222222222221,,False,
2025-07-01,72,Matched,219699,299.72578444747614,733,Flinders St- ACMI,ACMI_T,-37.81726338,144.96872809,Outdoor,A,161067,58632,26.68742233692461,False,194846.0,12.755201543783295,213259.0,,,744,98.52150537634408,,False,
2025-08-01,72,Matched,213995,288.7921727395412,741,Flinders St- ACMI,ACMI_T,-37.81726338,144.96872809,Outdoor,A,148120,65875,30.783429519381293,False,219699.0,-2.5962794550726223,209513.33333333334,,,744,99.59677419354838,,False,
2025-09-01,72,Matched,212025,295.29944289693594,718,Flinders St- ACMI,ACMI_T,-37.81726338,144.96872809,Outdoor,A,160353,51672,24.3707110010612,False,213995.0,-0.9205822565947803,215239.66666666666,,,720,99.72222222222223,,False,
2025-10-01,72,Matched,237367,319.90161725067384,742,Flinders St- ACMI,ACMI_T,-37.81726338,144.96872809,Outdoor,A,186017,51350,21.63316720521387,False,212025.0,11.952364108006131,221129.0,259413.0,-8.498417581231472,744,99.73118279569893,99.59677419354838,True,-8.498417581231472
2025-11-01,72,Matched,237240,329.9582753824757,719,Flinders St- ACMI,ACMI_T,-37.81726338,144.96872809,Outdoor,A,168816,68424,28.841679312089024,False,237367.0,-0.05350364625242767,228877.33333333334,259663.0,-8.635423606751829,720,99.86111111111111,100.0,True,-8.635423606751829
2025-12-01,72,Matched,273961,370.2175675675676,740,Flinders St- ACMI,ACMI_T,-37.81726338,144.96872809,Outdoor,A,204052,69909,25.517865681611617,False,237240.0,15.478418479177206,249522.66666666666,282194.0,-2.9174964740568545,744,99.46236559139786,99.86559139784946,True,-2.9174964740568545
2026-01-01,72,Matched,230028,309.5935397039031,743,Flinders St- ACMI,ACMI_T,-37.81726338,144.96872809,Outdoor,A,166384,63644,27.667936077347104,False,273961.0,-16.036224134092077,247076.33333333334,247216.0,-6.952624425603521,744,99.86559139784946,99.86559139784946,True,-6.952624425603521
2026-02-01,72,Matched,193881,295.5503048780488,656,Flinders St- ACMI,ACMI_T,-37.81726338,144.96872809,Outdoor,A,140529,53352,27.51791047085583,False,230028.0,-15.714173926652409,232623.33333333334,225144.0,-13.885779767615391,672,97.61904761904762,99.85119047619048,True,-13.885779767615391
2026-03-01,72,Matched,241698,325.300134589502,743,Flinders St- ACMI,ACMI_T,-37.81726338,144.96872809,Outdoor,A,165531,76167,31.51329344884939,False,193881.0,24.663066520185062,221869.0,299135.0,-19.201029635448876,744,99.86559139784946,100.0,True,-19.201029635448876
2026-04-01,72,Matched,241360,335.6884561891516,719,Flinders St- ACMI,ACMI_T,-37.81726338,144.96872809,Outdoor,A,171418,69942,28.978289691746767,False,241698.0,-0.1398439374756928,225646.33333333334,256000.0,-5.71875,720,99.86111111111111,99.86111111111111,True,-5.71875
2026-05-01,72,Matched,210625,283.8611859838275,742,Flinders St- ACMI,ACMI_T,-37.81726338,144.96872809,Outdoor,A,141119,69506,32.999881305637984,False,241360.0,-12.734090155783893,231227.66666666666,225232.0,-6.4853129217873136,744,99.73118279569893,99.86559139784946,True,-6.4853129217873136
2026-06-01,72,Matched,183622,257.17366946778714,714,Flinders St- ACMI,ACMI_T,-37.81726338,144.96872809,Outdoor,A,135812,47810,26.03718508675431,False,210625.0,-12.820415430267062,211869.0,194846.0,-5.76044671176211,720,99.16666666666667,97.22222222222221,True,-5.76044671176211
2026-07-01,72,Matched,180204,245.5095367847412,734,Flinders St- ACMI,ACMI_T,-37.81726338,144.96872809,Outdoor,A,129103,51101,28.357306164125102,False,183622.0,-1.8614327259260872,191483.66666666666,219699.0,-17.97686835169937,744,98.65591397849462,98.52150537634408,True,-17.97686835169937
2026-08-01,72,Matched,165338,227.7382920110193,726,Flinders St- ACMI,ACMI_T,-37.81726338,144.96872809,Outdoor,A,110070,55268,33.427282294451366,False,180204.0,-8.24953941088988,176388.0,213995.0,-22.73744713661534,744,97.58064516129032,99.59677419354838,True,-22.73744713661534
2024-10-01,75,Matched,46497,81.00522648083624,574,Spring St- Flinders st (West),SprFli_T,-37.81515276,144.97467661,Outdoor,A,35246,11251,24.19726003828204,False,,,,,,744,77.15053763440861,,False,
2024-11-01,75,Matched,39307,79.24798387096774,496,Spring St- Flinders st (West),SprFli_T,-37.81515276,144.97467661,Outdoor,A,30522,8785,22.349708703284403,False,46497.0,-15.463363227735123,,,,720,68.88888888888889,,False,
2024-12-01,75,Matched,46222,75.64975450081833,611,Spring St- Flinders st (West),SprFli_T,-37.81515276,144.97467661,Outdoor,A,34884,11338,24.52944485310025,False,39307.0,17.592286361207925,44008.666666666664,,,744,82.1236559139785,,False,
2025-01-01,75,Matched,49399,70.77220630372493,698,Spring St- Flinders st (West),SprFli_T,-37.81515276,144.97467661,Outdoor,A,38478,10921,22.107734974392194,False,46222.0,6.873350352645927,44976.0,,,744,93.81720430107528,,False,
2025-02-01,75,Matched,40948,66.04516129032258,620,Spring St- Flinders st (West),SprFli_T,-37.81515276,144.97467661,Outdoor,A,32686,8262,20.17680961219107,False,49399.0,-17.107633757768376,45523.0,,,672,92.26190476190477,,False,
2025-03-01,75,Matched,49141,72.26617647058823,680,Spring St- Flinders st (West),SprFli_T,-37.81515276,144.97467661,Outdoor,A,37494,11647,23.701186382043502,False,40948.0,20.008303213832175,46496.0,,,744,91.39784946236558,,False,
2025-04-01,75,Matched,40682,60.992503748125934,667,Spring St- Flinders st (West),SprFli_T,-37.81515276,144.97467661,Outdoor,A,31787,8895,21.864706749913967,False,49141.0,-17.213731914287457,43590.333333333336,,,720,92.63888888888889,,False,
2025-05-01,75,Matched,44002,63.67872648335745,691,Spring St- Flinders st (West),SprFli_T,-37.81515276,144.97467661,Outdoor,A,32060,11942,27.139675469296847,False,40682.0,8.160857381642987,44608.333333333336,,,744,92.8763440860215,,False,
2025-06-01,75,Matched,35731,53.25037257824143,671,Spring St- Flinders st (West),SprFli_T,-37.81515276,144.97467661,Outdoor,A,26033,9698,27.141697685483194,False,44002.0,-18.796872869415026,40138.333333333336,,,720,93.19444444444444,,False,
2025-07-01,75,Matched,45763,65.18945868945869,702,Spring St- Flinders st (West),SprFli_T,-37.81515276,144.97467661,Outdoor,A,33183,12580,27.48945654786618,False,35731.0,28.07646021661862,41832.0,,,744,94.35483870967742,,False,
2025-08-01,75,Matched,47152,67.45636623748211,699,Spring St- Flinders st (West),SprFli_T,-37.81515276,144.97467661,Outdoor,A,31715,15437,32.73880217170003,False,45763.0,3.0352031116841114,42882.0,,,744,93.95161290322581,,False,
2025-09-01,75,Matched,42536,61.825581395348834,688,Spring St- Flinders st (West),SprFli_T,-37.81515276,144.97467661,Outdoor,A,33034,9502,22.33872484483732,False,47152.0,-9.789616559212758,45150.333333333336,,,720,95.55555555555556,,False,
2025-10-01,75,Matched,51452,74.13832853025937,694,Spring St- Flinders st (West),SprFli_T,-37.81515276,144.97467661,Outdoor,A,39176,12276,23.859130840394933,False,42536.0,20.96106827158172,47046.666666666664,46497.0,10.656601501172117,744,93.27956989247312,77.15053763440861,False,
2025-11-01,75,Matched,44518,66.84384384384384,666,Spring St- Flinders st (West),SprFli_T,-37.81515276,144.97467661,Outdoor,A,33175,11343,25.47958129296015,False,51452.0,-13.476638420275208,46168.666666666664,39307.0,13.257180654845193,720,92.5,68.88888888888889,False,
2025-12-01,75,Matched,45774,66.92105263157895,684,Spring St- Flinders st (West),SprFli_T,-37.81515276,144.97467661,Outdoor,A,36239,9535,20.83060252545113,False,44518.0,2.8213306976953145,47248.0,46222.0,-0.9692354290164856,744,91.93548387096774,82.1236559139785,False,
2026-01-01,75,Matched,49427,70.509272467903,701,Spring St- Flinders st (West),SprFli_T,-37.81515276,144.97467661,Outdoor,A,37111,12316,24.917555182390192,False,45774.0,7.980512954952593,46573.0,49399.0,0.056681309338245715,744,94.22043010752688,93.81720430107528,True,0.056681309338245715
2026-02-01,75,Matched,43380,68.85714285714286,630,Spring St- Flinders st (West),SprFli_T,-37.81515276,144.97467661,Outdoor,A,32518,10862,25.03918856615952,False,49427.0,-12.234203977583103,46193.666666666664,40948.0,5.939240011722184,672,93.75,92.26190476190477,True,5.939240011722184
2026-03-01,75,Matched,42100,73.09027777777777,576,Spring St- Flinders st (West),SprFli_T,-37.81515276,144.97467661,Outdoor,A,30973,11127,26.429928741092635,False,43380.0,-2.9506685108344857,44969.0,49141.0,-14.328157750147536,744,77.41935483870968,91.39784946236558,False,
2026-04-01,75,Matched,34683,68.40828402366864,507,Spring St- Flinders st (West),SprFli_T,-37.81515276,144.97467661,Outdoor,A,26887,7796,22.477871003085085,False,42100.0,-17.617577197149643,40054.333333333336,40682.0,-14.74607934713141,720,70.41666666666667,92.63888888888889,False,
2026-05-01,75,Matched,42325,60.987031700288185,694,Spring St- Flinders st (West),SprFli_T,-37.81515276,144.97467661,Outdoor,A,30551,11774,27.818074424099237,False,34683.0,22.033849436323273,39702.666666666664,44002.0,-3.8111904004363435,744,93.27956989247312,92.8763440860215,True,-3.8111904004363435
2026-06-01,75,Matched,39929,60.31570996978852,662,Spring St- Flinders st (West),SprFli_T,-37.81515276,144.97467661,Outdoor,A,31039,8890,22.26451952215182,False,42325.0,-5.660956881275841,38979.0,35731.0,11.748901514091404,720,91.94444444444444,93.19444444444444,True,11.748901514091404
2026-07-01,75,Matched,44707,62.96760563380282,710,Spring St- Flinders st (West),SprFli_T,-37.81515276,144.97467661,Outdoor,A,33915,10792,24.13939651508712,False,39929.0,11.96624007613514,42320.333333333336,45763.0,-2.3075410265935363,744,95.43010752688173,94.35483870967742,True,-2.3075410265935363
2026-08-01,75,Matched,42825,60.57284299858557,707,Spring St- Flinders st (West),SprFli_T,-37.81515276,144.97467661,Outdoor,A,30265,12560,29.328663164039696,False,44707.0,-4.20963160131523,42487.0,47152.0,-9.176705123854767,744,95.02688172043011,93.95161290322581,True,-9.176705123854767
2024-10-01,76,Matched,47655,72.20454545454545,660,Macaulay Rd- Bellair St,KenMac_T,-37.79453803,144.93036194,Outdoor,A,36998,10657,22.362816073864234,False,,,,,,744,88.70967741935483,,False,
2024-11-01,76,Matched,44029,67.84129429892141,649,Macaulay Rd- Bellair St,KenMac_T,-37.79453803,144.93036194,Outdoor,A,32800,11229,25.503645324672377,False,47655.0,-7.608855314237751,,,,720,90.13888888888889,,False,
2024-12-01,76,Matched,42907,62.91348973607038,682,Macaulay Rd- Bellair St,KenMac_T,-37.79453803,144.93036194,Outdoor,A,32140,10767,25.093807537231687,False,44029.0,-2.548320425174317,44863.666666666664,,,744,91.66666666666666,,False,
2025-01-01,76,Matched,39420,58.2274741506647,677,Macaulay Rd- Bellair St,KenMac_T,-37.79453803,144.93036194,Outdoor,A,31363,8057,20.438863521055303,False,42907.0,-8.126879064022187,42118.666666666664,,,744,90.99462365591397,,False,
2025-02-01,76,Matched,40530,65.90243902439025,615,Macaulay Rd- Bellair St,KenMac_T,-37.79453803,144.93036194,Outdoor,A,30362,10168,25.08758943992105,False,39420.0,2.8158295281582952,40952.333333333336,,,672,91.51785714285714,,False,
2025-03-01,76,Matched,42966,62.72408759124088,685,Macaulay Rd- Bellair St,KenMac_T,-37.79453803,144.93036194,Outdoor,A,31173,11793,27.447283898896803,False,40530.0,6.010362694300518,40972.0,,,744,92.06989247311827,,False,
2025-04-01,76,Matched,41921,64.79289026275116,647,Macaulay Rd- Bellair St,KenMac_T,-37.79453803,144.93036194,Outdoor,A,31516,10405,24.8204956942821,False,42966.0,-2.4321556579621095,41805.666666666664,,,720,89.86111111111111,,False,
2025-05-01,76,Matched,45249,68.87214611872146,657,Macaulay Rd- Bellair St,KenMac_T,-37.79453803,144.93036194,Outdoor,A,32758,12491,27.60502994541316,False,41921.0,7.9387419193244435,43378.666666666664,,,744,88.30645161290323,,False,
2025-06-01,76,Matched,38340,61.54093097913323,623,Macaulay Rd- Bellair St,KenMac_T,-37.79453803,144.93036194,Outdoor,A,28400,9940,25.925925925925924,False,45249.0,-15.268845720347409,41836.666666666664,,,720,86.52777777777779,,False,
2025-07-01,76,Matched,41939,62.97147147147148,666,Macaulay Rd- Bellair St,KenMac_T,-37.79453803,144.93036194,Outdoor,A,31897,10042,23.944300054841555,False,38340.0,9.387063119457485,41842.666666666664,,,744,89.51612903225806,,False,
2025-08-01,76,Matched,43775,66.32575757575758,660,Macaulay Rd- Bellair St,KenMac_T,-37.79453803,144.93036194,Outdoor,A,30867,12908,29.487150199885782,False,41939.0,4.377786785569518,41351.333333333336,,,744,88.70967741935483,,False,
2025-09-01,76,Matched,43812,66.48254931714719,659,Macaulay Rd- Bellair St,KenMac_T,-37.79453803,144.93036194,Outdoor,A,32935,10877,24.826531543869255,False,43775.0,0.0845231296402056,43175.333333333336,,,720,91.52777777777777,,False,
2025-10-01,76,Matched,47500,71.64404223227753,663,Macaulay Rd- Bellair St,KenMac_T,-37.79453803,144.93036194,Outdoor,A,36828,10672,22.46736842105263,False,43812.0,8.417785081712772,45029.0,47655.0,-0.3252544329031581,744,89.11290322580645,88.70967741935483,False,
2025-11-01,76,Matched,41918,64.9891472868217,645,Macaulay Rd- Bellair St,KenMac_T,-37.79453803,144.93036194,Outdoor,A,30246,11672,27.84483992556897,False,47500.0,-11.75157894736842,44410.0,44029.0,-4.794567217061482,720,89.58333333333334,90.13888888888889,False,
2025-12-01,76,Matched,42830,62.52554744525548,685,Macaulay Rd- Bellair St,KenMac_T,-37.79453803,144.93036194,Outdoor,A,33073,9757,22.780761148727528,False,41918.0,2.1756763204351355,44082.666666666664,42907.0,-0.1794578973127928,744,92.06989247311827,91.66666666666666,True,-0.1794578973127928
2026-01-01,76,Matched,40660,59.97050147492625,678,Macaulay Rd- Bellair St,KenMac_T,-37.79453803,144.93036194,Outdoor,A,30203,10457,25.71815051647811,False,42830.0,-5.066542143357459,41802.666666666664,39420.0,3.145611364789447,744,91.12903225806451,90.99462365591397,True,3.145611364789447
2026-02-01,76,Matched,41903,67.8042071197411,618,Macaulay Rd- Bellair St,KenMac_T,-37.79453803,144.93036194,Outdoor,A,31588,10315,24.616375915805552,False,40660.0,3.0570585341859324,41797.666666666664,40530.0,3.387614113002714,672,91.96428571428571,91.51785714285714,True,3.387614113002714
2026-03-01,76,Matched,45437,68.12143928035982,667,Macaulay Rd- Bellair St,KenMac_T,-37.79453803,144.93036194,Outdoor,A,33194,12243,26.945000770297334,False,41903.0,8.433763692337063,42666.666666666664,42966.0,5.751058976865429,744,89.65053763440861,92.06989247311827,False,
2026-04-01,76,Matched,45772,71.1850699844479,643,Macaulay Rd- Bellair St,KenMac_T,-37.79453803,144.93036194,Outdoor,A,35102,10670,23.311194616796293,False,45437.0,0.737284591852455,44370.666666666664,41921.0,9.186326662054817,720,89.30555555555556,89.86111111111111,False,
2026-05-01,76,Matched,48590,71.77252584933531,677,Macaulay Rd- Bellair St,KenMac_T,-37.79453803,144.93036194,Outdoor,A,34945,13645,28.081909857995477,False,45772.0,6.156602289609368,46599.666666666664,45249.0,7.3835885875930956,744,90.99462365591397,88.30645161290323,False,
2026-06-01,76,Matched,41899,63.579666160849776,659,Macaulay Rd- Bellair St,KenMac_T,-37.79453803,144.93036194,Outdoor,A,31521,10378,24.76908756772238,False,48590.0,-13.77032311175139,45420.333333333336,38340.0,9.282733437663016,720,91.52777777777777,86.52777777777779,False,
2026-07-01,76,Matched,44492,65.91407407407408,675,Macaulay Rd- Bellair St,KenMac_T,-37.79453803,144.93036194,Outdoor,A,34478,10014,22.5074170637418,False,41899.0,6.188691854220864,44993.666666666664,41939.0,6.087412670783757,744,90.7258064516129,89.51612903225806,False,
2026-08-01,76,Matched,45021,66.20735294117647,680,Macaulay Rd- Bellair St,KenMac_T,-37.79453803,144.93036194,Outdoor,A,31117,13904,30.88336554052553,False,44492.0,1.188977793760676,43804.0,43775.0,2.8463735008566533,744,91.39784946236558,88.70967741935483,False,
2024-10-01,77,Matched,178163,241.08660351826796,739,Harbour Esplanade (West) - Pedestrian path,HarEsP_T,-37.81441438,144.94433026,Outdoor,A,116985,61178,34.338218373062865,False,,,,,,744,99.32795698924731,,False,
2024-11-01,77,Matched,150408,209.1905424200278,719,Harbour Esplanade (West) - Pedestrian path,HarEsP_T,-37.81441438,144.94433026,Outdoor,A,97272,53136,35.32790808999521,False,178163.0,-15.578430987354277,,,,720,99.86111111111111,,False,
2024-12-01,77,Matched,147482,199.840108401084,738,Harbour Esplanade (West) - Pedestrian path,HarEsP_T,-37.81441438,144.94433026,Outdoor,A,109661,37821,25.644485428730285,False,150408.0,-1.9453752459975535,158684.33333333334,,,744,99.19354838709677,,False,
2025-01-01,77,Matched,138805,187.57432432432432,740,Harbour Esplanade (West) - Pedestrian path,HarEsP_T,-37.81441438,144.94433026,Outdoor,A,103321,35484,25.56392060804726,False,147482.0,-5.883429842285838,145565.0,,,744,99.46236559139786,,False,
2025-02-01,77,Matched,130996,195.2250372578241,671,Harbour Esplanade (West) - Pedestrian path,HarEsP_T,-37.81441438,144.94433026,Outdoor,A,93542,37454,28.59171272405264,False,138805.0,-5.62587803033032,139094.33333333334,,,672,99.85119047619048,,False,
2025-03-01,77,Matched,157437,211.60887096774192,744,Harbour Esplanade (West) - Pedestrian path,HarEsP_T,-37.81441438,144.94433026,Outdoor,A,101992,55445,35.217261507777714,False,130996.0,20.18458578887905,142412.66666666666,,,744,100.0,,False,
2025-04-01,77,Matched,146596,203.88873435326843,719,Harbour Esplanade (West) - Pedestrian path,HarEsP_T,-37.81441438,144.94433026,Outdoor,A,99327,47269,32.24439957434036,False,157437.0,-6.885928974764509,145009.66666666666,,,720,99.86111111111111,,False,
2025-05-01,77,Matched,142304,191.52624495289368,743,Harbour Esplanade (West) - Pedestrian path,HarEsP_T,-37.81441438,144.94433026,Outdoor,A,94863,47441,33.33778389925793,False,146596.0,-2.92777429124942,148779.0,,,744,99.86559139784946,,False,
2025-06-01,77,Matched,107581,151.30942334739802,711,Harbour Esplanade (West) - Pedestrian path,HarEsP_T,-37.81441438,144.94433026,Outdoor,A,70767,36814,34.21979717608128,False,142304.0,-24.400579042050822,132160.33333333334,,,720,98.75,,False,
2025-07-01,77,Matched,212120,286.2618083670715,741,Harbour Esplanade (West) - Pedestrian path,HarEsP_T,-37.81441438,144.94433026,Outdoor,A,114007,98113,46.25353573448991,False,107581.0,97.17236314962679,154001.66666666666,,,744,99.59677419354838,,False,
2025-08-01,77,Matched,132537,179.58943089430895,738,Harbour Esplanade (West) - Pedestrian path,HarEsP_T,-37.81441438,144.94433026,Outdoor,A,81370,51167,38.60582327953704,False,212120.0,-37.51791438808222,150746.0,,,744,99.19354838709677,,False,
2025-09-01,77,Matched,115497,160.6356050069541,719,Harbour Esplanade (West) - Pedestrian path,HarEsP_T,-37.81441438,144.94433026,Outdoor,A,83574,31923,27.63967895270007,False,132537.0,-12.85678716132099,153384.66666666666,,,720,99.86111111111111,,False,
2025-10-01,77,Matched,174779,237.1492537313433,737,Harbour Esplanade (West) - Pedestrian path,HarEsP_T,-37.81441438,144.94433026,Outdoor,A,115701,59078,33.80154366371246,False,115497.0,51.327740114461854,140937.66666666666,178163.0,-1.8993842717062466,744,99.05913978494624,99.32795698924731,True,-1.8993842717062466
2025-11-01,77,Matched,144788,203.0687237026648,713,Harbour Esplanade (West) - Pedestrian path,HarEsP_T,-37.81441438,144.94433026,Outdoor,A,94892,49896,34.46141945465094,False,174779.0,-17.15938413653814,145021.33333333334,150408.0,-3.736503377479921,720,99.02777777777779,99.86111111111111,True,-3.736503377479921
2025-12-01,77,Matched,171617,231.60188933873144,741,Harbour Esplanade (West) - Pedestrian path,HarEsP_T,-37.81441438,144.94433026,Outdoor,A,132094,39523,23.02976977805229,False,144788.0,18.52985054010001,163728.0,147482.0,16.36470891363014,744,99.59677419354838,99.19354838709677,True,16.36470891363014
2026-01-01,77,Matched,152487,205.2314939434724,743,Harbour Esplanade (West) - Pedestrian path,HarEsP_T,-37.81441438,144.94433026,Outdoor,A,109740,42747,28.0332093883413,False,171617.0,-11.146914349976983,156297.33333333334,138805.0,9.856993624148986,744,99.86559139784946,99.46236559139786,True,9.856993624148986
2026-02-01,77,Matched,148328,221.05514157973172,671,Harbour Esplanade (West) - Pedestrian path,HarEsP_T,-37.81441438,144.94433026,Outdoor,A,105839,42489,28.64529960627798,False,152487.0,-2.727445618315004,157477.33333333334,130996.0,13.230938349262573,672,99.85119047619048,99.85119047619048,True,13.230938349262573
2026-03-01,77,Matched,158642,213.8032345013477,742,Harbour Esplanade (West) - Pedestrian path,HarEsP_T,-37.81441438,144.94433026,Outdoor,A,100119,58523,36.88997869416674,False,148328.0,6.953508440752926,153152.33333333334,157437.0,0.76538551928708,744,99.73118279569893,100.0,True,0.76538551928708
2026-04-01,77,Matched,100828,213.16701902748412,473,Harbour Esplanade (West) - Pedestrian path,HarEsP_T,-37.81441438,144.94433026,Outdoor,A,67816,33012,32.740905304082204,False,158642.0,-36.44306047578825,135932.66666666666,146596.0,-31.22049714862616,720,65.69444444444444,99.86111111111111,False,
2026-05-01,77,Matched,153162,206.4177897574124,742,Harbour Esplanade (West) - Pedestrian path,HarEsP_T,-37.81441438,144.94433026,Outdoor,A,93950,59212,38.65971977383424,False,100828.0,51.90423295116437,137544.0,142304.0,7.630143917247582,744,99.73118279569893,99.86559139784946,True,7.630143917247582
2026-06-01,77,Matched,125391,175.61764705882354,714,Harbour Esplanade (West) - Pedestrian path,HarEsP_T,-37.81441438,144.94433026,Outdoor,A,82919,42472,33.87164948042523,False,153162.0,-18.131782034708348,126460.33333333333,107581.0,16.55496788466365,720,99.16666666666667,98.75,True,16.55496788466365
2026-07-01,77,Matched,188432,256.0217391304348,736,Harbour Esplanade (West) - Pedestrian path,HarEsP_T,-37.81441438,144.94433026,Outdoor,A,105658,82774,43.9277829667997,False,125391.0,50.27553811677075,155661.66666666666,212120.0,-11.167263812936074,744,98.9247311827957,99.59677419354838,True,-11.167263812936074
2026-08-01,77,Matched,146071,199.8235294117647,731,Harbour Esplanade (West) - Pedestrian path,HarEsP_T,-37.81441438,144.94433026,Outdoor,A,81994,64077,43.8670235707293,False,188432.0,-22.480788825677166,153298.0,132537.0,10.21148811275342,744,98.25268817204301,99.19354838709677,True,10.21148811275342
2024-10-01,78,Unmatched,57318,79.94142259414225,717,,,,,,,40955,16363,28.54775114274748,False,,,,,,744,96.37096774193549,,False,
2024-11-01,78,Unmatched,44693,66.70597014925373,670,,,,,,,30668,14025,31.380753138075317,False,57318.0,-22.02623957570048,,,,720,93.05555555555556,,False,
2024-12-01,78,Unmatched,56886,77.92602739726027,730,,,,,,,43972,12914,22.701543437752697,False,44693.0,27.28167722014633,52965.666666666664,,,744,98.11827956989248,,False,
2025-01-01,78,Unmatched,48432,67.17337031900139,721,,,,,,,37558,10874,22.45209778658738,False,56886.0,-14.86130155046936,50003.666666666664,,,744,96.90860215053763,,False,
2025-02-01,78,Unmatched,44962,76.59625212947189,587,,,,,,,34432,10530,23.41977670032472,False,48432.0,-7.164684506111661,50093.333333333336,,,672,87.35119047619048,,False,
2025-03-01,78,Unmatched,51116,70.11796982167353,729,,,,,,,35000,16116,31.52828859848189,False,44962.0,13.687113562563944,48170.0,,,744,97.98387096774194,,False,
2025-04-01,78,Unmatched,52678,74.82670454545455,704,,,,,,,32095,20583,39.07323740460914,False,51116.0,3.05579466311918,49585.333333333336,,,720,97.77777777777777,,False,
2025-05-01,78,Unmatched,38480,53.44444444444444,720,,,,,,,25551,12929,33.59927234927235,False,52678.0,-26.952427958540564,47424.666666666664,,,744,96.7741935483871,,False,
2025-06-01,78,Unmatched,31571,46.08905109489051,685,,,,,,,20915,10656,33.75249437775174,False,38480.0,-17.954781704781706,40909.666666666664,,,720,95.13888888888889,,False,
2025-07-01,78,Unmatched,64824,90.66293706293706,715,,,,,,,31916,32908,50.76514871035419,False,31571.0,105.32767413132305,44958.333333333336,,,744,96.10215053763442,,False,
2025-08-01,78,Unmatched,41157,57.48184357541899,716,,,,,,,25733,15424,37.47600651165051,False,64824.0,-36.50962606442059,45850.666666666664,,,744,96.23655913978494,,False,
2025-09-01,78,Unmatched,40753,58.38538681948424,698,,,,,,,30042,10711,26.282727651952005,False,41157.0,-0.9816070170323395,48911.333333333336,,,720,96.94444444444444,,False,
2025-10-01,78,Unmatched,54209,74.97786998616874,723,,,,,,,39589,14620,26.969691379660205,False,40753.0,33.01842809118347,45373.0,57318.0,-5.424125056701211,744,97.17741935483872,96.37096774193549,True,-5.424125056701211
2025-11-01,78,Unmatched,48430,69.0870185449358,701,,,,,,,33518,14912,30.79083212884576,False,54209.0,-10.660591414709735,47797.333333333336,44693.0,8.361488376255789,720,97.36111111111111,93.05555555555556,True,8.361488376255789
2025-12-01,78,Unmatched,65551,90.4151724137931,725,,,,,,,50334,15217,23.21398605665817,False,48430.0,35.35205451166632,56063.333333333336,56886.0,15.232218823612136,744,97.44623655913979,98.11827956989248,True,15.232218823612136
2026-01-01,78,Unmatched,61101,83.92994505494505,728,,,,,,,44490,16611,27.186134433151665,False,65551.0,-6.788607343900169,58360.666666666664,48432.0,26.158325074331017,744,97.84946236559139,96.90860215053763,True,26.158325074331017
2026-02-01,78,Unmatched,23274,80.53287197231833,289,,,,,,,18127,5147,22.11480622153476,False,61101.0,-61.90897039328325,49975.333333333336,44962.0,-48.236288421333576,672,43.00595238095239,87.35119047619048,False,
2024-10-01,79,Matched,279418,417.66517189835577,669,Flinders St (South),FliSS_T,-37.81794046,144.96616678,Outdoor,A,208636,70782,25.331939960918763,False,,,,,,744,89.91935483870968,,False,
2024-11-01,79,Matched,418815,581.6875,720,Flinders St (South),FliSS_T,-37.81794046,144.96616678,Outdoor,A,293886,124929,29.829160846674547,False,279418.0,49.888339333901186,,,,720,100.0,,False,
2024-12-01,79,Matched,493511,663.3212365591398,744,Flinders St (South),FliSS_T,-37.81794046,144.96616678,Outdoor,A,341810,151701,30.73913246107989,False,418815.0,17.835082315580866,397248.0,,,744,100.0,,False,
2025-01-01,79,Matched,461057,619.7002688172043,744,Flinders St (South),FliSS_T,-37.81794046,144.96616678,Outdoor,A,342947,118110,25.61722303316076,False,493511.0,-6.576145212568717,457794.3333333333,,,744,100.0,,False,
2025-02-01,79,Matched,379967,565.4270833333334,672,Flinders St (South),FliSS_T,-37.81794046,144.96616678,Outdoor,A,277528,102439,26.95997283974661,False,461057.0,-17.58784705578703,444845.0,,,672,100.0,,False,
2025-03-01,79,Matched,493236,662.9516129032259,744,Flinders St (South),FliSS_T,-37.81794046,144.96616678,Outdoor,A,321420,171816,34.8344403084933,False,379967.0,29.810220361241896,444753.3333333333,,,744,100.0,,False,
2025-04-01,79,Matched,445610,618.9027777777778,720,Flinders St (South),FliSS_T,-37.81794046,144.96616678,Outdoor,A,323331,122279,27.440811471914905,False,493236.0,-9.655823986894712,439604.3333333333,,,720,100.0,,False,
2025-05-01,79,Matched,419353,563.6465053763441,744,Flinders St (South),FliSS_T,-37.81794046,144.96616678,Outdoor,A,289061,130292,31.069766998209147,False,445610.0,-5.892372253764503,452733.0,,,744,100.0,,False,
2025-06-01,79,Matched,344006,477.7861111111111,720,Flinders St (South),FliSS_T,-37.81794046,144.96616678,Outdoor,A,235040,108966,31.675610309122515,False,419353.0,-17.96744031877678,402989.6666666667,,,720,100.0,,False,
2025-07-01,79,Matched,369262,496.3198924731183,744,Flinders St (South),FliSS_T,-37.81794046,144.96616678,Outdoor,A,264962,104300,28.245527565793395,False,344006.0,7.341732411643983,377540.3333333333,,,744,100.0,,False,
2025-08-01,79,Matched,385483,518.122311827957,744,Flinders St (South),FliSS_T,-37.81794046,144.96616678,Outdoor,A,249562,135921,35.259920670950464,False,369262.0,4.392815940984992,366250.3333333333,,,744,100.0,,False,
2025-09-01,79,Matched,351878,488.7194444444444,720,Flinders St (South),FliSS_T,-37.81794046,144.96616678,Outdoor,A,255321,96557,27.440476528796918,False,385483.0,-8.7176347595095,368874.3333333333,,,720,100.0,,False,
2025-10-01,79,Matched,360029,484.56123822341857,743,Flinders St (South),FliSS_T,-37.81794046,144.96616678,Outdoor,A,263102,96927,26.921997950165128,False,351878.0,2.3164278528353575,365796.6666666667,279418.0,28.849608829781904,744,99.86559139784946,89.91935483870968,False,
2025-11-01,79,Matched,371236,515.6055555555556,720,Flinders St (South),FliSS_T,-37.81794046,144.96616678,Outdoor,A,244774,126462,34.06512299453717,False,360029.0,3.1128048018354075,361047.6666666667,418815.0,-11.360385850554541,720,100.0,100.0,True,-11.360385850554541
2025-12-01,79,Matched,441933,593.9959677419355,744,Flinders St (South),FliSS_T,-37.81794046,144.96616678,Outdoor,A,317905,124028,28.064887663967163,False,371236.0,19.043681108513184,391066.0,493511.0,-10.451236142659434,744,100.0,100.0,True,-10.451236142659434
2026-01-01,79,Matched,440024,591.4301075268817,744,Flinders St (South),FliSS_T,-37.81794046,144.96616678,Outdoor,A,305286,134738,30.620602512590224,False,441933.0,-0.43196593148735213,417731.0,461057.0,-4.56190883122911,744,100.0,100.0,True,-4.56190883122911
2026-02-01,79,Matched,352594,524.6934523809524,672,Flinders St (South),FliSS_T,-37.81794046,144.96616678,Outdoor,A,246438,106156,30.107148731969342,False,440024.0,-19.869370761594823,411517.0,379967.0,-7.204046667210573,672,100.0,100.0,True,-7.204046667210573
2026-03-01,79,Matched,419435,563.7567204301075,744,Flinders St (South),FliSS_T,-37.81794046,144.96616678,Outdoor,A,278087,141348,33.69961972653689,False,352594.0,18.95693063410041,404017.6666666667,493236.0,-14.962614245513302,744,100.0,100.0,True,-14.962614245513302
2026-04-01,79,Matched,395094,548.7416666666667,720,Flinders St (South),FliSS_T,-37.81794046,144.96616678,Outdoor,A,271661,123433,31.24142609100619,False,419435.0,-5.803282987828865,389041.0,445610.0,-11.336370368708062,720,100.0,100.0,True,-11.336370368708062
2026-05-01,79,Matched,358145,481.377688172043,744,Flinders St (South),FliSS_T,-37.81794046,144.96616678,Outdoor,A,223683,134462,37.54401150372056,False,395094.0,-9.351951687446531,390891.3333333333,419353.0,-14.595817843201312,744,100.0,100.0,True,-14.595817843201312
2026-06-01,79,Matched,314648,437.0111111111111,720,Flinders St (South),FliSS_T,-37.81794046,144.96616678,Outdoor,A,217298,97350,30.939335384302456,False,358145.0,-12.145080902986221,355962.3333333333,344006.0,-8.534153474067313,720,100.0,100.0,True,-8.534153474067313
2026-07-01,79,Matched,344156,462.5752688172043,744,Flinders St (South),FliSS_T,-37.81794046,144.96616678,Outdoor,A,242560,101596,29.520333802113,False,314648.0,9.378098700770385,338983.0,369262.0,-6.798966587409481,744,100.0,100.0,True,-6.798966587409481
2026-08-01,79,Matched,331679,445.8051075268817,744,Flinders St (South),FliSS_T,-37.81794046,144.96616678,Outdoor,A,210132,121547,36.64597396880719,False,344156.0,-3.625390811143784,330161.0,385483.0,-13.957554548449608,744,100.0,100.0,True,-13.957554548449608
2024-10-01,84,Matched,950775,1320.5208333333333,720,Elizabeth St - Flinders St (East) - New footpath,ElFi_T,-37.81798049,144.96503383,Outdoor,A,710732,240043,25.24708790197471,False,,,,,,744,96.7741935483871,,False,
2024-11-01,84,Matched,917394,1274.1583333333333,720,Elizabeth St - Flinders St (East) - New footpath,ElFi_T,-37.81798049,144.96503383,Outdoor,A,663161,254233,27.71252046557968,False,950775.0,-3.510925297783387,,,,720,100.0,,False,
2024-12-01,84,Matched,1032765,1388.125,744,Elizabeth St - Flinders St (East) - New footpath,ElFi_T,-37.81798049,144.96503383,Outdoor,A,740920,291845,28.258606749841448,False,917394.0,12.575948828965528,966978.0,,,744,100.0,,False,
2025-01-01,84,Matched,949475,1276.1760752688172,744,Elizabeth St - Flinders St (East) - New footpath,ElFi_T,-37.81798049,144.96503383,Outdoor,A,727663,221812,23.36154190473683,False,1032765.0,-8.064758197653871,966544.6666666666,,,744,100.0,,False,
2025-02-01,84,Matched,826868,1230.4583333333333,672,Elizabeth St - Flinders St (East) - New footpath,ElFi_T,-37.81798049,144.96503383,Outdoor,A,614943,211925,25.629846601875997,False,949475.0,-12.913136206851156,936369.3333333334,,,672,100.0,,False,
2025-03-01,84,Matched,971737,1306.09811827957,744,Elizabeth St - Flinders St (East) - New footpath,ElFi_T,-37.81798049,144.96503383,Outdoor,A,670529,301208,30.996864377912956,False,826868.0,17.52020878785973,916026.6666666666,,,744,100.0,,False,
2025-04-01,84,Matched,902274,1253.1583333333333,720,Elizabeth St - Flinders St (East) - New footpath,ElFi_T,-37.81798049,144.96503383,Outdoor,A,673008,229266,25.40979791061252,False,971737.0,-7.148333345339325,900293.0,,,720,100.0,,False,
2025-05-01,84,Matched,878354,1180.5833333333333,744,Elizabeth St - Flinders St (East) - New footpath,ElFi_T,-37.81798049,144.96503383,Outdoor,A,633982,244372,27.82158446366727,False,902274.0,-2.6510793838678715,917455.0,,,744,100.0,,False,
2025-06-01,84,Matched,781131,1084.9041666666667,720,Elizabeth St - Flinders St (East) - New footpath,ElFi_T,-37.81798049,144.96503383,Outdoor,A,558147,222984,28.54630017244227,False,878354.0,-11.068771816374719,853919.6666666666,,,720,100.0,,False,
2025-07-01,84,Matched,853868,1147.6720430107528,744,Elizabeth St - Flinders St (East) - New footpath,ElFi_T,-37.81798049,144.96503383,Outdoor,A,644897,208971,24.47345491340582,False,781131.0,9.311754366425093,837784.3333333334,,,744,100.0,,False,
2025-08-01,84,Matched,870501,1170.0282258064517,744,Elizabeth St - Flinders St (East) - New footpath,ElFi_T,-37.81798049,144.96503383,Outdoor,A,600193,270308,31.05200338655556,False,853868.0,1.9479591693329648,835166.6666666666,,,744,100.0,,False,
2025-09-01,84,Matched,820123,1140.643949930459,719,Elizabeth St - Flinders St (East) - New footpath,ElFi_T,-37.81798049,144.96503383,Outdoor,A,618827,201296,24.544610991278137,False,870501.0,-5.787242059457714,848164.0,,,720,99.86111111111111,,False,
2025-10-01,84,Matched,896854,1207.07133243607,743,Elizabeth St - Flinders St (East) - New footpath,ElFi_T,-37.81798049,144.96503383,Outdoor,A,686254,210600,23.48208292542599,False,820123.0,9.356035619047386,862492.6666666666,950775.0,-5.671268175961716,744,99.86559139784946,96.7741935483871,True,-5.671268175961716
2025-11-01,84,Matched,875659,1216.1930555555557,720,Elizabeth St - Flinders St (East) - New footpath,ElFi_T,-37.81798049,144.96503383,Outdoor,A,605054,270605,30.903011332036783,False,896854.0,-2.3632609098024875,864212.0,917394.0,-4.549299428598835,720,100.0,100.0,True,-4.549299428598835
2025-12-01,84,Matched,1009106,1356.3252688172042,744,Elizabeth St - Flinders St (East) - New footpath,ElFi_T,-37.81798049,144.96503383,Outdoor,A,754082,255024,25.27227070297868,False,875659.0,15.239608112290288,927206.3333333334,1032765.0,-2.290840607495413,744,100.0,100.0,True,-2.290840607495413
2026-01-01,84,Matched,930491,1250.659946236559,744,Elizabeth St - Flinders St (East) - New footpath,ElFi_T,-37.81798049,144.96503383,Outdoor,A,670371,260120,27.955133365072847,False,1009106.0,-7.790559168214241,938418.6666666666,949475.0,-1.9994207325100715,744,100.0,100.0,True,-1.9994207325100715
2026-02-01,84,Matched,792499,1179.313988095238,672,Elizabeth St - Flinders St (East) - New footpath,ElFi_T,-37.81798049,144.96503383,Outdoor,A,573007,219492,27.696186367427597,False,930491.0,-14.83001984973525,910698.6666666666,826868.0,-4.156528006888645,672,100.0,100.0,True,-4.156528006888645
2026-03-01,84,Matched,894892,1202.8118279569892,744,Elizabeth St - Flinders St (East) - New footpath,ElFi_T,-37.81798049,144.96503383,Outdoor,A,633655,261237,29.192014231884965,False,792499.0,12.920268669108731,872627.3333333334,971737.0,-7.908003914639456,744,100.0,100.0,True,-7.908003914639456
2026-04-01,84,Matched,860639,1195.3319444444444,720,Elizabeth St - Flinders St (East) - New footpath,ElFi_T,-37.81798049,144.96503383,Outdoor,A,626633,234006,27.189797348249385,False,894892.0,-3.8276127175122805,849343.3333333334,902274.0,-4.614451929236573,720,100.0,100.0,True,-4.614451929236573
2026-05-01,84,Matched,800305,1075.6787634408602,744,Elizabeth St - Flinders St (East) - New footpath,ElFi_T,-37.81798049,144.96503383,Outdoor,A,542222,258083,32.24808041934013,False,860639.0,-7.010372525530449,851945.3333333334,878354.0,-8.885825077360607,744,100.0,100.0,True,-8.885825077360607
2026-06-01,84,Matched,732143,1016.8652777777778,720,Elizabeth St - Flinders St (East) - New footpath,ElFi_T,-37.81798049,144.96503383,Outdoor,A,536647,195496,26.701887472802444,False,800305.0,-8.517002892647179,797695.6666666666,781131.0,-6.271419262582076,720,100.0,100.0,True,-6.271419262582076
2026-07-01,84,Matched,777769,1045.388440860215,744,Elizabeth St - Flinders St (East) - New footpath,ElFi_T,-37.81798049,144.96503383,Outdoor,A,578792,198977,25.583045865803346,False,732143.0,6.23184268646972,770072.3333333334,853868.0,-8.912267469913381,744,100.0,100.0,True,-8.912267469913381
2026-08-01,84,Matched,750458,1008.6801075268816,744,Elizabeth St - Flinders St (East) - New footpath,ElFi_T,-37.81798049,144.96503383,Outdoor,A,510110,240348,32.02684227498408,False,777769.0,-3.511453914979898,753456.6666666666,870501.0,-13.790104778742357,744,100.0,100.0,True,-13.790104778742357
2024-10-01,85,Matched,69798,100.1406025824964,697,Macaulay Rd (North),488Mac_T,-37.79432415,144.92973378,Outdoor,A,53304,16494,23.63104960027508,False,,,,,,744,93.68279569892472,,False,
2024-11-01,85,Matched,68908,103.0014947683109,669,Macaulay Rd (North),488Mac_T,-37.79432415,144.92973378,Outdoor,A,49359,19549,28.369710338422244,False,69798.0,-1.2751081692885182,,,,720,92.91666666666667,,False,
2024-12-01,85,Matched,66579,98.4896449704142,676,Macaulay Rd (North),488Mac_T,-37.79432415,144.92973378,Outdoor,A,48372,18207,27.346460595683325,False,68908.0,-3.3798688105880306,68428.33333333333,,,744,90.86021505376344,,False,
2025-01-01,85,Matched,58929,85.03463203463204,693,Macaulay Rd (North),488Mac_T,-37.79432415,144.92973378,Outdoor,A,45263,13666,23.19061921973901,False,66579.0,-11.490109493984589,64805.333333333336,,,744,93.14516129032258,,False,
2025-02-01,85,Matched,61716,98.43062200956938,627,Macaulay Rd (North),488Mac_T,-37.79432415,144.92973378,Outdoor,A,45402,16314,26.433987944779314,False,58929.0,4.729420149671639,62408.0,,,672,93.30357142857143,,False,
2025-03-01,85,Matched,65788,94.79538904899135,694,Macaulay Rd (North),488Mac_T,-37.79432415,144.92973378,Outdoor,A,46207,19581,29.76378670882228,False,61716.0,6.597964871346167,62144.333333333336,,,744,93.27956989247312,,False,
2025-04-01,85,Matched,62527,95.0258358662614,658,Macaulay Rd (North),488Mac_T,-37.79432415,144.92973378,Outdoor,A,46570,15957,25.52017528427719,False,65788.0,-4.956831033015139,63343.666666666664,,,720,91.38888888888889,,False,
2025-05-01,85,Matched,67111,99.2766272189349,676,Macaulay Rd (North),488Mac_T,-37.79432415,144.92973378,Outdoor,A,48187,18924,28.198059930562795,False,62527.0,7.33123290738401,65142.0,,,744,90.86021505376344,,False,
2025-06-01,85,Matched,59396,92.22981366459628,644,Macaulay Rd (North),488Mac_T,-37.79432415,144.92973378,Outdoor,A,42520,16876,28.412687723079,False,67111.0,-11.495879960066159,63011.333333333336,,,720,89.44444444444444,,False,
2025-07-01,85,Matched,61665,90.95132743362832,678,Macaulay Rd (North),488Mac_T,-37.79432415,144.92973378,Outdoor,A,46057,15608,25.31095435011757,False,59396.0,3.8201225671762407,62724.0,,,744,91.12903225806451,,False,
2025-08-01,85,Matched,64059,94.48230088495576,678,Macaulay Rd (North),488Mac_T,-37.79432415,144.92973378,Outdoor,A,43839,20220,31.56465133704866,False,61665.0,3.8822670882996837,61706.666666666664,,,744,91.12903225806451,,False,
2025-09-01,85,Matched,62271,94.78082191780824,657,Macaulay Rd (North),488Mac_T,-37.79432415,144.92973378,Outdoor,A,46425,15846,25.44683721154309,False,64059.0,-2.7911768838102375,62665.0,,,720,91.25,,False,
2025-10-01,85,Matched,65816,97.79494799405646,673,Macaulay Rd (North),488Mac_T,-37.79432415,144.92973378,Outdoor,A,49504,16312,24.78424699161298,False,62271.0,5.692858634035105,64048.666666666664,69798.0,-5.7050345282099775,744,90.45698924731182,93.68279569892472,True,-5.7050345282099775
2025-11-01,85,Matched,63511,97.409509202454,652,Macaulay Rd (North),488Mac_T,-37.79432415,144.92973378,Outdoor,A,43532,19979,31.45754278786352,False,65816.0,-3.5021879178315305,63866.0,68908.0,-7.83218203982121,720,90.55555555555556,92.91666666666667,True,-7.83218203982121
2025-12-01,85,Matched,64630,96.03268945022288,673,Macaulay Rd (North),488Mac_T,-37.79432415,144.92973378,Outdoor,A,48562,16068,24.86151941822683,False,63511.0,1.7618995134701074,64652.333333333336,66579.0,-2.9273494645458777,744,90.45698924731182,90.86021505376344,True,-2.9273494645458777
2026-01-01,85,Matched,63236,92.58565153733528,683,Macaulay Rd (North),488Mac_T,-37.79432415,144.92973378,Outdoor,A,45013,18223,28.81744575874502,False,64630.0,-2.156893083707257,63792.333333333336,58929.0,7.308795329973358,744,91.8010752688172,93.14516129032258,True,7.308795329973358
2026-02-01,85,Matched,63100,101.28410914927768,623,Macaulay Rd (North),488Mac_T,-37.79432415,144.92973378,Outdoor,A,46000,17100,27.09984152139461,False,63236.0,-0.2150673666898602,63655.333333333336,61716.0,2.242530300084257,672,92.70833333333334,93.30357142857143,True,2.242530300084257
2026-03-01,85,Matched,68811,100.74816983894584,683,Macaulay Rd (North),488Mac_T,-37.79432415,144.92973378,Outdoor,A,49192,19619,28.51142985859819,False,63100.0,9.050713153724248,65049.0,65788.0,4.595062929409618,744,91.8010752688172,93.27956989247312,True,4.595062929409618
2026-04-01,85,Matched,70734,106.68778280542986,663,Macaulay Rd (North),488Mac_T,-37.79432415,144.92973378,Outdoor,A,52346,18388,25.99598495772896,False,68811.0,2.794611326677421,67548.33333333333,62527.0,13.125529771138869,720,92.08333333333333,91.38888888888889,True,13.125529771138869
2026-05-01,85,Matched,74552,107.42363112391932,694,Macaulay Rd (North),488Mac_T,-37.79432415,144.92973378,Outdoor,A,51294,23258,31.197016847301214,False,70734.0,5.397687109452314,71365.66666666667,67111.0,11.08760113841248,744,93.27956989247312,90.86021505376344,True,11.08760113841248
2026-06-01,85,Matched,65866,99.34539969834088,663,Macaulay Rd (North),488Mac_T,-37.79432415,144.92973378,Outdoor,A,48160,17706,26.88185103088088,False,74552.0,-11.650928211181458,70384.0,59396.0,10.892989426897435,720,92.08333333333333,89.44444444444444,False,
2026-07-01,85,Matched,70413,103.5485294117647,680,Macaulay Rd (North),488Mac_T,-37.79432415,144.92973378,Outdoor,A,52655,17758,25.219774757502165,False,65866.0,6.903409953542041,70277.0,61665.0,14.18632936025298,744,91.39784946236558,91.12903225806451,True,14.18632936025298
2026-08-01,85,Matched,71472,105.88444444444444,675,Macaulay Rd (North),488Mac_T,-37.79432415,144.92973378,Outdoor,A,48121,23351,32.67153570629058,False,70413.0,1.5039836393847725,69250.33333333333,64059.0,11.57214442935419,744,90.7258064516129,91.12903225806451,True,11.57214442935419
2024-10-01,86,Matched,46676,67.25648414985591,694,Queensberry St - Errol St (South),574Qub_T,-37.80309992,144.94908064,Outdoor,A,34130,12546,26.87890993229925,False,,,,,,744,93.27956989247312,,False,
2024-11-01,86,Matched,39863,58.88183161004432,677,Queensberry St - Errol St (South),574Qub_T,-37.80309992,144.94908064,Outdoor,A,28531,11332,28.42736372074355,False,46676.0,-14.596366440997516,,,,720,94.02777777777777,,False,
2024-12-01,86,Matched,43002,60.65162200282087,709,Queensberry St - Errol St (South),574Qub_T,-37.80309992,144.94908064,Outdoor,A,31611,11391,26.489465606250874,False,39863.0,7.874470059955348,43180.333333333336,,,744,95.29569892473118,,False,
2025-01-01,86,Matched,39935,55.69735006973501,717,Queensberry St - Errol St (South),574Qub_T,-37.80309992,144.94908064,Outdoor,A,31634,8301,20.78627770126456,False,43002.0,-7.132226408074042,40933.333333333336,,,744,96.37096774193549,,False,
2025-02-01,86,Matched,39937,63.29160063391442,631,Queensberry St - Errol St (South),574Qub_T,-37.80309992,144.94908064,Outdoor,A,30152,9785,24.501089215514437,False,39935.0,0.005008138224614999,40958.0,,,672,93.89880952380952,,False,
2025-03-01,86,Matched,44296,62.65346534653465,707,Queensberry St - Errol St (South),574Qub_T,-37.80309992,144.94908064,Outdoor,A,30627,13669,30.858316778038645,False,39937.0,10.914690637754463,41389.333333333336,,,744,95.02688172043011,,False,
2025-04-01,86,Matched,42892,63.44970414201183,676,Queensberry St - Errol St (South),574Qub_T,-37.80309992,144.94908064,Outdoor,A,32204,10688,24.918399701576053,False,44296.0,-3.169586418638252,42375.0,,,720,93.88888888888889,,False,
2025-05-01,86,Matched,44163,64.94558823529412,680,Queensberry St - Errol St (South),574Qub_T,-37.80309992,144.94908064,Outdoor,A,31601,12562,28.44462559155854,False,42892.0,2.9632565513382447,43783.666666666664,,,744,91.39784946236558,,False,
2025-06-01,86,Matched,39118,59.63109756097561,656,Queensberry St - Errol St (South),574Qub_T,-37.80309992,144.94908064,Outdoor,A,27639,11479,29.3445472672427,False,44163.0,-11.423589882933676,42057.666666666664,,,720,91.11111111111111,,False,
2025-07-01,86,Matched,42440,62.781065088757394,676,Queensberry St - Errol St (South),574Qub_T,-37.80309992,144.94908064,Outdoor,A,32050,10390,24.48162111215834,False,39118.0,8.492254205225217,41907.0,,,744,90.86021505376344,,False,
2025-08-01,86,Matched,44429,66.21311475409836,671,Queensberry St - Errol St (South),574Qub_T,-37.80309992,144.94908064,Outdoor,A,30030,14399,32.40901213171577,False,42440.0,4.686616399622997,41995.666666666664,,,744,90.18817204301075,,False,
2025-09-01,86,Matched,44027,67.11432926829268,656,Queensberry St - Errol St (South),574Qub_T,-37.80309992,144.94908064,Outdoor,A,32675,11352,25.78417789083971,False,44429.0,-0.9048144230119968,43632.0,,,720,91.11111111111111,,False,
2025-10-01,86,Matched,48743,71.47067448680352,682,Queensberry St - Errol St (South),574Qub_T,-37.80309992,144.94908064,Outdoor,A,35168,13575,27.85015284245943,False,44027.0,10.711608785517978,45733.0,46676.0,4.428400034278859,744,91.66666666666666,93.27956989247312,True,4.428400034278859
2025-11-01,86,Matched,43000,64.37125748502994,668,Queensberry St - Errol St (South),574Qub_T,-37.80309992,144.94908064,Outdoor,A,29639,13361,31.07209302325581,False,48743.0,-11.782204624253739,45256.666666666664,39863.0,7.869452876100645,720,92.77777777777779,94.02777777777777,True,7.869452876100645
2025-12-01,86,Matched,41434,59.61726618705036,695,Queensberry St - Errol St (South),574Qub_T,-37.80309992,144.94908064,Outdoor,A,32151,9283,22.404305642708884,False,43000.0,-3.641860465116279,44392.333333333336,43002.0,-3.646342030603228,744,93.41397849462365,95.29569892473118,True,-3.646342030603228
2026-01-01,86,Matched,39467,56.38142857142857,700,Queensberry St - Errol St (South),574Qub_T,-37.80309992,144.94908064,Outdoor,A,29218,10249,25.96853067119366,False,41434.0,-4.7473089733069465,41300.333333333336,39935.0,-1.1719043445599098,744,94.08602150537635,96.37096774193549,True,-1.1719043445599098
2026-02-01,86,Matched,39524,64.16233766233766,616,Queensberry St - Errol St (South),574Qub_T,-37.80309992,144.94908064,Outdoor,A,28941,10583,26.7761360186216,False,39467.0,0.1444244558745281,40141.666666666664,39937.0,-1.0341287527856373,672,91.66666666666666,93.89880952380952,True,-1.0341287527856373
2026-03-01,86,Matched,42939,62.86822840409956,683,Queensberry St - Errol St (South),574Qub_T,-37.80309992,144.94908064,Outdoor,A,30855,12084,28.142248305736047,False,39524.0,8.640319805687684,40643.333333333336,44296.0,-3.0634820299801335,744,91.8010752688172,95.02688172043011,True,-3.0634820299801335
2026-04-01,86,Matched,40844,62.26219512195122,656,Queensberry St - Errol St (South),574Qub_T,-37.80309992,144.94908064,Outdoor,A,30637,10207,24.990206639898148,False,42939.0,-4.8790144157991575,41102.333333333336,42892.0,-4.774783176349902,720,91.11111111111111,93.88888888888889,True,-4.774783176349902
2026-05-01,86,Matched,41262,61.58507462686567,670,Queensberry St - Errol St (South),574Qub_T,-37.80309992,144.94908064,Outdoor,A,28347,12915,31.29998545877563,False,40844.0,1.023406130643424,41681.666666666664,44163.0,-6.568847225052646,744,90.05376344086021,91.39784946236558,True,-6.568847225052646
2026-06-01,86,Matched,38361,60.032863849765256,639,Queensberry St - Errol St (South),574Qub_T,-37.80309992,144.94908064,Outdoor,A,27619,10742,28.002398269075364,False,41262.0,-7.030681983423004,40155.666666666664,39118.0,-1.9351705097397618,720,88.75,91.11111111111111,False,
2026-07-01,86,Matched,40937,61.838368580060425,662,Queensberry St - Errol St (South),574Qub_T,-37.80309992,144.94908064,Outdoor,A,30311,10626,25.956958252925222,False,38361.0,6.715153411016398,40186.666666666664,42440.0,-3.5414703110273322,744,88.97849462365592,90.86021505376344,False,
2026-08-01,86,Matched,40897,62.059180576631256,659,Queensberry St - Errol St (South),574Qub_T,-37.80309992,144.94908064,Outdoor,A,26735,14162,34.62845685502604,False,40937.0,-0.09771111708234606,40065.0,44429.0,-7.949762542483513,744,88.5752688172043,90.18817204301075,False,
2024-10-01,87,Matched,84519,117.2246879334258,721,Errol St (West),Errol23_T,-37.80454949,144.94921863,Outdoor,A,62931,21588,25.54218578071203,False,,,,,,744,96.90860215053763,,False,
2024-11-01,87,Matched,80534,115.54375896700144,697,Errol St (West),Errol23_T,-37.80454949,144.94921863,Outdoor,A,57921,22613,28.07882385079593,False,84519.0,-4.714916172694897,,,,720,96.80555555555556,,False,
2024-12-01,87,Matched,73953,102.00413793103448,725,Errol St (West),Errol23_T,-37.80454949,144.94921863,Outdoor,A,54323,19630,26.543885981636983,False,80534.0,-8.171703876623537,79668.66666666667,,,744,97.44623655913979,,False,
2025-01-01,87,Matched,73489,101.08528198074278,727,Errol St (West),Errol23_T,-37.80454949,144.94921863,Outdoor,A,57494,15995,21.76516213310836,False,73953.0,-0.6274255270239206,75992.0,,,744,97.71505376344086,,False,
2025-02-01,87,Matched,77640,118.35365853658536,656,Errol St (West),Errol23_T,-37.80454949,144.94921863,Outdoor,A,57623,20017,25.781813498196804,False,73489.0,5.648464396032059,75027.33333333333,,,672,97.61904761904762,,False,
2025-03-01,87,Matched,88216,122.86350974930362,718,Errol St (West),Errol23_T,-37.80454949,144.94921863,Outdoor,A,62100,26116,29.604606874036456,False,77640.0,13.62184441009789,79781.66666666667,,,744,96.50537634408603,,False,
2025-04-01,87,Matched,86909,123.4502840909091,704,Errol St (West),Errol23_T,-37.80454949,144.94921863,Outdoor,A,66379,20530,23.62240964687202,False,88216.0,-1.4815906411535322,84255.0,,,720,97.77777777777777,,False,
2025-05-01,87,Matched,87169,119.08333333333331,732,Errol St (West),Errol23_T,-37.80454949,144.94921863,Outdoor,A,62228,24941,28.61223600133075,False,86909.0,0.2991634928488419,87431.33333333333,,,744,98.38709677419355,,False,
2025-06-01,87,Matched,76280,109.9135446685879,694,Errol St (West),Errol23_T,-37.80454949,144.94921863,Outdoor,A,54362,21918,28.73361300471945,False,87169.0,-12.491826222625017,83452.66666666667,,,720,96.38888888888889,,False,
2025-07-01,87,Matched,84048,116.24896265560166,723,Errol St (West),Errol23_T,-37.80454949,144.94921863,Outdoor,A,64454,19594,23.31286883685513,False,76280.0,10.183534347142107,82499.0,,,744,97.17741935483872,,False,
2025-08-01,87,Matched,86405,119.50899031811896,723,Errol St (West),Errol23_T,-37.80454949,144.94921863,Outdoor,A,60268,26137,30.24940686302876,False,84048.0,2.804349895297925,82244.33333333333,,,744,97.17741935483872,,False,
2025-09-01,87,Matched,79372,112.90469416785206,703,Errol St (West),Errol23_T,-37.80454949,144.94921863,Outdoor,A,58986,20386,25.684120344705946,False,86405.0,-8.13957525606157,83275.0,,,720,97.63888888888889,,False,
2025-10-01,87,Matched,89128,122.59697386519944,727,Errol St (West),Errol23_T,-37.80454949,144.94921863,Outdoor,A,65171,23957,26.87931963019477,False,79372.0,12.291488182230509,84968.33333333333,84519.0,5.453211703877234,744,97.71505376344086,96.90860215053763,True,5.453211703877234
2025-11-01,87,Matched,82679,118.2818311874106,699,Errol St (West),Errol23_T,-37.80454949,144.94921863,Outdoor,A,56802,25877,31.29815309812649,False,89128.0,-7.235661071717081,83726.33333333333,80534.0,2.663471328879728,720,97.08333333333333,96.80555555555556,True,2.663471328879728
2025-12-01,87,Matched,80712,110.86813186813188,728,Errol St (West),Errol23_T,-37.80454949,144.94921863,Outdoor,A,61796,18916,23.43641589850332,False,82679.0,-2.3790805404032462,84173.0,73953.0,9.139588657660946,744,97.84946236559139,97.44623655913979,True,9.139588657660946
2026-01-01,87,Matched,77322,105.92054794520548,730,Errol St (West),Errol23_T,-37.80454949,144.94921863,Outdoor,A,56467,20855,26.971625151961927,False,80712.0,-4.20011894142135,80237.66666666667,73489.0,5.215746574317245,744,98.11827956989248,97.71505376344086,True,5.215746574317245
2026-02-01,87,Matched,74977,114.64373088685016,654,Errol St (West),Errol23_T,-37.80454949,144.94921863,Outdoor,A,54262,20715,27.628472731637704,False,77322.0,-3.032772044178888,77670.33333333333,77640.0,-3.4299330242143227,672,97.32142857142857,97.61904761904762,True,-3.4299330242143227
2026-03-01,87,Matched,83567,115.42403314917128,724,Errol St (West),Errol23_T,-37.80454949,144.94921863,Outdoor,A,60597,22970,27.486926657651946,False,74977.0,11.456846766341679,78622.0,88216.0,-5.270019044164323,744,97.31182795698925,96.50537634408603,True,-5.270019044164323
2026-04-01,87,Matched,79054,114.90406976744184,688,Errol St (West),Errol23_T,-37.80454949,144.94921863,Outdoor,A,60176,18878,23.879879575986035,False,83567.0,-5.400457118240453,79199.33333333333,86909.0,-9.038189370490974,720,95.55555555555556,97.77777777777777,True,-9.038189370490974
2026-05-01,87,Matched,82749,116.22050561797752,712,Errol St (West),Errol23_T,-37.80454949,144.94921863,Outdoor,A,57563,25186,30.43662159059324,False,79054.0,4.674020289928403,81790.0,87169.0,-5.070609964551618,744,95.6989247311828,98.38709677419355,True,-5.070609964551618
2026-06-01,87,Matched,73132,107.2316715542522,682,Errol St (West),Errol23_T,-37.80454949,144.94921863,Outdoor,A,52654,20478,28.001422086090905,False,82749.0,-11.6218927116944,78311.66666666667,76280.0,-4.126900891452543,720,94.72222222222221,96.38888888888889,True,-4.126900891452543
2026-07-01,87,Matched,79438,110.33055555555556,720,Errol St (West),Errol23_T,-37.80454949,144.94921863,Outdoor,A,59690,19748,24.859638963720133,False,73132.0,8.622764316578243,78439.66666666667,84048.0,-5.484960974681134,744,96.7741935483871,97.17741935483872,True,-5.484960974681134
2026-08-01,87,Matched,80247,112.5483870967742,713,Errol St (West),Errol23_T,-37.80454949,144.94921863,Outdoor,A,53847,26400,32.898426109387266,False,79438.0,1.0184042901382209,77605.66666666667,86405.0,-7.126902378334588,744,95.83333333333334,97.17741935483872,True,-7.126902378334588
2024-10-01,107,Matched,126662,170.47375504710632,743,Royal Mint 280 William St,280Will_T,-37.81246271,144.95690188,Outdoor,A,101647,25015,19.74941182043549,False,,,,,,744,99.86559139784946,,False,
2024-11-01,107,Matched,117914,163.76944444444445,720,Royal Mint 280 William St,280Will_T,-37.81246271,144.95690188,Outdoor,A,90556,27358,23.20165544379802,False,126662.0,-6.90657024206155,,,,720,100.0,,False,
2024-12-01,107,Matched,112449,151.34454912516824,743,Royal Mint 280 William St,280Will_T,-37.81246271,144.95690188,Outdoor,A,86686,25763,22.91083068768953,False,117914.0,-4.634733789032685,119008.33333333333,,,744,99.86559139784946,,False,
2025-01-01,107,Matched,103693,139.55989232839838,743,Royal Mint 280 William St,280Will_T,-37.81246271,144.95690188,Outdoor,A,82183,21510,20.743926783871625,False,112449.0,-7.78664105505607,111352.0,,,744,99.86559139784946,,False,
2025-02-01,107,Matched,108628,161.64880952380952,672,Royal Mint 280 William St,280Will_T,-37.81246271,144.95690188,Outdoor,A,85703,22925,21.10413521375704,False,103693.0,4.759241221683238,108256.66666666667,,,672,100.0,,False,
2025-03-01,107,Matched,128712,173.2328398384926,743,Royal Mint 280 William St,280Will_T,-37.81246271,144.95690188,Outdoor,A,94742,33970,26.39225557834545,False,108628.0,18.48878742129101,113677.66666666667,,,744,99.86559139784946,,False,
2025-04-01,107,Matched,112783,156.64305555555555,720,Royal Mint 280 William St,280Will_T,-37.81246271,144.95690188,Outdoor,A,88240,24543,21.761258345672665,False,128712.0,-12.375691466219156,116707.66666666667,,,720,100.0,,False,
2025-05-01,107,Matched,116998,157.46702557200538,743,Royal Mint 280 William St,280Will_T,-37.81246271,144.95690188,Outdoor,A,89764,27234,23.277320979845808,False,112783.0,3.7372653680075896,119497.66666666667,,,744,99.86559139784946,,False,
2025-06-01,107,Matched,100625,140.34170153417014,717,Royal Mint 280 William St,280Will_T,-37.81246271,144.95690188,Outdoor,A,76701,23924,23.775403726708078,False,116998.0,-13.994256312073711,110135.33333333333,,,720,99.58333333333333,,False,
2025-07-01,107,Matched,113766,154.36363636363637,737,Royal Mint 280 William St,280Will_T,-37.81246271,144.95690188,Outdoor,A,89254,24512,21.545980345621714,False,100625.0,13.059378881987577,110463.0,,,744,99.05913978494624,,False,
2025-08-01,107,Matched,122916,165.4320323014805,743,Royal Mint 280 William St,280Will_T,-37.81246271,144.95690188,Outdoor,A,89673,33243,27.04529922874158,False,113766.0,8.042824745530298,112435.66666666667,,,744,99.86559139784946,,False,
2025-09-01,107,Matched,113951,158.4853963838665,719,Royal Mint 280 William St,280Will_T,-37.81246271,144.95690188,Outdoor,A,89087,24864,21.81990504690613,False,122916.0,-7.293598880536301,116877.66666666667,,,720,99.86111111111111,,False,
2025-10-01,107,Matched,132066,177.7469717362046,743,Royal Mint 280 William St,280Will_T,-37.81246271,144.95690188,Outdoor,A,105352,26714,20.227764905426078,False,113951.0,15.897183877280586,122977.66666666667,126662.0,4.266472975320144,744,99.86559139784946,99.86559139784946,True,4.266472975320144
2025-11-01,107,Matched,117653,163.40694444444443,720,Royal Mint 280 William St,280Will_T,-37.81246271,144.95690188,Outdoor,A,85648,32005,27.202876254749132,False,132066.0,-10.913482652613087,121223.33333333333,117914.0,-0.22134776192818495,720,100.0,100.0,True,-0.22134776192818495
2025-12-01,107,Matched,119180,160.18817204301075,744,Royal Mint 280 William St,280Will_T,-37.81246271,144.95690188,Outdoor,A,94484,24696,20.72159758348716,False,117653.0,1.2978844568349297,122966.33333333333,112449.0,5.985824684968296,744,100.0,99.86559139784946,True,5.985824684968296
2026-01-01,107,Matched,104784,141.21832884097034,742,Royal Mint 280 William St,280Will_T,-37.81246271,144.95690188,Outdoor,A,79110,25674,24.50183234081539,False,119180.0,-12.07920792079208,113872.33333333333,103693.0,1.0521443106092023,744,99.73118279569893,99.86559139784946,True,1.0521443106092023
2026-02-01,107,Matched,117863,176.1778774289985,669,Royal Mint 280 William St,280Will_T,-37.81246271,144.95690188,Outdoor,A,92251,25612,21.730314008637148,False,104784.0,12.48186746068102,113942.33333333333,108628.0,8.501491328202674,672,99.55357142857143,100.0,True,8.501491328202674
2026-03-01,107,Matched,113901,153.5053908355795,742,Royal Mint 280 William St,280Will_T,-37.81246271,144.95690188,Outdoor,A,85085,28816,25.299163308487195,False,117863.0,-3.3615299118468047,112182.66666666667,128712.0,-11.507085586425509,744,99.73118279569893,99.86559139784946,True,-11.507085586425509
2026-04-01,107,Matched,109590,152.20833333333334,720,Royal Mint 280 William St,280Will_T,-37.81246271,144.95690188,Outdoor,A,85376,24214,22.095081668035405,False,113901.0,-3.7848658045144465,113784.66666666667,112783.0,-2.8311004318026654,720,100.0,100.0,True,-2.8311004318026654
2026-05-01,107,Matched,114460,153.84408602150538,744,Royal Mint 280 William St,280Will_T,-37.81246271,144.95690188,Outdoor,A,84496,29964,26.178577669054693,False,109590.0,4.443836116433982,112650.33333333333,116998.0,-2.169267850732491,744,100.0,99.86559139784946,True,-2.169267850732491
2026-06-01,107,Matched,104011,146.28832630098452,711,Royal Mint 280 William St,280Will_T,-37.81246271,144.95690188,Outdoor,A,80342,23669,22.756246935420293,False,114460.0,-9.128953346147126,109353.66666666667,100625.0,3.364968944099379,720,98.75,99.58333333333333,True,3.364968944099379
2026-07-01,107,Matched,112052,154.76795580110496,724,Royal Mint 280 William St,280Will_T,-37.81246271,144.95690188,Outdoor,A,88628,23424,20.904580016420947,False,104011.0,7.7309130765015235,110174.33333333333,113766.0,-1.5066012692720145,744,97.31182795698925,99.05913978494624,True,-1.5066012692720145
2026-08-01,107,Matched,111666,151.3089430894309,738,Royal Mint 280 William St,280Will_T,-37.81246271,144.95690188,Outdoor,A,81409,30257,27.09598266258306,False,112052.0,-0.34448291864491487,109243.0,122916.0,-9.152592014058381,744,99.19354838709677,99.86559139784946,True,-9.152592014058381
2024-10-01,108,Matched,318580,428.7752355316285,743,William St - Little Lonsdale St (West),261Will_T,-37.81295822,144.95678789,Outdoor,A,291362,27218,8.5435369451943,False,,,,,,744,99.86559139784946,,False,
2024-11-01,108,Matched,278808,387.23333333333335,720,William St - Little Lonsdale St (West),261Will_T,-37.81295822,144.95678789,Outdoor,A,249492,29316,10.514762847551005,False,318580.0,-12.484148408562998,,,,720,100.0,,False,
2024-12-01,108,Matched,254512,342.0860215053763,744,William St - Little Lonsdale St (West),261Will_T,-37.81295822,144.95678789,Outdoor,A,223930,30582,12.015936380209972,False,278808.0,-8.714240624372328,283966.6666666667,,,744,100.0,,False,
2025-01-01,108,Matched,279691,375.9287634408602,744,William St - Little Lonsdale St (West),261Will_T,-37.81295822,144.95678789,Outdoor,A,251959,27732,9.91522787647797,False,254512.0,9.893050229458728,271003.6666666667,,,744,100.0,,False,
2025-02-01,108,Matched,343284,510.8392857142857,672,William St - Little Lonsdale St (West),261Will_T,-37.81295822,144.95678789,Outdoor,A,311380,31904,9.293762598897706,False,279691.0,22.7368774826505,292495.6666666667,,,672,100.0,,False,
2025-03-01,108,Matched,375785,505.7671601615074,743,William St - Little Lonsdale St (West),261Will_T,-37.81295822,144.95678789,Outdoor,A,331247,44538,11.851989834612878,False,343284.0,9.467671082835203,332920.0,,,744,99.86559139784946,,False,
2025-04-01,108,Matched,342505,475.7013888888889,720,William St - Little Lonsdale St (West),261Will_T,-37.81295822,144.95678789,Outdoor,A,306169,36336,10.608896220493133,False,375785.0,-8.856127839056906,353858.0,,,720,100.0,,False,
2025-05-01,108,Matched,376934,506.6317204301075,744,William St - Little Lonsdale St (West),261Will_T,-37.81295822,144.95678789,Outdoor,A,338584,38350,10.174194951901397,False,342505.0,10.052116027503248,365074.6666666667,,,744,100.0,,False,
2025-06-01,108,Matched,321763,447.5146036161335,719,William St - Little Lonsdale St (West),261Will_T,-37.81295822,144.95678789,Outdoor,A,288059,33704,10.474790451357055,False,376934.0,-14.636779913724949,347067.3333333333,,,720,99.86111111111111,,False,
2025-07-01,108,Matched,348386,468.260752688172,744,William St - Little Lonsdale St (West),261Will_T,-37.81295822,144.95678789,Outdoor,A,315249,33137,9.511576240147422,False,321763.0,8.27410236727032,349027.6666666667,,,744,100.0,,False,
2025-08-01,108,Matched,349310,469.502688172043,744,William St - Little Lonsdale St (West),261Will_T,-37.81295822,144.95678789,Outdoor,A,306497,42813,12.256448426898745,False,348386.0,0.26522305718369854,339819.6666666667,,,744,100.0,,False,
2025-09-01,108,Matched,320709,445.4291666666667,720,William St - Little Lonsdale St (West),261Will_T,-37.81295822,144.95678789,Outdoor,A,289725,30984,9.661094637194466,False,349310.0,-8.187856059087917,339468.3333333333,,,720,100.0,,False,
2025-10-01,108,Matched,370786,499.0390309555855,743,William St - Little Lonsdale St (West),261Will_T,-37.81295822,144.95678789,Outdoor,A,337078,33708,9.090958126790117,False,320709.0,15.614466697223964,346935.0,318580.0,16.387092723962585,744,99.86559139784946,99.86559139784946,True,16.387092723962585
2025-11-01,108,Matched,323761,450.29346314325454,719,William St - Little Lonsdale St (West),261Will_T,-37.81295822,144.95678789,Outdoor,A,281784,41977,12.965428201667278,False,370786.0,-12.682517678661007,338418.6666666667,278808.0,16.1232819718229,720,99.86111111111111,100.0,True,16.1232819718229
2025-12-01,108,Matched,314344,422.505376344086,744,William St - Little Lonsdale St (West),261Will_T,-37.81295822,144.95678789,Outdoor,A,279516,34828,11.079581604866007,False,323761.0,-2.908627042787735,336297.0,254512.0,23.5085182624002,744,100.0,100.0,True,23.5085182624002
2026-01-01,108,Matched,292673,393.377688172043,744,William St - Little Lonsdale St (West),261Will_T,-37.81295822,144.95678789,Outdoor,A,254863,37810,12.91885483115969,False,314344.0,-6.894039650828391,310259.3333333333,279691.0,4.641550854335677,744,100.0,100.0,True,4.641550854335677
2026-02-01,108,Matched,339609,505.3705357142857,672,William St - Little Lonsdale St (West),261Will_T,-37.81295822,144.95678789,Outdoor,A,304387,35222,10.371338804330865,False,292673.0,16.037010588609128,315542.0,343284.0,-1.0705421749921349,672,100.0,100.0,True,-1.0705421749921349
2026-03-01,108,Matched,357740,480.8333333333333,744,William St - Little Lonsdale St (West),261Will_T,-37.81295822,144.95678789,Outdoor,A,314899,42841,11.97545703583608,False,339609.0,5.338786663486539,330007.3333333333,375785.0,-4.801947922349216,744,100.0,99.86559139784946,True,-4.801947922349216
2026-04-01,108,Matched,344461,478.4180555555556,720,William St - Little Lonsdale St (West),261Will_T,-37.81295822,144.95678789,Outdoor,A,306258,38203,11.09066048115752,False,357740.0,-3.711913680326494,347270.0,342505.0,0.5710865534809711,720,100.0,100.0,True,0.5710865534809711
2026-05-01,108,Matched,357032,479.8817204301075,744,William St - Little Lonsdale St (West),261Will_T,-37.81295822,144.95678789,Outdoor,A,313162,43870,12.287414013309732,False,344461.0,3.649469751292599,353077.6666666667,376934.0,-5.279969437620379,744,100.0,100.0,True,-5.279969437620379
2026-06-01,108,Matched,331234,460.0472222222222,720,William St - Little Lonsdale St (West),261Will_T,-37.81295822,144.95678789,Outdoor,A,297549,33685,10.169547812120737,False,357032.0,-7.225682851957248,344242.3333333333,321763.0,2.9434708154759868,720,100.0,99.86111111111111,True,2.9434708154759868
2026-07-01,108,Matched,88578,473.6791443850268,187,William St - Little Lonsdale St (West),261Will_T,-37.81295822,144.95678789,Outdoor,A,79443,9135,10.31294452347084,False,331234.0,-73.25818001775181,258948.0,348386.0,-74.57475329089,744,25.134408602150536,100.0,False,
2024-10-01,109,Matched,172210,231.77658142664876,743,La Trobe St- William St (South),LatWill_T,-37.81193681,144.95621105,Outdoor,A,145784,26426,15.34521804773242,False,,,,,,744,99.86559139784946,,False,
2024-11-01,109,Matched,146323,203.2263888888889,720,La Trobe St- William St (South),LatWill_T,-37.81193681,144.95621105,Outdoor,A,119070,27253,18.625233216924205,False,172210.0,-15.032228093606642,,,,720,100.0,,False,
2024-12-01,109,Matched,118905,159.81854838709677,744,La Trobe St- William St (South),LatWill_T,-37.81193681,144.95621105,Outdoor,A,97665,21240,17.86299987384887,False,146323.0,-18.737997444010855,145812.66666666666,,,744,100.0,,False,
2025-01-01,109,Matched,115849,155.71102150537635,744,La Trobe St- William St (South),LatWill_T,-37.81193681,144.95621105,Outdoor,A,98201,17648,15.233623078317466,False,118905.0,-2.570119002565073,127025.66666666667,,,744,100.0,,False,
2025-02-01,109,Matched,128985,191.94196428571428,672,La Trobe St- William St (South),LatWill_T,-37.81193681,144.95621105,Outdoor,A,108981,20004,15.50878009070822,False,115849.0,11.338898048321521,121246.33333333333,,,672,100.0,,False,
2025-03-01,109,Matched,157641,211.88306451612905,744,La Trobe St- William St (South),LatWill_T,-37.81193681,144.95621105,Outdoor,A,126713,30928,19.619261486542207,False,128985.0,22.21653680660542,134158.33333333334,,,744,100.0,,False,
2025-04-01,109,Matched,143494,199.57440890125173,719,La Trobe St- William St (South),LatWill_T,-37.81193681,144.95621105,Outdoor,A,119178,24316,16.945656264373422,False,157641.0,-8.97418818708331,143373.33333333334,,,720,99.86111111111111,,False,
2025-05-01,109,Matched,154832,208.1075268817204,744,La Trobe St- William St (South),LatWill_T,-37.81193681,144.95621105,Outdoor,A,129175,25657,16.570863904102513,False,143494.0,7.901375667275287,151989.0,,,744,100.0,,False,
2025-06-01,109,Matched,118823,167.1209563994374,711,La Trobe St- William St (South),LatWill_T,-37.81193681,144.95621105,Outdoor,A,98184,20639,17.369532834552235,False,154832.0,-23.25682029554614,139049.66666666666,,,720,98.75,,False,
2025-07-01,109,Matched,131979,177.39112903225808,744,La Trobe St- William St (South),LatWill_T,-37.81193681,144.95621105,Outdoor,A,110204,21775,16.498836936179238,False,118823.0,11.07193051850231,135211.33333333334,,,744,100.0,,False,
2025-08-01,109,Matched,135396,182.22880215343204,743,La Trobe St- William St (South),LatWill_T,-37.81193681,144.95621105,Outdoor,A,108530,26866,19.84253596856628,False,131979.0,2.5890482576773577,128732.66666666667,,,744,99.86559139784946,,False,
2025-09-01,109,Matched,126406,175.80806675938803,719,La Trobe St- William St (South),LatWill_T,-37.81193681,144.95621105,Outdoor,A,106985,19421,15.363985886745882,False,135396.0,-6.639782563738958,131260.33333333334,,,720,99.86111111111111,,False,
2025-10-01,109,Matched,145575,195.92866756393,743,La Trobe St- William St (South),LatWill_T,-37.81193681,144.95621105,Outdoor,A,125354,20221,13.890434483942984,False,126406.0,15.16462826131671,135792.33333333334,172210.0,-15.46658149933221,744,99.86559139784946,99.86559139784946,True,-15.46658149933221
2025-11-01,109,Matched,129679,180.36022253129343,719,La Trobe St- William St (South),LatWill_T,-37.81193681,144.95621105,Outdoor,A,102439,27240,21.005714109454885,False,145575.0,-10.91945732440323,133886.66666666666,146323.0,-11.374835125031609,720,99.86111111111111,100.0,True,-11.374835125031609
2025-12-01,109,Matched,117808,158.34408602150538,744,La Trobe St- William St (South),LatWill_T,-37.81193681,144.95621105,Outdoor,A,96743,21065,17.880789080537824,False,129679.0,-9.154142151003631,131020.66666666667,118905.0,-0.9225852571380514,744,100.0,100.0,True,-0.9225852571380514
2026-01-01,109,Matched,104841,140.91532258064515,744,La Trobe St- William St (South),LatWill_T,-37.81193681,144.95621105,Outdoor,A,85544,19297,18.4059671311796,False,117808.0,-11.006892570962922,117442.66666666667,115849.0,-9.502024186656769,744,100.0,100.0,True,-9.502024186656769
2026-02-01,109,Matched,121644,181.01785714285717,672,La Trobe St- William St (South),LatWill_T,-37.81193681,144.95621105,Outdoor,A,102392,19252,15.82651014435566,False,104841.0,16.027126791999315,114764.33333333333,128985.0,-5.6913594604023725,672,100.0,100.0,True,-5.6913594604023725
2026-03-01,109,Matched,143649,193.3364737550471,743,La Trobe St- William St (South),LatWill_T,-37.81193681,144.95621105,Outdoor,A,116256,27393,19.06939832508406,False,121644.0,18.08967150044392,123378.0,157641.0,-8.875863512664854,744,99.86559139784946,100.0,True,-8.875863512664854
2026-04-01,109,Matched,134586,186.925,720,La Trobe St- William St (South),LatWill_T,-37.81193681,144.95621105,Outdoor,A,111731,22855,16.9817068640126,False,143649.0,-6.309128500720506,133293.0,143494.0,-6.2079250700377715,720,100.0,99.86111111111111,True,-6.2079250700377715
2026-05-01,109,Matched,138862,186.89367429340516,743,La Trobe St- William St (South),LatWill_T,-37.81193681,144.95621105,Outdoor,A,112430,26432,19.03472512278377,False,134586.0,3.1771506694604192,139032.33333333334,154832.0,-10.31440529089594,744,99.86559139784946,100.0,True,-10.31440529089594
2026-06-01,109,Matched,124134,172.40833333333333,720,La Trobe St- William St (South),LatWill_T,-37.81193681,144.95621105,Outdoor,A,104479,19655,15.833695844812864,False,138862.0,-10.60621336290706,132527.33333333334,118823.0,4.46967337973288,720,100.0,98.75,True,4.46967337973288
2026-07-01,109,Matched,137719,185.1061827956989,744,La Trobe St- William St (South),LatWill_T,-37.81193681,144.95621105,Outdoor,A,116247,21472,15.591167522273617,False,124134.0,10.943818776483477,133571.66666666666,131979.0,4.349176762969866,744,100.0,100.0,True,4.349176762969866
2026-08-01,109,Matched,139802,188.66666666666663,741,La Trobe St- William St (South),LatWill_T,-37.81193681,144.95621105,Outdoor,A,111886,27916,19.968240797699604,False,137719.0,1.5125000907645278,133885.0,135396.0,3.2541581730627196,744,99.59677419354838,99.86559139784946,True,3.2541581730627196
2024-10-01,117,Matched,174216,235.42702702702704,740,114 Flinders Street Car Park Footpath,Fli114F_T,-37.81629332,144.97090877,Outdoor,A,125969,48247,27.693782431005182,False,,,,,,744,99.46236559139786,,False,
2024-11-01,117,Matched,164856,229.9246861924686,717,114 Flinders Street Car Park Footpath,Fli114F_T,-37.81629332,144.97090877,Outdoor,A,120755,44101,26.75122531178726,False,174216.0,-5.372640859622538,,,,720,99.58333333333333,,False,
2024-12-01,117,Matched,187109,251.49059139784947,744,114 Flinders Street Car Park Footpath,Fli114F_T,-37.81629332,144.97090877,Outdoor,A,134955,52154,27.87359239801399,False,164856.0,13.498447129616151,175393.66666666666,,,744,100.0,,False,
2025-01-01,117,Matched,186932,251.59084791386272,743,114 Flinders Street Car Park Footpath,Fli114F_T,-37.81629332,144.97090877,Outdoor,A,139696,47236,25.2690818051484,False,187109.0,-0.09459726683377069,179632.33333333334,,,744,99.86559139784946,,False,
2025-02-01,117,Matched,155019,232.41229385307344,667,114 Flinders Street Car Park Footpath,Fli114F_T,-37.81629332,144.97090877,Outdoor,A,118970,36049,23.254568794792892,False,186932.0,-17.07198339503135,176353.33333333334,,,672,99.25595238095238,,False,
2025-03-01,117,Matched,192915,259.2943548387097,744,114 Flinders Street Car Park Footpath,Fli114F_T,-37.81629332,144.97090877,Outdoor,A,135142,57773,29.94738615452401,False,155019.0,24.446035647243242,178288.66666666666,,,744,100.0,,False,
2025-04-01,117,Matched,174827,242.81527777777777,720,114 Flinders Street Car Park Footpath,Fli114F_T,-37.81629332,144.97090877,Outdoor,A,131912,42915,24.54712372802828,False,192915.0,-9.376150117927583,174253.66666666666,,,720,100.0,,False,
2025-05-01,117,Matched,178596,240.371467025572,743,114 Flinders Street Car Park Footpath,Fli114F_T,-37.81629332,144.97090877,Outdoor,A,124400,54196,30.345584447580016,False,174827.0,2.1558454929730533,182112.66666666666,,,744,99.86559139784946,,False,
2025-06-01,117,Matched,145721,203.8055944055944,715,114 Flinders Street Car Park Footpath,Fli114F_T,-37.81629332,144.97090877,Outdoor,A,100577,45144,30.979748972351278,False,178596.0,-18.407467132522566,166381.33333333334,,,720,99.30555555555556,,False,
2025-07-01,117,Matched,170012,229.43589743589743,741,114 Flinders Street Car Park Footpath,Fli114F_T,-37.81629332,144.97090877,Outdoor,A,117731,52281,30.751358727619227,False,145721.0,16.6695260120367,164776.33333333334,,,744,99.59677419354838,,False,
2025-08-01,117,Matched,171693,232.0175675675676,740,114 Flinders Street Car Park Footpath,Fli114F_T,-37.81629332,144.97090877,Outdoor,A,115813,55880,32.54646374633794,False,170012.0,0.9887537350304685,162475.33333333334,,,744,99.46236559139786,,False,
2025-09-01,117,Matched,154973,215.5396383866481,719,114 Flinders Street Car Park Footpath,Fli114F_T,-37.81629332,144.97090877,Outdoor,A,118191,36782,23.73445696992379,False,171693.0,-9.738311987093242,165559.33333333334,,,720,99.86111111111111,,False,
2025-10-01,117,Matched,179991,243.5602165087957,739,114 Flinders Street Car Park Footpath,Fli114F_T,-37.81629332,144.97090877,Outdoor,A,131832,48159,26.756337816890845,False,154973.0,16.14345724739148,168885.66666666666,174216.0,3.314850530376085,744,99.32795698924731,99.46236559139786,True,3.314850530376085
2025-11-01,117,Matched,164979,230.73986013986013,715,114 Flinders Street Car Park Footpath,Fli114F_T,-37.81629332,144.97090877,Outdoor,A,115991,48988,29.693476139387435,False,179991.0,-8.340417020851042,166647.66666666666,164856.0,0.07461056922405007,720,99.30555555555556,99.58333333333333,True,0.07461056922405007
2025-12-01,117,Matched,179108,241.38544474393527,742,114 Flinders Street Car Park Footpath,Fli114F_T,-37.81629332,144.97090877,Outdoor,A,137500,41608,23.230676463362887,False,164979.0,8.564120281975281,174692.66666666666,187109.0,-4.276117129587567,744,99.73118279569893,100.0,True,-4.276117129587567
2026-01-01,117,Matched,177010,238.55795148247975,742,114 Flinders Street Car Park Footpath,Fli114F_T,-37.81629332,144.97090877,Outdoor,A,130384,46626,26.3408846957799,False,179108.0,-1.171360296580834,173699.0,186932.0,-5.307812466565382,744,99.73118279569893,99.86559139784946,True,-5.307812466565382
2026-02-01,117,Matched,151954,226.45901639344265,671,114 Flinders Street Car Park Footpath,Fli114F_T,-37.81629332,144.97090877,Outdoor,A,112697,39257,25.83479210813799,False,177010.0,-14.155132478391053,169357.33333333334,155019.0,-1.9771769912075294,672,99.85119047619048,99.25595238095238,True,-1.9771769912075294
2026-03-01,117,Matched,178698,241.8105548037889,739,114 Flinders Street Car Park Footpath,Fli114F_T,-37.81629332,144.97090877,Outdoor,A,125710,52988,29.65226247635676,False,151954.0,17.600063177014096,169220.66666666666,192915.0,-7.369566907705466,744,99.32795698924731,100.0,True,-7.369566907705466
2026-04-01,117,Matched,152833,219.90359712230216,695,114 Flinders Street Car Park Footpath,Fli114F_T,-37.81629332,144.97090877,Outdoor,A,115434,37399,24.47050048091708,False,178698.0,-14.47414072905125,161161.66666666666,174827.0,-12.580436660241268,720,96.52777777777779,100.0,True,-12.580436660241268
2026-05-01,117,Matched,146918,198.8064952638701,739,114 Flinders Street Car Park Footpath,Fli114F_T,-37.81629332,144.97090877,Outdoor,A,100209,46709,31.792564559822484,False,152833.0,-3.870237448718536,159483.0,178596.0,-17.737239355864634,744,99.32795698924731,99.86559139784946,True,-17.737239355864634
2026-06-01,117,Matched,135355,197.5985401459854,685,114 Flinders Street Car Park Footpath,Fli114F_T,-37.81629332,144.97090877,Outdoor,A,100001,35354,26.11946363266965,False,146918.0,-7.870376672701779,145035.33333333334,145721.0,-7.113593785384399,720,95.13888888888889,99.30555555555556,True,-7.113593785384399
2026-07-01,117,Matched,146711,199.60680272108843,735,114 Flinders Street Car Park Footpath,Fli114F_T,-37.81629332,144.97090877,Outdoor,A,107000,39711,27.067500051120916,False,135355.0,8.389789811975914,142994.66666666666,170012.0,-13.705503140954756,744,98.79032258064517,99.59677419354838,True,-13.705503140954756
2026-08-01,117,Matched,140558,192.0191256830601,732,114 Flinders Street Car Park Footpath,Fli114F_T,-37.81629332,144.97090877,Outdoor,A,97556,43002,30.59377623472161,False,146711.0,-4.193959553135075,140874.66666666666,171693.0,-18.134111466396416,744,98.38709677419355,99.46236559139786,True,-18.134111466396416
2024-10-01,118,Matched,18107,28.116459627329192,644,114 Flinders Street Car Park Crossing,Fli114C_T,-37.81632783,144.97090512,Outdoor,A,13324,4783,26.41519854200033,False,,,,,,744,86.55913978494624,,False,
2024-11-01,118,Matched,18395,29.86201298701299,616,114 Flinders Street Car Park Crossing,Fli114C_T,-37.81632783,144.97090512,Outdoor,A,13413,4982,27.08344658874694,False,18107.0,1.5905450930579335,,,,720,85.55555555555556,,False,
2024-12-01,118,Matched,21649,33.20398773006135,652,114 Flinders Street Car Park Crossing,Fli114C_T,-37.81632783,144.97090512,Outdoor,A,14775,6874,31.752043974317523,False,18395.0,17.68958956238108,19383.666666666668,,,744,87.63440860215054,,False,
2025-01-01,118,Matched,26403,40.74537037037037,648,114 Flinders Street Car Park Crossing,Fli114C_T,-37.81632783,144.97090512,Outdoor,A,18749,7654,28.98913002310344,False,21649.0,21.959443854219597,22149.0,,,744,87.09677419354838,,False,
2025-02-01,118,Matched,17536,30.550522648083625,574,114 Flinders Street Car Park Crossing,Fli114C_T,-37.81632783,144.97090512,Outdoor,A,13138,4398,25.07983576642336,False,26403.0,-33.583304927470365,21862.666666666668,,,672,85.41666666666666,,False,
2025-03-01,118,Matched,21334,33.43887147335423,638,114 Flinders Street Car Park Crossing,Fli114C_T,-37.81632783,144.97090512,Outdoor,A,14709,6625,31.05371707134152,False,17536.0,21.658302919708028,21757.666666666668,,,744,85.75268817204301,,False,
2025-04-01,118,Matched,17556,29.45637583892617,596,114 Flinders Street Car Park Crossing,Fli114C_T,-37.81632783,144.97090512,Outdoor,A,12683,4873,27.75689223057644,False,21334.0,-17.70882159932502,18808.666666666668,,,720,82.77777777777777,,False,
2025-05-01,118,Matched,17682,28.845024469820554,613,114 Flinders Street Car Park Crossing,Fli114C_T,-37.81632783,144.97090512,Outdoor,A,11686,5996,33.910191154846736,False,17556.0,0.7177033492822966,18857.333333333332,,,744,82.39247311827957,,False,
2025-06-01,118,Matched,14858,24.76333333333333,600,114 Flinders Street Car Park Crossing,Fli114C_T,-37.81632783,144.97090512,Outdoor,A,10314,4544,30.582850989366,False,17682.0,-15.971043999547563,16698.666666666668,,,720,83.33333333333334,,False,
2025-07-01,118,Matched,16970,27.41518578352181,619,114 Flinders Street Car Park Crossing,Fli114C_T,-37.81632783,144.97090512,Outdoor,A,11843,5127,30.2121390689452,False,14858.0,14.21456454435321,16503.333333333332,,,744,83.1989247311828,,False,
2025-08-01,118,Matched,17937,28.516693163751988,629,114 Flinders Street Car Park Crossing,Fli114C_T,-37.81632783,144.97090512,Outdoor,A,11814,6123,34.13614316775381,False,16970.0,5.6982911019446085,16588.333333333332,,,744,84.54301075268818,,False,
2025-09-01,118,Matched,16630,26.693418940609952,623,114 Flinders Street Car Park Crossing,Fli114C_T,-37.81632783,144.97090512,Outdoor,A,12698,3932,23.64401683704149,False,17937.0,-7.286614261024697,17179.0,,,720,86.52777777777779,,False,
2025-10-01,118,Matched,18935,29.5859375,640,114 Flinders Street Car Park Crossing,Fli114C_T,-37.81632783,144.97090512,Outdoor,A,14053,4882,25.78294164246105,False,16630.0,13.86049308478653,17834.0,18107.0,4.572817142541559,744,86.02150537634408,86.55913978494624,False,
2025-11-01,118,Matched,18223,29.391935483870967,620,114 Flinders Street Car Park Crossing,Fli114C_T,-37.81632783,144.97090512,Outdoor,A,11855,6368,34.94484991494266,False,18935.0,-3.760232373910747,17929.333333333332,18395.0,-0.9350366947540092,720,86.11111111111111,85.55555555555556,False,
2025-12-01,118,Matched,19658,30.52484472049689,644,114 Flinders Street Car Park Crossing,Fli114C_T,-37.81632783,144.97090512,Outdoor,A,14518,5140,26.147115678095435,False,18223.0,7.874663886297537,18938.666666666668,21649.0,-9.196729641091968,744,86.55913978494624,87.63440860215054,False,
2026-01-01,118,Matched,24781,37.94946401225115,653,114 Flinders Street Car Park Crossing,Fli114C_T,-37.81632783,144.97090512,Outdoor,A,17525,7256,29.28049715507849,False,19658.0,26.06063689083325,20887.333333333332,26403.0,-6.14324129833731,744,87.76881720430107,87.09677419354838,False,
2026-02-01,118,Matched,16679,29.108202443280977,573,114 Flinders Street Car Park Crossing,Fli114C_T,-37.81632783,144.97090512,Outdoor,A,11417,5262,31.54865399604293,False,24781.0,-32.69440297001735,20372.666666666668,17536.0,-4.887089416058394,672,85.26785714285714,85.41666666666666,False,
2026-03-01,118,Matched,19913,31.01713395638629,642,114 Flinders Street Car Park Crossing,Fli114C_T,-37.81632783,144.97090512,Outdoor,A,13331,6582,33.05378396022699,False,16679.0,19.38965165777325,20457.666666666668,21334.0,-6.660729352207744,744,86.29032258064517,85.75268817204301,False,
2026-04-01,118,Matched,15686,25.92727272727273,605,114 Flinders Street Car Park Crossing,Fli114C_T,-37.81632783,144.97090512,Outdoor,A,11182,4504,28.713502486293518,False,19913.0,-21.227338924320797,17426.0,17556.0,-10.651629072681704,720,84.02777777777779,82.77777777777777,False,
2026-05-01,118,Matched,15873,24.8015625,640,114 Flinders Street Car Park Crossing,Fli114C_T,-37.81632783,144.97090512,Outdoor,A,9757,6116,38.53083853083853,False,15686.0,1.1921458625525947,17157.333333333332,17682.0,-10.230743128605361,744,86.02150537634408,82.39247311827957,False,
2026-06-01,118,Matched,13596,22.927487352445198,593,114 Flinders Street Car Park Crossing,Fli114C_T,-37.81632783,144.97090512,Outdoor,A,9355,4241,31.19299794057076,False,15873.0,-14.345114345114347,15051.666666666666,14858.0,-8.493740745726209,720,82.36111111111111,83.33333333333334,False,
2026-07-01,118,Matched,15646,24.914012738853504,628,114 Flinders Street Car Park Crossing,Fli114C_T,-37.81632783,144.97090512,Outdoor,A,10769,4877,31.17090630193021,False,13596.0,15.077964107090322,15038.333333333334,16970.0,-7.802003535651149,744,84.40860215053763,83.1989247311828,False,
2026-08-01,118,Matched,14770,23.22327044025157,636,114 Flinders Street Car Park Crossing,Fli114C_T,-37.81632783,144.97090512,Outdoor,A,9700,5070,34.326337169939066,False,15646.0,-5.598875111849674,14670.666666666666,17937.0,-17.65624128895579,744,85.48387096774194,84.54301075268818,False,
2024-10-01,123,Matched,5780,12.675438596491228,456,Birrarung Marr East - Batman Ave Bridge Entry,BirBridge_T,-37.81753741,144.97329734,Outdoor,A,4184,1596,27.612456747404845,False,,,,,,744,61.29032258064516,,False,
2024-11-01,123,Matched,4409,9.52267818574514,463,Birrarung Marr East - Batman Ave Bridge Entry,BirBridge_T,-37.81753741,144.97329734,Outdoor,A,3429,980,22.22726241778181,False,5780.0,-23.719723183391004,,,,720,64.30555555555556,,False,
2024-12-01,123,Matched,14149,26.545966228893057,533,Birrarung Marr East - Batman Ave Bridge Entry,BirBridge_T,-37.81753741,144.97329734,Outdoor,A,9878,4271,30.185878860696867,False,4409.0,220.9117713767294,8112.666666666667,,,744,71.63978494623656,,False,
2025-01-01,123,Matched,41509,68.95182724252491,602,Birrarung Marr East - Batman Ave Bridge Entry,BirBridge_T,-37.81753741,144.97329734,Outdoor,A,30326,11183,26.941145293791703,False,14149.0,193.37055622305462,20022.333333333332,,,744,80.91397849462365,,False,
2025-02-01,123,Matched,24484,50.37860082304527,486,Birrarung Marr East - Batman Ave Bridge Entry,BirBridge_T,-37.81753741,144.97329734,Outdoor,A,18845,5639,23.031367423623596,False,41509.0,-41.01520152256137,26714.0,,,672,72.32142857142857,,False,
2025-03-01,123,Matched,36651,66.03783783783784,555,Birrarung Marr East - Batman Ave Bridge Entry,BirBridge_T,-37.81753741,144.97329734,Outdoor,A,23279,13372,36.48467981774031,False,24484.0,49.69367750367587,34214.666666666664,,,744,74.59677419354838,,False,
2025-04-01,123,Matched,28172,57.72950819672131,488,Birrarung Marr East - Batman Ave Bridge Entry,BirBridge_T,-37.81753741,144.97329734,Outdoor,A,20998,7174,25.465000709924745,False,36651.0,-23.13443016561622,29769.0,,,720,67.77777777777779,,False,
2025-05-01,123,Matched,28613,58.39387755102041,490,Birrarung Marr East - Batman Ave Bridge Entry,BirBridge_T,-37.81753741,144.97329734,Outdoor,A,18625,9988,34.90721000943627,False,28172.0,1.5653840692886551,31145.333333333332,,,744,65.86021505376344,,False,
2025-06-01,123,Matched,19601,46.22877358490566,424,Birrarung Marr East - Batman Ave Bridge Entry,BirBridge_T,-37.81753741,144.97329734,Outdoor,A,13365,6236,31.81470333146268,False,28613.0,-31.49617306818579,25462.0,,,720,58.88888888888889,,False,
2025-07-01,123,Matched,23618,53.43438914027149,442,Birrarung Marr East - Batman Ave Bridge Entry,BirBridge_T,-37.81753741,144.97329734,Outdoor,A,16066,7552,31.975611821492084,False,19601.0,20.493852354471713,23944.0,,,744,59.40860215053764,,False,
2025-08-01,123,Matched,26985,55.63917525773196,485,Birrarung Marr East - Batman Ave Bridge Entry,BirBridge_T,-37.81753741,144.97329734,Outdoor,A,17374,9611,35.61608300907912,False,23618.0,14.256075874333135,23401.333333333332,,,744,65.18817204301075,,False,
2025-09-01,123,Matched,27625,57.914046121593294,477,Birrarung Marr East - Batman Ave Bridge Entry,BirBridge_T,-37.81753741,144.97329734,Outdoor,A,21062,6563,23.757466063348417,False,26985.0,2.3716879748008153,26076.0,,,720,66.25,,False,
2025-10-01,123,Matched,33099,62.56899810964083,529,Birrarung Marr East - Batman Ave Bridge Entry,BirBridge_T,-37.81753741,144.97329734,Outdoor,A,24818,8281,25.018882745702285,False,27625.0,19.815384615384616,29236.333333333332,5780.0,472.6470588235294,744,71.10215053763442,61.29032258064516,False,
2025-11-01,123,Matched,29755,57.5531914893617,517,Birrarung Marr East - Batman Ave Bridge Entry,BirBridge_T,-37.81753741,144.97329734,Outdoor,A,22318,7437,24.99411863552344,False,33099.0,-10.103024260551678,30159.666666666668,4409.0,574.8695849398957,720,71.80555555555556,64.30555555555556,False,
2025-12-01,123,Matched,29551,51.39304347826087,575,Birrarung Marr East - Batman Ave Bridge Entry,BirBridge_T,-37.81753741,144.97329734,Outdoor,A,23001,6550,22.165070555987956,False,29755.0,-0.6855990589816838,30801.666666666668,14149.0,108.85574952293449,744,77.28494623655914,71.63978494623656,False,
2026-01-01,123,Matched,36659,57.913112164297,633,Birrarung Marr East - Batman Ave Bridge Entry,BirBridge_T,-37.81753741,144.97329734,Outdoor,A,26931,9728,26.536457622957528,False,29551.0,24.053331528543872,31988.333333333332,41509.0,-11.68421306222747,744,85.08064516129032,80.91397849462365,False,
2026-02-01,123,Matched,19078,38.156,500,Birrarung Marr East - Batman Ave Bridge Entry,BirBridge_T,-37.81753741,144.97329734,Outdoor,A,13010,6068,31.80626900094349,False,36659.0,-47.958209443792796,28429.333333333332,24484.0,-22.079725535043295,672,74.40476190476191,72.32142857142857,False,
2026-03-01,123,Matched,39509,73.71082089552239,536,Birrarung Marr East - Batman Ave Bridge Entry,BirBridge_T,-37.81753741,144.97329734,Outdoor,A,22730,16779,42.46880457617252,False,19078.0,107.09193835831847,31748.666666666668,36651.0,7.797877274835612,744,72.04301075268818,74.59677419354838,False,
2026-04-01,123,Matched,22989,46.916326530612245,490,Birrarung Marr East - Batman Ave Bridge Entry,BirBridge_T,-37.81753741,144.97329734,Outdoor,A,16774,6215,27.034668754621777,False,39509.0,-41.81325773874307,27192.0,28172.0,-18.397699843816557,720,68.05555555555556,67.77777777777779,False,
2026-05-01,123,Matched,19663,42.74565217391304,460,Birrarung Marr East - Batman Ave Bridge Entry,BirBridge_T,-37.81753741,144.97329734,Outdoor,A,14188,5475,27.844174337588363,False,22989.0,-14.467788942537736,27387.0,28613.0,-31.279488344458812,744,61.82795698924731,65.86021505376344,False,
2026-06-01,123,Matched,15889,40.12373737373738,396,Birrarung Marr East - Batman Ave Bridge Entry,BirBridge_T,-37.81753741,144.97329734,Outdoor,A,11879,4010,25.237585751148597,False,19663.0,-19.193408940649952,19513.666666666668,19601.0,-18.93780929544411,720,55.00000000000001,58.88888888888889,False,
2026-07-01,123,Matched,19173,47.34074074074074,405,Birrarung Marr East - Batman Ave Bridge Entry,BirBridge_T,-37.81753741,144.97329734,Outdoor,A,14056,5117,26.688572471705,False,15889.0,20.668386934357102,18241.666666666668,23618.0,-18.820391227030232,744,54.43548387096774,59.40860215053764,False,
2026-08-01,123,Matched,19647,45.47916666666666,432,Birrarung Marr East - Batman Ave Bridge Entry,BirBridge_T,-37.81753741,144.97329734,Outdoor,A,12940,6707,34.13752735786634,False,19173.0,2.4722265686121108,18236.333333333332,26985.0,-27.192884936075597,744,58.06451612903226,65.18817204301075,False,
2024-12-01,124,Matched,1568,9.61963190184049,163,Birrarung Marr East - Batman Ave Bridge Entry,BirBridge_T,-37.81757416,144.97329934,Outdoor,A,1080,488,31.12244897959184,False,,,,,,744,21.908602150537636,,False,
2025-01-01,124,Matched,7142,15.32618025751073,466,Birrarung Marr East - Batman Ave Bridge Entry,BirBridge_T,-37.81757416,144.97329934,Outdoor,A,5307,1835,25.6930831699804,False,1568.0,355.484693877551,,,,744,62.634408602150536,,False,
2025-02-01,124,Matched,3267,8.642857142857142,378,Birrarung Marr East - Batman Ave Bridge Entry,BirBridge_T,-37.81757416,144.97329934,Outdoor,A,2571,696,21.30394857667585,False,7142.0,-54.256510781293755,3992.3333333333335,,,672,56.25,,False,
2025-03-01,124,Matched,3562,9.627027027027028,370,Birrarung Marr East - Batman Ave Bridge Entry,BirBridge_T,-37.81757416,144.97329934,Outdoor,A,2646,916,25.715889949466597,False,3267.0,9.029690847872667,4657.0,,,744,49.73118279569893,,False,
2025-04-01,124,Matched,3682,10.371830985915492,355,Birrarung Marr East - Batman Ave Bridge Entry,BirBridge_T,-37.81757416,144.97329934,Outdoor,A,2642,1040,28.24551873981532,False,3562.0,3.3688938798427848,3503.6666666666665,,,720,49.30555555555556,,False,
2025-05-01,124,Matched,3613,10.626470588235296,340,Birrarung Marr East - Batman Ave Bridge Entry,BirBridge_T,-37.81757416,144.97329934,Outdoor,A,2261,1352,37.42042623858289,False,3682.0,-1.8739815317762087,3619.0,,,744,45.69892473118279,,False,
2025-06-01,124,Matched,2509,8.534013605442176,294,Birrarung Marr East - Batman Ave Bridge Entry,BirBridge_T,-37.81757416,144.97329934,Outdoor,A,1659,850,33.87803905938621,False,3613.0,-30.55632438416828,3268.0,,,720,40.833333333333336,,False,
2025-07-01,124,Matched,2756,8.777070063694268,314,Birrarung Marr East - Batman Ave Bridge Entry,BirBridge_T,-37.81757416,144.97329934,Outdoor,A,1736,1020,37.010159651669085,False,2509.0,9.844559585492227,2959.3333333333335,,,744,42.204301075268816,,False,
2025-08-01,124,Matched,3212,9.391812865497077,342,Birrarung Marr East - Batman Ave Bridge Entry,BirBridge_T,-37.81757416,144.97329934,Outdoor,A,1906,1306,40.66002490660025,False,2756.0,16.545718432510885,2825.6666666666665,,,744,45.96774193548387,,False,
2025-09-01,124,Matched,3618,10.24929178470255,353,Birrarung Marr East - Batman Ave Bridge Entry,BirBridge_T,-37.81757416,144.97329934,Outdoor,A,2792,826,22.83029297954671,False,3212.0,12.640099626400996,3195.3333333333335,,,720,49.02777777777778,,False,
2025-10-01,124,Matched,3155,8.324538258575197,379,Birrarung Marr East - Batman Ave Bridge Entry,BirBridge_T,-37.81757416,144.97329934,Outdoor,A,2406,749,23.740095087163237,False,3618.0,-12.797125483692648,3328.3333333333335,,,744,50.94086021505376,,False,
2025-11-01,124,Matched,2404,6.829545454545454,352,Birrarung Marr East - Batman Ave Bridge Entry,BirBridge_T,-37.81757416,144.97329934,Outdoor,A,1772,632,26.28951747088186,False,3155.0,-23.803486529318544,3059.0,,,720,48.888888888888886,,False,
2025-12-01,124,Matched,1867,4.6675,400,Birrarung Marr East - Batman Ave Bridge Entry,BirBridge_T,-37.81757416,144.97329934,Outdoor,A,1548,319,17.086234600964115,False,2404.0,-22.337770382695506,2475.3333333333335,1568.0,19.068877551020407,744,53.76344086021505,21.908602150537636,False,
2026-01-01,124,Matched,3196,7.664268585131895,417,Birrarung Marr East - Batman Ave Bridge Entry,BirBridge_T,-37.81757416,144.97329934,Outdoor,A,2424,772,24.155193992490613,False,1867.0,71.18371719335833,2489.0,7142.0,-55.250630075609074,744,56.048387096774185,62.634408602150536,False,
2026-02-01,124,Matched,1295,4.0092879256965945,323,Birrarung Marr East - Batman Ave Bridge Entry,BirBridge_T,-37.81757416,144.97329934,Outdoor,A,894,401,30.965250965250966,False,3196.0,-59.48060075093867,2119.3333333333335,3267.0,-60.3611876339149,672,48.06547619047619,56.25,False,
2026-03-01,124,Matched,2209,6.817901234567901,324,Birrarung Marr East - Batman Ave Bridge Entry,BirBridge_T,-37.81757416,144.97329934,Outdoor,A,1174,1035,46.85377999094613,False,1295.0,70.57915057915058,2233.3333333333335,3562.0,-37.9842784952274,744,43.54838709677419,49.73118279569893,False,
2026-04-01,124,Matched,895,3.4423076923076925,260,Birrarung Marr East - Batman Ave Bridge Entry,BirBridge_T,-37.81757416,144.97329934,Outdoor,A,584,311,34.74860335195531,False,2209.0,-59.483929379809865,1466.3333333333333,3682.0,-75.69255839217817,720,36.11111111111111,49.30555555555556,False,
2026-05-01,124,Matched,666,3.297029702970297,202,Birrarung Marr East - Batman Ave Bridge Entry,BirBridge_T,-37.81757416,144.97329934,Outdoor,A,479,187,28.07807807807808,False,895.0,-25.58659217877095,1256.6666666666667,3613.0,-81.56656518128979,744,27.1505376344086,45.69892473118279,False,
2026-06-01,124,Matched,466,2.56043956043956,182,Birrarung Marr East - Batman Ave Bridge Entry,BirBridge_T,-37.81757416,144.97329934,Outdoor,A,290,176,37.76824034334764,False,666.0,-30.03003003003003,675.6666666666666,2509.0,-81.42686329214827,720,25.27777777777778,40.833333333333336,False,
2026-07-01,124,Matched,486,2.5051546391752577,194,Birrarung Marr East - Batman Ave Bridge Entry,BirBridge_T,-37.81757416,144.97329934,Outdoor,A,317,169,34.77366255144033,False,466.0,4.291845493562231,539.3333333333334,2756.0,-82.36574746008708,744,26.0752688172043,42.204301075268816,False,
2026-08-01,124,Matched,598,2.9458128078817736,203,Birrarung Marr East - Batman Ave Bridge Entry,BirBridge_T,-37.81757416,144.97329934,Outdoor,A,353,245,40.96989966555184,False,486.0,23.045267489711936,516.6666666666666,3212.0,-81.38231631382317,744,27.284946236559136,45.96774193548387,False,
2024-10-01,130,Matched,37264,58.86887835703001,633,I-Hub 892 Bourke Street,Bou892T,-37.8204637,144.94126826,Outdoor,A,28968,8296,22.26277372262774,False,,,,,,744,85.08064516129032,,False,
2024-11-01,130,Matched,32232,52.07108239095315,619,I-Hub 892 Bourke Street,Bou892T,-37.8204637,144.94126826,Outdoor,A,23603,8629,26.771531397369078,False,37264.0,-13.503649635036496,,,,720,85.97222222222223,,False,
2024-12-01,130,Matched,29779,47.95330112721417,621,I-Hub 892 Bourke Street,Bou892T,-37.8204637,144.94126826,Outdoor,A,22160,7619,25.585143893347663,False,32232.0,-7.610449242988334,33091.666666666664,,,744,83.46774193548387,,False,
2025-01-01,130,Matched,33064,53.32903225806452,620,I-Hub 892 Bourke Street,Bou892T,-37.8204637,144.94126826,Outdoor,A,25862,7202,21.78199854827002,False,29779.0,11.03126364216394,31691.666666666668,,,744,83.33333333333334,,False,
2025-02-01,130,Matched,35490,61.29533678756477,579,I-Hub 892 Bourke Street,Bou892T,-37.8204637,144.94126826,Outdoor,A,26462,9028,25.438151591997748,False,33064.0,7.337285264940721,32777.666666666664,,,672,86.16071428571429,,False,
2025-03-01,130,Matched,39012,60.2967542503864,647,I-Hub 892 Bourke Street,Bou892T,-37.8204637,144.94126826,Outdoor,A,27736,11276,28.90392699682149,False,35490.0,9.923922231614538,35855.333333333336,,,744,86.96236559139786,,False,
2025-04-01,130,Matched,36452,58.69887278582931,621,I-Hub 892 Bourke Street,Bou892T,-37.8204637,144.94126826,Outdoor,A,28430,8022,22.007022934269724,False,39012.0,-6.562083461499026,36984.666666666664,,,720,86.25,,False,
2025-05-01,130,Matched,37880,58.72868217054263,645,I-Hub 892 Bourke Street,Bou892T,-37.8204637,144.94126826,Outdoor,A,27640,10240,27.03273495248152,False,36452.0,3.9174805223307367,37781.333333333336,,,744,86.69354838709677,,False,
2025-06-01,130,Matched,32368,53.23684210526316,608,I-Hub 892 Bourke Street,Bou892T,-37.8204637,144.94126826,Outdoor,A,24134,8234,25.4387048937222,False,37880.0,-14.551214361140444,35566.666666666664,,,720,84.44444444444444,,False,
2025-07-01,130,Matched,48643,76.36263736263736,637,I-Hub 892 Bourke Street,Bou892T,-37.8204637,144.94126826,Outdoor,A,31616,17027,35.00400879879942,False,32368.0,50.281141868512115,39630.333333333336,,,744,85.61827956989248,,False,
2025-08-01,130,Matched,37942,60.4171974522293,628,I-Hub 892 Bourke Street,Bou892T,-37.8204637,144.94126826,Outdoor,A,26931,11011,29.02061040535554,False,48643.0,-21.99905433464219,39651.0,,,744,84.40860215053763,,False,
2025-09-01,130,Matched,38271,60.459715639810426,633,I-Hub 892 Bourke Street,Bou892T,-37.8204637,144.94126826,Outdoor,A,29482,8789,22.96516944945259,False,37942.0,0.8671129618891993,41618.666666666664,,,720,87.91666666666667,,False,
2025-10-01,130,Matched,46342,70.1089258698941,661,I-Hub 892 Bourke Street,Bou892T,-37.8204637,144.94126826,Outdoor,A,36403,9939,21.447067455008412,False,38271.0,21.08907527893183,40851.666666666664,37264.0,24.361313868613138,744,88.84408602150538,85.08064516129032,False,
2025-11-01,130,Matched,43976,69.69255150554675,631,I-Hub 892 Bourke Street,Bou892T,-37.8204637,144.94126826,Outdoor,A,32172,11804,26.841913771147897,False,46342.0,-5.105519830823011,42863.0,32232.0,36.43584015884835,720,87.63888888888889,85.97222222222223,False,
2025-12-01,130,Matched,43191,65.34190620272315,661,I-Hub 892 Bourke Street,Bou892T,-37.8204637,144.94126826,Outdoor,A,34407,8784,20.337570327151493,False,43976.0,-1.7850645806803713,44503.0,29779.0,45.03844991436919,744,88.84408602150538,83.46774193548387,False,
2026-01-01,130,Matched,43616,68.90363349131121,633,I-Hub 892 Bourke Street,Bou892T,-37.8204637,144.94126826,Outdoor,A,32983,10633,24.378668378576663,False,43191.0,0.9840012965664143,43594.333333333336,33064.0,31.91386402129204,744,85.08064516129032,83.33333333333334,False,
2026-02-01,130,Matched,48574,83.03247863247863,585,I-Hub 892 Bourke Street,Bou892T,-37.8204637,144.94126826,Outdoor,A,36970,11604,23.8893235064026,False,43616.0,11.36738811445341,45127.0,35490.0,36.866723020569175,672,87.05357142857143,86.16071428571429,False,
2026-03-01,130,Matched,51320,80.5651491365777,637,I-Hub 892 Bourke Street,Bou892T,-37.8204637,144.94126826,Outdoor,A,38505,12815,24.970771628994544,False,48574.0,5.65323012311113,47836.666666666664,39012.0,31.549266892238286,744,85.61827956989248,86.96236559139786,False,
2026-04-01,130,Matched,45590,75.60530679933665,603,I-Hub 892 Bourke Street,Bou892T,-37.8204637,144.94126826,Outdoor,A,36909,8681,19.041456459749945,False,51320.0,-11.165237724084177,48494.666666666664,36452.0,25.06858334247778,720,83.75,86.25,False,
2026-05-01,130,Matched,44946,72.84602917341978,617,I-Hub 892 Bourke Street,Bou892T,-37.8204637,144.94126826,Outdoor,A,32395,12551,27.92462065589819,False,45590.0,-1.4125904803685019,47285.333333333336,37880.0,18.653643083421333,744,82.93010752688173,86.69354838709677,False,
2026-06-01,130,Matched,37064,65.71631205673759,564,I-Hub 892 Bourke Street,Bou892T,-37.8204637,144.94126826,Outdoor,A,28561,8503,22.94139866177423,False,44946.0,-17.536599474925467,42533.333333333336,32368.0,14.508156203657935,720,78.33333333333333,84.44444444444444,False,
2026-07-01,130,Matched,39810,68.5197934595525,581,I-Hub 892 Bourke Street,Bou892T,-37.8204637,144.94126826,Outdoor,A,31256,8554,21.487063551871387,False,37064.0,7.408806388948845,40606.666666666664,48643.0,-18.158830664227125,744,78.09139784946237,85.61827956989248,False,
2026-08-01,130,Matched,41453,70.2593220338983,590,I-Hub 892 Bourke Street,Bou892T,-37.8204637,144.94126826,Outdoor,A,29055,12398,29.908571152871925,False,39810.0,4.127103742778196,39442.333333333336,37942.0,9.253597596331243,744,79.3010752688172,84.40860215053763,False,
2024-10-01,131,Matched,134075,180.45087483176312,743,I-Hub Corner of King Street and Flinders Street (2-6 King),King2_T,-37.82009057,144.95758725,Outdoor,A,94117,39958,29.8027223568898,False,,,,,,744,99.86559139784946,,False,
2024-11-01,131,Matched,122443,170.05972222222223,720,I-Hub Corner of King Street and Flinders Street (2-6 King),King2_T,-37.82009057,144.95758725,Outdoor,A,81565,40878,33.38533031696381,False,134075.0,-8.675741189632669,,,,720,100.0,,False,
2024-12-01,131,Matched,139603,187.63844086021504,744,I-Hub Corner of King Street and Flinders Street (2-6 King),King2_T,-37.82009057,144.95758725,Outdoor,A,94269,45334,32.473514179494714,False,122443.0,14.014684383754073,132040.33333333334,,,744,100.0,,False,
2025-01-01,131,Matched,135305,181.86155913978496,744,I-Hub Corner of King Street and Flinders Street (2-6 King),King2_T,-37.82009057,144.95758725,Outdoor,A,97859,37446,27.675252207974577,False,139603.0,-3.078730399776509,132450.33333333334,,,744,100.0,,False,
2025-02-01,131,Matched,108300,161.16071428571428,672,I-Hub Corner of King Street and Flinders Street (2-6 King),King2_T,-37.82009057,144.95758725,Outdoor,A,73791,34509,31.86426592797784,False,135305.0,-19.95861202468497,127736.0,,,672,100.0,,False,
2025-03-01,131,Matched,130819,175.83198924731184,744,I-Hub Corner of King Street and Flinders Street (2-6 King),King2_T,-37.82009057,144.95758725,Outdoor,A,83188,47631,36.4098487222804,False,108300.0,20.793167128347186,124808.0,,,744,100.0,,False,
2025-04-01,131,Matched,123782,171.91944444444445,720,I-Hub Corner of King Street and Flinders Street (2-6 King),King2_T,-37.82009057,144.95758725,Outdoor,A,85496,38286,30.93018371007093,False,130819.0,-5.379188038434783,120967.0,,,720,100.0,,False,
2025-05-01,131,Matched,113252,152.22043010752688,744,I-Hub Corner of King Street and Flinders Street (2-6 King),King2_T,-37.82009057,144.95758725,Outdoor,A,75199,38053,33.60028961960937,False,123782.0,-8.506891147339678,122617.66666666667,,,744,100.0,,False,
2025-06-01,131,Matched,99784,138.5888888888889,720,I-Hub Corner of King Street and Flinders Street (2-6 King),King2_T,-37.82009057,144.95758725,Outdoor,A,65473,34311,34.38527218792592,False,113252.0,-11.89206371631406,112272.66666666667,,,720,100.0,,False,
2025-07-01,131,Matched,118490,159.47510094212652,743,I-Hub Corner of King Street and Flinders Street (2-6 King),King2_T,-37.82009057,144.95758725,Outdoor,A,82951,35539,29.99324837539033,False,99784.0,18.746492423635054,110508.66666666667,,,744,99.86559139784946,,False,
2025-08-01,131,Matched,121375,163.13844086021504,744,I-Hub Corner of King Street and Flinders Street (2-6 King),King2_T,-37.82009057,144.95758725,Outdoor,A,78444,42931,35.37054582904223,False,118490.0,2.4348046248628576,113216.33333333333,,,744,100.0,,False,
2025-09-01,131,Matched,89419,176.7173913043478,506,I-Hub Corner of King Street and Flinders Street (2-6 King),King2_T,-37.82009057,144.95758725,Outdoor,A,62809,26610,29.758776099039352,False,121375.0,-26.32832131822863,109761.33333333333,,,720,70.27777777777777,,False,
2025-10-01,131,Matched,117739,158.464333781965,743,I-Hub Corner of King Street and Flinders Street (2-6 King),King2_T,-37.82009057,144.95758725,Outdoor,A,85311,32428,27.54227571153144,False,89419.0,31.671121350048647,109511.0,134075.0,-12.184225247063212,744,99.86559139784946,99.86559139784946,True,-12.184225247063212
2025-11-01,131,Matched,63851,161.6481012658228,395,I-Hub Corner of King Street and Flinders Street (2-6 King),King2_T,-37.82009057,144.95758725,Outdoor,A,37556,26295,41.18181391051041,False,117739.0,-45.76903150188128,90336.33333333333,122443.0,-47.85247012895796,720,54.861111111111114,100.0,False,
2025-12-01,131,Matched,41831,205.05392156862743,204,I-Hub Corner of King Street and Flinders Street (2-6 King),King2_T,-37.82009057,144.95758725,Outdoor,A,30873,10958,26.195883435729485,False,63851.0,-34.486538973547795,74473.66666666667,139603.0,-70.03574421753113,744,27.419354838709676,100.0,False,
2026-01-01,131,Matched,114450,188.86138613861385,606,I-Hub Corner of King Street and Flinders Street (2-6 King),King2_T,-37.82009057,144.95758725,Outdoor,A,80827,33623,29.377894276976846,False,41831.0,173.60091797948888,73377.33333333333,135305.0,-15.413325449909465,744,81.45161290322581,100.0,False,
2026-02-01,131,Matched,109121,162.38244047619048,672,I-Hub Corner of King Street and Flinders Street (2-6 King),King2_T,-37.82009057,144.95758725,Outdoor,A,74629,34492,31.60894786521384,False,114450.0,-4.656181738750546,88467.33333333333,108300.0,0.7580794090489382,672,100.0,100.0,True,0.7580794090489382
2026-03-01,131,Matched,119088,160.06451612903226,744,I-Hub Corner of King Street and Flinders Street (2-6 King),King2_T,-37.82009057,144.95758725,Outdoor,A,77948,41140,34.54588203681311,False,109121.0,9.133897233346469,114219.66666666667,130819.0,-8.967351837271345,744,100.0,100.0,True,-8.967351837271345
2026-04-01,131,Matched,112260,155.91666666666666,720,I-Hub Corner of King Street and Flinders Street (2-6 King),King2_T,-37.82009057,144.95758725,Outdoor,A,77366,34894,31.083199714947447,False,119088.0,-5.7335751713018945,113489.66666666667,123782.0,-9.30830007593996,720,100.0,100.0,True,-9.30830007593996
2026-05-01,131,Matched,110906,149.06720430107526,744,I-Hub Corner of King Street and Flinders Street (2-6 King),King2_T,-37.82009057,144.95758725,Outdoor,A,69548,41358,37.29103925847114,False,112260.0,-1.20612862996615,114084.66666666667,113252.0,-2.0714865962632008,744,100.0,100.0,True,-2.0714865962632008
2026-06-01,131,Matched,99703,138.4763888888889,720,I-Hub Corner of King Street and Flinders Street (2-6 King),King2_T,-37.82009057,144.95758725,Outdoor,A,68587,31116,31.208689808731933,False,110906.0,-10.101347086722088,107623.0,99784.0,-0.08117533873166038,720,100.0,100.0,True,-0.08117533873166038
2026-07-01,131,Matched,110429,148.4260752688172,744,I-Hub Corner of King Street and Flinders Street (2-6 King),King2_T,-37.82009057,144.95758725,Outdoor,A,77672,32757,29.663403634914744,False,99703.0,10.75795111481099,107012.66666666667,118490.0,-6.8031057473204495,744,100.0,99.86559139784946,True,-6.8031057473204495
2026-08-01,131,Matched,106567,143.23521505376343,744,I-Hub Corner of King Street and Flinders Street (2-6 King),King2_T,-37.82009057,144.95758725,Outdoor,A,66955,39612,37.17098163596611,False,110429.0,-3.497269738927274,105566.33333333333,121375.0,-12.20020597322348,744,100.0,100.0,True,-12.20020597322348
2024-10-01,132,Matched,148957,200.4804845222073,743,I-Hub Corner of King Street and Latrobe Street (317-335 King),King335_T,-37.81267639,144.95386444,Outdoor,A,110942,38015,25.520787878381007,False,,,,,,744,99.86559139784946,,False,
2024-11-01,132,Matched,136345,189.36805555555557,720,I-Hub Corner of King Street and Latrobe Street (317-335 King),King335_T,-37.81267639,144.95386444,Outdoor,A,96046,40299,29.55663940738568,False,148957.0,-8.4668729901918,,,,720,100.0,,False,
2024-12-01,132,Matched,136538,183.5188172043011,744,I-Hub Corner of King Street and Latrobe Street (317-335 King),King335_T,-37.81267639,144.95386444,Outdoor,A,98382,38156,27.945333899720225,False,136345.0,0.1415526788661117,140613.33333333334,,,744,100.0,,False,
2025-01-01,132,Matched,121139,162.82123655913978,744,I-Hub Corner of King Street and Latrobe Street (317-335 King),King335_T,-37.81267639,144.95386444,Outdoor,A,92205,28934,23.88495860127622,False,136538.0,-11.278178968492288,131340.66666666666,,,744,100.0,,False,
2025-02-01,132,Matched,116806,173.81845238095238,672,I-Hub Corner of King Street and Latrobe Street (317-335 King),King335_T,-37.81267639,144.95386444,Outdoor,A,85592,31214,26.722942314607128,False,121139.0,-3.576882754521665,124827.66666666667,,,672,100.0,,False,
2025-03-01,132,Matched,145084,195.005376344086,744,I-Hub Corner of King Street and Latrobe Street (317-335 King),King335_T,-37.81267639,144.95386444,Outdoor,A,100884,44200,30.46510986738717,False,116806.0,24.20937280619146,127676.33333333333,,,744,100.0,,False,
2025-04-01,132,Matched,136938,190.19166666666663,720,I-Hub Corner of King Street and Latrobe Street (317-335 King),King335_T,-37.81267639,144.95386444,Outdoor,A,100637,36301,26.509077100585664,False,145084.0,-5.614678393206694,132942.66666666666,,,720,100.0,,False,
2025-05-01,132,Matched,136291,183.18682795698925,744,I-Hub Corner of King Street and Latrobe Street (317-335 King),King335_T,-37.81267639,144.95386444,Outdoor,A,98007,38284,28.089895884541168,False,136938.0,-0.47247659524748425,139437.66666666666,,,744,100.0,,False,
2025-06-01,132,Matched,109290,151.79166666666666,720,I-Hub Corner of King Street and Latrobe Street (317-335 King),King335_T,-37.81267639,144.95386444,Outdoor,A,77103,32187,29.45100192149328,False,136291.0,-19.811286145086616,127506.33333333333,,,720,100.0,,False,
2025-07-01,132,Matched,122362,164.46505376344086,744,I-Hub Corner of King Street and Latrobe Street (317-335 King),King335_T,-37.81267639,144.95386444,Outdoor,A,90323,32039,26.18378254686913,False,109290.0,11.96083813706652,122647.66666666667,,,744,100.0,,False,
2025-08-01,132,Matched,128633,172.8938172043011,744,I-Hub Corner of King Street and Latrobe Street (317-335 King),King335_T,-37.81267639,144.95386444,Outdoor,A,88042,40591,31.555666119891477,False,122362.0,5.124957094522809,120095.0,,,744,100.0,,False,
2025-09-01,132,Matched,123398,171.62447844228095,719,I-Hub Corner of King Street and Latrobe Street (317-335 King),King335_T,-37.81267639,144.95386444,Outdoor,A,91635,31763,25.740287524919363,False,128633.0,-4.069717724067696,124797.66666666667,,,720,99.86111111111111,,False,
2025-10-01,132,Matched,136760,184.06460296096904,743,I-Hub Corner of King Street and Latrobe Street (317-335 King),King335_T,-37.81267639,144.95386444,Outdoor,A,103406,33354,24.388710149166425,False,123398.0,10.828376472876384,129597.0,148957.0,-8.188269097793324,744,99.86559139784946,99.86559139784946,True,-8.188269097793324
2025-11-01,132,Matched,127484,177.0611111111111,720,I-Hub Corner of King Street and Latrobe Street (317-335 King),King335_T,-37.81267639,144.95386444,Outdoor,A,87205,40279,31.59533745411189,False,136760.0,-6.782684995612752,129214.0,136345.0,-6.498954857163812,720,100.0,100.0,True,-6.498954857163812
2025-12-01,132,Matched,132121,177.58198924731184,744,I-Hub Corner of King Street and Latrobe Street (317-335 King),King335_T,-37.81267639,144.95386444,Outdoor,A,100328,31793,24.06354780844832,False,127484.0,3.6373191929967685,132121.66666666666,136538.0,-3.23499685069358,744,100.0,100.0,True,-3.23499685069358
2026-01-01,132,Matched,124660,167.7792732166891,743,I-Hub Corner of King Street and Latrobe Street (317-335 King),King335_T,-37.81267639,144.95386444,Outdoor,A,89255,35405,28.401251403818385,False,132121.0,-5.647096222402192,128088.33333333333,121139.0,2.906578393415828,744,99.86559139784946,100.0,True,2.906578393415828
2026-02-01,132,Matched,132503,197.17708333333331,672,I-Hub Corner of King Street and Latrobe Street (317-335 King),King335_T,-37.81267639,144.95386444,Outdoor,A,97023,35480,26.77675222447793,False,124660.0,6.291512915129151,129761.33333333333,116806.0,13.438521993733199,672,100.0,100.0,True,13.438521993733199
2026-03-01,132,Matched,152820,205.4032258064516,744,I-Hub Corner of King Street and Latrobe Street (317-335 King),King335_T,-37.81267639,144.95386444,Outdoor,A,107845,44975,29.430048422981287,False,132503.0,15.333237738013478,136661.0,145084.0,5.3320834826721075,744,100.0,100.0,True,5.3320834826721075
2026-04-01,132,Matched,139044,193.11666666666667,720,I-Hub Corner of King Street and Latrobe Street (317-335 King),King335_T,-37.81267639,144.95386444,Outdoor,A,101962,37082,26.66925577515031,False,152820.0,-9.014526894385552,141455.66666666666,136938.0,1.537922271392893,720,100.0,100.0,True,1.537922271392893
2026-05-01,132,Matched,137070,184.23387096774192,744,I-Hub Corner of King Street and Latrobe Street (317-335 King),King335_T,-37.81267639,144.95386444,Outdoor,A,94843,42227,30.80688699204786,False,139044.0,-1.4196944851989297,142978.0,136291.0,0.5715711235518119,744,100.0,100.0,True,0.5715711235518119
2026-06-01,132,Matched,118297,164.30138888888888,720,I-Hub Corner of King Street and Latrobe Street (317-335 King),King335_T,-37.81267639,144.95386444,Outdoor,A,86703,31594,26.70735521610861,False,137070.0,-13.69592179178522,131470.33333333334,109290.0,8.241376155183456,720,100.0,100.0,True,8.241376155183456
2026-07-01,132,Matched,134953,181.38844086021504,744,I-Hub Corner of King Street and Latrobe Street (317-335 King),King335_T,-37.81267639,144.95386444,Outdoor,A,100505,34448,25.525923840151755,False,118297.0,14.079816056197537,130106.66666666667,122362.0,10.289959301090208,744,100.0,100.0,True,10.289959301090208
2026-08-01,132,Matched,140669,189.07123655913975,744,I-Hub Corner of King Street and Latrobe Street (317-335 King),King335_T,-37.81267639,144.95386444,Outdoor,A,94418,46251,32.879312428466825,False,134953.0,4.235548672500797,131306.33333333334,128633.0,9.356852440664525,744,100.0,100.0,True,9.356852440664525
2024-10-01,133,Matched,463956,688.3620178041543,674,I-Hub Southern Cross Station - Lonsdale Street Entrance - South,Spen229_T,-37.81531435,144.95227769,Outdoor,A,345599,118357,25.510393226943933,False,,,,,,744,90.59139784946237,,False,
2024-11-01,133,Matched,494848,687.2888888888889,720,I-Hub Southern Cross Station - Lonsdale Street Entrance - South,Spen229_T,-37.81531435,144.95227769,Outdoor,A,358234,136614,27.60726526125194,False,463956.0,6.658390019743251,,,,720,100.0,,False,
2024-12-01,133,Matched,483535,649.9126344086021,744,I-Hub Southern Cross Station - Lonsdale Street Entrance - South,Spen229_T,-37.81531435,144.95227769,Outdoor,A,361313,122222,25.27676383302139,False,494848.0,-2.2861565571650284,480779.6666666667,,,744,100.0,,False,
2025-01-01,133,Matched,486020,653.252688172043,744,I-Hub Southern Cross Station - Lonsdale Street Entrance - South,Spen229_T,-37.81531435,144.95227769,Outdoor,A,378477,107543,22.12727871281017,False,483535.0,0.5139235008841139,488134.3333333333,,,744,100.0,,False,
2025-02-01,133,Matched,441689,657.2752976190476,672,I-Hub Southern Cross Station - Lonsdale Street Entrance - South,Spen229_T,-37.81531435,144.95227769,Outdoor,A,331341,110348,24.983189529284186,False,486020.0,-9.12122957902967,470414.6666666667,,,672,100.0,,False,
2025-03-01,133,Matched,514530,691.5725806451613,744,I-Hub Southern Cross Station - Lonsdale Street Entrance - South,Spen229_T,-37.81531435,144.95227769,Outdoor,A,364261,150269,29.205099799817308,False,441689.0,16.491467978600326,480746.3333333333,,,744,100.0,,False,
2025-04-01,133,Matched,470062,652.8638888888889,720,I-Hub Southern Cross Station - Lonsdale Street Entrance - South,Spen229_T,-37.81531435,144.95227769,Outdoor,A,355384,114678,24.396356225349,False,514530.0,-8.642450391619537,475427.0,,,720,100.0,,False,
2025-05-01,133,Matched,459648,617.8064516129032,744,I-Hub Southern Cross Station - Lonsdale Street Entrance - South,Spen229_T,-37.81531435,144.95227769,Outdoor,A,339955,119693,26.04014376218324,False,470062.0,-2.2154524296794893,481413.3333333333,,,744,100.0,,False,
2025-06-01,133,Matched,394692,548.1833333333333,720,I-Hub Southern Cross Station - Lonsdale Street Entrance - South,Spen229_T,-37.81531435,144.95227769,Outdoor,A,286481,108211,27.41656785544171,False,459648.0,-14.131683375104428,441467.3333333333,,,720,100.0,,False,
2025-07-01,133,Matched,457695,615.1814516129032,744,I-Hub Southern Cross Station - Lonsdale Street Entrance - South,Spen229_T,-37.81531435,144.95227769,Outdoor,A,347525,110170,24.07061471066977,False,394692.0,15.96257334833237,437345.0,,,744,100.0,,False,
2025-08-01,133,Matched,456293,613.2970430107526,744,I-Hub Southern Cross Station - Lonsdale Street Entrance - South,Spen229_T,-37.81531435,144.95227769,Outdoor,A,320921,135372,29.667779255872876,False,457695.0,-0.30631752586329325,436226.6666666667,,,744,100.0,,False,
2025-09-01,133,Matched,426250,592.0138888888889,720,I-Hub Southern Cross Station - Lonsdale Street Entrance - South,Spen229_T,-37.81531435,144.95227769,Outdoor,A,327421,98829,23.18568914956012,False,456293.0,-6.584146590020009,446746.0,,,720,100.0,,False,
2025-10-01,133,Matched,487106,655.593539703903,743,I-Hub Southern Cross Station - Lonsdale Street Entrance - South,Spen229_T,-37.81531435,144.95227769,Outdoor,A,376461,110645,22.714768448756534,False,426250.0,14.277067448680352,456549.6666666667,463956.0,4.989697298881791,744,99.86559139784946,90.59139784946237,True,4.989697298881791
2025-11-01,133,Matched,482979,670.8041666666667,720,I-Hub Southern Cross Station - Lonsdale Street Entrance - South,Spen229_T,-37.81531435,144.95227769,Outdoor,A,337026,145953,30.219326306112688,False,487106.0,-0.8472488534323124,465445.0,494848.0,-2.3985142912571136,720,100.0,100.0,True,-2.3985142912571136
2025-12-01,133,Matched,495029,665.361559139785,744,I-Hub Southern Cross Station - Lonsdale Street Entrance - South,Spen229_T,-37.81531435,144.95227769,Outdoor,A,379670,115359,23.3034832302754,False,482979.0,2.4949324918888816,488371.3333333333,483535.0,2.377077150568211,744,100.0,100.0,True,2.377077150568211
2026-01-01,133,Matched,459248,617.2688172043011,744,I-Hub Southern Cross Station - Lonsdale Street Entrance - South,Spen229_T,-37.81531435,144.95227769,Outdoor,A,337300,121948,26.553844545866284,False,495029.0,-7.22806138630262,479085.3333333333,486020.0,-5.508415291551788,744,100.0,100.0,True,-5.508415291551788
2026-02-01,133,Matched,464097,690.6205357142857,672,I-Hub Southern Cross Station - Lonsdale Street Entrance - South,Spen229_T,-37.81531435,144.95227769,Outdoor,A,346378,117719,25.365171505094843,False,459248.0,1.055856530676236,472791.3333333333,441689.0,5.073252899664697,672,100.0,100.0,True,5.073252899664697
2026-03-01,133,Matched,517142,695.0833333333334,744,I-Hub Southern Cross Station - Lonsdale Street Entrance - South,Spen229_T,-37.81531435,144.95227769,Outdoor,A,377621,139521,26.979243612005988,False,464097.0,11.429722665735827,480162.3333333333,514530.0,0.5076477562046916,744,100.0,100.0,True,0.5076477562046916
2026-04-01,133,Matched,504353,700.4902777777778,720,I-Hub Southern Cross Station - Lonsdale Street Entrance - South,Spen229_T,-37.81531435,144.95227769,Outdoor,A,379311,125042,24.79255600739958,False,517142.0,-2.4730151486438925,495197.3333333333,470062.0,7.294995128302224,720,100.0,100.0,True,7.294995128302224
2026-05-01,133,Matched,477233,641.4422043010753,744,I-Hub Southern Cross Station - Lonsdale Street Entrance - South,Spen229_T,-37.81531435,144.95227769,Outdoor,A,333787,143446,30.057854339494543,False,504353.0,-5.377186216796569,499576.0,459648.0,3.8257536201615148,744,100.0,100.0,True,3.8257536201615148
2026-06-01,133,Matched,408046,566.7305555555556,720,I-Hub Southern Cross Station - Lonsdale Street Entrance - South,Spen229_T,-37.81531435,144.95227769,Outdoor,A,309398,98648,24.175705680241933,False,477233.0,-14.497530556352977,463210.6666666667,394692.0,3.3833976873106115,720,100.0,100.0,True,3.3833976873106115
2026-07-01,133,Matched,460393,618.8077956989247,744,I-Hub Southern Cross Station - Lonsdale Street Entrance - South,Spen229_T,-37.81531435,144.95227769,Outdoor,A,350152,110241,23.94497744318441,False,408046.0,12.828700685707004,448557.3333333333,457695.0,0.5894755240935557,744,100.0,100.0,True,0.5894755240935557
2026-08-01,133,Matched,456014,612.9220430107526,744,I-Hub Southern Cross Station - Lonsdale Street Entrance - South,Spen229_T,-37.81531435,144.95227769,Outdoor,A,317965,138049,30.27297407535733,False,460393.0,-0.9511439140039053,441484.3333333333,456293.0,-0.0611449222319869,744,100.0,100.0,True,-0.0611449222319869
2024-10-01,134,Matched,493846,668.2625169147497,739,I-Hub Southern Cross Station - Bourke Street Entrance - North,Spen201_T,-37.81694221,144.95303935,Outdoor,A,375138,118708,24.03745297116915,False,,,,,,744,99.32795698924731,,False,
2024-11-01,134,Matched,464933,645.7402777777778,720,I-Hub Southern Cross Station - Bourke Street Entrance - North,Spen201_T,-37.81694221,144.95303935,Outdoor,A,326630,138303,29.74686675284396,False,493846.0,-5.854659144753628,,,,720,100.0,,False,
2024-12-01,134,Matched,392016,526.9032258064516,744,I-Hub Southern Cross Station - Bourke Street Entrance - North,Spen201_T,-37.81694221,144.95303935,Outdoor,A,288189,103827,26.485398555161016,False,464933.0,-15.683335018163907,450265.0,,,744,100.0,,False,
2025-01-01,134,Matched,380897,511.9583333333333,744,I-Hub Southern Cross Station - Bourke Street Entrance - North,Spen201_T,-37.81694221,144.95303935,Outdoor,A,295395,85502,22.447538310881946,False,392016.0,-2.836363821884821,412615.3333333333,,,744,100.0,,False,
2025-02-01,134,Matched,352501,524.5550595238095,672,I-Hub Southern Cross Station - Bourke Street Entrance - North,Spen201_T,-37.81694221,144.95303935,Outdoor,A,260810,91691,26.01155741402152,False,380897.0,-7.455033775535118,375138.0,,,672,100.0,,False,
2025-03-01,134,Matched,427808,575.010752688172,744,I-Hub Southern Cross Station - Bourke Street Entrance - North,Spen201_T,-37.81694221,144.95303935,Outdoor,A,295011,132797,31.0412615004862,False,352501.0,21.363627337227413,387068.6666666667,,,744,100.0,,False,
2025-04-01,134,Matched,388985,540.2569444444445,720,I-Hub Southern Cross Station - Bourke Street Entrance - North,Spen201_T,-37.81694221,144.95303935,Outdoor,A,288585,100400,25.8107639112048,False,427808.0,-9.074865360161567,389764.6666666667,,,720,100.0,,False,
2025-05-01,134,Matched,376506,506.0564516129032,744,I-Hub Southern Cross Station - Bourke Street Entrance - North,Spen201_T,-37.81694221,144.95303935,Outdoor,A,273107,103399,27.462776157617675,False,388985.0,-3.208092857051043,397766.3333333333,,,744,100.0,,False,
2025-06-01,134,Matched,314678,437.0527777777778,720,I-Hub Southern Cross Station - Bourke Street Entrance - North,Spen201_T,-37.81694221,144.95303935,Outdoor,A,223907,90771,28.845677168407068,False,376506.0,-16.421517850977143,360056.3333333333,,,720,100.0,,False,
2025-07-01,134,Matched,373033,501.38844086021504,744,I-Hub Southern Cross Station - Bourke Street Entrance - North,Spen201_T,-37.81694221,144.95303935,Outdoor,A,275772,97261,26.073028391590015,False,314678.0,18.54435327541169,354739.0,,,744,100.0,,False,
2025-08-01,134,Matched,377694,507.6532258064516,744,I-Hub Southern Cross Station - Bourke Street Entrance - North,Spen201_T,-37.81694221,144.95303935,Outdoor,A,261235,116459,30.83422029473595,False,373033.0,1.2494873107741138,355135.0,,,744,100.0,,False,
2025-09-01,134,Matched,337692,469.01666666666665,720,I-Hub Southern Cross Station - Bourke Street Entrance - North,Spen201_T,-37.81694221,144.95303935,Outdoor,A,256144,81548,24.148632481669686,False,377694.0,-10.591113441039573,362806.3333333333,,,720,100.0,,False,
2025-10-01,134,Matched,389509,524.2382234185734,743,I-Hub Southern Cross Station - Bourke Street Entrance - North,Spen201_T,-37.81694221,144.95303935,Outdoor,A,296193,93316,23.957341165415947,False,337692.0,15.344455894720632,368298.3333333333,493846.0,-21.12743648829797,744,99.86559139784946,99.32795698924731,True,-21.12743648829797
2025-11-01,134,Matched,364802,506.6694444444444,720,I-Hub Southern Cross Station - Bourke Street Entrance - North,Spen201_T,-37.81694221,144.95303935,Outdoor,A,251480,113322,31.06397442996475,False,389509.0,-6.343114023039262,364001.0,464933.0,-21.536651517530483,720,100.0,100.0,True,-21.536651517530483
2025-12-01,134,Matched,381399,512.633064516129,744,I-Hub Southern Cross Station - Bourke Street Entrance - North,Spen201_T,-37.81694221,144.95303935,Outdoor,A,288156,93243,24.44762571480261,False,364802.0,4.549591285135498,378570.0,392016.0,-2.708307824170442,744,100.0,100.0,True,-2.708307824170442
2026-01-01,134,Matched,344169,462.59274193548384,744,I-Hub Southern Cross Station - Bourke Street Entrance - North,Spen201_T,-37.81694221,144.95303935,Outdoor,A,251756,92413,26.85105282579198,False,381399.0,-9.761430942398905,363456.6666666667,380897.0,-9.642501778696078,744,100.0,100.0,True,-9.642501778696078
2026-02-01,134,Matched,349553,520.1681547619048,672,I-Hub Southern Cross Station - Bourke Street Entrance - North,Spen201_T,-37.81694221,144.95303935,Outdoor,A,261217,88336,25.271131988568257,False,344169.0,1.5643477477634535,358373.6666666667,352501.0,-0.8363096842278461,672,100.0,100.0,True,-0.8363096842278461
2026-03-01,134,Matched,391346,526.002688172043,744,I-Hub Southern Cross Station - Bourke Street Entrance - North,Spen201_T,-37.81694221,144.95303935,Outdoor,A,276570,114776,29.328522586151383,False,349553.0,11.95612682483057,361689.3333333333,427808.0,-8.522982272421272,744,100.0,100.0,True,-8.522982272421272
2026-04-01,134,Matched,386330,536.5694444444445,720,I-Hub Southern Cross Station - Bourke Street Entrance - North,Spen201_T,-37.81694221,144.95303935,Outdoor,A,284209,102121,26.433618926824217,False,391346.0,-1.281730233604023,375743.0,388985.0,-0.6825455994447086,720,100.0,100.0,True,-0.6825455994447086
2026-05-01,134,Matched,349863,478.608755129959,731,I-Hub Southern Cross Station - Bourke Street Entrance - North,Spen201_T,-37.81694221,144.95303935,Outdoor,A,234032,115831,33.107530662001984,False,386330.0,-9.439339424844045,375846.3333333333,376506.0,-7.0763812528884005,744,98.25268817204301,100.0,True,-7.0763812528884005
2026-06-01,134,Matched,297753,413.54583333333335,720,I-Hub Southern Cross Station - Bourke Street Entrance - North,Spen201_T,-37.81694221,144.95303935,Outdoor,A,220248,77505,26.029964433607724,False,349863.0,-14.894401522881815,344648.6666666667,314678.0,-5.378513909456651,720,100.0,100.0,True,-5.378513909456651
2026-07-01,134,Matched,335728,451.247311827957,744,I-Hub Southern Cross Station - Bourke Street Entrance - North,Spen201_T,-37.81694221,144.95303935,Outdoor,A,250986,84742,25.241266739741697,False,297753.0,12.753859742806958,327781.3333333333,373033.0,-10.000455723756344,744,100.0,100.0,True,-10.000455723756344
2026-08-01,134,Matched,324954,436.7661290322581,744,I-Hub Southern Cross Station - Bourke Street Entrance - North,Spen201_T,-37.81694221,144.95303935,Outdoor,A,217532,107422,33.057601999052174,False,335728.0,-3.2091454987370724,319478.3333333333,377694.0,-13.963684887766286,744,100.0,100.0,True,-13.963684887766286
2024-10-01,135,Matched,410201,552.0874831763123,743,I-Hub Southern Cross Station - Bourke Street Entrance - South,Spen161_T,-37.8172861,144.95319102,Outdoor,A,307795,102406,24.964834312934396,False,,,,,,744,99.86559139784946,,False,
2024-11-01,135,Matched,403003,559.7263888888889,720,I-Hub Southern Cross Station - Bourke Street Entrance - South,Spen161_T,-37.8172861,144.95319102,Outdoor,A,273862,129141,32.04467460539996,False,410201.0,-1.7547495008544591,,,,720,100.0,,False,
2024-12-01,135,Matched,378134,508.244623655914,744,I-Hub Southern Cross Station - Bourke Street Entrance - South,Spen161_T,-37.8172861,144.95319102,Outdoor,A,278373,99761,26.3824464343328,False,403003.0,-6.170921804552323,397112.6666666667,,,744,100.0,,False,
2025-01-01,135,Matched,361960,486.505376344086,744,I-Hub Southern Cross Station - Bourke Street Entrance - South,Spen161_T,-37.8172861,144.95319102,Outdoor,A,275645,86315,23.846557630677424,False,378134.0,-4.277319680324964,381032.3333333333,,,744,100.0,,False,
2025-02-01,135,Matched,344613,512.8169642857143,672,I-Hub Southern Cross Station - Bourke Street Entrance - South,Spen161_T,-37.8172861,144.95319102,Outdoor,A,252695,91918,26.672818494949407,False,361960.0,-4.792518510332633,361569.0,,,672,100.0,,False,
2025-03-01,135,Matched,421852,567.005376344086,744,I-Hub Southern Cross Station - Bourke Street Entrance - South,Spen161_T,-37.8172861,144.95319102,Outdoor,A,281975,139877,33.157837345799,False,344613.0,22.413257770310462,376141.6666666667,,,744,100.0,,False,
2025-04-01,135,Matched,361058,501.4694444444444,720,I-Hub Southern Cross Station - Bourke Street Entrance - South,Spen161_T,-37.8172861,144.95319102,Outdoor,A,260007,101051,27.987470157149268,False,421852.0,-14.41121530773826,375841.0,,,720,100.0,,False,
2025-05-01,135,Matched,345961,465.0013440860215,744,I-Hub Southern Cross Station - Bourke Street Entrance - South,Spen161_T,-37.8172861,144.95319102,Outdoor,A,244116,101845,29.438289286942748,False,361058.0,-4.181322668380149,376290.3333333333,,,744,100.0,,False,
2025-06-01,135,Matched,283091,393.18194444444447,720,I-Hub Southern Cross Station - Bourke Street Entrance - South,Spen161_T,-37.8172861,144.95319102,Outdoor,A,196587,86504,30.55695871645513,False,345961.0,-18.1725685843202,330036.6666666667,,,720,100.0,,False,
2025-07-01,135,Matched,344415,462.9233870967742,744,I-Hub Southern Cross Station - Bourke Street Entrance - South,Spen161_T,-37.8172861,144.95319102,Outdoor,A,251657,92758,26.932044190874382,False,283091.0,21.66229233709302,324489.0,,,744,100.0,,False,
2025-08-01,135,Matched,326492,438.8333333333333,744,I-Hub Southern Cross Station - Bourke Street Entrance - South,Spen161_T,-37.8172861,144.95319102,Outdoor,A,218121,108371,33.1925437683006,False,344415.0,-5.203896462116923,317999.3333333333,,,744,100.0,,False,
2025-09-01,135,Matched,289753,402.4347222222222,720,I-Hub Southern Cross Station - Bourke Street Entrance - South,Spen161_T,-37.8172861,144.95319102,Outdoor,A,220468,69285,23.911745521185285,False,326492.0,-11.252649375788687,320220.0,,,720,100.0,,False,
2025-10-01,135,Matched,348916,472.1461434370771,739,I-Hub Southern Cross Station - Bourke Street Entrance - South,Spen161_T,-37.8172861,144.95319102,Outdoor,A,260350,88566,25.383186784211677,False,289753.0,20.41842534848647,321720.3333333333,410201.0,-14.940236615707908,744,99.32795698924731,99.86559139784946,True,-14.940236615707908
2025-11-01,135,Matched,354491,492.3486111111111,720,I-Hub Southern Cross Station - Bourke Street Entrance - South,Spen161_T,-37.8172861,144.95319102,Outdoor,A,240844,113647,32.05920601651382,False,348916.0,1.5978057756021506,331053.3333333333,403003.0,-12.037627511457732,720,100.0,100.0,True,-12.037627511457732
2025-12-01,135,Matched,376738,506.3682795698925,744,I-Hub Southern Cross Station - Bourke Street Entrance - South,Spen161_T,-37.8172861,144.95319102,Outdoor,A,283775,92963,24.675769367571096,False,354491.0,6.275758763974262,360048.3333333333,378134.0,-0.36918129551957773,744,100.0,100.0,True,-0.36918129551957773
2026-01-01,135,Matched,331212,445.1774193548387,744,I-Hub Southern Cross Station - Bourke Street Entrance - South,Spen161_T,-37.8172861,144.95319102,Outdoor,A,239401,91811,27.71970822313201,False,376738.0,-12.08426014896294,354147.0,361960.0,-8.49486131064206,744,100.0,100.0,True,-8.49486131064206
2026-02-01,135,Matched,391788,583.0178571428571,672,I-Hub Southern Cross Station - Bourke Street Entrance - South,Spen161_T,-37.8172861,144.95319102,Outdoor,A,289992,101796,25.982419063371008,False,331212.0,18.289192420564472,366579.3333333333,344613.0,13.68926883199415,672,100.0,100.0,True,13.68926883199415
2026-03-01,135,Matched,382632,514.2903225806451,744,I-Hub Southern Cross Station - Bourke Street Entrance - South,Spen161_T,-37.8172861,144.95319102,Outdoor,A,263164,119468,31.222689163478226,False,391788.0,-2.3369781616588563,368544.0,421852.0,-9.29709945668149,744,100.0,100.0,True,-9.29709945668149
2026-04-01,135,Matched,358529,497.9569444444445,720,I-Hub Southern Cross Station - Bourke Street Entrance - South,Spen161_T,-37.8172861,144.95319102,Outdoor,A,259354,99175,27.661639644212883,False,382632.0,-6.299264044826361,377649.6666666667,361058.0,-0.7004414803161819,720,100.0,100.0,True,-0.7004414803161819
2026-05-01,135,Matched,328512,441.5483870967742,744,I-Hub Southern Cross Station - Bourke Street Entrance - South,Spen161_T,-37.8172861,144.95319102,Outdoor,A,213447,115065,35.0261177673875,False,358529.0,-8.372265562897283,356557.6666666667,345961.0,-5.043632085697521,744,100.0,100.0,True,-5.043632085697521
2026-06-01,135,Matched,277680,385.6666666666667,720,I-Hub Southern Cross Station - Bourke Street Entrance - South,Spen161_T,-37.8172861,144.95319102,Outdoor,A,200590,77090,27.762172284644198,False,328512.0,-15.473407364114552,321573.6666666667,283091.0,-1.911399514643701,720,100.0,100.0,True,-1.911399514643701
2026-07-01,135,Matched,315147,423.5846774193548,744,I-Hub Southern Cross Station - Bourke Street Entrance - South,Spen161_T,-37.8172861,144.95319102,Outdoor,A,228809,86338,27.39610404033673,False,277680.0,13.492869490060503,307113.0,344415.0,-8.497887722660163,744,100.0,100.0,True,-8.497887722660163
2026-08-01,135,Matched,318693,428.3508064516129,744,I-Hub Southern Cross Station - Bourke Street Entrance - South,Spen161_T,-37.8172861,144.95319102,Outdoor,A,204444,114249,35.84923421600098,False,315147.0,1.1251891974221555,303840.0,326492.0,-2.3887262168751455,744,100.0,100.0,True,-2.3887262168751455
2024-10-01,136,Matched,108706,181.47913188647743,599,"COM Pole 1120 - Towards the City, Near Federation Square Bridge",BirFed1120_T,-37.8184141,144.97357915,Outdoor,A,62745,45961,42.28009493496219,False,,,,,,744,80.51075268817203,,False,
2024-11-01,136,Matched,75341,122.3068181818182,616,"COM Pole 1120 - Towards the City, Near Federation Square Bridge",BirFed1120_T,-37.8184141,144.97357915,Outdoor,A,56609,18732,24.862956424788628,False,108706.0,-30.69287803801078,,,,720,85.55555555555556,,False,
2024-12-01,136,Matched,119215,184.5433436532508,646,"COM Pole 1120 - Towards the City, Near Federation Square Bridge",BirFed1120_T,-37.8184141,144.97357915,Outdoor,A,83951,35264,29.5801702805855,False,75341.0,58.23389655035107,101087.33333333333,,,744,86.82795698924731,,False,
2025-01-01,136,Matched,150413,213.65482954545453,704,"COM Pole 1120 - Towards the City, Near Federation Square Bridge",BirFed1120_T,-37.8184141,144.97357915,Outdoor,A,109816,40597,26.99035322744709,False,119215.0,26.1695256469404,114989.66666666667,,,744,94.6236559139785,,False,
2025-02-01,136,Matched,64220,113.26278659611992,567,"COM Pole 1120 - Towards the City, Near Federation Square Bridge",BirFed1120_T,-37.8184141,144.97357915,Outdoor,A,50354,13866,21.59140454687013,False,150413.0,-57.30422237439583,111282.66666666667,,,672,84.375,,False,
2025-03-01,136,Matched,160043,233.9809941520468,684,"COM Pole 1120 - Towards the City, Near Federation Square Bridge",BirFed1120_T,-37.8184141,144.97357915,Outdoor,A,106813,53230,33.259811425679345,False,64220.0,149.21052631578948,124892.0,,,744,91.93548387096774,,False,
2025-04-01,136,Matched,122190,204.67336683417085,597,"COM Pole 1120 - Towards the City, Near Federation Square Bridge",BirFed1120_T,-37.8184141,144.97357915,Outdoor,A,88288,33902,27.745314673868567,False,160043.0,-23.651768587192194,115484.33333333333,,,720,82.91666666666667,,False,
2025-05-01,136,Matched,128180,204.10828025477707,628,"COM Pole 1120 - Towards the City, Near Federation Square Bridge",BirFed1120_T,-37.8184141,144.97357915,Outdoor,A,59772,68408,53.36870026525199,False,122190.0,4.902201489483591,136804.33333333334,,,744,84.40860215053763,,False,
2025-06-01,136,Matched,84140,147.0979020979021,572,"COM Pole 1120 - Towards the City, Near Federation Square Bridge",BirFed1120_T,-37.8184141,144.97357915,Outdoor,A,44604,39536,46.98835274542429,False,128180.0,-34.3579341550944,111503.33333333333,,,720,79.44444444444444,,False,
2025-07-01,136,Matched,122813,212.11226252158892,579,"COM Pole 1120 - Towards the City, Near Federation Square Bridge",BirFed1120_T,-37.8184141,144.97357915,Outdoor,A,51993,70820,57.66490518104761,False,84140.0,45.96268124554314,111711.0,,,744,77.82258064516128,,False,
2025-08-01,136,Matched,100056,171.32876712328766,584,"COM Pole 1120 - Towards the City, Near Federation Square Bridge",BirFed1120_T,-37.8184141,144.97357915,Outdoor,A,54373,45683,45.65743183817062,False,122813.0,-18.529797334158435,102336.33333333333,,,744,78.49462365591397,,False,
2025-09-01,136,Matched,124410,215.98958333333331,576,"COM Pole 1120 - Towards the City, Near Federation Square Bridge",BirFed1120_T,-37.8184141,144.97357915,Outdoor,A,66843,57567,46.27200385821075,False,100056.0,24.34036939313984,115759.66666666667,,,720,80.0,,False,
2025-10-01,136,Matched,127260,206.5909090909091,616,"COM Pole 1120 - Towards the City, Near Federation Square Bridge",BirFed1120_T,-37.8184141,144.97357915,Outdoor,A,77647,49613,38.98554141128399,False,124410.0,2.2908126356402216,117242.0,108706.0,17.06805512115247,744,82.79569892473118,80.51075268817203,False,
2025-11-01,136,Matched,105468,170.6601941747573,618,"COM Pole 1120 - Towards the City, Near Federation Square Bridge",BirFed1120_T,-37.8184141,144.97357915,Outdoor,A,68595,36873,34.96131528046422,False,127260.0,-17.123998114097123,119046.0,75341.0,39.987523393636934,720,85.83333333333333,85.55555555555556,False,
2025-12-01,136,Matched,139971,216.0046296296296,648,"COM Pole 1120 - Towards the City, Near Federation Square Bridge",BirFed1120_T,-37.8184141,144.97357915,Outdoor,A,94996,44975,32.13165584299605,False,105468.0,32.71418818978268,124233.0,119215.0,17.410560751583272,744,87.09677419354838,86.82795698924731,False,
2026-01-01,136,Matched,140072,197.0070323488045,711,"COM Pole 1120 - Towards the City, Near Federation Square Bridge",BirFed1120_T,-37.8184141,144.97357915,Outdoor,A,93300,46772,33.39139870923525,False,139971.0,0.072157804116567,128503.66666666667,150413.0,-6.875070638841057,744,95.56451612903226,94.6236559139785,True,-6.875070638841057
2026-02-01,136,Matched,64017,104.77414075286416,611,"COM Pole 1120 - Towards the City, Near Federation Square Bridge",BirFed1120_T,-37.8184141,144.97357915,Outdoor,A,45072,18945,29.593701672993117,False,140072.0,-54.29707578959392,114686.66666666667,64220.0,-0.3161009031454376,672,90.92261904761905,84.375,False,
2026-03-01,136,Matched,133933,199.00891530460623,673,"COM Pole 1120 - Towards the City, Near Federation Square Bridge",BirFed1120_T,-37.8184141,144.97357915,Outdoor,A,71284,62649,46.77637326125749,False,64017.0,109.2147398347314,112674.0,160043.0,-16.31436551426804,744,90.45698924731182,91.93548387096774,True,-16.31436551426804
2026-04-01,136,Matched,102393,165.95299837925447,617,"COM Pole 1120 - Towards the City, Near Federation Square Bridge",BirFed1120_T,-37.8184141,144.97357915,Outdoor,A,60386,42007,41.02526539900189,False,133933.0,-23.549087976824232,100114.33333333333,122190.0,-16.201816842622147,720,85.69444444444444,82.91666666666667,False,
2026-05-01,136,Matched,58935,124.33544303797468,474,"COM Pole 1120 - Towards the City, Near Federation Square Bridge",BirFed1120_T,-37.8184141,144.97357915,Outdoor,A,27551,31384,53.25188767285993,False,102393.0,-42.442354457824266,98420.33333333333,128180.0,-54.02168825089717,744,63.70967741935484,84.40860215053763,False,
2026-06-01,136,Matched,93257,159.96054888507717,583,"COM Pole 1120 - Towards the City, Near Federation Square Bridge",BirFed1120_T,-37.8184141,144.97357915,Outdoor,A,61208,32049,34.366321026839806,False,58935.0,58.23704080766947,84861.66666666667,84140.0,10.835512241502258,720,80.97222222222223,79.44444444444444,False,
2026-07-01,136,Matched,87244,146.62857142857143,595,"COM Pole 1120 - Towards the City, Near Federation Square Bridge",BirFed1120_T,-37.8184141,144.97357915,Outdoor,A,32209,55035,63.08170189353996,False,93257.0,-6.447773357495952,79812.0,122813.0,-28.961917712294298,744,79.97311827956989,77.82258064516128,False,
2026-08-01,136,Matched,82216,136.11920529801324,604,"COM Pole 1120 - Towards the City, Near Federation Square Bridge",BirFed1120_T,-37.8184141,144.97357915,Outdoor,A,33481,48735,59.27678310791087,False,87244.0,-5.763147035899316,87572.33333333333,100056.0,-17.830015191492766,744,81.18279569892472,78.49462365591397,False,
2024-10-01,137,Matched,26898,44.904841402337226,599,"COM Pole 2353 - Towards the city, NAB Building",BouHbr2353_T,-37.81894815,144.94612292,Outdoor,A,23943,2955,10.98594691055097,False,,,,,,744,80.51075268817203,,False,
2024-11-01,137,Matched,26625,44.375,600,"COM Pole 2353 - Towards the city, NAB Building",BouHbr2353_T,-37.81894815,144.94612292,Outdoor,A,22769,3856,14.48262910798122,False,26898.0,-1.0149453490965872,,,,720,83.33333333333334,,False,
2024-12-01,137,Matched,26564,43.40522875816993,612,"COM Pole 2353 - Towards the city, NAB Building",BouHbr2353_T,-37.81894815,144.94612292,Outdoor,A,23336,3228,12.151784369823822,False,26625.0,-0.2291079812206573,26695.666666666668,,,744,82.25806451612904,,False,
2025-01-01,137,Matched,29711,47.46166134185304,626,"COM Pole 2353 - Towards the city, NAB Building",BouHbr2353_T,-37.81894815,144.94612292,Outdoor,A,26621,3090,10.400188482380262,False,26564.0,11.846860412588466,27633.333333333332,,,744,84.13978494623656,,False,
2025-02-01,137,Matched,33005,58.62344582593251,563,"COM Pole 2353 - Towards the city, NAB Building",BouHbr2353_T,-37.81894815,144.94612292,Outdoor,A,29855,3150,9.544008483563095,False,29711.0,11.086802867624785,29760.0,,,672,83.77976190476191,,False,
2025-03-01,137,Matched,35213,58.10726072607261,606,"COM Pole 2353 - Towards the city, NAB Building",BouHbr2353_T,-37.81894815,144.94612292,Outdoor,A,30461,4752,13.495016045210576,False,33005.0,6.689895470383275,32643.0,,,744,81.45161290322581,,False,
2025-04-01,137,Matched,27387,47.46447140381282,577,"COM Pole 2353 - Towards the city, NAB Building",BouHbr2353_T,-37.81894815,144.94612292,Outdoor,A,23335,4052,14.795340855150254,False,35213.0,-22.22474654247011,31868.333333333332,,,720,80.13888888888889,,False,
2025-05-01,137,Matched,30273,50.878991596638656,595,"COM Pole 2353 - Towards the city, NAB Building",BouHbr2353_T,-37.81894815,144.94612292,Outdoor,A,27103,3170,10.471377134740528,False,27387.0,10.537846423485595,30957.666666666668,,,744,79.97311827956989,,False,
2025-06-01,137,Matched,25832,48.19402985074627,536,"COM Pole 2353 - Towards the city, NAB Building",BouHbr2353_T,-37.81894815,144.94612292,Outdoor,A,22944,2888,11.179931867451224,False,30273.0,-14.669837809268985,27830.666666666668,,,720,74.44444444444444,,False,
2025-07-01,137,Matched,35810,63.38053097345133,565,"COM Pole 2353 - Towards the city, NAB Building",BouHbr2353_T,-37.81894815,144.94612292,Outdoor,A,30487,5323,14.864562971237088,False,25832.0,38.62650975534221,30638.333333333332,,,744,75.94086021505376,,False,
2025-08-01,137,Matched,29862,52.1151832460733,573,"COM Pole 2353 - Towards the city, NAB Building",BouHbr2353_T,-37.81894815,144.94612292,Outdoor,A,26312,3550,11.888018217132142,False,35810.0,-16.609885506841664,30501.333333333332,,,744,77.01612903225806,,False,
2025-09-01,137,Matched,28180,50.59245960502693,557,"COM Pole 2353 - Towards the city, NAB Building",BouHbr2353_T,-37.81894815,144.94612292,Outdoor,A,25605,2575,9.137686302342086,False,29862.0,-5.632576518652468,31284.0,,,720,77.36111111111111,,False,
2025-10-01,137,Matched,50623,82.04700162074555,617,"COM Pole 2353 - Towards the city, NAB Building",BouHbr2353_T,-37.81894815,144.94612292,Outdoor,A,45427,5196,10.264109199375778,False,28180.0,79.64158977998581,36221.666666666664,26898.0,88.20358390958435,744,82.93010752688173,80.51075268817203,False,
2025-11-01,137,Matched,53395,87.82072368421052,608,"COM Pole 2353 - Towards the city, NAB Building",BouHbr2353_T,-37.81894815,144.94612292,Outdoor,A,46120,7275,13.624871242625714,False,50623.0,5.47577188234597,44066.0,26625.0,100.54460093896714,720,84.44444444444444,83.33333333333334,False,
2025-12-01,137,Matched,64446,98.69218989280245,653,"COM Pole 2353 - Towards the city, NAB Building",BouHbr2353_T,-37.81894815,144.94612292,Outdoor,A,58519,5927,9.196846972659282,False,53395.0,20.696694447045605,56154.666666666664,26564.0,142.6065351603674,744,87.76881720430107,82.25806451612904,False,
2026-01-01,137,Matched,52387,80.22511485451761,653,"COM Pole 2353 - Towards the city, NAB Building",BouHbr2353_T,-37.81894815,144.94612292,Outdoor,A,45883,6504,12.415293870616756,False,64446.0,-18.71178971542066,56742.666666666664,29711.0,76.32190097943523,744,87.76881720430107,84.13978494623656,False,
2026-02-01,137,Matched,55331,94.9073756432247,583,"COM Pole 2353 - Towards the city, NAB Building",BouHbr2353_T,-37.81894815,144.94612292,Outdoor,A,48951,6380,11.530606712331243,False,52387.0,5.619714814744116,57388.0,33005.0,67.64429631873958,672,86.75595238095238,83.77976190476191,False,
2026-03-01,137,Matched,59114,91.2253086419753,648,"COM Pole 2353 - Towards the city, NAB Building",BouHbr2353_T,-37.81894815,144.94612292,Outdoor,A,50555,8559,14.478803667489936,False,55331.0,6.837035296669136,55610.666666666664,35213.0,67.87550052537415,744,87.09677419354838,81.45161290322581,False,
2026-04-01,137,Matched,53504,86.15780998389694,621,"COM Pole 2353 - Towards the city, NAB Building",BouHbr2353_T,-37.81894815,144.94612292,Outdoor,A,47624,5880,10.989832535885167,False,59114.0,-9.490137700037216,55983.0,27387.0,95.3627633548764,720,86.25,80.13888888888889,False,
2026-05-01,137,Matched,53672,85.19365079365079,630,"COM Pole 2353 - Towards the city, NAB Building",BouHbr2353_T,-37.81894815,144.94612292,Outdoor,A,46279,7393,13.774407512296916,False,53504.0,0.31399521531100477,55430.0,30273.0,77.29329765797905,744,84.67741935483872,79.97311827956989,False,
2026-06-01,137,Matched,50423,85.60780984719864,589,"COM Pole 2353 - Towards the city, NAB Building",BouHbr2353_T,-37.81894815,144.94612292,Outdoor,A,44714,5709,11.32221406897646,False,53672.0,-6.053435683410345,52533.0,25832.0,95.19588107773305,720,81.80555555555556,74.44444444444444,False,
2026-07-01,137,Matched,70544,110.74411302982732,637,"COM Pole 2353 - Towards the city, NAB Building",BouHbr2353_T,-37.81894815,144.94612292,Outdoor,A,54584,15960,22.62417781809934,False,50423.0,39.90440870237788,58213.0,35810.0,96.99525272270316,744,85.61827956989248,75.94086021505376,False,
2026-08-01,137,Matched,51885,80.94383775351014,641,"COM Pole 2353 - Towards the city, NAB Building",BouHbr2353_T,-37.81894815,144.94612292,Outdoor,A,43983,7902,15.22983521248916,False,70544.0,-26.450158766160126,57617.333333333336,29862.0,73.74924653405665,744,86.15591397849462,77.01612903225806,False,
2024-10-01,138,Matched,5473,11.012072434607646,497,"COM Pole 1671 - Enterprize Park, Queens Bridge",EntPark1671_T,-37.81996544,144.95981454,Outdoor,A,4302,1171,21.395943723734696,False,,,,,,744,66.8010752688172,,False,
2024-11-01,138,Matched,5714,11.314851485148514,505,"COM Pole 1671 - Enterprize Park, Queens Bridge",EntPark1671_T,-37.81996544,144.95981454,Outdoor,A,4370,1344,23.52117605880294,False,5473.0,4.403435044765211,,,,720,70.13888888888889,,False,
2024-12-01,138,Matched,5817,10.48108108108108,555,"COM Pole 1671 - Enterprize Park, Queens Bridge",EntPark1671_T,-37.81996544,144.95981454,Outdoor,A,4270,1547,26.594464500601685,False,5714.0,1.8025901295064755,5668.0,,,744,74.59677419354838,,False,
2025-01-01,138,Matched,6189,11.032085561497324,561,"COM Pole 1671 - Enterprize Park, Queens Bridge",EntPark1671_T,-37.81996544,144.95981454,Outdoor,A,4836,1353,21.86136694134755,False,5817.0,6.395048994326973,5906.666666666667,,,744,75.40322580645162,,False,
2025-02-01,138,Matched,5671,11.839248434237996,479,"COM Pole 1671 - Enterprize Park, Queens Bridge",EntPark1671_T,-37.81996544,144.95981454,Outdoor,A,4377,1294,22.81784517721742,False,6189.0,-8.369688156406529,5892.333333333333,,,672,71.27976190476191,,False,
2025-03-01,138,Matched,6165,11.720532319391635,526,"COM Pole 1671 - Enterprize Park, Queens Bridge",EntPark1671_T,-37.81996544,144.95981454,Outdoor,A,4458,1707,27.688564476885645,False,5671.0,8.710985716804796,6008.333333333333,,,744,70.6989247311828,,False,
2025-04-01,138,Matched,6104,13.415384615384616,455,"COM Pole 1671 - Enterprize Park, Queens Bridge",EntPark1671_T,-37.81996544,144.95981454,Outdoor,A,4553,1551,25.40956749672346,False,6165.0,-0.9894566098945661,5980.0,,,720,63.19444444444444,,False,
2025-05-01,138,Matched,4927,11.121896162528216,443,"COM Pole 1671 - Enterprize Park, Queens Bridge",EntPark1671_T,-37.81996544,144.95981454,Outdoor,A,3611,1316,26.709965496245182,False,6104.0,-19.2824377457405,5732.0,,,744,59.543010752688176,,False,
2025-06-01,138,Matched,4154,10.761658031088082,386,"COM Pole 1671 - Enterprize Park, Queens Bridge",EntPark1671_T,-37.81996544,144.95981454,Outdoor,A,2994,1160,27.924891670678864,False,4927.0,-15.689060280089304,5061.666666666667,,,720,53.61111111111111,,False,
2025-07-01,138,Matched,4807,11.445238095238096,420,"COM Pole 1671 - Enterprize Park, Queens Bridge",EntPark1671_T,-37.81996544,144.95981454,Outdoor,A,3704,1103,22.94570418140212,False,4154.0,15.719788155994221,4629.333333333333,,,744,56.451612903225815,,False,
2025-08-01,138,Matched,4987,11.84560570071259,421,"COM Pole 1671 - Enterprize Park, Queens Bridge",EntPark1671_T,-37.81996544,144.95981454,Outdoor,A,3490,1497,30.018046921997197,False,4807.0,3.7445392136467652,4649.333333333333,,,744,56.58602150537635,,False,
2025-09-01,138,Matched,5094,11.269911504424778,452,"COM Pole 1671 - Enterprize Park, Queens Bridge",EntPark1671_T,-37.81996544,144.95981454,Outdoor,A,3663,1431,28.091872791519435,False,4987.0,2.145578504110688,4962.666666666667,,,720,62.77777777777778,,False,
2025-10-01,138,Matched,5516,11.786324786324789,468,"COM Pole 1671 - Enterprize Park, Queens Bridge",EntPark1671_T,-37.81996544,144.95981454,Outdoor,A,4264,1252,22.69760696156635,False,5094.0,8.2842559874362,5199.0,5473.0,0.7856751324684816,744,62.903225806451616,66.8010752688172,False,
2025-11-01,138,Matched,5170,11.75,440,"COM Pole 1671 - Enterprize Park, Queens Bridge",EntPark1671_T,-37.81996544,144.95981454,Outdoor,A,3917,1253,24.23597678916828,False,5516.0,-6.272661348803481,5260.0,5714.0,-9.52047602380119,720,61.111111111111114,70.13888888888889,False,
2025-12-01,138,Matched,6050,12.321792260692463,491,"COM Pole 1671 - Enterprize Park, Queens Bridge",EntPark1671_T,-37.81996544,144.95981454,Outdoor,A,4547,1503,24.84297520661157,False,5170.0,17.02127659574468,5578.666666666667,5817.0,4.005501117414475,744,65.99462365591397,74.59677419354838,False,
2026-01-01,138,Matched,6128,12.820083682008368,478,"COM Pole 1671 - Enterprize Park, Queens Bridge",EntPark1671_T,-37.81996544,144.95981454,Outdoor,A,4517,1611,26.289164490861616,False,6050.0,1.2892561983471074,5782.666666666667,6189.0,-0.9856196477621587,744,64.24731182795699,75.40322580645162,False,
2026-02-01,138,Matched,5192,12.48076923076923,416,"COM Pole 1671 - Enterprize Park, Queens Bridge",EntPark1671_T,-37.81996544,144.95981454,Outdoor,A,3863,1329,25.597072419106315,False,6128.0,-15.274151436031334,5790.0,5671.0,-8.44648210192206,672,61.904761904761905,71.27976190476191,False,
2026-03-01,138,Matched,5821,13.992788461538462,416,"COM Pole 1671 - Enterprize Park, Queens Bridge",EntPark1671_T,-37.81996544,144.95981454,Outdoor,A,4337,1484,25.49390139151349,False,5192.0,12.114791987673344,5713.666666666667,6165.0,-5.5798864557988646,744,55.91397849462365,70.6989247311828,False,
2026-04-01,138,Matched,4967,13.797222222222222,360,"COM Pole 1671 - Enterprize Park, Queens Bridge",EntPark1671_T,-37.81996544,144.95981454,Outdoor,A,3665,1302,26.213005838534325,False,5821.0,-14.67101872530493,5326.666666666667,6104.0,-18.627129750982963,720,50.0,63.19444444444444,False,
2026-05-01,138,Matched,4570,13.480825958702065,339,"COM Pole 1671 - Enterprize Park, Queens Bridge",EntPark1671_T,-37.81996544,144.95981454,Outdoor,A,3343,1227,26.84901531728665,False,4967.0,-7.992752164284276,5119.333333333333,4927.0,-7.245788512279278,744,45.564516129032256,59.543010752688176,False,
2026-06-01,138,Matched,3624,11.289719626168225,321,"COM Pole 1671 - Enterprize Park, Queens Bridge",EntPark1671_T,-37.81996544,144.95981454,Outdoor,A,2739,885,24.420529801324506,False,4570.0,-20.700218818380744,4387.0,4154.0,-12.758786711603273,720,44.583333333333336,53.61111111111111,False,
2026-07-01,138,Matched,4375,12.94378698224852,338,"COM Pole 1671 - Enterprize Park, Queens Bridge",EntPark1671_T,-37.81996544,144.95981454,Outdoor,A,3328,1047,23.93142857142857,False,3624.0,20.722958057395143,4189.666666666667,4807.0,-8.986894112752235,744,45.43010752688172,56.451612903225815,False,
2026-08-01,138,Matched,4348,12.422857142857143,350,"COM Pole 1671 - Enterprize Park, Queens Bridge",EntPark1671_T,-37.81996544,144.95981454,Outdoor,A,2837,1511,34.75160993560257,False,4375.0,-0.6171428571428572,4115.666666666667,4987.0,-12.81331461800682,744,47.043010752688176,56.58602150537635,False,
2024-10-01,139,Matched,67716,96.59914407988587,701,COM Pole 1647 - Sandridge Bridge Signal Box,Signal1647_T,-37.81959923,144.9632832,Outdoor,A,55012,12704,18.76070648000473,False,,,,,,744,94.22043010752688,,False,
2024-11-01,139,Matched,62746,90.80463096960926,691,COM Pole 1647 - Sandridge Bridge Signal Box,Signal1647_T,-37.81959923,144.9632832,Outdoor,A,50448,12298,19.59965575494852,False,67716.0,-7.339476637722251,,,,720,95.97222222222223,,False,
2024-12-01,139,Matched,69026,95.20827586206896,725,COM Pole 1647 - Sandridge Bridge Signal Box,Signal1647_T,-37.81959923,144.9632832,Outdoor,A,52645,16381,23.731637354040505,False,62746.0,10.008606126286935,66496.0,,,744,97.44623655913979,,False,
2025-01-01,139,Matched,69944,97.82377622377622,715,COM Pole 1647 - Sandridge Bridge Signal Box,Signal1647_T,-37.81959923,144.9632832,Outdoor,A,57626,12318,17.611231842616952,False,69026.0,1.3299336481905368,67238.66666666667,,,744,96.10215053763442,,False,
2025-02-01,139,Matched,61396,95.63239875389408,642,COM Pole 1647 - Sandridge Bridge Signal Box,Signal1647_T,-37.81959923,144.9632832,Outdoor,A,51286,10110,16.466870805915697,False,69944.0,-12.221205535857257,66788.66666666667,,,672,95.53571428571429,,False,
2025-03-01,139,Matched,69090,95.42817679558011,724,COM Pole 1647 - Sandridge Bridge Signal Box,Signal1647_T,-37.81959923,144.9632832,Outdoor,A,54058,15032,21.757128383268203,False,61396.0,12.531761026776989,66810.0,,,744,97.31182795698925,,False,
2025-04-01,139,Matched,61211,89.09898107714702,687,COM Pole 1647 - Sandridge Bridge Signal Box,Signal1647_T,-37.81959923,144.9632832,Outdoor,A,50599,10612,17.336753197954614,False,69090.0,-11.403965841655811,63899.0,,,720,95.41666666666667,,False,
2025-05-01,139,Matched,55740,80.54913294797687,692,COM Pole 1647 - Sandridge Bridge Signal Box,Signal1647_T,-37.81959923,144.9632832,Outdoor,A,45396,10344,18.557588805166848,False,61211.0,-8.93793599189688,62013.666666666664,,,744,93.01075268817203,,False,
2025-06-01,139,Matched,47254,69.59351988217968,679,COM Pole 1647 - Sandridge Bridge Signal Box,Signal1647_T,-37.81959923,144.9632832,Outdoor,A,39420,7834,16.578490709781182,False,55740.0,-15.224255471833512,54735.0,,,720,94.30555555555556,,False,
2025-07-01,139,Matched,56735,80.36118980169972,706,COM Pole 1647 - Sandridge Bridge Signal Box,Signal1647_T,-37.81959923,144.9632832,Outdoor,A,47598,9137,16.104697276813255,False,47254.0,20.0639099335506,53243.0,,,744,94.89247311827957,,False,
2025-08-01,139,Matched,57388,81.6330014224751,703,COM Pole 1647 - Sandridge Bridge Signal Box,Signal1647_T,-37.81959923,144.9632832,Outdoor,A,46125,11263,19.626054227364605,False,56735.0,1.150965012778708,53792.333333333336,,,744,94.48924731182797,,False,
2025-09-01,139,Matched,58268,84.08080808080808,693,COM Pole 1647 - Sandridge Bridge Signal Box,Signal1647_T,-37.81959923,144.9632832,Outdoor,A,48989,9279,15.92469279879179,False,57388.0,1.5334216212448597,57463.666666666664,,,720,96.25,,False,
2025-10-01,139,Matched,70297,99.71205673758864,705,COM Pole 1647 - Sandridge Bridge Signal Box,Signal1647_T,-37.81959923,144.9632832,Outdoor,A,59350,10947,15.57249953767586,False,58268.0,20.644264433308162,61984.333333333336,67716.0,3.81150688168232,744,94.75806451612904,94.22043010752688,True,3.81150688168232
2025-11-01,139,Matched,64134,93.08272859216255,689,COM Pole 1647 - Sandridge Bridge Signal Box,Signal1647_T,-37.81959923,144.9632832,Outdoor,A,50493,13641,21.269529422771072,False,70297.0,-8.767088211445722,64233.0,62746.0,2.2120932011602332,720,95.69444444444444,95.97222222222223,True,2.2120932011602332
2025-12-01,139,Matched,81835,113.65972222222224,720,COM Pole 1647 - Sandridge Bridge Signal Box,Signal1647_T,-37.81959923,144.9632832,Outdoor,A,64813,17022,20.80039103073257,False,64134.0,27.60002494776562,72088.66666666667,69026.0,18.556775707704343,744,96.7741935483871,97.44623655913979,True,18.556775707704343
2026-01-01,139,Matched,74680,102.3013698630137,730,COM Pole 1647 - Sandridge Bridge Signal Box,Signal1647_T,-37.81959923,144.9632832,Outdoor,A,58394,16286,21.80771290840921,False,81835.0,-8.743202786093969,73549.66666666667,69944.0,6.77113119066682,744,98.11827956989248,96.10215053763442,True,6.77113119066682
2026-02-01,139,Matched,58229,89.9984544049459,647,COM Pole 1647 - Sandridge Bridge Signal Box,Signal1647_T,-37.81959923,144.9632832,Outdoor,A,46675,11554,19.842346597056448,False,74680.0,-22.028655597214783,71581.33333333333,61396.0,-5.15831650270376,672,96.27976190476191,95.53571428571429,True,-5.15831650270376
2026-03-01,139,Matched,60099,84.40870786516854,712,COM Pole 1647 - Sandridge Bridge Signal Box,Signal1647_T,-37.81959923,144.9632832,Outdoor,A,45858,14241,23.695901762092547,False,58229.0,3.2114582081093612,64336.0,69090.0,-13.013460703430308,744,95.6989247311828,97.31182795698925,True,-13.013460703430308
2026-04-01,139,Matched,58769,85.17246376811595,690,COM Pole 1647 - Sandridge Bridge Signal Box,Signal1647_T,-37.81959923,144.9632832,Outdoor,A,45669,13100,22.29066344501353,False,60099.0,-2.213015191600526,59032.333333333336,61211.0,-3.989479015209685,720,95.83333333333334,95.41666666666667,True,-3.989479015209685
2026-05-01,139,Matched,52873,74.05182072829132,714,COM Pole 1647 - Sandridge Bridge Signal Box,Signal1647_T,-37.81959923,144.9632832,Outdoor,A,40031,12842,24.288389158928,False,58769.0,-10.032500127618302,57247.0,55740.0,-5.143523501973448,744,95.96774193548387,93.01075268817203,True,-5.143523501973448
2026-06-01,139,Matched,46757,67.5679190751445,692,COM Pole 1647 - Sandridge Bridge Signal Box,Signal1647_T,-37.81959923,144.9632832,Outdoor,A,37589,9168,19.607759265992257,False,52873.0,-11.567340608628223,52799.666666666664,47254.0,-1.0517628137300545,720,96.11111111111111,94.30555555555556,True,-1.0517628137300545
2026-07-01,139,Matched,53085,75.19121813031161,706,COM Pole 1647 - Sandridge Bridge Signal Box,Signal1647_T,-37.81959923,144.9632832,Outdoor,A,41421,11664,21.972308561740604,False,46757.0,13.533802425305302,50905.0,56735.0,-6.43341852472019,744,94.89247311827957,94.89247311827957,True,-6.43341852472019
2026-08-01,139,Matched,53504,74.62203626220362,717,COM Pole 1647 - Sandridge Bridge Signal Box,Signal1647_T,-37.81959923,144.9632832,Outdoor,A,40049,13455,25.14765251196172,False,53085.0,0.7893001789582745,51115.333333333336,57388.0,-6.7679654283125394,744,96.37096774193549,94.48924731182797,True,-6.7679654283125394
2024-10-01,140,Matched,70045,156.0022271714922,449,COM Pole 2837 - Boyd Park,Boyd2837_T,-37.82590962,144.96185972,Outdoor,A,51895,18150,25.91191376971946,False,,,,,,744,60.3494623655914,,False,
2024-11-01,140,Matched,67690,142.2058823529412,476,COM Pole 2837 - Boyd Park,Boyd2837_T,-37.82590962,144.96185972,Outdoor,A,47722,19968,29.499187472300196,False,70045.0,-3.3621243486330212,,,,720,66.11111111111111,,False,
2024-12-01,140,Matched,68955,136.54455445544554,505,COM Pole 2837 - Boyd Park,Boyd2837_T,-37.82590962,144.96185972,Outdoor,A,48666,20289,29.42353708940613,False,67690.0,1.8688137095582802,68896.66666666667,,,744,67.8763440860215,,False,
2025-01-01,140,Matched,63033,129.4312114989733,487,COM Pole 2837 - Boyd Park,Boyd2837_T,-37.82590962,144.96185972,Outdoor,A,47145,15888,25.20584455761268,False,68955.0,-8.588209701979551,66559.33333333333,,,744,65.45698924731182,,False,
2025-02-01,140,Matched,62025,146.63120567375887,423,COM Pole 2837 - Boyd Park,Boyd2837_T,-37.82590962,144.96185972,Outdoor,A,45147,16878,27.21160822249093,False,63033.0,-1.5991623435343394,64671.0,,,672,62.94642857142857,,False,
2025-03-01,140,Matched,66198,159.51325301204818,415,COM Pole 2837 - Boyd Park,Boyd2837_T,-37.82590962,144.96185972,Outdoor,A,43984,22214,33.55690504244841,False,62025.0,6.727932285368802,63752.0,,,744,55.77956989247311,,False,
2025-04-01,140,Matched,41064,114.70391061452514,358,COM Pole 2837 - Boyd Park,Boyd2837_T,-37.82590962,144.96185972,Outdoor,A,25374,15690,38.20864991233197,False,66198.0,-37.967914438502675,56429.0,,,720,49.72222222222222,,False,
2025-05-01,140,Matched,49950,141.10169491525423,354,COM Pole 2837 - Boyd Park,Boyd2837_T,-37.82590962,144.96185972,Outdoor,A,34204,15746,31.52352352352352,False,41064.0,21.63939216832262,52404.0,,,744,47.58064516129033,,False,
2025-06-01,140,Matched,45659,133.50584795321635,342,COM Pole 2837 - Boyd Park,Boyd2837_T,-37.82590962,144.96185972,Outdoor,A,31374,14285,31.286274338027557,False,49950.0,-8.59059059059059,45557.666666666664,,,720,47.5,,False,
2025-07-01,140,Matched,53829,145.09164420485175,371,COM Pole 2837 - Boyd Park,Boyd2837_T,-37.82590962,144.96185972,Outdoor,A,38994,14835,27.55949395307362,False,45659.0,17.89351496966644,49812.666666666664,,,744,49.865591397849464,,False,
2025-08-01,140,Matched,58954,143.4403892944039,411,COM Pole 2837 - Boyd Park,Boyd2837_T,-37.82590962,144.96185972,Outdoor,A,40012,18942,32.13013535977203,False,53829.0,9.520890226457858,52814.0,,,744,55.24193548387096,,False,
2025-09-01,140,Matched,62897,147.6455399061033,426,COM Pole 2837 - Boyd Park,Boyd2837_T,-37.82590962,144.96185972,Outdoor,A,45870,17027,27.071243461532347,False,58954.0,6.688265427282287,58560.0,,,720,59.166666666666664,,False,
2025-10-01,140,Matched,71816,157.49122807017545,456,COM Pole 2837 - Boyd Park,Boyd2837_T,-37.82590962,144.96185972,Outdoor,A,53705,18111,25.218614236381864,False,62897.0,14.18032656565496,64555.666666666664,70045.0,2.5283746163180814,744,61.29032258064516,60.3494623655914,False,
2025-11-01,140,Matched,69912,147.18315789473684,475,COM Pole 2837 - Boyd Park,Boyd2837_T,-37.82590962,144.96185972,Outdoor,A,47807,22105,31.618320173932947,False,71816.0,-2.651219783892169,68208.33333333333,67690.0,3.28261190722411,720,65.97222222222221,66.11111111111111,False,
2025-12-01,140,Matched,71064,140.7207920792079,505,COM Pole 2837 - Boyd Park,Boyd2837_T,-37.82590962,144.96185972,Outdoor,A,53050,18014,25.348981200045028,False,69912.0,1.6477857878475797,70930.66666666667,68955.0,3.0585164237546225,744,67.8763440860215,67.8763440860215,False,
2026-01-01,140,Matched,70620,143.24543610547667,493,COM Pole 2837 - Boyd Park,Boyd2837_T,-37.82590962,144.96185972,Outdoor,A,50032,20588,29.153214386859243,False,71064.0,-0.6247889226612631,70532.0,63033.0,12.036552282137928,744,66.26344086021506,65.45698924731182,False,
2026-02-01,140,Matched,70774,168.10926365795726,421,COM Pole 2837 - Boyd Park,Boyd2837_T,-37.82590962,144.96185972,Outdoor,A,50535,20239,28.59665979031848,False,70620.0,0.21806853582554517,70819.33333333333,62025.0,14.105602579604998,672,62.648809523809526,62.94642857142857,False,
2026-03-01,140,Matched,77450,178.45622119815667,434,COM Pole 2837 - Boyd Park,Boyd2837_T,-37.82590962,144.96185972,Outdoor,A,53557,23893,30.84958037443512,False,70774.0,9.432842569305112,72948.0,66198.0,16.997492371370736,744,58.333333333333336,55.77956989247311,False,
2026-04-01,140,Matched,64224,163.83673469387756,392,COM Pole 2837 - Boyd Park,Boyd2837_T,-37.82590962,144.96185972,Outdoor,A,45196,19028,29.62755356253114,False,77450.0,-17.076823757262748,70816.0,41064.0,56.399766218585626,720,54.44444444444444,49.72222222222222,False,
2026-05-01,140,Matched,53025,148.1145251396648,358,COM Pole 2837 - Boyd Park,Boyd2837_T,-37.82590962,144.96185972,Outdoor,A,34994,18031,34.00471475719,False,64224.0,-17.437406576980568,64899.666666666664,49950.0,6.156156156156156,744,48.11827956989247,47.58064516129033,False,
2026-06-01,140,Matched,43985,128.98826979472142,341,COM Pole 2837 - Boyd Park,Boyd2837_T,-37.82590962,144.96185972,Outdoor,A,31427,12558,28.55064226440832,False,53025.0,-17.04856199905705,53744.666666666664,45659.0,-3.6663089423771873,720,47.36111111111111,47.5,False,
2026-07-01,140,Matched,48339,139.30547550432277,347,COM Pole 2837 - Boyd Park,Boyd2837_T,-37.82590962,144.96185972,Outdoor,A,34968,13371,27.66089492955998,False,43985.0,9.898829146299876,48449.666666666664,53829.0,-10.19896338404949,744,46.63978494623656,49.865591397849464,False,
2026-08-01,140,Matched,54049,139.66149870801033,387,COM Pole 2837 - Boyd Park,Boyd2837_T,-37.82590962,144.96185972,Outdoor,A,35046,19003,35.15883735129234,False,48339.0,11.812408200417881,48791.0,58954.0,-8.320046137666655,744,52.016129032258064,55.24193548387096,False,
2024-10-01,141,Matched,144841,194.9407806191117,743,Awning of Nationwide Parking 474 Flinders Street,474Fl_T,-37.81997273,144.95834911,Outdoor,A,102232,42609,29.41777535366367,False,,,,,,744,99.86559139784946,,False,
2024-11-01,141,Matched,128437,178.38472222222222,720,Awning of Nationwide Parking 474 Flinders Street,474Fl_T,-37.81997273,144.95834911,Outdoor,A,86631,41806,32.549810412887254,False,144841.0,-11.325522469466518,,,,720,100.0,,False,
2024-12-01,141,Matched,133679,181.3826322930801,737,Awning of Nationwide Parking 474 Flinders Street,474Fl_T,-37.81997273,144.95834911,Outdoor,A,89405,44274,33.119637340195546,False,128437.0,4.081378418991412,135652.33333333334,,,744,99.05913978494624,,False,
2025-01-01,141,Matched,137293,196.9770444763271,697,Awning of Nationwide Parking 474 Flinders Street,474Fl_T,-37.81997273,144.95834911,Outdoor,A,100374,36919,26.890664491270496,False,133679.0,2.7034911990664203,133136.33333333334,,,744,93.68279569892472,,False,
2025-02-01,141,Matched,127627,189.92113095238096,672,Awning of Nationwide Parking 474 Flinders Street,474Fl_T,-37.81997273,144.95834911,Outdoor,A,88852,38775,30.38150234668213,False,137293.0,-7.040417209908735,132866.33333333334,,,672,100.0,,False,
2025-03-01,141,Matched,148625,199.76478494623652,744,Awning of Nationwide Parking 474 Flinders Street,474Fl_T,-37.81997273,144.95834911,Outdoor,A,93959,54666,36.7811606391926,False,127627.0,16.452631496470183,137848.33333333334,,,744,100.0,,False,
2025-04-01,141,Matched,142047,197.2875,720,Awning of Nationwide Parking 474 Flinders Street,474Fl_T,-37.81997273,144.95834911,Outdoor,A,96700,45347,31.92394066752553,False,148625.0,-4.425904121110177,139433.0,,,720,100.0,,False,
2025-05-01,141,Matched,111696,186.16,600,Awning of Nationwide Parking 474 Flinders Street,474Fl_T,-37.81997273,144.95834911,Outdoor,A,76760,34936,31.277753903452226,False,142047.0,-21.36687152843777,134122.66666666666,,,744,80.64516129032258,,False,
2025-06-01,141,Matched,113435,157.54861111111111,720,Awning of Nationwide Parking 474 Flinders Street,474Fl_T,-37.81997273,144.95834911,Outdoor,A,73776,39659,34.96187243796007,False,111696.0,1.5569044549491478,122392.66666666667,,,720,100.0,,False,
2025-07-01,141,Matched,137158,184.3521505376344,744,Awning of Nationwide Parking 474 Flinders Street,474Fl_T,-37.81997273,144.95834911,Outdoor,A,93444,43714,31.871272546989605,False,113435.0,20.91329836470225,120763.0,,,744,100.0,,False,
2025-08-01,141,Matched,122538,164.7016129032258,744,Awning of Nationwide Parking 474 Flinders Street,474Fl_T,-37.81997273,144.95834911,Outdoor,A,76123,46415,37.87804599389577,False,137158.0,-10.659239708948803,124377.0,,,744,100.0,,False,
2025-09-01,141,Matched,111962,155.50277777777777,720,Awning of Nationwide Parking 474 Flinders Street,474Fl_T,-37.81997273,144.95834911,Outdoor,A,79214,32748,29.24920955324128,False,122538.0,-8.630792080823909,123886.0,,,720,100.0,,False,
2025-10-01,141,Matched,133284,179.38627187079408,743,Awning of Nationwide Parking 474 Flinders Street,474Fl_T,-37.81997273,144.95834911,Outdoor,A,97287,35997,27.00774286486,False,111962.0,19.043961344027437,122594.66666666667,144841.0,-7.97909431721681,744,99.86559139784946,99.86559139784946,True,-7.97909431721681
2025-11-01,141,Matched,144095,200.13194444444449,720,Awning of Nationwide Parking 474 Flinders Street,474Fl_T,-37.81997273,144.95834911,Outdoor,A,94394,49701,34.49182830771366,False,133284.0,8.111251162930284,129780.33333333333,128437.0,12.191191011935814,720,100.0,100.0,True,12.191191011935814
2025-12-01,141,Matched,171000,229.83870967741936,744,Awning of Nationwide Parking 474 Flinders Street,474Fl_T,-37.81997273,144.95834911,Outdoor,A,123105,47895,28.00877192982456,False,144095.0,18.671709636004024,149459.66666666666,133679.0,27.918371621571076,744,100.0,99.05913978494624,True,27.918371621571076
2026-01-01,141,Matched,161011,216.41263440860212,744,Awning of Nationwide Parking 474 Flinders Street,474Fl_T,-37.81997273,144.95834911,Outdoor,A,110492,50519,31.376117159697163,False,171000.0,-5.841520467836257,158702.0,137293.0,17.275461968199398,744,100.0,93.68279569892472,True,17.275461968199398
2026-02-01,141,Matched,86770,210.0968523002421,413,Awning of Nationwide Parking 474 Flinders Street,474Fl_T,-37.81997273,144.95834911,Outdoor,A,65049,21721,25.032845453497757,False,161011.0,-46.10927203731422,139593.66666666666,127627.0,-32.01281860421384,672,61.458333333333336,100.0,False,
2026-03-01,141,Matched,155077,208.43682795698925,744,Awning of Nationwide Parking 474 Flinders Street,474Fl_T,-37.81997273,144.95834911,Outdoor,A,102330,52747,34.01342558857858,False,86770.0,78.72190849371903,134286.0,148625.0,4.341126997476871,744,100.0,100.0,True,4.341126997476871
2026-04-01,141,Matched,147647,205.06527777777777,720,Awning of Nationwide Parking 474 Flinders Street,474Fl_T,-37.81997273,144.95834911,Outdoor,A,100603,47044,31.862482813738172,False,155077.0,-4.791168258349078,129831.33333333333,142047.0,3.942357107154674,720,100.0,100.0,True,3.942357107154674
2026-05-01,141,Matched,143101,192.3400537634409,744,Awning of Nationwide Parking 474 Flinders Street,474Fl_T,-37.81997273,144.95834911,Outdoor,A,90878,52223,36.49380507473742,False,147647.0,-3.078965370105725,148608.33333333334,111696.0,28.116494771522703,744,100.0,80.64516129032258,False,
2026-06-01,141,Matched,130250,180.90277777777777,720,Awning of Nationwide Parking 474 Flinders Street,474Fl_T,-37.81997273,144.95834911,Outdoor,A,89012,41238,31.660652591170823,False,143101.0,-8.980370507543622,140332.66666666666,113435.0,14.82346718384978,720,100.0,100.0,True,14.82346718384978
2026-07-01,141,Matched,145627,195.73521505376343,744,Awning of Nationwide Parking 474 Flinders Street,474Fl_T,-37.81997273,144.95834911,Outdoor,A,102041,43586,29.929889374909877,False,130250.0,11.805758157389636,139659.33333333334,137158.0,6.1746307178582365,744,100.0,100.0,True,6.1746307178582365
2026-08-01,141,Matched,139615,187.65456989247312,744,Awning of Nationwide Parking 474 Flinders Street,474Fl_T,-37.81997273,144.95834911,Outdoor,A,86691,52924,37.9071016724564,False,145627.0,-4.128355318725236,138497.33333333334,122538.0,13.936085132775139,744,100.0,100.0,True,13.936085132775139
2024-10-01,142,Matched,283818,471.45847176079735,602,Hamer Hall Entrance (COM Pole 1584),Hammer1584_T,-37.81970749,144.96795734,Outdoor,A,179469,104349,36.7661670507156,False,,,,,,744,80.91397849462365,,False,
2024-11-01,142,Matched,317983,492.9968992248062,645,Hamer Hall Entrance (COM Pole 1584),Hammer1584_T,-37.81970749,144.96795734,Outdoor,A,210653,107330,33.75337675284528,False,283818.0,12.037643842180552,,,,720,89.58333333333334,,False,
2024-12-01,142,Matched,440497,654.5274888558693,673,Hamer Hall Entrance (COM Pole 1584),Hammer1584_T,-37.81970749,144.96795734,Outdoor,A,279787,160710,36.48378990095279,False,317983.0,38.5284747926776,347432.6666666667,,,744,90.45698924731182,,False,
2025-01-01,142,Matched,413874,628.0333839150228,659,Hamer Hall Entrance (COM Pole 1584),Hammer1584_T,-37.81970749,144.96795734,Outdoor,A,301690,112184,27.10583414275842,False,440497.0,-6.043855009228213,390784.6666666667,,,744,88.5752688172043,,False,
2025-02-01,142,Matched,291625,488.4840871021776,597,Hamer Hall Entrance (COM Pole 1584),Hammer1584_T,-37.81970749,144.96795734,Outdoor,A,195132,96493,33.088041148735535,False,413874.0,-29.53773370639373,381998.6666666667,,,672,88.83928571428571,,False,
2025-03-01,142,Matched,386232,549.4054054054054,703,Hamer Hall Entrance (COM Pole 1584),Hammer1584_T,-37.81970749,144.96795734,Outdoor,A,229923,156309,40.47023550612067,False,291625.0,32.44132018859837,363910.3333333333,,,744,94.48924731182797,,False,
2025-04-01,142,Matched,314426,465.8162962962963,675,Hamer Hall Entrance (COM Pole 1584),Hammer1584_T,-37.81970749,144.96795734,Outdoor,A,204075,110351,35.09601623275429,False,386232.0,-18.591416557923736,330761.0,,,720,93.75,,False,
2025-05-01,142,Matched,231087,335.39477503628444,689,Hamer Hall Entrance (COM Pole 1584),Hammer1584_T,-37.81970749,144.96795734,Outdoor,A,133746,97341,42.12309649612484,False,314426.0,-26.50512362209232,310581.6666666667,,,744,92.60752688172043,,False,
2025-06-01,142,Matched,180845,330.61243144424134,547,Hamer Hall Entrance (COM Pole 1584),Hammer1584_T,-37.81970749,144.96795734,Outdoor,A,108093,72752,40.22892532279023,False,231087.0,-21.741595156802415,242119.33333333334,,,720,75.97222222222221,,False,
2025-07-01,142,Matched,239805,448.233644859813,535,Hamer Hall Entrance (COM Pole 1584),Hammer1584_T,-37.81970749,144.96795734,Outdoor,A,148023,91782,38.27359729780447,False,180845.0,32.602504907517485,217245.66666666666,,,744,71.90860215053763,,False,
2025-08-01,142,Matched,247470,435.6866197183099,568,Hamer Hall Entrance (COM Pole 1584),Hammer1584_T,-37.81970749,144.96795734,Outdoor,A,140048,107422,43.40808986947913,False,239805.0,3.1963470319634704,222706.66666666666,,,744,76.34408602150538,,False,
2025-09-01,142,Matched,258072,438.8979591836735,588,Hamer Hall Entrance (COM Pole 1584),Hammer1584_T,-37.81970749,144.96795734,Outdoor,A,168373,89699,34.75735453671844,False,247470.0,4.284155655230936,248449.0,,,720,81.66666666666667,,False,
2025-10-01,142,Matched,297181,505.4098639455783,588,Hamer Hall Entrance (COM Pole 1584),Hammer1584_T,-37.81970749,144.96795734,Outdoor,A,206856,90325,30.39393500930409,False,258072.0,15.154298025357265,267574.3333333333,283818.0,4.708298980332466,744,79.03225806451613,80.91397849462365,False,
2025-11-01,142,Matched,266067,525.8241106719368,506,Hamer Hall Entrance (COM Pole 1584),Hammer1584_T,-37.81970749,144.96795734,Outdoor,A,153047,113020,42.47802245299116,False,297181.0,-10.469713743476198,273773.3333333333,317983.0,-16.326658972334997,720,70.27777777777777,89.58333333333334,False,
2025-12-01,142,Matched,435366,666.7166921898928,653,Hamer Hall Entrance (COM Pole 1584),Hammer1584_T,-37.81970749,144.96795734,Outdoor,A,299530,135836,31.200415282773577,False,266067.0,63.63021344247878,332871.3333333333,440497.0,-1.1648206457705728,744,87.76881720430107,90.45698924731182,False,
2026-01-01,142,Matched,474619,642.2449255751014,739,Hamer Hall Entrance (COM Pole 1584),Hammer1584_T,-37.81970749,144.96795734,Outdoor,A,313216,161403,34.00685602556998,False,435366.0,9.016092207476008,392017.3333333333,413874.0,14.677172279486028,744,99.32795698924731,88.5752688172043,False,
2026-02-01,142,Matched,328056,491.1017964071857,668,Hamer Hall Entrance (COM Pole 1584),Hammer1584_T,-37.81970749,144.96795734,Outdoor,A,212647,115409,35.17966444753335,False,474619.0,-30.88013754190203,412680.3333333333,291625.0,12.492413201885984,672,99.40476190476191,88.83928571428571,False,
2026-03-01,142,Matched,427850,582.1088435374149,735,Hamer Hall Entrance (COM Pole 1584),Hammer1584_T,-37.81970749,144.96795734,Outdoor,A,249364,178486,41.716956877410304,False,328056.0,30.419806374521425,410175.0,386232.0,10.775388885436731,744,98.79032258064517,94.48924731182797,True,10.775388885436731
2026-04-01,142,Matched,373862,523.6162464985995,714,Hamer Hall Entrance (COM Pole 1584),Hammer1584_T,-37.81970749,144.96795734,Outdoor,A,238829,135033,36.11840732676763,False,427850.0,-12.618441042421411,376589.3333333333,314426.0,18.903016926081175,720,99.16666666666667,93.75,True,18.903016926081175
2026-05-01,142,Matched,295423,400.8453188602442,737,Hamer Hall Entrance (COM Pole 1584),Hammer1584_T,-37.81970749,144.96795734,Outdoor,A,170578,124845,42.25974280946304,False,373862.0,-20.980736207477626,365711.6666666667,231087.0,27.840596831496363,744,99.05913978494624,92.60752688172043,True,27.840596831496363
2026-06-01,142,Matched,259299,366.7595473833098,707,Hamer Hall Entrance (COM Pole 1584),Hammer1584_T,-37.81970749,144.96795734,Outdoor,A,163086,96213,37.105040898730806,False,295423.0,-12.227890177812831,309528.0,180845.0,43.381901628466366,720,98.19444444444444,75.97222222222221,False,
2026-07-01,142,Matched,323215,439.7482993197279,735,Hamer Hall Entrance (COM Pole 1584),Hammer1584_T,-37.81970749,144.96795734,Outdoor,A,198688,124527,38.52760546385533,False,259299.0,24.649535864002562,292645.6666666667,239805.0,34.78242738892016,744,98.79032258064517,71.90860215053763,False,
2026-08-01,142,Matched,325415,443.34468664850135,734,Hamer Hall Entrance (COM Pole 1584),Hammer1584_T,-37.81970749,144.96795734,Outdoor,A,178881,146534,45.029884916183946,False,323215.0,0.6806614792011509,302643.0,247470.0,31.496747080454195,744,98.65591397849462,76.34408602150538,False,
2024-10-01,143,Matched,230607,310.3728129205922,743,"Mounted on Toilet - Spencer Street, Batman Park",Spencer_T,-37.821728,144.95557015,Outdoor,A,157525,73082,31.69114554198268,False,,,,,,744,99.86559139784946,,False,
2024-11-01,143,Matched,203990,290.5840455840456,702,"Mounted on Toilet - Spencer Street, Batman Park",Spencer_T,-37.821728,144.95557015,Outdoor,A,131307,72683,35.630668170008335,False,230607.0,-11.542147462999822,,,,720,97.5,,False,
2024-12-01,143,Matched,228739,307.4448924731183,744,"Mounted on Toilet - Spencer Street, Batman Park",Spencer_T,-37.821728,144.95557015,Outdoor,A,153174,75565,33.0354683722496,False,203990.0,12.132457473405559,221112.0,,,744,100.0,,False,
2025-01-01,143,Matched,199867,268.63844086021504,744,"Mounted on Toilet - Spencer Street, Batman Park",Spencer_T,-37.821728,144.95557015,Outdoor,A,144141,55726,27.881541224914567,False,228739.0,-12.622246315669825,210865.33333333334,,,744,100.0,,False,
2025-02-01,143,Matched,176607,262.8080357142857,672,"Mounted on Toilet - Spencer Street, Batman Park",Spencer_T,-37.821728,144.95557015,Outdoor,A,117466,59141,33.487347613628,False,199867.0,-11.637739096499173,201737.66666666666,,,672,100.0,,False,
2025-03-01,143,Matched,227461,305.72715053763443,744,"Mounted on Toilet - Spencer Street, Batman Park",Spencer_T,-37.821728,144.95557015,Outdoor,A,133347,94114,41.37588421751421,False,176607.0,28.795008125385746,201311.66666666666,,,744,100.0,,False,
2025-04-01,143,Matched,188982,262.475,720,"Mounted on Toilet - Spencer Street, Batman Park",Spencer_T,-37.821728,144.95557015,Outdoor,A,121985,66997,35.45152448381327,False,227461.0,-16.916746167474862,197683.33333333334,,,720,100.0,,False,
2025-05-01,143,Matched,145281,238.94901315789477,608,"Mounted on Toilet - Spencer Street, Batman Park",Spencer_T,-37.821728,144.95557015,Outdoor,A,98027,47254,32.5259325032179,False,188982.0,-23.124424548369685,187241.33333333334,,,744,81.72043010752688,,False,
2025-06-01,143,Matched,156417,217.2458333333333,720,"Mounted on Toilet - Spencer Street, Batman Park",Spencer_T,-37.821728,144.95557015,Outdoor,A,95939,60478,38.664595280564136,False,145281.0,7.6651454766968845,163560.0,,,720,100.0,,False,
2025-07-01,143,Matched,177710,238.8575268817204,744,"Mounted on Toilet - Spencer Street, Batman Park",Spencer_T,-37.821728,144.95557015,Outdoor,A,117004,60706,34.16014855663722,False,156417.0,13.612970457175372,159802.66666666666,,,744,100.0,,False,
2025-08-01,143,Matched,188129,252.86155913978496,744,"Mounted on Toilet - Spencer Street, Batman Park",Spencer_T,-37.821728,144.95557015,Outdoor,A,109726,78403,41.675127173375714,False,177710.0,5.862922739294356,174085.33333333334,,,744,100.0,,False,
2025-09-01,143,Matched,170913,237.37916666666663,720,"Mounted on Toilet - Spencer Street, Batman Park",Spencer_T,-37.821728,144.95557015,Outdoor,A,116406,54507,31.89166418002141,False,188129.0,-9.151167549925848,178917.33333333334,,,720,100.0,,False,
2025-10-01,143,Matched,224548,302.2180349932705,743,"Mounted on Toilet - Spencer Street, Batman Park",Spencer_T,-37.821728,144.95557015,Outdoor,A,152804,71744,31.9504070399202,False,170913.0,31.381463083557133,194530.0,230607.0,-2.6274137385248495,744,99.86559139784946,99.86559139784946,True,-2.6274137385248495
2025-11-01,143,Matched,228166,316.89722222222224,720,"Mounted on Toilet - Spencer Street, Batman Park",Spencer_T,-37.821728,144.95557015,Outdoor,A,141114,87052,38.1529237484989,False,224548.0,1.6112367956962432,207875.66666666666,203990.0,11.85156135104662,720,100.0,97.5,True,11.85156135104662
2025-12-01,143,Matched,286315,384.8319892473118,744,"Mounted on Toilet - Spencer Street, Batman Park",Spencer_T,-37.821728,144.95557015,Outdoor,A,195803,90512,31.612734226289223,False,228166.0,25.48539221444036,246343.0,228739.0,25.17104647655188,744,100.0,100.0,True,25.17104647655188
2026-01-01,143,Matched,243823,336.7720994475138,724,"Mounted on Toilet - Spencer Street, Batman Park",Spencer_T,-37.821728,144.95557015,Outdoor,A,163826,79997,32.80945603983218,False,286315.0,-14.840996804219127,252768.0,199867.0,21.992625095688634,744,97.31182795698925,100.0,True,21.992625095688634
2026-02-01,143,Matched,251256,377.8285714285714,665,"Mounted on Toilet - Spencer Street, Batman Park",Spencer_T,-37.821728,144.95557015,Outdoor,A,167712,83544,33.25054924061515,False,243823.0,3.048522903909803,260464.66666666666,176607.0,42.268426506310625,672,98.95833333333334,100.0,True,42.268426506310625
2026-03-01,143,Matched,324770,436.51881720430106,744,"Mounted on Toilet - Spencer Street, Batman Park",Spencer_T,-37.821728,144.95557015,Outdoor,A,188091,136679,42.08486005480802,False,251256.0,29.25860476963734,273283.0,227461.0,42.780520616721105,744,100.0,100.0,True,42.780520616721105
2026-04-01,143,Matched,274395,381.1041666666667,720,"Mounted on Toilet - Spencer Street, Batman Park",Spencer_T,-37.821728,144.95557015,Outdoor,A,173337,101058,36.82938829060296,False,324770.0,-15.51097699910706,283473.6666666667,188982.0,45.19636790805473,720,100.0,100.0,True,45.19636790805473
2026-05-01,143,Matched,255279,343.116935483871,744,"Mounted on Toilet - Spencer Street, Batman Park",Spencer_T,-37.821728,144.95557015,Outdoor,A,155303,99976,39.16342511526605,False,274395.0,-6.966599245613075,284814.6666666667,145281.0,75.71396121998059,744,100.0,81.72043010752688,False,
2026-06-01,143,Matched,224918,313.25626740947075,718,"Mounted on Toilet - Spencer Street, Batman Park",Spencer_T,-37.821728,144.95557015,Outdoor,A,142348,82570,36.711156954979145,False,255279.0,-11.893261882097626,251530.66666666666,156417.0,43.79383315112808,720,99.72222222222223,100.0,True,43.79383315112808
2026-07-01,143,Matched,235957,317.14650537634407,744,"Mounted on Toilet - Spencer Street, Batman Park",Spencer_T,-37.821728,144.95557015,Outdoor,A,155652,80305,34.03374343630407,False,224918.0,4.90801091953512,238718.0,177710.0,32.776433515277695,744,100.0,100.0,True,32.776433515277695
2026-08-01,143,Matched,227928,306.35483870967744,744,"Mounted on Toilet - Spencer Street, Batman Park",Spencer_T,-37.821728,144.95557015,Outdoor,A,129260,98668,43.2891088413885,False,235957.0,-3.4027386345817248,229601.0,188129.0,21.155164807127026,744,100.0,100.0,True,21.155164807127026
2024-10-01,161,Matched,169247,297.4463971880492,569,Birrarung Marr - COM - Pole 1109,BirArt1109_T,-37.81851276,144.97131336,Outdoor,A,100324,68923,40.72332153597996,False,,,,,,744,76.47849462365592,,False,
2024-11-01,161,Matched,116776,201.68566493955092,579,Birrarung Marr - COM - Pole 1109,BirArt1109_T,-37.81851276,144.97131336,Outdoor,A,83374,33402,28.603480167157635,False,169247.0,-31.002617476232963,,,,720,80.41666666666667,,False,
2024-12-01,161,Matched,148058,261.12522045855377,567,Birrarung Marr - COM - Pole 1109,BirArt1109_T,-37.81851276,144.97131336,Outdoor,A,102028,46030,31.089167758581095,False,116776.0,26.788038638076316,144693.66666666666,,,744,76.20967741935483,,False,
2025-01-01,161,Matched,435559,729.5795644891123,597,Birrarung Marr - COM - Pole 1109,BirArt1109_T,-37.81851276,144.97131336,Outdoor,A,305445,130114,29.872876005317305,False,148058.0,194.18133434194706,233464.33333333334,,,744,80.24193548387096,,False,
2025-02-01,161,Matched,90667,188.1058091286307,482,Birrarung Marr - COM - Pole 1109,BirArt1109_T,-37.81851276,144.97131336,Outdoor,A,66811,23856,26.311667971808927,False,435559.0,-79.18376155698769,224761.33333333334,,,672,71.72619047619048,,False,
2025-03-01,161,Matched,272678,518.3992395437263,526,Birrarung Marr - COM - Pole 1109,BirArt1109_T,-37.81851276,144.97131336,Outdoor,A,153910,118768,43.55613580853607,False,90667.0,200.74668843129254,266301.3333333333,,,744,70.6989247311828,,False,
2025-04-01,161,Matched,142412,302.36093418259026,471,Birrarung Marr - COM - Pole 1109,BirArt1109_T,-37.81851276,144.97131336,Outdoor,A,97153,45259,31.78032750049153,False,272678.0,-47.772830958126434,168585.66666666666,,,720,65.41666666666667,,False,
2025-05-01,161,Matched,140428,283.6929292929293,495,Birrarung Marr - COM - Pole 1109,BirArt1109_T,-37.81851276,144.97131336,Outdoor,A,65968,74460,53.023613524368365,False,142412.0,-1.3931410274415077,185172.66666666666,,,744,66.53225806451613,,False,
2025-06-01,161,Matched,99748,180.70289855072463,552,Birrarung Marr - COM - Pole 1109,BirArt1109_T,-37.81851276,144.97131336,Outdoor,A,52975,46773,46.8911657376589,False,140428.0,-28.968581764320504,127529.33333333333,,,720,76.66666666666667,,False,
2025-07-01,161,Matched,120405,202.3613445378151,595,Birrarung Marr - COM - Pole 1109,BirArt1109_T,-37.81851276,144.97131336,Outdoor,A,66347,54058,44.89680661102114,False,99748.0,20.70918715162209,120193.66666666667,,,744,79.97311827956989,,False,
2025-08-01,161,Matched,134424,224.41402337228715,599,Birrarung Marr - COM - Pole 1109,BirArt1109_T,-37.81851276,144.97131336,Outdoor,A,72693,61731,45.92260310658811,False,120405.0,11.64320418587268,118192.33333333333,,,744,80.51075268817203,,False,
2025-09-01,161,Matched,180432,292.4343598055105,617,Birrarung Marr - COM - Pole 1109,BirArt1109_T,-37.81851276,144.97131336,Outdoor,A,107862,72570,40.220138334663474,False,134424.0,34.22603106588109,145087.0,,,720,85.69444444444444,,False,
2025-10-01,161,Matched,180049,274.8839694656489,655,Birrarung Marr - COM - Pole 1109,BirArt1109_T,-37.81851276,144.97131336,Outdoor,A,114647,65402,36.32455609306356,False,180432.0,-0.21226833377671364,164968.33333333334,169247.0,6.382387870981465,744,88.03763440860214,76.47849462365592,False,
2025-11-01,161,Matched,161468,231.99425287356323,696,Birrarung Marr - COM - Pole 1109,BirArt1109_T,-37.81851276,144.97131336,Outdoor,A,103305,58163,36.02137884905988,False,180049.0,-10.31996845303223,173983.0,116776.0,38.27156264985956,720,96.66666666666667,80.41666666666667,False,
2025-12-01,161,Matched,169737,233.15521978021977,728,Birrarung Marr - COM - Pole 1109,BirArt1109_T,-37.81851276,144.97131336,Outdoor,A,120255,49482,29.152158928224253,False,161468.0,5.1211385537691685,170418.0,148058.0,14.642234799875725,744,97.84946236559139,76.20967741935483,False,
2026-01-01,161,Matched,410273,553.6747638326585,741,Birrarung Marr - COM - Pole 1109,BirArt1109_T,-37.81851276,144.97131336,Outdoor,A,290229,120044,29.25954181727776,False,169737.0,141.71099995875974,247159.33333333334,435559.0,-5.8054132735174795,744,99.59677419354838,80.24193548387096,False,
2026-02-01,161,Matched,98664,149.71775417298937,659,Birrarung Marr - COM - Pole 1109,BirArt1109_T,-37.81851276,144.97131336,Outdoor,A,55563,43101,43.68462661153004,False,410273.0,-75.95162245626692,226224.66666666666,90667.0,8.820188161072936,672,98.06547619047619,71.72619047619048,False,
2026-03-01,161,Matched,310164,425.4650205761317,729,Birrarung Marr - COM - Pole 1109,BirArt1109_T,-37.81851276,144.97131336,Outdoor,A,161091,149073,48.06263783030913,False,98664.0,214.3639017270737,273033.6666666667,272678.0,13.747350354630736,744,97.98387096774194,70.6989247311828,False,
2026-04-01,161,Matched,178238,251.74858757062148,708,Birrarung Marr - COM - Pole 1109,BirArt1109_T,-37.81851276,144.97131336,Outdoor,A,111096,67142,37.669857157284085,False,310164.0,-42.5342721914858,195688.66666666666,142412.0,25.156587927983598,720,98.33333333333333,65.41666666666667,False,
2026-05-01,161,Matched,169107,232.9297520661157,726,Birrarung Marr - COM - Pole 1109,BirArt1109_T,-37.81851276,144.97131336,Outdoor,A,86124,82983,49.07129805389487,False,178238.0,-5.1229255265431615,219169.66666666666,140428.0,20.42256530036745,744,97.58064516129032,66.53225806451613,False,
2026-06-01,161,Matched,186792,263.087323943662,710,Birrarung Marr - COM - Pole 1109,BirArt1109_T,-37.81851276,144.97131336,Outdoor,A,116987,69805,37.370444130369606,False,169107.0,10.457875782788411,178045.66666666666,99748.0,87.26390504070257,720,98.61111111111111,76.66666666666667,False,
2026-07-01,161,Matched,163885,225.4264099037139,727,Birrarung Marr - COM - Pole 1109,BirArt1109_T,-37.81851276,144.97131336,Outdoor,A,87114,76771,46.84443359672941,False,186792.0,-12.263373163732922,173261.33333333334,120405.0,36.111457165400104,744,97.71505376344086,79.97311827956989,False,
2026-08-01,161,Matched,157131,217.63296398891967,722,Birrarung Marr - COM - Pole 1109,BirArt1109_T,-37.81851276,144.97131336,Outdoor,A,77477,79654,50.692734088117554,False,163885.0,-4.121182536534765,169269.33333333334,134424.0,16.892072844134976,744,97.04301075268818,80.51075268817203,False,
2024-10-01,162,Matched,396390,533.4993270524899,743,iHub 489 Elizabeth Street,Eli489_T,-37.80740397,144.95987909,Outdoor,A,273204,123186,31.076969651101187,False,,,,,,744,99.86559139784946,,False,
2024-11-01,162,Matched,351085,487.61805555555554,720,iHub 489 Elizabeth Street,Eli489_T,-37.80740397,144.95987909,Outdoor,A,227881,123204,35.092356551832175,False,396390.0,-11.42940033805091,,,,720,100.0,,False,
2024-12-01,162,Matched,369499,496.63844086021504,744,iHub 489 Elizabeth Street,Eli489_T,-37.80740397,144.95987909,Outdoor,A,239249,130250,35.25043369535506,False,351085.0,5.244883717618241,372324.6666666667,,,744,100.0,,False,
2025-01-01,162,Matched,334871,450.0954301075269,744,iHub 489 Elizabeth Street,Eli489_T,-37.80740397,144.95987909,Outdoor,A,238411,96460,28.805121972341592,False,369499.0,-9.371608583514435,351818.3333333333,,,744,100.0,,False,
2025-02-01,162,Matched,322522,479.9434523809524,672,iHub 489 Elizabeth Street,Eli489_T,-37.80740397,144.95987909,Outdoor,A,217909,104613,32.4359268515016,False,334871.0,-3.6876886920635106,342297.3333333333,,,672,100.0,,False,
2025-03-01,162,Matched,406628,546.5430107526881,744,iHub 489 Elizabeth Street,Eli489_T,-37.80740397,144.95987909,Outdoor,A,256945,149683,36.81079512478236,False,322522.0,26.077600907845046,354673.6666666667,,,744,100.0,,False,
2025-04-01,162,Matched,361428,501.98333333333335,720,iHub 489 Elizabeth Street,Eli489_T,-37.80740397,144.95987909,Outdoor,A,245456,115972,32.08716535520214,False,406628.0,-11.115811011538803,363526.0,,,720,100.0,,False,
2025-05-01,162,Matched,336487,454.7121621621621,740,iHub 489 Elizabeth Street,Eli489_T,-37.80740397,144.95987909,Outdoor,A,216775,119712,35.57700594673791,False,361428.0,-6.900682846929403,368181.0,,,744,99.46236559139786,,False,
2025-06-01,162,Matched,293421,407.5291666666666,720,iHub 489 Elizabeth Street,Eli489_T,-37.80740397,144.95987909,Outdoor,A,184507,108914,37.11867930379898,False,336487.0,-12.798711391524783,330445.3333333333,,,720,100.0,,False,
2025-07-01,162,Matched,326456,438.7849462365592,744,iHub 489 Elizabeth Street,Eli489_T,-37.80740397,144.95987909,Outdoor,A,222596,103860,31.814394589163623,False,293421.0,11.258567041895432,318788.0,,,744,100.0,,False,
2025-08-01,162,Matched,378498,508.733870967742,744,iHub 489 Elizabeth Street,Eli489_T,-37.80740397,144.95987909,Outdoor,A,232433,146065,38.59069268529821,False,326456.0,15.941505133923101,332791.6666666667,,,744,100.0,,False,
2025-09-01,162,Matched,337094,468.18611111111113,720,iHub 489 Elizabeth Street,Eli489_T,-37.80740397,144.95987909,Outdoor,A,228367,108727,32.25420802506126,False,378498.0,-10.93902741890314,347349.3333333333,,,720,100.0,,False,
2025-10-01,162,Matched,429800,578.4656796769852,743,iHub 489 Elizabeth Street,Eli489_T,-37.80740397,144.95987909,Outdoor,A,298006,131794,30.66402978129362,False,337094.0,27.501527763769158,381797.3333333333,396390.0,8.42856782461717,744,99.86559139784946,99.86559139784946,True,8.42856782461717
2025-11-01,162,Matched,350205,486.3958333333333,720,iHub 489 Elizabeth Street,Eli489_T,-37.80740397,144.95987909,Outdoor,A,213287,136918,39.09652917576848,False,429800.0,-18.51907864122848,372366.3333333333,351085.0,-0.2506515516185539,720,100.0,100.0,True,-0.2506515516185539
2025-12-01,162,Matched,362938,487.8198924731183,744,iHub 489 Elizabeth Street,Eli489_T,-37.80740397,144.95987909,Outdoor,A,250504,112434,30.978844871575863,False,350205.0,3.6358704187547297,380981.0,369499.0,-1.7756475660285955,744,100.0,100.0,True,-1.7756475660285955
2026-01-01,162,Matched,346389,465.5766129032258,744,iHub 489 Elizabeth Street,Eli489_T,-37.80740397,144.95987909,Outdoor,A,223133,123256,35.58311609202371,False,362938.0,-4.5597319652392425,353177.3333333333,334871.0,3.4395334322769067,744,100.0,100.0,True,3.4395334322769067
2026-02-01,162,Matched,332238,498.1079460269865,667,iHub 489 Elizabeth Street,Eli489_T,-37.80740397,144.95987909,Outdoor,A,214439,117799,35.456209103112826,False,346389.0,-4.08529139204767,347188.3333333333,322522.0,3.012507673895114,672,99.25595238095238,100.0,True,3.012507673895114
2026-03-01,162,Matched,424452,570.5,744,iHub 489 Elizabeth Street,Eli489_T,-37.80740397,144.95987909,Outdoor,A,274029,150423,35.4393429645755,False,332238.0,27.755404258393078,367693.0,406628.0,4.383367598886451,744,100.0,100.0,True,4.383367598886451
2026-04-01,162,Matched,389255,540.6319444444445,720,iHub 489 Elizabeth Street,Eli489_T,-37.80740397,144.95987909,Outdoor,A,258607,130648,33.56360226586685,False,424452.0,-8.29233929867217,381981.6666666667,361428.0,7.699182133094282,720,100.0,100.0,True,7.699182133094282
2026-05-01,162,Matched,383733,515.7701612903226,744,iHub 489 Elizabeth Street,Eli489_T,-37.80740397,144.95987909,Outdoor,A,235024,148709,38.75324770087535,False,389255.0,-1.4186073396616614,399146.6666666667,336487.0,14.040958491709931,744,100.0,99.46236559139786,True,14.040958491709931
2026-06-01,162,Matched,351414,488.075,720,iHub 489 Elizabeth Street,Eli489_T,-37.80740397,144.95987909,Outdoor,A,228409,123005,35.00287410290996,False,383733.0,-8.42226235429322,374800.6666666667,293421.0,19.764434038463506,720,100.0,100.0,True,19.764434038463506
2026-07-01,162,Matched,391746,526.5403225806451,744,iHub 489 Elizabeth Street,Eli489_T,-37.80740397,144.95987909,Outdoor,A,269273,122473,31.26336963236383,False,351414.0,11.4770612440028,375631.0,326456.0,19.999632416007056,744,100.0,100.0,True,19.999632416007056
2026-08-01,162,Matched,417526,561.1908602150538,744,iHub 489 Elizabeth Street,Eli489_T,-37.80740397,144.95987909,Outdoor,A,251061,166465,39.86937340429099,False,391746.0,6.58079469860573,386895.3333333333,378498.0,10.311283018668526,744,100.0,100.0,True,10.311283018668526
2024-10-01,164,Matched,94554,128.82016348773843,734,I-Hub 526 La Trobe Street (Footpath),Lat526_T,-37.813005,144.95160411,Outdoor,A,72161,22393,23.682763288702752,False,,,,,,744,98.65591397849462,,False,
2024-11-01,164,Matched,85537,119.13231197771589,718,I-Hub 526 La Trobe Street (Footpath),Lat526_T,-37.813005,144.95160411,Outdoor,A,60544,24993,29.218934496182943,False,94554.0,-9.536349599170844,,,,720,99.72222222222223,,False,
2024-12-01,164,Matched,84778,114.87533875338754,738,I-Hub 526 La Trobe Street (Footpath),Lat526_T,-37.813005,144.95160411,Outdoor,A,63290,21488,25.346198306164336,False,85537.0,-0.887335305189567,88289.66666666667,,,744,99.19354838709677,,False,
2025-01-01,164,Matched,80477,109.04742547425474,738,I-Hub 526 La Trobe Street (Footpath),Lat526_T,-37.813005,144.95160411,Outdoor,A,62949,17528,21.780135939460965,False,84778.0,-5.073250135648399,83597.33333333333,,,744,99.19354838709677,,False,
2025-02-01,164,Matched,78002,116.76946107784433,668,I-Hub 526 La Trobe Street (Footpath),Lat526_T,-37.813005,144.95160411,Outdoor,A,58355,19647,25.18781569703341,False,80477.0,-3.075412850876648,81085.66666666667,,,672,99.40476190476191,,False,
2025-03-01,164,Matched,102124,137.63342318059298,742,I-Hub 526 La Trobe Street (Footpath),Lat526_T,-37.813005,144.95160411,Outdoor,A,71443,30681,30.04288903685716,False,78002.0,30.92484808081844,86867.66666666667,,,744,99.73118279569893,,False,
2025-04-01,164,Matched,92385,129.02932960893855,716,I-Hub 526 La Trobe Street (Footpath),Lat526_T,-37.813005,144.95160411,Outdoor,A,67415,24970,27.02819721816312,False,102124.0,-9.536445889311034,90837.0,,,720,99.44444444444444,,False,
2025-05-01,164,Matched,89711,121.72455902306648,737,I-Hub 526 La Trobe Street (Footpath),Lat526_T,-37.813005,144.95160411,Outdoor,A,65609,24102,26.866270579973477,False,92385.0,-2.8944092655734157,94740.0,,,744,99.05913978494624,,False,
2025-06-01,164,Matched,75971,107.00140845070422,710,I-Hub 526 La Trobe Street (Footpath),Lat526_T,-37.813005,144.95160411,Outdoor,A,55209,20762,27.32884916612918,False,89711.0,-15.315847554926373,86022.33333333333,,,720,98.61111111111111,,False,
2025-07-01,164,Matched,88505,120.08819538670284,737,I-Hub 526 La Trobe Street (Footpath),Lat526_T,-37.813005,144.95160411,Outdoor,A,65776,22729,25.68103496977572,False,75971.0,16.498400705532372,84729.0,,,744,99.05913978494624,,False,
2025-08-01,164,Matched,91227,123.78154681139756,737,I-Hub 526 La Trobe Street (Footpath),Lat526_T,-37.813005,144.95160411,Outdoor,A,63535,27692,30.355048395760026,False,88505.0,3.075532455793458,85234.33333333333,,,744,99.05913978494624,,False,
2025-09-01,164,Matched,80754,113.73802816901409,710,I-Hub 526 La Trobe Street (Footpath),Lat526_T,-37.813005,144.95160411,Outdoor,A,61723,19031,23.566634470119126,False,91227.0,-11.480153901805387,86828.66666666667,,,720,98.61111111111111,,False,
2025-10-01,164,Matched,89262,122.78129298486932,727,I-Hub 526 La Trobe Street (Footpath),Lat526_T,-37.813005,144.95160411,Outdoor,A,68981,20281,22.72075463243037,False,80754.0,10.535701017906234,87081.0,94554.0,-5.596801827527127,744,97.71505376344086,98.65591397849462,True,-5.596801827527127
2025-11-01,164,Matched,83378,118.26666666666668,705,I-Hub 526 La Trobe Street (Footpath),Lat526_T,-37.813005,144.95160411,Outdoor,A,58540,24838,29.78963275684233,False,89262.0,-6.591830790257893,84464.66666666667,85537.0,-2.5240539181874513,720,97.91666666666666,99.72222222222223,True,-2.5240539181874513
2025-12-01,164,Matched,84566,114.89945652173913,736,I-Hub 526 La Trobe Street (Footpath),Lat526_T,-37.813005,144.95160411,Outdoor,A,65864,18702,22.11527091265993,False,83378.0,1.4248362877497662,85735.33333333333,84778.0,-0.25006487532142774,744,98.9247311827957,99.19354838709677,True,-0.25006487532142774
2026-01-01,164,Matched,76337,104.14324693042292,733,I-Hub 526 La Trobe Street (Footpath),Lat526_T,-37.813005,144.95160411,Outdoor,A,56687,19650,25.7411216055124,False,84566.0,-9.730861102570772,81427.0,80477.0,-5.144326950557302,744,98.52150537634408,99.19354838709677,True,-5.144326950557302
2026-02-01,164,Matched,80683,121.32781954887218,665,I-Hub 526 La Trobe Street (Footpath),Lat526_T,-37.813005,144.95160411,Outdoor,A,60433,20250,25.09822391333986,False,76337.0,5.693176310308239,80528.66666666667,78002.0,3.4370913566318815,672,98.95833333333334,99.40476190476191,True,3.4370913566318815
2026-03-01,164,Matched,104857,141.50742240215925,741,I-Hub 526 La Trobe Street (Footpath),Lat526_T,-37.813005,144.95160411,Outdoor,A,73363,31494,30.035190783638672,False,80683.0,29.96170196943594,87292.33333333333,102124.0,2.676158395675845,744,99.59677419354838,99.73118279569893,True,2.676158395675845
2026-04-01,164,Matched,91144,127.29608938547486,716,I-Hub 526 La Trobe Street (Footpath),Lat526_T,-37.813005,144.95160411,Outdoor,A,67566,23578,25.868954621258663,False,104857.0,-13.07781073271217,92228.0,92385.0,-1.3432916599014992,720,99.44444444444444,99.44444444444444,True,-1.3432916599014992
2026-05-01,164,Matched,91019,123.6671195652174,736,I-Hub 526 La Trobe Street (Footpath),Lat526_T,-37.813005,144.95160411,Outdoor,A,62741,28278,31.06823849965392,False,91144.0,-0.1371456157289564,95673.33333333333,89711.0,1.4580151820846943,744,98.9247311827957,99.05913978494624,True,1.4580151820846943
2026-06-01,164,Matched,81037,113.81601123595506,712,I-Hub 526 La Trobe Street (Footpath),Lat526_T,-37.813005,144.95160411,Outdoor,A,60270,20767,25.626565642854494,False,91019.0,-10.966940968369242,87733.33333333333,75971.0,6.668333969541009,720,98.88888888888889,98.61111111111111,True,6.668333969541009
2026-07-01,164,Matched,94845,128.51626016260164,738,I-Hub 526 La Trobe Street (Footpath),Lat526_T,-37.813005,144.95160411,Outdoor,A,70719,24126,25.43729242448205,False,81037.0,17.03913027382554,88967.0,88505.0,7.1634370939494945,744,99.19354838709677,99.05913978494624,True,7.1634370939494945
2026-08-01,164,Matched,97869,132.9741847826087,736,I-Hub 526 La Trobe Street (Footpath),Lat526_T,-37.813005,144.95160411,Outdoor,A,66533,31336,32.01831019015214,False,94845.0,3.188359955717223,91250.33333333333,91227.0,7.280739254825875,744,98.9247311827957,99.05913978494624,True,7.280739254825875
2024-10-01,165,Matched,39148,54.90603085553997,713,475 Spencer Street,Spen475_T,-37.80953359,144.94939004,Outdoor,A,29851,9297,23.748339634208644,False,,,,,,744,95.83333333333334,,False,
2024-11-01,165,Matched,39208,56.41438848920863,695,475 Spencer Street,Spen475_T,-37.80953359,144.94939004,Outdoor,A,27788,11420,29.126708834931648,False,39148.0,0.15326453458669664,,,,720,96.52777777777779,,False,
2024-12-01,165,Matched,35561,48.71369863013699,730,475 Spencer Street,Spen475_T,-37.80953359,144.94939004,Outdoor,A,25631,9930,27.923849160597285,False,39208.0,-9.301673127933075,37972.333333333336,,,744,98.11827956989248,,False,
2025-01-01,165,Matched,38020,52.58644536652835,723,475 Spencer Street,Spen475_T,-37.80953359,144.94939004,Outdoor,A,29483,8537,22.453971593897947,False,35561.0,6.914878659205309,37596.333333333336,,,744,97.17741935483872,,False,
2025-02-01,165,Matched,36428,55.027190332326285,662,475 Spencer Street,Spen475_T,-37.80953359,144.94939004,Outdoor,A,25978,10450,28.686724497639176,False,38020.0,-4.18726985796949,36669.666666666664,,,672,98.51190476190477,,False,
2025-03-01,165,Matched,43177,59.309065934065934,728,475 Spencer Street,Spen475_T,-37.80953359,144.94939004,Outdoor,A,29903,13274,30.74321976978484,False,36428.0,18.52695728560448,39208.333333333336,,,744,97.84946236559139,,False,
2025-04-01,165,Matched,35444,50.779369627507165,698,475 Spencer Street,Spen475_T,-37.80953359,144.94939004,Outdoor,A,25196,10248,28.91321521272994,False,43177.0,-17.909998378766474,38349.666666666664,,,720,96.94444444444444,,False,
2025-05-01,165,Matched,34725,49.04661016949152,708,475 Spencer Street,Spen475_T,-37.80953359,144.94939004,Outdoor,A,24523,10202,29.379409647228226,False,35444.0,-2.02855208215777,37782.0,,,744,95.16129032258065,,False,
2025-06-01,165,Matched,26167,38.99701937406856,671,475 Spencer Street,Spen475_T,-37.80953359,144.94939004,Outdoor,A,18674,7493,28.63530400886613,False,34725.0,-24.645068394528437,32112.0,,,720,93.19444444444444,,False,
2025-07-01,165,Matched,27895,41.264792899408285,676,475 Spencer Street,Spen475_T,-37.80953359,144.94939004,Outdoor,A,20161,7734,27.725398816992293,False,26167.0,6.603737532005962,29595.666666666668,,,744,90.86021505376344,,False,
2025-08-01,165,Matched,28141,42.1904047976012,667,475 Spencer Street,Spen475_T,-37.80953359,144.94939004,Outdoor,A,19121,9020,32.052876585764544,False,27895.0,0.8818784728445958,27401.0,,,744,89.65053763440861,,False,
2025-09-01,165,Matched,28632,41.7985401459854,685,475 Spencer Street,Spen475_T,-37.80953359,144.94939004,Outdoor,A,21232,7400,25.84520815870355,False,28141.0,1.7447851888703316,28222.666666666668,,,720,95.13888888888889,,False,
2025-10-01,165,Matched,34777,48.84410112359551,712,475 Spencer Street,Spen475_T,-37.80953359,144.94939004,Outdoor,A,27339,7438,21.387698766426087,False,28632.0,21.462000558815312,30516.666666666668,39148.0,-11.16532134464085,744,95.6989247311828,95.83333333333334,True,-11.16532134464085
2025-11-01,165,Matched,36125,51.60714285714285,700,475 Spencer Street,Spen475_T,-37.80953359,144.94939004,Outdoor,A,26049,10076,27.89204152249135,False,34777.0,3.8761250251603068,33178.0,39208.0,-7.863191185472353,720,97.22222222222221,96.52777777777779,True,-7.863191185472353
2025-12-01,165,Matched,33457,45.89437585733882,729,475 Spencer Street,Spen475_T,-37.80953359,144.94939004,Outdoor,A,26046,7411,22.15082045610784,False,36125.0,-7.385467128027681,34786.333333333336,35561.0,-5.916594021540451,744,97.98387096774194,98.11827956989248,True,-5.916594021540451
2026-01-01,165,Matched,34072,46.54644808743169,732,475 Spencer Street,Spen475_T,-37.80953359,144.94939004,Outdoor,A,25093,8979,26.35301714017375,False,33457.0,1.8381803508981678,34551.333333333336,38020.0,-10.38400841662283,744,98.38709677419355,97.17741935483872,True,-10.38400841662283
2026-02-01,165,Matched,31778,48.59021406727829,654,475 Spencer Street,Spen475_T,-37.80953359,144.94939004,Outdoor,A,23204,8574,26.98093020328529,False,34072.0,-6.732801127025123,33102.333333333336,36428.0,-12.764906116174371,672,97.32142857142857,98.51190476190477,True,-12.764906116174371
2026-03-01,165,Matched,33513,46.35269709543569,723,475 Spencer Street,Spen475_T,-37.80953359,144.94939004,Outdoor,A,23877,9636,28.75302121564766,False,31778.0,5.4597520297060855,33121.0,43177.0,-22.382286865692382,744,97.17741935483872,97.84946236559139,True,-22.382286865692382
2026-04-01,165,Matched,29624,42.62446043165468,695,475 Spencer Street,Spen475_T,-37.80953359,144.94939004,Outdoor,A,22309,7315,24.69281663516068,False,33513.0,-11.604452003700057,31638.333333333332,35444.0,-16.42026859270963,720,96.52777777777779,96.94444444444444,True,-16.42026859270963
2026-05-01,165,Matched,29119,41.71776504297994,698,475 Spencer Street,Spen475_T,-37.80953359,144.94939004,Outdoor,A,19334,9785,33.603489130808065,False,29624.0,-1.70469889278963,30752.0,34725.0,-16.143988480921525,744,93.81720430107528,95.16129032258065,True,-16.143988480921525
2026-06-01,165,Matched,23719,35.992412746585735,659,475 Spencer Street,Spen475_T,-37.80953359,144.94939004,Outdoor,A,17473,6246,26.33331927990219,False,29119.0,-18.544592877502662,27487.333333333332,26167.0,-9.355294837008445,720,91.52777777777777,93.19444444444444,True,-9.355294837008445
2026-07-01,165,Matched,25113,36.66131386861314,685,475 Spencer Street,Spen475_T,-37.80953359,144.94939004,Outdoor,A,18730,6383,25.417114641818976,False,23719.0,5.877144904928539,25983.666666666668,27895.0,-9.973113461193762,744,92.06989247311827,90.86021505376344,True,-9.973113461193762
2026-08-01,165,Matched,25941,37.32517985611511,695,475 Spencer Street,Spen475_T,-37.80953359,144.94939004,Outdoor,A,17293,8648,33.3371882348406,False,25113.0,3.2970971210130213,24924.333333333332,28141.0,-7.8177747770157415,744,93.41397849462365,89.65053763440861,False,
2024-10-01,166,Matched,43239,62.57452966714906,691,484 Spencer Street,Spen484_T,-37.80896733,144.94931703,Outdoor,A,31888,11351,26.25176345428895,False,,,,,,744,92.8763440860215,,False,
2024-11-01,166,Matched,41614,60.13583815028902,692,484 Spencer Street,Spen484_T,-37.80896733,144.94931703,Outdoor,A,29783,11831,28.430335944634017,False,43239.0,-3.7581812715372696,,,,720,96.11111111111111,,False,
2024-12-01,166,Matched,39254,55.60056657223796,706,484 Spencer Street,Spen484_T,-37.80896733,144.94931703,Outdoor,A,27633,11621,29.60462628012432,False,41614.0,-5.671168356802999,41369.0,,,744,94.89247311827957,,False,
2025-01-01,166,Matched,40243,56.60056258790436,711,484 Spencer Street,Spen484_T,-37.80896733,144.94931703,Outdoor,A,30301,9942,24.70491762542554,False,39254.0,2.5194884597748,40370.333333333336,,,744,95.56451612903226,,False,
2025-02-01,166,Matched,38625,61.30952380952381,630,484 Spencer Street,Spen484_T,-37.80896733,144.94931703,Outdoor,A,28148,10477,27.124919093851137,False,40243.0,-4.020575006833487,39374.0,,,672,93.75,,False,
2025-03-01,166,Matched,45430,65.55555555555556,693,484 Spencer Street,Spen484_T,-37.80896733,144.94931703,Outdoor,A,30476,14954,32.916574950473255,False,38625.0,17.618122977346278,41432.666666666664,,,744,93.14516129032258,,False,
2025-04-01,166,Matched,39072,60.7651632970451,643,484 Spencer Street,Spen484_T,-37.80896733,144.94931703,Outdoor,A,27399,11673,29.87561425061425,False,45430.0,-13.995157384987895,41042.333333333336,,,720,89.30555555555556,,False,
2025-05-01,166,Matched,38013,55.98379970544919,679,484 Spencer Street,Spen484_T,-37.80896733,144.94931703,Outdoor,A,25943,12070,31.75229526740852,False,39072.0,-2.7103808353808354,40838.333333333336,,,744,91.26344086021506,,False,
2025-06-01,166,Matched,33317,50.17620481927711,664,484 Spencer Street,Spen484_T,-37.80896733,144.94931703,Outdoor,A,22572,10745,32.25080289341777,False,38013.0,-12.353668481835161,36800.666666666664,,,720,92.22222222222223,,False,
2025-07-01,166,Matched,37530,55.76523031203566,673,484 Spencer Street,Spen484_T,-37.80896733,144.94931703,Outdoor,A,26841,10689,28.48121502797762,False,33317.0,12.645196146111596,36286.666666666664,,,744,90.45698924731182,,False,
2025-08-01,166,Matched,40344,59.41678939617084,679,484 Spencer Street,Spen484_T,-37.80896733,144.94931703,Outdoor,A,25839,14505,35.95330160618679,False,37530.0,7.4980015987210225,37063.666666666664,,,744,91.26344086021506,,False,
2025-09-01,166,Matched,38421,56.58468335787924,679,484 Spencer Street,Spen484_T,-37.80896733,144.94931703,Outdoor,A,27990,10431,27.149215272897635,False,40344.0,-4.766508030933967,38765.0,,,720,94.30555555555556,,False,
2025-10-01,166,Matched,44119,63.027142857142856,700,484 Spencer Street,Spen484_T,-37.80896733,144.94931703,Outdoor,A,32771,11348,25.72134454543394,False,38421.0,14.830431274563391,40961.333333333336,43239.0,2.035199703970952,744,94.08602150537635,92.8763440860215,True,2.035199703970952
2025-11-01,166,Matched,41636,61.049853372434015,682,484 Spencer Street,Spen484_T,-37.80896733,144.94931703,Outdoor,A,28296,13340,32.03958113171294,False,44119.0,-5.627960742537229,41392.0,41614.0,0.0528668236651127,720,94.72222222222221,96.11111111111111,True,0.0528668236651127
2025-12-01,166,Matched,40433,56.15694444444444,720,484 Spencer Street,Spen484_T,-37.80896733,144.94931703,Outdoor,A,30773,9660,23.89137585635496,False,41636.0,-2.889326544336632,42062.666666666664,39254.0,3.0035155652927092,744,96.7741935483871,94.89247311827957,True,3.0035155652927092
2026-01-01,166,Matched,40654,56.22959889349931,723,484 Spencer Street,Spen484_T,-37.80896733,144.94931703,Outdoor,A,29867,10787,26.53367442318099,False,40433.0,0.5465832364652635,40907.666666666664,40243.0,1.0212956290535,744,97.17741935483872,95.56451612903226,True,1.0212956290535
2026-02-01,166,Matched,37690,57.98461538461538,650,484 Spencer Street,Spen484_T,-37.80896733,144.94931703,Outdoor,A,27197,10493,27.840275935261342,False,40654.0,-7.29079549367836,39592.333333333336,38625.0,-2.4207119741100325,672,96.72619047619048,93.75,True,-2.4207119741100325
2026-03-01,166,Matched,44018,61.13611111111111,720,484 Spencer Street,Spen484_T,-37.80896733,144.94931703,Outdoor,A,30341,13677,31.07137989004498,False,37690.0,16.78959936322632,40787.333333333336,45430.0,-3.1080783623156503,744,96.7741935483871,93.14516129032258,True,-3.1080783623156503
2026-04-01,166,Matched,39685,57.51449275362319,690,484 Spencer Street,Spen484_T,-37.80896733,144.94931703,Outdoor,A,28417,11268,28.393599596825,False,44018.0,-9.843700304420919,40464.333333333336,39072.0,1.568898443898444,720,95.83333333333334,89.30555555555556,False,
2026-05-01,166,Matched,38548,53.83798882681564,716,484 Spencer Street,Spen484_T,-37.80896733,144.94931703,Outdoor,A,25266,13282,34.455743488637545,False,39685.0,-2.8650623661332997,40750.333333333336,38013.0,1.4074132533606925,744,96.23655913978494,91.26344086021506,True,1.4074132533606925
2026-06-01,166,Matched,35356,51.24057971014493,690,484 Spencer Street,Spen484_T,-37.80896733,144.94931703,Outdoor,A,25253,10103,28.57506505260776,False,38548.0,-8.280585244370654,37863.0,33317.0,6.119998799411712,720,95.83333333333334,92.22222222222223,True,6.119998799411712
2026-07-01,166,Matched,38621,55.01566951566952,702,484 Spencer Street,Spen484_T,-37.80896733,144.94931703,Outdoor,A,28259,10362,26.82996297351182,False,35356.0,9.23464192781989,37508.333333333336,37530.0,2.9070077271516124,744,94.35483870967742,90.45698924731182,True,2.9070077271516124
2026-08-01,166,Matched,38621,55.01566951566952,702,484 Spencer Street,Spen484_T,-37.80896733,144.94931703,Outdoor,A,25313,13308,34.45793739157453,False,38621.0,0.0,37532.666666666664,40344.0,-4.270771366250248,744,94.35483870967742,91.26344086021506,True,-4.270771366250248
2024-10-01,167,Matched,37595,51.71251719394773,727,I-Hub 526 La Trobe Street (Crossing),Lat526_T,-37.81304149,144.95155955,Outdoor,A,28452,9143,24.31972336746908,False,,,,,,744,97.71505376344086,,False,
2024-11-01,167,Matched,35504,50.43181818181818,704,I-Hub 526 La Trobe Street (Crossing),Lat526_T,-37.81304149,144.95155955,Outdoor,A,24667,10837,30.523321315908063,False,37595.0,-5.561909828434632,,,,720,97.77777777777777,,False,
2024-12-01,167,Matched,37773,51.04459459459459,740,I-Hub 526 La Trobe Street (Crossing),Lat526_T,-37.81304149,144.95155955,Outdoor,A,27424,10349,27.397876790299957,False,35504.0,6.390829202343398,36957.333333333336,,,744,99.46236559139786,,False,
2025-01-01,167,Matched,41079,55.88979591836735,735,I-Hub 526 La Trobe Street (Crossing),Lat526_T,-37.81304149,144.95155955,Outdoor,A,31041,10038,24.435843131527054,False,37773.0,8.752283377015328,38118.666666666664,,,744,98.79032258064517,,False,
2025-02-01,167,Matched,43150,64.98493975903614,664,I-Hub 526 La Trobe Street (Crossing),Lat526_T,-37.81304149,144.95155955,Outdoor,A,31882,11268,26.113557358053303,False,41079.0,5.041505392049466,40667.333333333336,,,672,98.80952380952381,,False,
2025-03-01,167,Matched,53132,72.28843537414966,735,I-Hub 526 La Trobe Street (Crossing),Lat526_T,-37.81304149,144.95155955,Outdoor,A,36405,16727,31.481969434615674,False,43150.0,23.133256083429895,45787.0,,,744,98.79032258064517,,False,
2025-04-01,167,Matched,46696,65.86177715091678,709,I-Hub 526 La Trobe Street (Crossing),Lat526_T,-37.81304149,144.95155955,Outdoor,A,33973,12723,27.246445091656675,False,53132.0,-12.113227433561695,47659.333333333336,,,720,98.47222222222223,,False,
2025-05-01,167,Matched,43288,59.62534435261708,726,I-Hub 526 La Trobe Street (Crossing),Lat526_T,-37.81304149,144.95155955,Outdoor,A,31083,12205,28.194880798373685,False,46696.0,-7.29826965907144,47705.333333333336,,,744,97.58064516129032,,False,
2025-06-01,167,Matched,32974,48.207602339181285,684,I-Hub 526 La Trobe Street (Crossing),Lat526_T,-37.81304149,144.95155955,Outdoor,A,23738,9236,28.009947231151816,False,43288.0,-23.826464609129548,40986.0,,,720,95.0,,False,
2025-07-01,167,Matched,40420,56.929577464788736,710,I-Hub 526 La Trobe Street (Crossing),Lat526_T,-37.81304149,144.95155955,Outdoor,A,29740,10680,26.422563087580407,False,32974.0,22.581427791593374,38894.0,,,744,95.43010752688173,,False,
2025-08-01,167,Matched,43058,59.30853994490358,726,I-Hub 526 La Trobe Street (Crossing),Lat526_T,-37.81304149,144.95155955,Outdoor,A,31009,12049,27.983185470760368,False,40420.0,6.526472043542801,38817.333333333336,,,744,97.58064516129032,,False,
2025-09-01,167,Matched,45568,64.91168091168092,702,I-Hub 526 La Trobe Street (Crossing),Lat526_T,-37.81304149,144.95155955,Outdoor,A,34325,11243,24.673016151685392,False,43058.0,5.829346462910493,43015.333333333336,,,720,97.5,,False,
2025-10-01,167,Matched,46287,64.19833564493759,721,I-Hub 526 La Trobe Street (Crossing),Lat526_T,-37.81304149,144.95155955,Outdoor,A,35858,10429,22.53116425778296,False,45568.0,1.577861657303371,44971.0,37595.0,23.12009575741455,744,96.90860215053763,97.71505376344086,True,23.12009575741455
2025-11-01,167,Matched,35208,50.36909871244635,699,I-Hub 526 La Trobe Street (Crossing),Lat526_T,-37.81304149,144.95155955,Outdoor,A,25103,10105,28.700863440127243,False,46287.0,-23.93544623760451,42354.333333333336,35504.0,-0.8337088778729157,720,97.08333333333333,97.77777777777777,True,-0.8337088778729157
2025-12-01,167,Matched,39657,53.808683853459975,737,I-Hub 526 La Trobe Street (Crossing),Lat526_T,-37.81304149,144.95155955,Outdoor,A,31240,8417,21.2245000882568,False,35208.0,12.636332651670076,40384.0,37773.0,4.987689619569534,744,99.05913978494624,99.46236559139786,True,4.987689619569534
2026-01-01,167,Matched,33507,45.64986376021798,734,I-Hub 526 La Trobe Street (Crossing),Lat526_T,-37.81304149,144.95155955,Outdoor,A,24751,8756,26.13185304563226,False,39657.0,-15.507980936530751,36124.0,41079.0,-18.432775870882935,744,98.65591397849462,98.79032258064517,True,-18.432775870882935
2026-02-01,167,Matched,31042,47.46483180428135,654,I-Hub 526 La Trobe Street (Crossing),Lat526_T,-37.81304149,144.95155955,Outdoor,A,22196,8846,28.49687520134012,False,33507.0,-7.356671740233383,34735.333333333336,43150.0,-28.060254924681345,672,97.32142857142857,98.80952380952381,True,-28.060254924681345
2026-03-01,167,Matched,33108,45.603305785123965,726,I-Hub 526 La Trobe Street (Crossing),Lat526_T,-37.81304149,144.95155955,Outdoor,A,23194,9914,29.94442430832428,False,31042.0,6.655499001353006,32552.333333333332,53132.0,-37.68726944214409,744,97.58064516129032,98.79032258064517,True,-37.68726944214409
2026-04-01,167,Matched,23836,33.61918194640339,709,I-Hub 526 La Trobe Street (Crossing),Lat526_T,-37.81304149,144.95155955,Outdoor,A,17261,6575,27.58432622923309,False,33108.0,-28.005315935725505,29328.666666666668,46696.0,-48.95494260750385,720,98.47222222222223,98.47222222222223,True,-48.95494260750385
2026-05-01,167,Matched,17708,25.046676096181045,707,I-Hub 526 La Trobe Street (Crossing),Lat526_T,-37.81304149,144.95155955,Outdoor,A,11348,6360,35.91597018296815,False,23836.0,-25.709011579124013,24884.0,43288.0,-59.09258917020883,744,95.02688172043011,97.58064516129032,True,-59.09258917020883
2026-06-01,167,Matched,11899,18.505443234836704,643,I-Hub 526 La Trobe Street (Crossing),Lat526_T,-37.81304149,144.95155955,Outdoor,A,9109,2790,23.447348516682077,False,17708.0,-32.804382200135535,17814.333333333332,32974.0,-63.91399284284588,720,89.30555555555556,95.0,False,
2026-07-01,167,Matched,23869,34.743813682678315,687,I-Hub 526 La Trobe Street (Crossing),Lat526_T,-37.81304149,144.95155955,Outdoor,A,17399,6470,27.10628849134861,False,11899.0,100.59668879737794,17825.333333333332,40420.0,-40.947550717466605,744,92.33870967741935,95.43010752688173,True,-40.947550717466605
2026-08-01,167,Matched,32186,44.88981868898187,717,I-Hub 526 La Trobe Street (Crossing),Lat526_T,-37.81304149,144.95155955,Outdoor,A,21624,10562,32.81550984900267,False,23869.0,34.84435879173824,22651.333333333332,43058.0,-25.24966324492545,744,96.37096774193549,97.58064516129032,True,-25.24966324492545
2024-12-01,179,Matched,23044,83.79636363636364,275,61-67 Power Street Southbank,Pow61_T,-37.82392385,144.96299677,Outdoor,A,15797,7247,31.448533240756817,False,,,,,,744,36.96236559139785,,False,
2025-01-01,179,Matched,58607,79.52103120759837,737,61-67 Power Street Southbank,Pow61_T,-37.82392385,144.96299677,Outdoor,A,43234,15373,26.23065504120668,False,23044.0,154.32650581496267,,,,744,99.05913978494624,,False,
2025-02-01,179,Matched,54064,81.05547226386807,667,61-67 Power Street Southbank,Pow61_T,-37.82392385,144.96299677,Outdoor,A,38513,15551,28.76405741343593,False,58607.0,-7.75163376388486,45238.333333333336,,,672,99.25595238095238,,False,
2025-03-01,179,Matched,64348,86.83940620782727,741,61-67 Power Street Southbank,Pow61_T,-37.82392385,144.96299677,Outdoor,A,43125,21223,32.9816000497296,False,54064.0,19.021899970405446,59006.333333333336,,,744,99.59677419354838,,False,
2025-04-01,179,Matched,58474,82.01122019635343,713,61-67 Power Street Southbank,Pow61_T,-37.82392385,144.96299677,Outdoor,A,42504,15970,27.31128364743305,False,64348.0,-9.12848884192205,58962.0,,,720,99.02777777777779,,False,
2025-05-01,179,Matched,57132,77.625,736,61-67 Power Street Southbank,Pow61_T,-37.82392385,144.96299677,Outdoor,A,39614,17518,30.662325841909965,False,58474.0,-2.295037110510654,59984.666666666664,,,744,98.9247311827957,,False,
2025-06-01,179,Matched,49042,68.78260869565217,713,61-67 Power Street Southbank,Pow61_T,-37.82392385,144.96299677,Outdoor,A,33736,15306,31.20998327963786,False,57132.0,-14.160190436182873,54882.666666666664,,,720,99.02777777777779,,False,
2025-07-01,179,Matched,55129,74.70054200542006,738,61-67 Power Street Southbank,Pow61_T,-37.82392385,144.96299677,Outdoor,A,40808,14321,25.97725335123075,False,49042.0,12.411810285061783,53767.666666666664,,,744,99.19354838709677,,False,
2025-08-01,179,Matched,54535,73.99592944369064,737,61-67 Power Street Southbank,Pow61_T,-37.82392385,144.96299677,Outdoor,A,36454,18081,33.154854680480426,False,55129.0,-1.0774728364381723,52902.0,,,744,99.05913978494624,,False,
2025-09-01,179,Matched,51877,73.0661971830986,710,61-67 Power Street Southbank,Pow61_T,-37.82392385,144.96299677,Outdoor,A,37634,14243,27.45532702353644,False,54535.0,-4.873934170716054,53847.0,,,720,98.61111111111111,,False,
2025-10-01,179,Matched,56819,76.78243243243243,740,61-67 Power Street Southbank,Pow61_T,-37.82392385,144.96299677,Outdoor,A,42277,14542,25.59355145285908,False,51877.0,9.526379705842666,54410.333333333336,,,744,99.46236559139786,,False,
2025-11-01,179,Matched,55148,76.80779944289694,718,61-67 Power Street Southbank,Pow61_T,-37.82392385,144.96299677,Outdoor,A,36841,18307,33.19612678610285,False,56819.0,-2.9409176507858286,54614.666666666664,,,720,99.72222222222223,,False,
2025-12-01,179,Matched,58399,78.70485175202157,742,61-67 Power Street Southbank,Pow61_T,-37.82392385,144.96299677,Outdoor,A,43840,14559,24.93022140790082,False,55148.0,5.895046057880612,56788.666666666664,23044.0,153.42388474223225,744,99.73118279569893,36.96236559139785,False,
2026-01-01,179,Matched,56845,76.92151556156969,739,61-67 Power Street Southbank,Pow61_T,-37.82392385,144.96299677,Outdoor,A,40663,16182,28.466883630926205,False,58399.0,-2.661004469254611,56797.333333333336,58607.0,-3.006466804306653,744,99.32795698924731,99.05913978494624,True,-3.006466804306653
2026-02-01,179,Matched,52655,78.70702541106128,669,61-67 Power Street Southbank,Pow61_T,-37.82392385,144.96299677,Outdoor,A,37809,14846,28.19485329028582,False,56845.0,-7.370920925323247,55966.333333333336,54064.0,-2.6061704646345074,672,99.55357142857143,99.25595238095238,True,-2.6061704646345074
2026-03-01,179,Matched,60109,81.11875843454791,741,61-67 Power Street Southbank,Pow61_T,-37.82392385,144.96299677,Outdoor,A,41783,18326,30.487946896471414,False,52655.0,14.156300446301396,56536.333333333336,64348.0,-6.587617330763972,744,99.59677419354838,99.59677419354838,True,-6.587617330763972
2026-04-01,179,Matched,57092,79.62622036262204,717,61-67 Power Street Southbank,Pow61_T,-37.82392385,144.96299677,Outdoor,A,41500,15592,27.31030617249352,False,60109.0,-5.01921509258181,56618.666666666664,58474.0,-2.363443581762835,720,99.58333333333333,99.02777777777779,True,-2.363443581762835
2026-05-01,179,Matched,54634,74.23097826086956,736,61-67 Power Street Southbank,Pow61_T,-37.82392385,144.96299677,Outdoor,A,36414,18220,33.34919647106197,False,57092.0,-4.305331745253276,57278.333333333336,57132.0,-4.3723307428411395,744,98.9247311827957,98.9247311827957,True,-4.3723307428411395
2026-06-01,179,Matched,48797,68.05718270571828,717,61-67 Power Street Southbank,Pow61_T,-37.82392385,144.96299677,Outdoor,A,35437,13360,27.37873229911675,False,54634.0,-10.683823260240874,53507.666666666664,49042.0,-0.49957179560376824,720,99.58333333333333,99.02777777777779,True,-0.49957179560376824
2026-07-01,179,Matched,52953,72.34016393442623,732,61-67 Power Street Southbank,Pow61_T,-37.82392385,144.96299677,Outdoor,A,38941,14012,26.46120144278889,False,48797.0,8.516917023587515,52128.0,55129.0,-3.9471058789384896,744,98.38709677419355,99.19354838709677,True,-3.9471058789384896
2026-08-01,179,Matched,53542,73.04502046384721,733,61-67 Power Street Southbank,Pow61_T,-37.82392385,144.96299677,Outdoor,A,35663,17879,33.39247693399574,False,52953.0,1.112307140294223,51764.0,54535.0,-1.8208489960575776,744,98.52150537634408,99.05913978494624,True,-1.8208489960575776
2025-03-01,180,Matched,22523,53.49881235154394,421,"Pumping Station No.2, 330 Macaulay Road",Mac330_T,-37.79497059,144.93530329,Outdoor,A,16642,5881,26.11108644496737,False,,,,,,744,56.58602150537635,,False,
2025-04-01,180,Matched,29198,49.57215619694397,589,"Pumping Station No.2, 330 Macaulay Road",Mac330_T,-37.79497059,144.93530329,Outdoor,A,22548,6650,22.77553257072402,False,22523.0,29.636371708919775,,,,720,81.80555555555556,,False,
2025-05-01,180,Matched,29273,48.707154742096506,601,"Pumping Station No.2, 330 Macaulay Road",Mac330_T,-37.79497059,144.93530329,Outdoor,A,21870,7403,25.28951593618693,False,29198.0,0.2568669086923762,26998.0,,,744,80.77956989247312,,False,
2025-06-01,180,Matched,24763,43.52021089630932,569,"Pumping Station No.2, 330 Macaulay Road",Mac330_T,-37.79497059,144.93530329,Outdoor,A,18347,6416,25.909623228203365,False,29273.0,-15.40668875755816,27744.666666666668,,,720,79.02777777777777,,False,
2025-07-01,180,Matched,28025,47.9059829059829,585,"Pumping Station No.2, 330 Macaulay Road",Mac330_T,-37.79497059,144.93530329,Outdoor,A,21611,6414,22.88670829616414,False,24763.0,13.172878891895165,27353.666666666668,,,744,78.62903225806451,,False,
2025-08-01,180,Matched,28013,47.560271646859086,589,"Pumping Station No.2, 330 Macaulay Road",Mac330_T,-37.79497059,144.93530329,Outdoor,A,19731,8282,29.56484489344233,False,28025.0,-0.042818911685994644,26933.666666666668,,,744,79.16666666666666,,False,
2025-09-01,180,Matched,30070,53.41030195381883,563,"Pumping Station No.2, 330 Macaulay Road",Mac330_T,-37.79497059,144.93530329,Outdoor,A,22854,7216,23.997339541070836,False,28013.0,7.34301931246207,28702.666666666668,,,720,78.19444444444444,,False,
2025-10-01,180,Matched,35190,56.21405750798722,626,"Pumping Station No.2, 330 Macaulay Road",Mac330_T,-37.79497059,144.93530329,Outdoor,A,27351,7839,22.276214833759592,False,30070.0,17.026937146657797,31091.0,,,744,84.13978494623656,,False,
2025-11-01,180,Matched,32653,53.35457516339869,612,"Pumping Station No.2, 330 Macaulay Road",Mac330_T,-37.79497059,144.93530329,Outdoor,A,23734,8919,27.31448871466634,False,35190.0,-7.209434498437056,32637.666666666668,,,720,85.0,,False,
2025-12-01,180,Matched,33746,53.05974842767296,636,"Pumping Station No.2, 330 Macaulay Road",Mac330_T,-37.79497059,144.93530329,Outdoor,A,26515,7231,21.42772476737984,False,32653.0,3.3473187762227052,33863.0,,,744,85.48387096774194,,False,
2026-01-01,180,Matched,36255,55.09878419452888,658,"Pumping Station No.2, 330 Macaulay Road",Mac330_T,-37.79497059,144.93530329,Outdoor,A,26309,9946,27.433457454144257,False,33746.0,7.434955253956025,34218.0,,,744,88.44086021505376,,False,
2026-02-01,180,Matched,39916,66.8609715242881,597,"Pumping Station No.2, 330 Macaulay Road",Mac330_T,-37.79497059,144.93530329,Outdoor,A,29489,10427,26.12235694959415,False,36255.0,10.097917528616742,36639.0,,,672,88.83928571428571,,False,
2026-03-01,180,Matched,46509,72.21894409937889,644,"Pumping Station No.2, 330 Macaulay Road",Mac330_T,-37.79497059,144.93530329,Outdoor,A,33937,12572,27.03132726999076,False,39916.0,16.517186090790663,40893.333333333336,22523.0,106.49558229365536,744,86.55913978494624,56.58602150537635,False,
2026-04-01,180,Matched,45440,73.76623376623377,616,"Pumping Station No.2, 330 Macaulay Road",Mac330_T,-37.79497059,144.93530329,Outdoor,A,34296,11144,24.524647887323944,False,46509.0,-2.2984798641123225,43955.0,29198.0,55.627097746420986,720,85.55555555555556,81.80555555555556,False,
2026-05-01,180,Matched,42204,69.75867768595042,605,"Pumping Station No.2, 330 Macaulay Road",Mac330_T,-37.79497059,144.93530329,Outdoor,A,29794,12410,29.404795753956968,False,45440.0,-7.121478873239437,44717.666666666664,29273.0,44.1738120452294,744,81.31720430107528,80.77956989247312,False,
2026-06-01,180,Matched,38938,64.68106312292359,602,"Pumping Station No.2, 330 Macaulay Road",Mac330_T,-37.79497059,144.93530329,Outdoor,A,28954,9984,25.64076223740305,False,42204.0,-7.73860297602123,42194.0,24763.0,57.24266042078908,720,83.61111111111111,79.02777777777777,False,
2026-07-01,180,Matched,41511,66.84541062801932,621,"Pumping Station No.2, 330 Macaulay Road",Mac330_T,-37.79497059,144.93530329,Outdoor,A,32269,9242,22.263978222639786,False,38938.0,6.6079408290102215,40884.333333333336,28025.0,48.121320249776986,744,83.46774193548387,78.62903225806451,False,
2026-08-01,180,Matched,46816,74.66666666666667,627,"Pumping Station No.2, 330 Macaulay Road",Mac330_T,-37.79497059,144.93530329,Outdoor,A,31849,14967,31.96983937115516,False,41511.0,12.779745127797451,42421.666666666664,28013.0,67.12240745368221,744,84.2741935483871,79.16666666666666,False,
2025-03-01,181,Matched,174084,1289.5111111111112,135,368 Elizabeth Street,Eli368_T,-37.81009465,144.96143149,Outdoor,A,117891,56193,32.279244502653896,False,,,,,,744,18.14516129032258,,False,
2025-04-01,181,Matched,823788,1144.15,720,368 Elizabeth Street,Eli368_T,-37.81009465,144.96143149,Outdoor,A,604972,218816,26.562173763152657,False,174084.0,373.21293168815055,,,,720,100.0,,False,
2025-05-01,181,Matched,794535,1067.923387096774,744,368 Elizabeth Street,Eli368_T,-37.81009465,144.96143149,Outdoor,A,562974,231561,29.144216428477037,False,823788.0,-3.5510349750178443,597469.0,,,744,100.0,,False,
2025-06-01,181,Matched,627184,871.0888888888888,720,368 Elizabeth Street,Eli368_T,-37.81009465,144.96143149,Outdoor,A,434516,192668,30.719533661573,False,794535.0,-21.062759979107277,748502.3333333334,,,720,100.0,,False,
2025-07-01,181,Matched,668892,899.0483870967741,744,368 Elizabeth Street,Eli368_T,-37.81009465,144.96143149,Outdoor,A,491807,177085,26.47437852448527,False,627184.0,6.6500420929105335,696870.3333333334,,,744,100.0,,False,
2025-08-01,181,Matched,793111,1066.0094086021506,744,368 Elizabeth Street,Eli368_T,-37.81009465,144.96143149,Outdoor,A,538457,254654,32.10824209978175,False,668892.0,18.57086046775862,696395.6666666666,,,744,100.0,,False,
2025-09-01,181,Matched,744530,1034.0694444444443,720,368 Elizabeth Street,Eli368_T,-37.81009465,144.96143149,Outdoor,A,541555,202975,27.26216539293245,False,793111.0,-6.1253721105872945,735511.0,,,720,100.0,,False,
2025-10-01,181,Matched,814024,1095.5908479138627,743,368 Elizabeth Street,Eli368_T,-37.81009465,144.96143149,Outdoor,A,606210,207814,25.52922272561988,False,744530.0,9.33394221858085,783888.3333333334,,,744,99.86559139784946,,False,
2025-11-01,181,Matched,694496,964.5777777777778,720,368 Elizabeth Street,Eli368_T,-37.81009465,144.96143149,Outdoor,A,463083,231413,33.32099824908999,False,814024.0,-14.683596552435802,751016.6666666666,,,720,100.0,,False,
2025-12-01,181,Matched,696824,936.5913978494624,744,368 Elizabeth Street,Eli368_T,-37.81009465,144.96143149,Outdoor,A,512338,184486,26.47526491624858,False,694496.0,0.33520711422384003,735114.6666666666,,,744,100.0,,False,
2026-01-01,181,Matched,637487,856.8373655913979,744,368 Elizabeth Street,Eli368_T,-37.81009465,144.96143149,Outdoor,A,442343,195144,30.611447762856344,False,696824.0,-8.51534964352548,676269.0,,,744,100.0,,False,
2026-02-01,181,Matched,615646,916.139880952381,672,368 Elizabeth Street,Eli368_T,-37.81009465,144.96143149,Outdoor,A,429632,186014,30.214441416008555,False,637487.0,-3.4261090814400923,649985.6666666666,,,672,100.0,,False,
2026-03-01,181,Matched,824618,1108.3575268817203,744,368 Elizabeth Street,Eli368_T,-37.81009465,144.96143149,Outdoor,A,566657,257961,31.28248473838796,False,615646.0,33.943532484577176,692583.6666666666,174084.0,373.6897130121091,744,100.0,18.14516129032258,False,
2026-04-01,181,Matched,797805,1108.0625,720,368 Elizabeth Street,Eli368_T,-37.81009465,144.96143149,Outdoor,A,566517,231288,28.990542801812477,False,824618.0,-3.251566179734131,746023.0,823788.0,-3.154088187737622,720,100.0,100.0,True,-3.154088187737622
2026-05-01,181,Matched,755576,1018.2964959568732,742,368 Elizabeth Street,Eli368_T,-37.81009465,144.96143149,Outdoor,A,494944,260632,34.49447838470253,False,797805.0,-5.2931480750308655,792666.3333333334,794535.0,-4.903371154197108,744,99.73118279569893,100.0,True,-4.903371154197108
2026-06-01,181,Matched,641385,920.2080344332855,697,368 Elizabeth Street,Eli368_T,-37.81009465,144.96143149,Outdoor,A,446847,194538,30.330924483734417,False,755576.0,-15.11310576302053,731588.6666666666,627184.0,2.264247812444195,720,96.80555555555556,100.0,True,2.264247812444195
2026-07-01,181,Matched,727459,977.7674731182796,744,368 Elizabeth Street,Eli368_T,-37.81009465,144.96143149,Outdoor,A,529994,197465,27.14448511874896,False,641385.0,13.420020736375188,708140.0,668892.0,8.755823062616983,744,100.0,100.0,True,8.755823062616983
2026-08-01,181,Matched,782069,1051.168010752688,744,368 Elizabeth Street,Eli368_T,-37.81009465,144.96143149,Outdoor,A,506751,275318,35.20379915327164,False,727459.0,7.506952281846813,716971.0,793111.0,-1.392238917377265,744,100.0,100.0,True,-1.392238917377265
2025-04-01,182,Matched,142745,318.6272321428572,448,163 King Street,King163_T,-37.81627451,144.95550503,Outdoor,A,95379,47366,33.182248064730814,False,,,,,,720,62.22222222222222,,False,
2025-05-01,182,Matched,225986,303.744623655914,744,163 King Street,King163_T,-37.81627451,144.95550503,Outdoor,A,158210,67776,29.991238395298826,False,142745.0,58.3144768643385,,,,744,100.0,,False,
2025-06-01,182,Matched,195960,272.1666666666667,720,163 King Street,King163_T,-37.81627451,144.95550503,Outdoor,A,135848,60112,30.675648091447236,False,225986.0,-13.286663775632118,188230.33333333334,,,720,100.0,,False,
2025-07-01,182,Matched,223837,300.85618279569894,744,163 King Street,King163_T,-37.81627451,144.95550503,Outdoor,A,162372,61465,27.459713988303992,False,195960.0,14.225862420902224,215261.0,,,744,100.0,,False,
2025-08-01,182,Matched,221373,297.5443548387097,744,163 King Street,King163_T,-37.81627451,144.95550503,Outdoor,A,146713,74660,33.725883463656366,False,223837.0,-1.1008010293204429,213723.33333333334,,,744,100.0,,False,
2025-09-01,182,Matched,207948,288.81666666666666,720,163 King Street,King163_T,-37.81627451,144.95550503,Outdoor,A,150705,57243,27.527554965664493,False,221373.0,-6.0644252009052595,217719.33333333334,,,720,100.0,,False,
2025-10-01,182,Matched,231346,311.3674293405114,743,163 King Street,King163_T,-37.81627451,144.95550503,Outdoor,A,171896,59450,25.697440197798965,False,207948.0,11.25185142439456,220222.33333333334,,,744,99.86559139784946,,False,
2025-11-01,182,Matched,225206,312.7861111111111,720,163 King Street,King163_T,-37.81627451,144.95550503,Outdoor,A,147957,77249,34.301483974672074,False,231346.0,-2.6540333526406332,221500.0,,,720,100.0,,False,
2025-12-01,182,Matched,250151,336.2244623655914,744,163 King Street,King163_T,-37.81627451,144.95550503,Outdoor,A,183608,66543,26.601132915718907,False,225206.0,11.076525492216016,235567.66666666666,,,744,100.0,,False,
2026-01-01,182,Matched,242921,326.5067204301075,744,163 King Street,King163_T,-37.81627451,144.95550503,Outdoor,A,172458,70463,29.00654945434936,False,250151.0,-2.890254286411008,239426.0,,,744,100.0,,False,
2026-02-01,182,Matched,236725,352.26934523809524,672,163 King Street,King163_T,-37.81627451,144.95550503,Outdoor,A,171051,65674,27.742739465624677,False,242921.0,-2.550623453715405,243265.66666666666,,,672,100.0,,False,
2026-03-01,182,Matched,232584,312.61290322580646,744,163 King Street,King163_T,-37.81627451,144.95550503,Outdoor,A,158518,74066,31.844838853919445,False,236725.0,-1.7492871475340586,237410.0,,,744,100.0,,False,
2026-04-01,182,Matched,235190,326.65277777777777,720,163 King Street,King163_T,-37.81627451,144.95550503,Outdoor,A,166970,68220,29.006335303371745,False,232584.0,1.1204554053589242,234833.0,142745.0,64.762338435672,720,100.0,62.22222222222222,False,
2026-05-01,182,Matched,223763,300.7567204301075,744,163 King Street,King163_T,-37.81627451,144.95550503,Outdoor,A,146184,77579,34.670164415028395,False,235190.0,-4.85862494153663,230512.33333333334,225986.0,-0.9836892550865983,744,100.0,100.0,True,-0.9836892550865983
2026-06-01,182,Matched,200947,279.0930555555556,720,163 King Street,King163_T,-37.81627451,144.95550503,Outdoor,A,143481,57466,28.59759040941144,False,223763.0,-10.19650254957254,219966.66666666666,195960.0,2.5449071239028376,720,100.0,100.0,True,2.5449071239028376
2026-07-01,182,Matched,227095,305.23521505376345,744,163 King Street,King163_T,-37.81627451,144.95550503,Outdoor,A,165088,62007,27.30443206587552,False,200947.0,13.012386350629768,217268.33333333334,223837.0,1.4555234389310077,744,100.0,100.0,True,1.4555234389310077
2026-08-01,182,Matched,220470,296.3306451612903,744,163 King Street,King163_T,-37.81627451,144.95550503,Outdoor,A,143266,77204,35.01791626978728,False,227095.0,-2.917281313987538,216170.66666666666,221373.0,-0.40790882356926994,744,100.0,100.0,True,-0.40790882356926994
2025-06-01,184,Matched,61183,986.8225806451612,62,124 Elizabeth Street,Eli124_T,-37.81512416,144.96371988,Outdoor,A,19629,41554,67.9175587990128,False,,,,,,720,8.61111111111111,,False,
2025-07-01,184,Matched,681548,916.0591397849462,744,124 Elizabeth Street,Eli124_T,-37.81512416,144.96371988,Outdoor,A,499566,181982,26.701274158239773,False,61183.0,1013.9499534184333,,,,744,100.0,,False,
2025-08-01,184,Matched,677502,910.6209677419356,744,124 Elizabeth Street,Eli124_T,-37.81512416,144.96371988,Outdoor,A,443797,233705,34.49510112147271,False,681548.0,-0.5936485764759049,473411.0,,,744,100.0,,False,
2025-09-01,184,Matched,625907,869.3152777777777,720,124 Elizabeth Street,Eli124_T,-37.81512416,144.96371988,Outdoor,A,458561,167346,26.73655990426693,False,677502.0,-7.61547567387255,661652.3333333334,,,720,100.0,,False,
2025-10-01,184,Matched,738607,994.0874831763124,743,124 Elizabeth Street,Eli124_T,-37.81512416,144.96371988,Outdoor,A,547816,190791,25.83119304312036,False,625907.0,18.00586988162778,680672.0,,,744,99.86559139784946,,False,
2025-11-01,184,Matched,711809,988.6236111111112,720,124 Elizabeth Street,Eli124_T,-37.81512416,144.96371988,Outdoor,A,475285,236524,33.22857676708218,False,738607.0,-3.628181157232466,692107.6666666666,,,720,100.0,,False,
2025-12-01,184,Matched,870230,1169.6639784946235,744,124 Elizabeth Street,Eli124_T,-37.81512416,144.96371988,Outdoor,A,641951,228279,26.232030612596667,False,711809.0,22.256110838722183,773548.6666666666,,,744,100.0,,False,
2026-01-01,184,Matched,703567,945.6545698924732,744,124 Elizabeth Street,Eli124_T,-37.81512416,144.96371988,Outdoor,A,500467,203100,28.867186778231492,False,870230.0,-19.151603599048528,761868.6666666666,,,744,100.0,,False,
2026-02-01,184,Matched,630198,937.7946428571428,672,124 Elizabeth Street,Eli124_T,-37.81512416,144.96371988,Outdoor,A,446087,184111,29.214786463936733,False,703567.0,-10.428146857371082,734665.0,,,672,100.0,,False,
2026-03-01,184,Matched,707872,951.4408602150538,744,124 Elizabeth Street,Eli124_T,-37.81512416,144.96371988,Outdoor,A,490737,217135,30.67433095248859,False,630198.0,12.325332673223336,680545.6666666666,,,744,100.0,,False,
2026-04-01,184,Matched,686000,952.7777777777778,720,124 Elizabeth Street,Eli124_T,-37.81512416,144.96371988,Outdoor,A,490905,195095,28.439504373177844,False,707872.0,-3.089824148998689,674690.0,,,720,100.0,,False,
2026-05-01,184,Matched,621641,835.5389784946236,744,124 Elizabeth Street,Eli124_T,-37.81512416,144.96371988,Outdoor,A,408747,212894,34.247097601348685,False,686000.0,-9.381778425655977,671837.6666666666,,,744,100.0,,False,
2026-06-01,184,Matched,570021,791.6958333333333,720,124 Elizabeth Street,Eli124_T,-37.81512416,144.96371988,Outdoor,A,406299,163722,28.722099712115867,False,621641.0,-8.303828093706818,625887.3333333334,61183.0,831.6656587614207,720,100.0,8.61111111111111,False,
2026-07-01,184,Matched,642423,863.4717741935484,744,124 Elizabeth Street,Eli124_T,-37.81512416,144.96371988,Outdoor,A,468336,174087,27.09850052068497,False,570021.0,12.701637308099176,611361.6666666666,681548.0,-5.740608144987587,744,100.0,100.0,True,-5.740608144987587
2026-08-01,184,Matched,614095,825.3965053763441,744,124 Elizabeth Street,Eli124_T,-37.81512416,144.96371988,Outdoor,A,398903,215192,35.042135174525114,False,642423.0,-4.409555697725642,608846.3333333334,677502.0,-9.358939161803212,744,100.0,100.0,True,-9.358939161803212
2025-06-01,185,Matched,45824,751.2131147540983,61,197 Elizabeth Street,Eli197_T,-37.81374643,144.96276183,Outdoor,A,15729,30095,65.67519203910615,False,,,,,,720,8.472222222222223,,False,
2025-07-01,185,Matched,546320,734.3010752688172,744,197 Elizabeth Street,Eli197_T,-37.81374643,144.96276183,Outdoor,A,407645,138675,25.3834748865134,False,45824.0,1092.213687150838,,,,744,100.0,,False,
2025-08-01,185,Matched,546096,734.0,744,197 Elizabeth Street,Eli197_T,-37.81374643,144.96276183,Outdoor,A,365731,180365,33.028075649702615,False,546320.0,-0.04100161077756626,379413.3333333333,,,744,100.0,,False,
2025-09-01,185,Matched,487732,692.8011363636364,704,197 Elizabeth Street,Eli197_T,-37.81374643,144.96276183,Outdoor,A,359153,128579,26.362633577456474,False,546096.0,-10.687498168820134,526716.0,,,720,97.77777777777777,,False,
2025-10-01,185,Matched,628023,845.2530282637954,743,197 Elizabeth Street,Eli197_T,-37.81374643,144.96276183,Outdoor,A,472883,155140,24.70291693138627,False,487732.0,28.76395233447877,553950.3333333334,,,744,99.86559139784946,,False,
2025-11-01,185,Matched,543153,754.3791666666667,720,197 Elizabeth Street,Eli197_T,-37.81374643,144.96276183,Outdoor,A,369842,173311,31.90832049164784,False,628023.0,-13.513836276696873,552969.3333333334,,,720,100.0,,False,
2025-12-01,185,Matched,628743,845.0846774193549,744,197 Elizabeth Street,Eli197_T,-37.81374643,144.96276183,Outdoor,A,472514,156229,24.847831307863466,False,543153.0,15.757990842359334,599973.0,,,744,100.0,,False,
2026-01-01,185,Matched,569020,764.8118279569892,744,197 Elizabeth Street,Eli197_T,-37.81374643,144.96276183,Outdoor,A,406209,162811,28.612526800463957,False,628743.0,-9.498793624740157,580305.3333333334,,,744,100.0,,False,
2026-02-01,185,Matched,530259,789.0758928571429,672,197 Elizabeth Street,Eli197_T,-37.81374643,144.96276183,Outdoor,A,379570,150689,28.417999505901832,False,569020.0,-6.811887104143967,576007.3333333334,,,672,100.0,,False,
2026-03-01,185,Matched,595292,800.1236559139785,744,197 Elizabeth Street,Eli197_T,-37.81374643,144.96276183,Outdoor,A,414682,180610,30.33973243383079,False,530259.0,12.264384008569397,564857.0,,,744,100.0,,False,
2026-04-01,185,Matched,594803,826.1152777777778,720,197 Elizabeth Street,Eli197_T,-37.81374643,144.96276183,Outdoor,A,429697,165106,27.758098059357465,False,595292.0,-0.08214456098855688,573451.3333333334,,,720,100.0,,False,
2026-05-01,185,Matched,415050,721.8260869565217,575,197 Elizabeth Street,Eli197_T,-37.81374643,144.96276183,Outdoor,A,273476,141574,34.11010721599807,False,594803.0,-30.220594045423443,535048.3333333334,,,744,77.28494623655914,,False,
2026-06-01,185,Matched,503299,699.0263888888888,720,197 Elizabeth Street,Eli197_T,-37.81374643,144.96276183,Outdoor,A,368264,135035,26.829975819542657,False,415050.0,21.2622575593302,504384.0,45824.0,998.3305691340781,720,100.0,8.472222222222223,False,
2026-07-01,185,Matched,557533,752.4062078272605,741,197 Elizabeth Street,Eli197_T,-37.81374643,144.96276183,Outdoor,A,415178,142355,25.53301777652624,False,503299.0,10.775701918740152,491960.6666666667,546320.0,2.0524600966466537,744,99.59677419354838,100.0,True,2.0524600966466537
2026-08-01,185,Matched,550936,740.505376344086,744,197 Elizabeth Street,Eli197_T,-37.81374643,144.96276183,Outdoor,A,366451,184485,33.48574063049065,False,557533.0,-1.183248345837825,537256.0,546096.0,0.8862910550525914,744,100.0,100.0,True,0.8862910550525914
2025-10-01,187,Matched,86363,264.9171779141104,326,RMIT Building 22 - 330 Swanston Street,Swa330_T,-37.80942561,144.96395473,Outdoor,A,68904,17459,20.21583316929704,False,,,,,,744,43.81720430107527,,False,
2025-11-01,187,Matched,156838,225.3419540229885,696,RMIT Building 22 - 330 Swanston Street,Swa330_T,-37.80942561,144.96395473,Outdoor,A,116342,40496,25.82027314808911,False,86363.0,81.60323286592637,,,,720,96.66666666666667,,False,
2025-12-01,187,Matched,152714,206.37027027027028,740,RMIT Building 22 - 330 Swanston Street,Swa330_T,-37.80942561,144.96395473,Outdoor,A,119800,32914,21.552706366148485,False,156838.0,-2.6294647980718957,131971.66666666666,,,744,99.46236559139786,,False,
2026-01-01,187,Matched,137694,186.07297297297296,740,RMIT Building 22 - 330 Swanston Street,Swa330_T,-37.80942561,144.96395473,Outdoor,A,100457,37237,27.043298909175416,False,152714.0,-9.835378550755006,149082.0,,,744,99.46236559139786,,False,
2026-02-01,187,Matched,185158,275.94336810730255,671,RMIT Building 22 - 330 Swanston Street,Swa330_T,-37.80942561,144.96395473,Outdoor,A,149830,35328,19.079920932392877,False,137694.0,34.470637791043906,158522.0,,,672,99.85119047619048,,False,
2026-03-01,187,Matched,278801,376.7581081081081,740,RMIT Building 22 - 330 Swanston Street,Swa330_T,-37.80942561,144.96395473,Outdoor,A,231060,47741,17.123683200562407,False,185158.0,50.57464435779172,200551.0,,,744,99.46236559139786,,False,
2026-04-01,187,Matched,222466,309.41029207232265,719,RMIT Building 22 - 330 Swanston Street,Swa330_T,-37.80942561,144.96395473,Outdoor,A,182627,39839,17.907905028184082,False,278801.0,-20.206168557501584,228808.33333333334,,,720,99.86111111111111,,False,
2026-05-01,187,Matched,206206,279.4119241192412,738,RMIT Building 22 - 330 Swanston Street,Swa330_T,-37.80942561,144.96395473,Outdoor,A,166394,39812,19.30690668554746,False,222466.0,-7.3089820466947755,235824.33333333334,,,744,99.19354838709677,,False,
2026-06-01,187,Matched,160042,222.58970792767727,719,RMIT Building 22 - 330 Swanston Street,Swa330_T,-37.80942561,144.96395473,Outdoor,A,132749,27293,17.05364841729046,False,206206.0,-22.38732141644763,196238.0,,,720,99.86111111111111,,False,
2026-07-01,187,Matched,187982,258.92837465564736,726,RMIT Building 22 - 330 Swanston Street,Swa330_T,-37.80942561,144.96395473,Outdoor,A,157984,29998,15.95791086380611,False,160042.0,17.457917296709613,184743.33333333334,,,744,97.58064516129032,,False,
2026-08-01,187,Matched,221389,299.5791610284168,739,RMIT Building 22 - 330 Swanston Street,Swa330_T,-37.80942561,144.96395473,Outdoor,A,167380,54009,24.395521006012043,False,187982.0,17.771382366396782,189804.33333333334,,,744,99.32795698924731,,False,
2025-10-01,188,Matched,34334,121.7517730496454,282,RMIT Building 51 - 80-92 Victoria Street,RMIT51_T,-37.80663222,144.96456557,Outdoor,A,31003,3331,9.70175336401235,False,,,,,,744,37.903225806451616,,False,
2025-11-01,188,Matched,44846,78.95422535211267,568,RMIT Building 51 - 80-92 Victoria Street,RMIT51_T,-37.80663222,144.96456557,Outdoor,A,37219,7627,17.00709093341658,False,34334.0,30.61688122560727,,,,720,78.88888888888889,,False,
2025-12-01,188,Matched,35767,61.88062283737024,578,RMIT Building 51 - 80-92 Victoria Street,RMIT51_T,-37.80663222,144.96456557,Outdoor,A,30290,5477,15.312998014929963,False,44846.0,-20.24483788966686,38315.666666666664,,,744,77.68817204301075,,False,
2026-01-01,188,Matched,33761,59.64840989399293,566,RMIT Building 51 - 80-92 Victoria Street,RMIT51_T,-37.80663222,144.96456557,Outdoor,A,27591,6170,18.275525014069487,False,35767.0,-5.608521821791037,38124.666666666664,,,744,76.0752688172043,,False,
2026-02-01,188,Matched,79839,159.678,500,RMIT Building 51 - 80-92 Victoria Street,RMIT51_T,-37.80663222,144.96456557,Outdoor,A,73349,6490,8.128859329400418,False,33761.0,136.48292408400224,49789.0,,,672,74.40476190476191,,False,
2026-03-01,188,Matched,120298,217.5370705244123,553,RMIT Building 51 - 80-92 Victoria Street,RMIT51_T,-37.80663222,144.96456557,Outdoor,A,112295,8003,6.652645929275631,False,79839.0,50.6757349165195,77966.0,,,744,74.32795698924731,,False,
2026-04-01,188,Matched,79158,145.77900552486187,543,RMIT Building 51 - 80-92 Victoria Street,RMIT51_T,-37.80663222,144.96456557,Outdoor,A,73928,5230,6.6070390863841935,False,120298.0,-34.19840728856672,93098.33333333333,,,720,75.41666666666667,,False,
2026-05-01,188,Matched,79877,143.40574506283662,557,RMIT Building 51 - 80-92 Victoria Street,RMIT51_T,-37.80663222,144.96456557,Outdoor,A,74003,5874,7.353806477459093,False,79158.0,0.9083099623537735,93111.0,,,744,74.86559139784946,,False,
2026-06-01,188,Matched,39951,76.09714285714286,525,RMIT Building 51 - 80-92 Victoria Street,RMIT51_T,-37.80663222,144.96456557,Outdoor,A,35245,4706,11.779429801506843,False,79877.0,-49.98435093956959,66328.66666666667,,,720,72.91666666666666,,False,
2026-07-01,188,Matched,78074,144.31423290203327,541,RMIT Building 51 - 80-92 Victoria Street,RMIT51_T,-37.80663222,144.96456557,Outdoor,A,72961,5113,6.548915131798037,False,39951.0,95.42439488373257,65967.33333333333,,,744,72.71505376344086,,False,
2026-08-01,188,Matched,96153,184.9096153846154,520,RMIT Building 51 - 80-92 Victoria Street,RMIT51_T,-37.80663222,144.96456557,Outdoor,A,85309,10844,11.277859245161356,False,78074.0,23.15623639111612,71392.66666666667,,,744,69.89247311827957,,False,
2024-10-01,209,Matched,566738,762.7698519515478,743,Flinders Underpass - Walkway,FliS_T,-37.81909037,144.96549709,Outdoor,A,416771,149967,26.46143367834873,False,,,,,,744,99.86559139784946,,False,
2024-11-01,209,Matched,564447,783.9541666666667,720,Flinders Underpass - Walkway,FliS_T,-37.81909037,144.96549709,Outdoor,A,395152,169295,29.99307286600868,False,566738.0,-0.4042432305580356,,,,720,100.0,,False,
2024-12-01,209,Matched,699068,939.6075268817204,744,Flinders Underpass - Walkway,FliS_T,-37.81909037,144.96549709,Outdoor,A,485454,213614,30.556970137382915,False,564447.0,23.85006918275764,610084.3333333334,,,744,100.0,,False,
2025-01-01,209,Matched,567268,762.4569892473119,744,Flinders Underpass - Walkway,FliS_T,-37.81909037,144.96549709,Outdoor,A,425488,141780,24.99347750974848,False,699068.0,-18.85367374847654,610261.0,,,744,100.0,,False,
2025-02-01,209,Matched,498497,741.8110119047619,672,Flinders Underpass - Walkway,FliS_T,-37.81909037,144.96549709,Outdoor,A,360833,137664,27.61581313428165,False,567268.0,-12.12319397533441,588277.6666666666,,,672,100.0,,False,
2025-03-01,209,Matched,581539,781.638440860215,744,Flinders Underpass - Walkway,FliS_T,-37.81909037,144.96549709,Outdoor,A,392032,189507,32.58715236639331,False,498497.0,16.658475376983212,549101.3333333334,,,744,100.0,,False,
2025-04-01,209,Matched,548088,761.2333333333333,720,Flinders Underpass - Walkway,FliS_T,-37.81909037,144.96549709,Outdoor,A,395926,152162,27.76233013676636,False,581539.0,-5.752150758590568,542708.0,,,720,100.0,,False,
2025-05-01,209,Matched,503693,677.0067204301075,744,Flinders Underpass - Walkway,FliS_T,-37.81909037,144.96549709,Outdoor,A,351512,152181,30.21304643900153,False,548088.0,-8.099976646086029,544440.0,,,744,100.0,,False,
2025-06-01,209,Matched,439942,611.0305555555556,720,Flinders Underpass - Walkway,FliS_T,-37.81909037,144.96549709,Outdoor,A,303635,136307,30.9829477522037,False,503693.0,-12.656717484658314,497241.0,,,720,100.0,,False,
2025-07-01,209,Matched,515692,693.1344086021505,744,Flinders Underpass - Walkway,FliS_T,-37.81909037,144.96549709,Outdoor,A,377423,138269,26.812322083724396,False,439942.0,17.218178759927444,486442.3333333333,,,744,100.0,,False,
2025-08-01,209,Matched,511423,687.3965053763441,744,Flinders Underpass - Walkway,FliS_T,-37.81909037,144.96549709,Outdoor,A,339099,172324,33.69500393998705,False,515692.0,-0.8278197063363403,489019.0,,,744,100.0,,False,
2025-09-01,209,Matched,481845,669.2291666666666,720,Flinders Underpass - Walkway,FliS_T,-37.81909037,144.96549709,Outdoor,A,352525,129320,26.838506158619477,False,511423.0,-5.783470825520166,502986.6666666667,,,720,100.0,,False,
2025-10-01,209,Matched,509676,685.9703903095559,743,Flinders Underpass - Walkway,FliS_T,-37.81909037,144.96549709,Outdoor,A,379159,130517,25.607837135748984,False,481845.0,5.775923792920961,500981.3333333333,566738.0,-10.068497259756713,744,99.86559139784946,99.86559139784946,True,-10.068497259756713
2025-11-01,209,Matched,529775,735.7986111111111,720,Flinders Underpass - Walkway,FliS_T,-37.81909037,144.96549709,Outdoor,A,350534,179241,33.8334198480487,False,509676.0,3.9434856654031187,507098.6666666667,564447.0,-6.142649354146625,720,100.0,100.0,True,-6.142649354146625
2025-12-01,209,Matched,687721,924.3561827956988,744,Flinders Underpass - Walkway,FliS_T,-37.81909037,144.96549709,Outdoor,A,511673,176048,25.59875298267757,False,529775.0,29.81378887263461,575724.0,699068.0,-1.6231611230953211,744,100.0,100.0,True,-1.6231611230953211
2026-01-01,209,Matched,555953,747.2486559139785,744,Flinders Underpass - Walkway,FliS_T,-37.81909037,144.96549709,Outdoor,A,395874,160079,28.793621043505475,False,687721.0,-19.160095445682188,591149.6666666666,567268.0,-1.9946480323233464,744,100.0,100.0,True,-1.9946480323233464
2026-02-01,209,Matched,495674,737.610119047619,672,Flinders Underpass - Walkway,FliS_T,-37.81909037,144.96549709,Outdoor,A,350797,144877,29.228283105428165,False,555953.0,-10.842463301753925,579782.6666666666,498497.0,-0.5663023047280124,672,100.0,100.0,True,-0.5663023047280124
2026-03-01,209,Matched,542304,728.9032258064516,744,Flinders Underpass - Walkway,FliS_T,-37.81909037,144.96549709,Outdoor,A,372135,170169,31.37889449460081,False,495674.0,9.407392762178366,531310.3333333334,581539.0,-6.74675301226573,744,100.0,100.0,True,-6.74675301226573
2026-04-01,209,Matched,455748,632.9833333333333,720,Flinders Underpass - Walkway,FliS_T,-37.81909037,144.96549709,Outdoor,A,322480,133268,29.241598427201,False,542304.0,-15.960789520269076,497908.6666666667,548088.0,-16.847659499934316,720,100.0,100.0,True,-16.847659499934316
2026-05-01,209,Matched,407037,547.0927419354839,744,Flinders Underpass - Walkway,FliS_T,-37.81909037,144.96549709,Outdoor,A,273858,133179,32.719138554971664,False,455748.0,-10.68814344769478,468363.0,503693.0,-19.189466599694654,744,100.0,100.0,True,-19.189466599694654
2026-06-01,209,Matched,397155,551.6041666666666,720,Flinders Underpass - Walkway,FliS_T,-37.81909037,144.96549709,Outdoor,A,286912,110243,27.75818005564578,False,407037.0,-2.4277891199080184,419980.0,439942.0,-9.725600192752681,720,100.0,100.0,True,-9.725600192752681
2026-07-01,209,Matched,440489,592.0551075268817,744,Flinders Underpass - Walkway,FliS_T,-37.81909037,144.96549709,Outdoor,A,319317,121172,27.50851894144916,False,397155.0,10.911105235990986,414893.6666666667,515692.0,-14.582929345423237,744,100.0,100.0,True,-14.582929345423237
2026-08-01,209,Matched,431298,579.7016129032259,744,Flinders Underpass - Walkway,FliS_T,-37.81909037,144.96549709,Outdoor,A,280836,150462,34.885856182963984,False,440489.0,-2.086544726429037,422980.6666666667,511423.0,-15.667070116126963,744,100.0,100.0,True,-15.667070116126963
