month,Location_ID,metadata_match_flag,monthly_footfall,avg_hourly_footfall,observation_count,Sensor_Description,Sensor_Name,Latitude,Longitude,Location_Type,Status,weekday_footfall,weekend_footfall,weekend_share_pct,is_partial_month
2024-09-01,1,Matched,197477,918.4976744186047,215,Bourke Street Mall (North),Bou292_T,-37.81349441,144.96515323,Outdoor,A,133368,64109,32.46403378621308,True
2024-09-01,2,Matched,120504,557.8888888888889,216,Bourke Street Mall (South),Bou283_T,-37.81380668,144.96516718,Outdoor,A,84096,36408,30.213104959171478,True
2024-09-01,3,Matched,235612,1090.7962962962963,216,Melbourne Central,Swa295_T,-37.81101524,144.96429485,Outdoor,A,158015,77597,32.93423085411609,True
2024-09-01,4,Matched,255924,1184.8333333333333,216,Town Hall (West),Swa123_T,-37.81487988,144.9660878,Outdoor,A,171364,84560,33.041059064409744,True
2024-09-01,5,Matched,209005,967.6157407407408,216,Princes Bridge,PriNW_T,-37.81874249,144.96787656,Outdoor,A,136950,72055,34.47525178823473,True
2024-09-01,6,Matched,79404,371.04672897196264,214,Flinders Underpass - Myki Barriers,FliS_T,-37.81907439,144.96557866,Outdoor,A,62269,17135,21.579517404664752,True
2024-09-01,8,Matched,43819,208.66190476190476,210,Webb Bridge,WebBN_T,-37.82293543,144.9471751,Outdoor,A,31273,12546,28.631415595974346,True
2024-09-01,9,Matched,86201,404.69953051643193,213,Southern Cross Station,Col700_T,-37.81982992,144.95102555,Outdoor,A,79392,6809,7.898980290251853,True
2024-09-01,10,Matched,14533,73.03015075376885,199,Victoria Point,BouHbr_T,-37.81876474,144.94710545,Outdoor,A,11833,2700,18.57840776164591,True
2024-09-01,11,Matched,23980,115.28846153846153,208,Docklands Waterfront City Building Side,WatCit_T,-37.81566651,144.93974366,Outdoor,A,15153,8827,36.809841534612175,True
2024-09-01,12,Matched,41272,191.07407407407408,216,New Quay,NewQ_T,-37.81457988,144.94292398,Outdoor,A,26771,14501,35.13520062027525,True
2024-09-01,14,Matched,76733,355.2453703703704,216,Sandridge Bridge,SanBri_T,-37.82011242,144.96291897,Outdoor,A,52849,23884,31.126112624294635,True
2024-09-01,17,Matched,63638,294.6203703703704,216,Collins Place (South),Col15_T,-37.81362543,144.97323591,Outdoor,A,53054,10584,16.6315723309972,True
2024-09-01,18,Matched,35961,186.32642487046633,193,Collins Place (North),Col12_T,-37.81344862,144.97305353,Outdoor,A,31820,4141,11.51525263479881,True
2024-09-01,19,Matched,116477,539.2453703703703,216,Chinatown-Swanston St (North),LtB210_T,-37.81237202,144.96550671,Outdoor,A,74226,42251,36.274114202803986,True
2024-09-01,20,Matched,79561,368.337962962963,216,Chinatown-Lt Bourke St (South),LtB170_T,-37.81172914,144.9682466,Outdoor,A,47594,31967,40.1792335440731,True
2024-09-01,21,Matched,73393,339.7824074074074,216,155-161 Russell Street,Bourke155_T,-37.81267313,144.96788288,Outdoor,A,48258,25135,34.24713528538144,True
2024-09-01,23,Matched,65952,305.3333333333333,216,Spencer St-Collins St (South),Col623_T,-37.81909256,144.95452748,Outdoor,A,50987,14965,22.690744784085396,True
2024-09-01,24,Matched,202265,936.4120370370371,216,Spencer St-Collins St (North),Col620_T,-37.81887963,144.95449198,Outdoor,A,153624,48641,24.04815464860455,True
2024-09-01,25,Matched,130539,676.3678756476684,193,Melbourne Convention Exhibition Centre,MCEC_T,-37.82401776,144.95604426,Outdoor,A,78380,52159,39.95664131025977,True
2024-09-01,27,Matched,33039,152.95833333333334,216,QV Market-Peel St,Vic_T,-37.80606888,144.95644692,Outdoor,A,19307,13732,41.56300130149218,True
2024-09-01,28,Unmatched,140718,651.4722222222222,216,,,,,,,95489,45229,32.14158814082065,True
2024-09-01,29,Matched,68899,318.97685185185185,216,St Kilda Rd-Alexandra Gardens,AG_T,-37.8199817,144.96872865,Outdoor,A,43782,25117,36.45481066488628,True
2024-09-01,30,Matched,92844,429.8333333333333,216,Lonsdale St (South),Lon189_T,-37.8112185,144.96656806,Outdoor,A,58086,34758,37.43699108181466,True
2024-09-01,31,Matched,44653,206.72685185185185,216,Lygon St (West),Lyg161_T,-37.80169681,144.96658911,Outdoor,A,27529,17124,38.349047096499675,True
2024-09-01,35,Matched,302148,1398.8333333333333,216,Southbank Promenade,SouthB_T,-37.82018685,144.96508508,Outdoor,A,199302,102846,34.03828587314826,True
2024-09-01,36,Matched,45020,209.3953488372093,215,Queen St (West),Que85_T,-37.81652527,144.96121062,Outdoor,A,33096,11924,26.48600621945802,True
2024-09-01,37,Matched,19879,111.67977528089888,178,Lygon St (East),Lyg260_T,-37.80107122,144.96704554,Outdoor,A,15885,3994,20.091553901101666,True
2024-09-01,39,Matched,14493,82.3465909090909,176,Alfred Place,AlfPl_T,-37.81379749,144.96995745,Outdoor,A,11199,3294,22.728213620368454,True
2024-09-01,40,Matched,47112,219.12558139534883,215,Lonsdale St-Spring St (West),Spr201_T,-37.80999341,144.97227587,Outdoor,A,35012,12100,25.683477670232634,True
2024-09-01,41,Matched,60686,280.9537037037037,216,Flinders La-Swanston St (West),Swa31,-37.81668634,144.96689733,Outdoor,A,43782,16904,27.854859440398116,True
2024-09-01,42,Matched,29725,138.25581395348837,215,Grattan St-Swanston St (West),UM1_T,-37.80008566,144.96386412,Outdoor,A,24743,4982,16.760302775441545,True
2024-09-01,43,Matched,21123,99.63679245283019,212,Monash Rd-Swanston St (West),UM2_T,-37.79844526,144.96411782,Outdoor,A,17206,3917,18.54376745727406,True
2024-09-01,44,Matched,11761,58.805,200,Tin Alley-Swanston St (West),UM3_T,-37.79698741,144.96441306,Outdoor,A,9145,2616,22.243006547062325,True
2024-09-01,45,Matched,166613,771.3564814814815,216,Little Collins St-Swanston St (East),Swa148_T,-37.81414075,144.96609379,Outdoor,A,111147,55466,33.290319482873485,True
2024-09-01,46,Matched,11674,65.58426966292134,178,Pelham St (South),Pel147_T,-37.80240719,144.9615673,Outdoor,A,9253,2421,20.738393010107934,True
2024-09-01,47,Matched,191799,887.9583333333334,216,Melbourne Central-Elizabeth St (East),Eli250_T,-37.81258467,144.9625775,Outdoor,A,129744,62055,32.354183285627144,True
2024-09-01,48,Matched,49150,327.6666666666667,150,QVM-Queen St (East),QVMQ_T,-37.80631581,144.95866697,Outdoor,A,28376,20774,42.26653102746694,True
2024-09-01,49,Matched,79076,366.0925925925926,216,QVM-Therry St (South),Eli501_T,-37.80730068,144.95956055,Outdoor,A,49627,29449,37.24138803176691,True
2024-09-01,50,Matched,44686,206.87962962962962,216,Faraday St-Lygon St (West),Lyg309_T,-37.79808192,144.96721013,Outdoor,A,30123,14563,32.589625386026945,True
2024-09-01,51,Matched,25094,116.17592592592592,216,QVM-Franklin St (North),Fra118_T,-37.80841815,144.95906316,Outdoor,A,16243,8851,35.27137961265641,True
2024-09-01,52,Matched,72427,335.31018518518516,216,Elizabeth St-Lonsdale St (South),Eli263_T,-37.81252157,144.9619401,Outdoor,A,49225,23202,32.035014566390984,True
2024-09-01,53,Matched,116009,537.0787037037037,216,Collins Street (North),Col254_T,-37.81564191,144.965499,Outdoor,A,84388,31621,27.25736796283047,True
2024-09-01,54,Matched,33743,156.21759259259258,216,Lincoln-Swanston (West),Swa607_T,-37.804024,144.96308399,Outdoor,A,23841,9902,29.345345701330643,True
2024-09-01,56,Matched,53013,373.33098591549293,142,Lonsdale St - Elizabeth St (North),Lon364_T,-37.81234775,144.96153311,Outdoor,A,25303,27710,52.270197875992686,True
2024-09-01,58,Matched,136701,632.875,216,Bourke St - Spencer St (North),Bou688_T,-37.81686075,144.95358075,Outdoor,A,103108,33593,24.574070416456355,True
2024-09-01,59,Matched,159434,738.1203703703703,216,Building 80 RMIT,RMIT_T,-37.80825648,144.96304859,Outdoor,A,127572,31862,19.984444974095865,True
2024-09-01,61,Matched,100227,464.0138888888889,216,RMIT Building 14,RMIT14_T,-37.80767455,144.96309114,Outdoor,A,76052,24175,24.120247039220967,True
2024-09-01,62,Matched,45615,211.18055555555554,216,La Trobe St (North),Lat224_T,-37.80996494,144.96216521,Outdoor,A,31696,13919,30.514085278965254,True
2024-09-01,63,Matched,71735,332.10648148148147,216,231 Bourke St,Bou231_T,-37.81333081,144.96675571,Outdoor,A,50443,21292,29.681466508677772,True
2024-09-01,65,Unmatched,175656,813.2222222222222,216,,,,,,,120963,54693,31.13642574122148,True
2024-09-01,66,Matched,260112,1204.2222222222222,216,"QV2 Apartments, 300 Swanston Street",QVN_T,-37.81057846,144.96444294,Outdoor,A,176023,84089,32.32799717044965,True
2024-09-01,67,Matched,113088,523.5555555555555,216,Flinders Ln -Degraves St (South),FLDegS_T,-37.81688755,144.96562569,Outdoor,A,79865,33223,29.378006508206,True
2024-09-01,68,Matched,43247,215.1592039800995,201,Flinders Ln -Degraves St (North),FLDegN_T,-37.8168479,144.96559789,Outdoor,A,30231,13016,30.096885333086686,True
2024-09-01,69,Matched,43507,206.19431279620852,211,Flinders Ln -Degraves St (Crossing),FLDegC_T,-37.81687226,144.96559144,Outdoor,A,29948,13559,31.1650998689866,True
2024-09-01,70,Matched,32677,156.34928229665073,209,Errol Street (East),Errol20_T,-37.80456984,144.94946228,Outdoor,A,22705,9972,30.51687731431894,True
2024-09-01,71,Matched,4794,22.401869158878505,214,Westwood Place,WestWP_T,-37.81235775,144.97136962,Outdoor,A,3993,801,16.708385481852314,True
2024-09-01,72,Matched,67103,310.662037037037,216,Flinders St- ACMI,ACMI_T,-37.81726338,144.96872809,Outdoor,A,46538,20565,30.64691593520409,True
2024-09-01,75,Matched,13190,64.34146341463415,205,Spring St- Flinders st (West),SprFli_T,-37.81515276,144.97467661,Outdoor,A,9339,3851,29.19636087945413,True
2024-09-01,76,Matched,11444,59.916230366492144,191,Macaulay Rd- Bellair St,KenMac_T,-37.79453803,144.93036194,Outdoor,A,8282,3162,27.630199231038098,True
2024-09-01,77,Matched,34469,161.07009345794393,214,Harbour Esplanade (West) - Pedestrian path,HarEsP_T,-37.81441438,144.94433026,Outdoor,A,23722,10747,31.178740317386637,True
2024-09-01,78,Unmatched,10268,50.08780487804878,205,,,,,,,7147,3121,30.39540319439034,True
2024-09-01,79,Matched,126366,585.0277777777778,216,Flinders St (South),FliSS_T,-37.81794046,144.96616678,Outdoor,A,87332,39034,30.889638035547534,True
2024-09-01,84,Matched,270390,1251.8055555555557,216,Elizabeth St - Flinders St (East) - New footpath,ElFi_T,-37.81798049,144.96503383,Outdoor,A,190315,80075,29.614630718591663,True
2024-09-01,85,Matched,17748,89.63636363636364,198,Macaulay Rd (North),488Mac_T,-37.79432415,144.92973378,Outdoor,A,12395,5353,30.16114491773721,True
2024-09-01,86,Matched,11676,57.23529411764706,204,Queensberry St - Errol St (South),574Qub_T,-37.80309992,144.94908064,Outdoor,A,8115,3561,30.49845837615622,True
2024-09-01,87,Matched,20856,99.31428571428572,210,Errol St (West),Errol23_T,-37.80454949,144.94921863,Outdoor,A,14986,5870,28.14537782892213,True
2024-09-01,107,Matched,29694,137.47222222222223,216,Royal Mint 280 William St,280Will_T,-37.81246271,144.95690188,Outdoor,A,21827,7867,26.493567724119348,True
2024-09-01,108,Matched,68436,316.8333333333333,216,William St - Little Lonsdale St (West),261Will_T,-37.81295822,144.95678789,Outdoor,A,59988,8448,12.344380150797827,True
2024-09-01,109,Matched,37067,171.6064814814815,216,La Trobe St- William St (South),LatWill_T,-37.81193681,144.95621105,Outdoor,A,29395,7672,20.697655596622333,True
2024-09-01,117,Matched,47132,218.2037037037037,216,114 Flinders Street Car Park Footpath,Fli114F_T,-37.81629332,144.97090877,Outdoor,A,31947,15185,32.218025969617244,True
2024-09-01,118,Matched,4833,25.436842105263157,190,114 Flinders Street Car Park Crossing,Fli114C_T,-37.81632783,144.97090512,Outdoor,A,3359,1474,30.498655079660665,True
2024-09-01,123,Matched,1890,14.651162790697674,129,Birrarung Marr East - Batman Ave Bridge Entry,BirBridge_T,-37.81753741,144.97329734,Outdoor,A,1309,581,30.74074074074074,True
2024-09-01,130,Matched,8829,47.213903743315505,187,I-Hub 892 Bourke Street,Bou892T,-37.8204637,144.94126826,Outdoor,A,6265,2564,29.040661456563598,True
2024-09-01,131,Matched,38785,179.5601851851852,216,I-Hub Corner of King Street and Flinders Street (2-6 King),King2_T,-37.82009057,144.95758725,Outdoor,A,24612,14173,36.542477762021406,True
2024-09-01,132,Matched,38102,176.39814814814815,216,I-Hub Corner of King Street and Latrobe Street (317-335 King),King335_T,-37.81267639,144.95386444,Outdoor,A,26212,11890,31.205710986299934,True
2024-09-01,133,Matched,132595,613.8657407407408,216,I-Hub Southern Cross Station - Lonsdale Street Entrance - South,Spen229_T,-37.81531435,144.95227769,Outdoor,A,94696,37899,28.582525736264564,True
2024-09-01,134,Matched,120293,556.9120370370371,216,I-Hub Southern Cross Station - Bourke Street Entrance - North,Spen201_T,-37.81694221,144.95303935,Outdoor,A,84092,36201,30.09402043344168,True
2024-09-01,135,Matched,96774,448.02777777777777,216,I-Hub Southern Cross Station - Bourke Street Entrance - South,Spen161_T,-37.8172861,144.95319102,Outdoor,A,67938,28836,29.797259594519186,True
2024-09-01,136,Matched,72433,393.6576086956522,184,"COM Pole 1120 - Towards the City, Near Federation Square Bridge",BirFed1120_T,-37.8184141,144.97357915,Outdoor,A,31492,40941,56.52257948725029,True
2024-09-01,137,Matched,5354,32.448484848484846,165,"COM Pole 2353 - Towards the city, NAB Building",BouHbr2353_T,-37.81894815,144.94612292,Outdoor,A,4730,624,11.654837504669405,True
2024-09-01,138,Matched,1284,9.441176470588236,136,"COM Pole 1671 - Enterprize Park, Queens Bridge",EntPark1671_T,-37.81996544,144.95981454,Outdoor,A,916,368,28.66043613707165,True
2024-09-01,139,Matched,15581,74.55023923444976,209,COM Pole 1647 - Sandridge Bridge Signal Box,Signal1647_T,-37.81959923,144.9632832,Outdoor,A,11838,3743,24.022848340928054,True
2024-09-01,140,Matched,17722,130.30882352941177,136,COM Pole 2837 - Boyd Park,Boyd2837_T,-37.82590962,144.96185972,Outdoor,A,12137,5585,31.51450174923823,True
2024-09-01,141,Matched,40504,187.5185185185185,216,Awning of Nationwide Parking 474 Flinders Street,474Fl_T,-37.81997273,144.95834911,Outdoor,A,25251,15253,37.658009085522416,True
2024-09-01,142,Matched,50460,525.625,96,Hamer Hall Entrance (COM Pole 1584),Hammer1584_T,-37.81970749,144.96795734,Outdoor,A,40140,10320,20.451843043995243,True
2024-09-01,143,Matched,56785,262.89351851851853,216,"Mounted on Toilet - Spencer Street, Batman Park",Spencer_T,-37.821728,144.95557015,Outdoor,A,36220,20565,36.215549881130585,True
2024-09-01,161,Matched,85023,515.290909090909,165,Birrarung Marr - COM - Pole 1109,BirArt1109_T,-37.81851276,144.97131336,Outdoor,A,43456,41567,48.889124119355934,True
2024-09-01,162,Matched,104505,483.81944444444446,216,iHub 489 Elizabeth Street,Eli489_T,-37.80740397,144.95987909,Outdoor,A,64452,40053,38.3263958662265,True
2024-09-01,164,Matched,22486,105.07476635514018,214,I-Hub 526 La Trobe Street (Footpath),Lat526_T,-37.813005,144.95160411,Outdoor,A,16013,6473,28.786800675976167,True
2024-09-01,165,Matched,9630,47.205882352941174,204,475 Spencer Street,Spen475_T,-37.80953359,144.94939004,Outdoor,A,6931,2699,28.026998961578403,True
2024-09-01,166,Matched,7118,54.753846153846155,130,484 Spencer Street,Spen484_T,-37.80896733,144.94931703,Outdoor,A,4752,2366,33.2396740657488,True
2024-09-01,167,Matched,10302,48.594339622641506,212,I-Hub 526 La Trobe Street (Crossing),Lat526_T,-37.81304149,144.95155955,Outdoor,A,7216,3086,29.955348476024074,True
2024-09-01,209,Matched,152690,706.8981481481482,216,Flinders Underpass - Walkway,FliS_T,-37.81909037,144.96549709,Outdoor,A,104796,47894,31.366821664811056,True
2024-10-01,1,Matched,757139,1019.0296096904441,743,Bourke Street Mall (North),Bou292_T,-37.81349441,144.96515323,Outdoor,A,553693,203446,26.87036330185078,False
2024-10-01,2,Matched,434100,584.2530282637954,743,Bourke Street Mall (South),Bou283_T,-37.81380668,144.96516718,Outdoor,A,320463,113637,26.177608845888045,False
2024-10-01,3,Matched,736499,991.250336473755,743,Melbourne Central,Swa295_T,-37.81101524,144.96429485,Outdoor,A,519580,216919,29.45272159229001,False
2024-10-01,4,Matched,884138,1189.956931359354,743,Town Hall (West),Swa123_T,-37.81487988,144.9660878,Outdoor,A,625685,258453,29.232201307940613,False
2024-10-01,5,Matched,760430,1023.4589502018842,743,Princes Bridge,PriNW_T,-37.81874249,144.96787656,Outdoor,A,524740,235690,30.994305853267228,False
2024-10-01,6,Matched,322619,438.3410326086956,736,Flinders Underpass - Myki Barriers,FliS_T,-37.81907439,144.96557866,Outdoor,A,266294,56325,17.458674163641945,False
2024-10-01,8,Matched,171298,234.65479452054794,730,Webb Bridge,WebBN_T,-37.82293543,144.9471751,Outdoor,A,133946,37352,21.80527501780523,False
2024-10-01,9,Matched,467715,630.3436657681941,742,Southern Cross Station,Col700_T,-37.81982992,144.95102555,Outdoor,A,443688,24027,5.137102722811969,False
2024-10-01,10,Matched,79850,114.72701149425288,696,Victoria Point,BouHbr_T,-37.81876474,144.94710545,Outdoor,A,64994,14856,18.60488415779587,False
2024-10-01,11,Matched,123667,171.75972222222222,720,Docklands Waterfront City Building Side,WatCit_T,-37.81566651,144.93974366,Outdoor,A,67497,56170,45.42036274834839,False
2024-10-01,12,Matched,214946,290.4675675675676,740,New Quay,NewQ_T,-37.81457988,144.94292398,Outdoor,A,134416,80530,37.465223823658036,False
2024-10-01,14,Matched,205639,376.62820512820514,546,Sandridge Bridge,SanBri_T,-37.82011242,144.96291897,Outdoor,A,157841,47798,23.24364541745486,False
2024-10-01,17,Matched,291188,392.4366576819407,742,Collins Place (South),Col15_T,-37.81362543,144.97323591,Outdoor,A,256478,34710,11.920134071458989,False
2024-10-01,18,Matched,178432,265.91952309985095,671,Collins Place (North),Col12_T,-37.81344862,144.97305353,Outdoor,A,164294,14138,7.923466642754663,False
2024-10-01,19,Matched,397267,534.6796769851951,743,Chinatown-Swanston St (North),LtB210_T,-37.81237202,144.96550671,Outdoor,A,273258,124009,31.215530109472972,False
2024-10-01,20,Matched,264507,355.99865410497983,743,Chinatown-Lt Bourke St (South),LtB170_T,-37.81172914,144.9682466,Outdoor,A,174782,89725,33.92159753806138,False
2024-10-01,21,Matched,271434,365.81401617250674,742,155-161 Russell Street,Bourke155_T,-37.81267313,144.96788288,Outdoor,A,192011,79423,29.26052005275684,False
2024-10-01,23,Matched,272463,366.7065948855989,743,Spencer St-Collins St (South),Col623_T,-37.81909256,144.95452748,Outdoor,A,231753,40710,14.9414782924654,False
2024-10-01,24,Matched,731866,985.0148048452221,743,Spencer St-Collins St (North),Col620_T,-37.81887963,144.95449198,Outdoor,A,594509,137357,18.768053168202922,False
2024-10-01,25,Matched,553230,793.7302725968436,697,Melbourne Convention Exhibition Centre,MCEC_T,-37.82401776,144.95604426,Outdoor,A,350797,202433,36.59111038808452,False
2024-10-01,27,Matched,119018,160.40161725067387,742,QV Market-Peel St,Vic_T,-37.80606888,144.95644692,Outdoor,A,79323,39695,33.352098001982895,False
2024-10-01,28,Unmatched,465949,627.1184387617766,743,,,,,,,331278,134671,28.902519374437972,False
2024-10-01,29,Matched,257050,352.6063100137174,729,St Kilda Rd-Alexandra Gardens,AG_T,-37.8199817,144.96872865,Outdoor,A,137415,119635,46.54152888543085,False
2024-10-01,30,Matched,308919,415.77254374158815,743,Lonsdale St (South),Lon189_T,-37.8112185,144.96656806,Outdoor,A,211134,97785,31.653928699756246,False
2024-10-01,31,Matched,160517,216.03903095558547,743,Lygon St (West),Lyg161_T,-37.80169681,144.96658911,Outdoor,A,101810,58707,36.573696244011536,False
2024-10-01,35,Matched,1052343,1416.343203230148,743,Southbank Promenade,SouthB_T,-37.82018685,144.96508508,Outdoor,A,754496,297847,28.30322432894978,False
2024-10-01,36,Matched,180793,243.32839838492598,743,Queen St (West),Que85_T,-37.81652527,144.96121062,Outdoor,A,145490,35303,19.526751588833637,False
2024-10-01,37,Matched,68523,111.9656862745098,612,Lygon St (East),Lyg260_T,-37.80107122,144.96704554,Outdoor,A,50873,17650,25.757774761758828,False
2024-10-01,39,Matched,67503,109.58279220779221,616,Alfred Place,AlfPl_T,-37.81379749,144.96995745,Outdoor,A,56413,11090,16.42889945632046,False
2024-10-01,40,Matched,192372,258.9125168236877,743,Lonsdale St-Spring St (West),Spr201_T,-37.80999341,144.97227587,Outdoor,A,154893,37479,19.482565030253884,False
2024-10-01,41,Matched,429204,577.6635262449529,743,Flinders La-Swanston St (West),Swa31,-37.81668634,144.96689733,Outdoor,A,305482,123722,28.825919609323304,False
2024-10-01,42,Matched,186204,251.28744939271255,741,Grattan St-Swanston St (West),UM1_T,-37.80008566,144.96386412,Outdoor,A,168004,18200,9.774226117591459,False
2024-10-01,43,Matched,118880,162.18281036834924,733,Monash Rd-Swanston St (West),UM2_T,-37.79844526,144.96411782,Outdoor,A,104924,13956,11.73956931359354,False
2024-10-01,44,Matched,60424,87.06628242074927,694,Tin Alley-Swanston St (West),UM3_T,-37.79698741,144.96441306,Outdoor,A,51635,8789,14.545544816629155,False
2024-10-01,45,Matched,584811,787.0942126514132,743,Little Collins St-Swanston St (East),Swa148_T,-37.81414075,144.96609379,Outdoor,A,410766,174045,29.760897110348473,False
2024-10-01,46,Matched,73281,116.31904761904762,630,Pelham St (South),Pel147_T,-37.80240719,144.9615673,Outdoor,A,61776,11505,15.699840340606706,False
2024-10-01,47,Matched,679040,913.9165545087483,743,Melbourne Central-Elizabeth St (East),Eli250_T,-37.81258467,144.9625775,Outdoor,A,493133,185907,27.377915881244107,False
2024-10-01,48,Matched,179714,312.5460869565217,575,QVM-Queen St (East),QVMQ_T,-37.80631581,144.95866697,Outdoor,A,118499,61215,34.062454789276295,False
2024-10-01,49,Matched,275940,371.3862718707941,743,QVM-Therry St (South),Eli501_T,-37.80730068,144.95956055,Outdoor,A,188288,87652,31.76487642241067,False
2024-10-01,50,Matched,166830,228.22161422708618,731,Faraday St-Lygon St (West),Lyg309_T,-37.79808192,144.96721013,Outdoor,A,113404,53426,32.0242162680573,False
2024-10-01,51,Matched,88462,119.06056527590847,743,QVM-Franklin St (North),Fra118_T,-37.80841815,144.95906316,Outdoor,A,62457,26005,29.396803147114014,False
2024-10-01,52,Matched,272338,366.53835800807536,743,Elizabeth St-Lonsdale St (South),Eli263_T,-37.81252157,144.9619401,Outdoor,A,200638,71700,26.32757822999361,False
2024-10-01,53,Matched,352153,601.9709401709401,585,Collins Street (North),Col254_T,-37.81564191,144.965499,Outdoor,A,276591,75562,21.457150727098735,False
2024-10-01,54,Matched,149934,202.06738544474393,742,Lincoln-Swanston (West),Swa607_T,-37.804024,144.96308399,Outdoor,A,121087,28847,19.239798844825057,False
2024-10-01,56,Matched,302940,407.7254374158816,743,Lonsdale St - Elizabeth St (North),Lon364_T,-37.81234775,144.96153311,Outdoor,A,217284,85656,28.274905921964745,False
2024-10-01,58,Matched,546431,735.4387617765814,743,Bourke St - Spencer St (North),Bou688_T,-37.81686075,144.95358075,Outdoor,A,437970,108461,19.848983677719602,False
2024-10-01,59,Matched,439285,591.2314939434724,743,Building 80 RMIT,RMIT_T,-37.80825648,144.96304859,Outdoor,A,377784,61501,14.00025040691123,False
2024-10-01,61,Matched,506645,681.8909825033647,743,RMIT Building 14,RMIT14_T,-37.80767455,144.96309114,Outdoor,A,399297,107348,21.18801132943185,False
2024-10-01,62,Matched,212797,286.40242261103634,743,La Trobe St (North),Lat224_T,-37.80996494,144.96216521,Outdoor,A,161940,50857,23.899303091678924,False
2024-10-01,63,Matched,307789,414.2516823687752,743,231 Bourke St,Bou231_T,-37.81333081,144.96675571,Outdoor,A,235487,72302,23.490768026147784,False
2024-10-01,65,Unmatched,283029,898.504761904762,315,,,,,,,196412,86617,30.60357772525077,False
2024-10-01,66,Matched,930981,1253.0026917900404,743,"QV2 Apartments, 300 Swanston Street",QVN_T,-37.81057846,144.96444294,Outdoor,A,674181,256800,27.583806758677138,False
2024-10-01,67,Matched,408727,550.1036339165545,743,Flinders Ln -Degraves St (South),FLDegS_T,-37.81688755,144.96562569,Outdoor,A,316722,92005,22.510135126869525,False
2024-10-01,68,Matched,155088,226.73684210526315,684,Flinders Ln -Degraves St (North),FLDegN_T,-37.8168479,144.96559789,Outdoor,A,117943,37145,23.95091818838337,False
2024-10-01,69,Matched,148155,212.256446991404,698,Flinders Ln -Degraves St (Crossing),FLDegC_T,-37.81687226,144.96559144,Outdoor,A,110081,38074,25.698761432283757,False
2024-10-01,70,Matched,129297,179.08171745152356,722,Errol Street (East),Errol20_T,-37.80456984,144.94946228,Outdoor,A,93639,35658,27.578366087380218,False
2024-10-01,71,Matched,18701,25.83011049723757,724,Westwood Place,WestWP_T,-37.81235775,144.97136962,Outdoor,A,16258,2443,13.063472541575315,False
2024-10-01,72,Matched,259413,350.085020242915,741,Flinders St- ACMI,ACMI_T,-37.81726338,144.96872809,Outdoor,A,193079,66334,25.570807939463325,False
2024-10-01,75,Matched,46497,81.00522648083624,574,Spring St- Flinders st (West),SprFli_T,-37.81515276,144.97467661,Outdoor,A,35246,11251,24.19726003828204,False
2024-10-01,76,Matched,47655,72.20454545454545,660,Macaulay Rd- Bellair St,KenMac_T,-37.79453803,144.93036194,Outdoor,A,36998,10657,22.362816073864234,False
2024-10-01,77,Matched,178163,241.08660351826794,739,Harbour Esplanade (West) - Pedestrian path,HarEsP_T,-37.81441438,144.94433026,Outdoor,A,116985,61178,34.338218373062865,False
2024-10-01,78,Unmatched,57318,79.94142259414225,717,,,,,,,40955,16363,28.54775114274748,False
2024-10-01,79,Matched,279418,417.66517189835577,669,Flinders St (South),FliSS_T,-37.81794046,144.96616678,Outdoor,A,208636,70782,25.331939960918763,False
2024-10-01,84,Matched,950775,1320.5208333333333,720,Elizabeth St - Flinders St (East) - New footpath,ElFi_T,-37.81798049,144.96503383,Outdoor,A,710732,240043,25.24708790197471,False
2024-10-01,85,Matched,69798,100.14060258249641,697,Macaulay Rd (North),488Mac_T,-37.79432415,144.92973378,Outdoor,A,53304,16494,23.63104960027508,False
2024-10-01,86,Matched,46676,67.25648414985591,694,Queensberry St - Errol St (South),574Qub_T,-37.80309992,144.94908064,Outdoor,A,34130,12546,26.878909932299255,False
2024-10-01,87,Matched,84519,117.2246879334258,721,Errol St (West),Errol23_T,-37.80454949,144.94921863,Outdoor,A,62931,21588,25.54218578071203,False
2024-10-01,107,Matched,126662,170.47375504710632,743,Royal Mint 280 William St,280Will_T,-37.81246271,144.95690188,Outdoor,A,101647,25015,19.74941182043549,False
2024-10-01,108,Matched,318580,428.77523553162854,743,William St - Little Lonsdale St (West),261Will_T,-37.81295822,144.95678789,Outdoor,A,291362,27218,8.5435369451943,False
2024-10-01,109,Matched,172210,231.77658142664873,743,La Trobe St- William St (South),LatWill_T,-37.81193681,144.95621105,Outdoor,A,145784,26426,15.34521804773242,False
2024-10-01,117,Matched,174216,235.42702702702704,740,114 Flinders Street Car Park Footpath,Fli114F_T,-37.81629332,144.97090877,Outdoor,A,125969,48247,27.693782431005186,False
2024-10-01,118,Matched,18107,28.116459627329192,644,114 Flinders Street Car Park Crossing,Fli114C_T,-37.81632783,144.97090512,Outdoor,A,13324,4783,26.41519854200033,False
2024-10-01,123,Matched,5780,12.675438596491228,456,Birrarung Marr East - Batman Ave Bridge Entry,BirBridge_T,-37.81753741,144.97329734,Outdoor,A,4184,1596,27.612456747404845,False
2024-10-01,130,Matched,37264,58.86887835703001,633,I-Hub 892 Bourke Street,Bou892T,-37.8204637,144.94126826,Outdoor,A,28968,8296,22.26277372262774,False
2024-10-01,131,Matched,134075,180.45087483176312,743,I-Hub Corner of King Street and Flinders Street (2-6 King),King2_T,-37.82009057,144.95758725,Outdoor,A,94117,39958,29.8027223568898,False
2024-10-01,132,Matched,148957,200.48048452220726,743,I-Hub Corner of King Street and Latrobe Street (317-335 King),King335_T,-37.81267639,144.95386444,Outdoor,A,110942,38015,25.520787878381007,False
2024-10-01,133,Matched,463956,688.3620178041543,674,I-Hub Southern Cross Station - Lonsdale Street Entrance - South,Spen229_T,-37.81531435,144.95227769,Outdoor,A,345599,118357,25.510393226943933,False
2024-10-01,134,Matched,493846,668.2625169147497,739,I-Hub Southern Cross Station - Bourke Street Entrance - North,Spen201_T,-37.81694221,144.95303935,Outdoor,A,375138,118708,24.03745297116915,False
2024-10-01,135,Matched,410201,552.0874831763123,743,I-Hub Southern Cross Station - Bourke Street Entrance - South,Spen161_T,-37.8172861,144.95319102,Outdoor,A,307795,102406,24.964834312934393,False
2024-10-01,136,Matched,108706,181.47913188647746,599,"COM Pole 1120 - Towards the City, Near Federation Square Bridge",BirFed1120_T,-37.8184141,144.97357915,Outdoor,A,62745,45961,42.28009493496219,False
2024-10-01,137,Matched,26898,44.904841402337226,599,"COM Pole 2353 - Towards the city, NAB Building",BouHbr2353_T,-37.81894815,144.94612292,Outdoor,A,23943,2955,10.98594691055097,False
2024-10-01,138,Matched,5473,11.012072434607646,497,"COM Pole 1671 - Enterprize Park, Queens Bridge",EntPark1671_T,-37.81996544,144.95981454,Outdoor,A,4302,1171,21.395943723734696,False
2024-10-01,139,Matched,67716,96.59914407988587,701,COM Pole 1647 - Sandridge Bridge Signal Box,Signal1647_T,-37.81959923,144.9632832,Outdoor,A,55012,12704,18.76070648000473,False
2024-10-01,140,Matched,70045,156.0022271714922,449,COM Pole 2837 - Boyd Park,Boyd2837_T,-37.82590962,144.96185972,Outdoor,A,51895,18150,25.91191376971946,False
2024-10-01,141,Matched,144841,194.9407806191117,743,Awning of Nationwide Parking 474 Flinders Street,474Fl_T,-37.81997273,144.95834911,Outdoor,A,102232,42609,29.41777535366367,False
2024-10-01,142,Matched,283818,471.45847176079735,602,Hamer Hall Entrance (COM Pole 1584),Hammer1584_T,-37.81970749,144.96795734,Outdoor,A,179469,104349,36.766167050715595,False
2024-10-01,143,Matched,230607,310.3728129205922,743,"Mounted on Toilet - Spencer Street, Batman Park",Spencer_T,-37.821728,144.95557015,Outdoor,A,157525,73082,31.691145541982678,False
2024-10-01,161,Matched,169247,297.4463971880492,569,Birrarung Marr - COM - Pole 1109,BirArt1109_T,-37.81851276,144.97131336,Outdoor,A,100324,68923,40.723321535979956,False
2024-10-01,162,Matched,396390,533.4993270524899,743,iHub 489 Elizabeth Street,Eli489_T,-37.80740397,144.95987909,Outdoor,A,273204,123186,31.076969651101187,False
2024-10-01,164,Matched,94554,128.82016348773843,734,I-Hub 526 La Trobe Street (Footpath),Lat526_T,-37.813005,144.95160411,Outdoor,A,72161,22393,23.682763288702752,False
2024-10-01,165,Matched,39148,54.906030855539974,713,475 Spencer Street,Spen475_T,-37.80953359,144.94939004,Outdoor,A,29851,9297,23.748339634208644,False
2024-10-01,166,Matched,43239,62.57452966714906,691,484 Spencer Street,Spen484_T,-37.80896733,144.94931703,Outdoor,A,31888,11351,26.25176345428895,False
2024-10-01,167,Matched,37595,51.71251719394773,727,I-Hub 526 La Trobe Street (Crossing),Lat526_T,-37.81304149,144.95155955,Outdoor,A,28452,9143,24.319723367469077,False
2024-10-01,209,Matched,566738,762.7698519515478,743,Flinders Underpass - Walkway,FliS_T,-37.81909037,144.96549709,Outdoor,A,416771,149967,26.46143367834873,False
2024-11-01,1,Matched,837574,1163.2972222222222,720,Bourke Street Mall (North),Bou292_T,-37.81349441,144.96515323,Outdoor,A,568326,269248,32.1461745469654,False
2024-11-01,2,Matched,417093,579.2958333333333,720,Bourke Street Mall (South),Bou283_T,-37.81380668,144.96516718,Outdoor,A,282787,134306,32.2004924561189,False
2024-11-01,3,Matched,721423,1001.9763888888889,720,Melbourne Central,Swa295_T,-37.81101524,144.96429485,Outdoor,A,487822,233601,32.38058670156067,False
2024-11-01,4,Matched,1056693,1467.6291666666666,720,Town Hall (West),Swa123_T,-37.81487988,144.9660878,Outdoor,A,730345,326348,30.88389910787712,False
2024-11-01,5,Matched,726160,1008.5555555555555,720,Princes Bridge,PriNW_T,-37.81874249,144.96787656,Outdoor,A,477543,248617,34.23722044728434,False
2024-11-01,6,Matched,304556,427.14726507713885,713,Flinders Underpass - Myki Barriers,FliS_T,-37.81907439,144.96557866,Outdoor,A,240197,64359,21.132074232653437,False
2024-11-01,8,Matched,169323,241.89,700,Webb Bridge,WebBN_T,-37.82293543,144.9471751,Outdoor,A,125405,43918,25.937409566331805,False
2024-11-01,9,Matched,394480,548.6509040333797,719,Southern Cross Station,Col700_T,-37.81982992,144.95102555,Outdoor,A,367625,26855,6.807696207665788,False
2024-11-01,10,Matched,74256,107.77358490566037,689,Victoria Point,BouHbr_T,-37.81876474,144.94710545,Outdoor,A,54532,19724,26.56216332686921,False
2024-11-01,11,Matched,94022,134.89526542324248,697,Docklands Waterfront City Building Side,WatCit_T,-37.81566651,144.93974366,Outdoor,A,58063,35959,38.24530429048521,False
2024-11-01,12,Matched,190847,265.8036211699164,718,New Quay,NewQ_T,-37.81457988,144.94292398,Outdoor,A,116165,74682,39.13187003201518,False
2024-11-01,14,Matched,251478,392.934375,640,Sandridge Bridge,SanBri_T,-37.82011242,144.96291897,Outdoor,A,194442,57036,22.680313983728198,False
2024-11-01,17,Matched,250456,347.85555555555555,720,Collins Place (South),Col15_T,-37.81362543,144.97323591,Outdoor,A,215309,35147,14.033203436931037,False
2024-11-01,18,Matched,159198,246.43653250773994,646,Collins Place (North),Col12_T,-37.81344862,144.97305353,Outdoor,A,144031,15167,9.527129737810776,False
2024-11-01,19,Matched,399588,555.7552155771906,719,Chinatown-Swanston St (North),LtB210_T,-37.81237202,144.96550671,Outdoor,A,262512,137076,34.30433346346737,False
2024-11-01,20,Matched,251707,349.59305555555557,720,Chinatown-Lt Bourke St (South),LtB170_T,-37.81172914,144.9682466,Outdoor,A,159504,92203,36.63108296551149,False
2024-11-01,21,Matched,262077,363.99583333333334,720,155-161 Russell Street,Bourke155_T,-37.81267313,144.96788288,Outdoor,A,174981,87096,33.232981146762214,False
2024-11-01,23,Matched,241308,335.15,720,Spencer St-Collins St (South),Col623_T,-37.81909256,144.95452748,Outdoor,A,198290,43018,17.827009465081968,False
2024-11-01,24,Matched,647494,911.9633802816901,710,Spencer St-Collins St (North),Col620_T,-37.81887963,144.95449198,Outdoor,A,492134,155360,23.994044732460843,False
2024-11-01,25,Matched,540867,775.9928263988522,697,Melbourne Convention Exhibition Centre,MCEC_T,-37.82401776,144.95604426,Outdoor,A,374699,166168,30.722525130947165,False
2024-11-01,27,Matched,111013,154.18472222222223,720,QV Market-Peel St,Vic_T,-37.80606888,144.95644692,Outdoor,A,70696,40317,36.317368236152525,False
2024-11-01,28,Unmatched,428732,597.9525801952581,717,,,,,,,292284,136448,31.82594254685911,False
2024-11-01,29,Matched,311755,432.99305555555554,720,St Kilda Rd-Alexandra Gardens,AG_T,-37.8199817,144.96872865,Outdoor,A,220479,91276,29.2781190357813,False
2024-11-01,30,Matched,304813,423.3513888888889,720,Lonsdale St (South),Lon189_T,-37.8112185,144.96656806,Outdoor,A,197883,106930,35.08052478076723,False
2024-11-01,31,Matched,154792,215.28789986091795,719,Lygon St (West),Lyg161_T,-37.80169681,144.96658911,Outdoor,A,95336,59456,38.410253759884235,False
2024-11-01,35,Matched,1067986,1483.3138888888889,720,Southbank Promenade,SouthB_T,-37.82018685,144.96508508,Outdoor,A,729968,338018,31.65004035633426,False
2024-11-01,36,Matched,165748,230.20555555555555,720,Queen St (West),Que85_T,-37.81652527,144.96121062,Outdoor,A,124283,41465,25.016893114849047,False
2024-11-01,37,Matched,58786,102.41463414634147,574,Lygon St (East),Lyg260_T,-37.80107122,144.96704554,Outdoor,A,43371,15415,26.222229782601296,False
2024-11-01,39,Matched,64371,104.66829268292683,615,Alfred Place,AlfPl_T,-37.81379749,144.96995745,Outdoor,A,52103,12268,19.058271581923535,False
2024-11-01,40,Matched,172388,240.76536312849163,716,Lonsdale St-Spring St (West),Spr201_T,-37.80999341,144.97227587,Outdoor,A,134112,38276,22.203401628883682,False
2024-11-01,41,Matched,1220200,1694.7222222222222,720,Flinders La-Swanston St (West),Swa31,-37.81668634,144.96689733,Outdoor,A,867080,353120,28.939518111784952,False
2024-11-01,42,Matched,93391,130.43435754189943,716,Grattan St-Swanston St (West),UM1_T,-37.80008566,144.96386412,Outdoor,A,79578,13813,14.790504438329174,False
2024-11-01,43,Matched,71637,103.07482014388489,695,Monash Rd-Swanston St (West),UM2_T,-37.79844526,144.96411782,Outdoor,A,60437,11200,15.634378882421096,False
2024-11-01,44,Matched,40757,62.41500765696784,653,Tin Alley-Swanston St (West),UM3_T,-37.79698741,144.96441306,Outdoor,A,33352,7405,18.168658144613197,False
2024-11-01,45,Matched,467673,649.5458333333333,720,Little Collins St-Swanston St (East),Swa148_T,-37.81414075,144.96609379,Outdoor,A,318442,149231,31.90926138562628,False
2024-11-01,46,Matched,47558,77.96393442622951,610,Pelham St (South),Pel147_T,-37.80240719,144.9615673,Outdoor,A,38372,9186,19.3153622944615,False
2024-11-01,47,Matched,661199,918.3319444444444,720,Melbourne Central-Elizabeth St (East),Eli250_T,-37.81258467,144.9625775,Outdoor,A,461557,199642,30.19393556251597,False
2024-11-01,48,Matched,180347,250.48194444444445,720,QVM-Queen St (East),QVMQ_T,-37.80631581,144.95866697,Outdoor,A,114139,66208,36.71145070336629,False
2024-11-01,49,Matched,250907,348.4819444444444,720,QVM-Therry St (South),Eli501_T,-37.80730068,144.95956055,Outdoor,A,161552,89355,35.61279677330644,False
2024-11-01,50,Matched,162223,230.10354609929078,705,Faraday St-Lygon St (West),Lyg309_T,-37.79808192,144.96721013,Outdoor,A,105032,57191,35.25455699869932,False
2024-11-01,51,Matched,73923,102.67083333333333,720,QVM-Franklin St (North),Fra118_T,-37.80841815,144.95906316,Outdoor,A,48098,25825,34.934999932362054,False
2024-11-01,52,Matched,264463,367.3097222222222,720,Elizabeth St-Lonsdale St (South),Eli263_T,-37.81252157,144.9619401,Outdoor,A,184415,80048,30.268128244782822,False
2024-11-01,53,Matched,433138,601.5805555555555,720,Collins Street (North),Col254_T,-37.81564191,144.965499,Outdoor,A,320583,112555,25.98594443341383,False
2024-11-01,54,Matched,100509,139.78998609179416,719,Lincoln-Swanston (West),Swa607_T,-37.804024,144.96308399,Outdoor,A,74591,25918,25.786745465580196,False
2024-11-01,56,Matched,263079,389.17011834319527,676,Lonsdale St - Elizabeth St (North),Lon364_T,-37.81234775,144.96153311,Outdoor,A,174055,89024,33.8392650116505,False
2024-11-01,58,Matched,519201,721.1125,720,Bourke St - Spencer St (North),Bou688_T,-37.81686075,144.95358075,Outdoor,A,387485,131716,25.368980414136338,False
2024-11-01,59,Matched,254699,353.74861111111113,720,Building 80 RMIT,RMIT_T,-37.80825648,144.96304859,Outdoor,A,196172,58527,22.978888806002377,False
2024-11-01,61,Matched,421994,586.1027777777778,720,RMIT Building 14,RMIT14_T,-37.80767455,144.96309114,Outdoor,A,313581,108413,25.690649630089528,False
2024-11-01,62,Matched,229561,318.83472222222224,720,La Trobe St (North),Lat224_T,-37.80996494,144.96216521,Outdoor,A,161560,68001,29.62219192284404,False
2024-11-01,63,Matched,289698,402.35833333333335,720,231 Bourke St,Bou231_T,-37.81333081,144.96675571,Outdoor,A,203772,85926,29.66054304827786,False
2024-11-01,66,Matched,850368,1181.0666666666666,720,"QV2 Apartments, 300 Swanston Street",QVN_T,-37.81057846,144.96444294,Outdoor,A,587750,262618,30.88286483028524,False
2024-11-01,67,Matched,359946,500.6203059805285,719,Flinders Ln -Degraves St (South),FLDegS_T,-37.81688755,144.96562569,Outdoor,A,263544,96402,26.782350685936223,False
2024-11-01,68,Matched,146537,221.68986384266265,661,Flinders Ln -Degraves St (North),FLDegN_T,-37.8168479,144.96559789,Outdoor,A,106444,40093,27.36032537857333,False
2024-11-01,69,Matched,141844,208.90132547864508,679,Flinders Ln -Degraves St (Crossing),FLDegC_T,-37.81687226,144.96559144,Outdoor,A,100512,41332,29.139054172189166,False
2024-11-01,70,Matched,119300,169.94301994301995,702,Errol Street (East),Errol20_T,-37.80456984,144.94946228,Outdoor,A,84981,34319,28.766974015088014,False
2024-11-01,71,Matched,20276,28.76028368794326,705,Westwood Place,WestWP_T,-37.81235775,144.97136962,Outdoor,A,16651,3625,17.87827973959361,False
2024-11-01,72,Matched,259663,360.6430555555556,720,Flinders St- ACMI,ACMI_T,-37.81726338,144.96872809,Outdoor,A,185705,73958,28.482302060747973,False
2024-11-01,75,Matched,39307,79.24798387096774,496,Spring St- Flinders st (West),SprFli_T,-37.81515276,144.97467661,Outdoor,A,30522,8785,22.349708703284403,False
2024-11-01,76,Matched,44029,67.84129429892141,649,Macaulay Rd- Bellair St,KenMac_T,-37.79453803,144.93036194,Outdoor,A,32800,11229,25.503645324672377,False
2024-11-01,77,Matched,150408,209.1905424200278,719,Harbour Esplanade (West) - Pedestrian path,HarEsP_T,-37.81441438,144.94433026,Outdoor,A,97272,53136,35.32790808999521,False
2024-11-01,78,Unmatched,44693,66.70597014925373,670,,,,,,,30668,14025,31.380753138075313,False
2024-11-01,79,Matched,418815,581.6875,720,Flinders St (South),FliSS_T,-37.81794046,144.96616678,Outdoor,A,293886,124929,29.829160846674547,False
2024-11-01,84,Matched,917394,1274.1583333333333,720,Elizabeth St - Flinders St (East) - New footpath,ElFi_T,-37.81798049,144.96503383,Outdoor,A,663161,254233,27.712520465579676,False
2024-11-01,85,Matched,68908,103.0014947683109,669,Macaulay Rd (North),488Mac_T,-37.79432415,144.92973378,Outdoor,A,49359,19549,28.369710338422244,False
2024-11-01,86,Matched,39863,58.881831610044316,677,Queensberry St - Errol St (South),574Qub_T,-37.80309992,144.94908064,Outdoor,A,28531,11332,28.42736372074355,False
2024-11-01,87,Matched,80534,115.54375896700144,697,Errol St (West),Errol23_T,-37.80454949,144.94921863,Outdoor,A,57921,22613,28.078823850795935,False
2024-11-01,107,Matched,117914,163.76944444444445,720,Royal Mint 280 William St,280Will_T,-37.81246271,144.95690188,Outdoor,A,90556,27358,23.20165544379802,False
2024-11-01,108,Matched,278808,387.23333333333335,720,William St - Little Lonsdale St (West),261Will_T,-37.81295822,144.95678789,Outdoor,A,249492,29316,10.514762847551003,False
2024-11-01,109,Matched,146323,203.2263888888889,720,La Trobe St- William St (South),LatWill_T,-37.81193681,144.95621105,Outdoor,A,119070,27253,18.625233216924205,False
2024-11-01,117,Matched,164856,229.9246861924686,717,114 Flinders Street Car Park Footpath,Fli114F_T,-37.81629332,144.97090877,Outdoor,A,120755,44101,26.75122531178726,False
2024-11-01,118,Matched,18395,29.86201298701299,616,114 Flinders Street Car Park Crossing,Fli114C_T,-37.81632783,144.97090512,Outdoor,A,13413,4982,27.08344658874694,False
2024-11-01,123,Matched,4409,9.522678185745141,463,Birrarung Marr East - Batman Ave Bridge Entry,BirBridge_T,-37.81753741,144.97329734,Outdoor,A,3429,980,22.22726241778181,False
2024-11-01,130,Matched,32232,52.07108239095315,619,I-Hub 892 Bourke Street,Bou892T,-37.8204637,144.94126826,Outdoor,A,23603,8629,26.771531397369074,False
2024-11-01,131,Matched,122443,170.05972222222223,720,I-Hub Corner of King Street and Flinders Street (2-6 King),King2_T,-37.82009057,144.95758725,Outdoor,A,81565,40878,33.38533031696381,False
2024-11-01,132,Matched,136345,189.36805555555554,720,I-Hub Corner of King Street and Latrobe Street (317-335 King),King335_T,-37.81267639,144.95386444,Outdoor,A,96046,40299,29.556639407385678,False
2024-11-01,133,Matched,494848,687.2888888888889,720,I-Hub Southern Cross Station - Lonsdale Street Entrance - South,Spen229_T,-37.81531435,144.95227769,Outdoor,A,358234,136614,27.60726526125194,False
2024-11-01,134,Matched,464933,645.7402777777778,720,I-Hub Southern Cross Station - Bourke Street Entrance - North,Spen201_T,-37.81694221,144.95303935,Outdoor,A,326630,138303,29.74686675284396,False
2024-11-01,135,Matched,403003,559.7263888888889,720,I-Hub Southern Cross Station - Bourke Street Entrance - South,Spen161_T,-37.8172861,144.95319102,Outdoor,A,273862,129141,32.04467460539996,False
2024-11-01,136,Matched,75341,122.30681818181819,616,"COM Pole 1120 - Towards the City, Near Federation Square Bridge",BirFed1120_T,-37.8184141,144.97357915,Outdoor,A,56609,18732,24.862956424788628,False
2024-11-01,137,Matched,26625,44.375,600,"COM Pole 2353 - Towards the city, NAB Building",BouHbr2353_T,-37.81894815,144.94612292,Outdoor,A,22769,3856,14.482629107981221,False
2024-11-01,138,Matched,5714,11.314851485148514,505,"COM Pole 1671 - Enterprize Park, Queens Bridge",EntPark1671_T,-37.81996544,144.95981454,Outdoor,A,4370,1344,23.52117605880294,False
2024-11-01,139,Matched,62746,90.80463096960926,691,COM Pole 1647 - Sandridge Bridge Signal Box,Signal1647_T,-37.81959923,144.9632832,Outdoor,A,50448,12298,19.59965575494852,False
2024-11-01,140,Matched,67690,142.2058823529412,476,COM Pole 2837 - Boyd Park,Boyd2837_T,-37.82590962,144.96185972,Outdoor,A,47722,19968,29.499187472300193,False
2024-11-01,141,Matched,128437,178.38472222222222,720,Awning of Nationwide Parking 474 Flinders Street,474Fl_T,-37.81997273,144.95834911,Outdoor,A,86631,41806,32.549810412887254,False
2024-11-01,142,Matched,317983,492.9968992248062,645,Hamer Hall Entrance (COM Pole 1584),Hammer1584_T,-37.81970749,144.96795734,Outdoor,A,210653,107330,33.75337675284528,False
2024-11-01,143,Matched,203990,290.5840455840456,702,"Mounted on Toilet - Spencer Street, Batman Park",Spencer_T,-37.821728,144.95557015,Outdoor,A,131307,72683,35.630668170008335,False
2024-11-01,161,Matched,116776,201.68566493955095,579,Birrarung Marr - COM - Pole 1109,BirArt1109_T,-37.81851276,144.97131336,Outdoor,A,83374,33402,28.603480167157635,False
2024-11-01,162,Matched,351085,487.61805555555554,720,iHub 489 Elizabeth Street,Eli489_T,-37.80740397,144.95987909,Outdoor,A,227881,123204,35.092356551832175,False
2024-11-01,164,Matched,85537,119.13231197771587,718,I-Hub 526 La Trobe Street (Footpath),Lat526_T,-37.813005,144.95160411,Outdoor,A,60544,24993,29.218934496182943,False
2024-11-01,165,Matched,39208,56.41438848920863,695,475 Spencer Street,Spen475_T,-37.80953359,144.94939004,Outdoor,A,27788,11420,29.126708834931648,False
2024-11-01,166,Matched,41614,60.13583815028902,692,484 Spencer Street,Spen484_T,-37.80896733,144.94931703,Outdoor,A,29783,11831,28.430335944634017,False
2024-11-01,167,Matched,35504,50.43181818181818,704,I-Hub 526 La Trobe Street (Crossing),Lat526_T,-37.81304149,144.95155955,Outdoor,A,24667,10837,30.523321315908063,False
2024-11-01,209,Matched,564447,783.9541666666667,720,Flinders Underpass - Walkway,FliS_T,-37.81909037,144.96549709,Outdoor,A,395152,169295,29.99307286600868,False
2024-12-01,1,Matched,1063048,1428.8279569892472,744,Bourke Street Mall (North),Bou292_T,-37.81349441,144.96515323,Outdoor,A,729569,333479,31.37007924383471,False
2024-12-01,2,Matched,585254,786.6317204301075,744,Bourke Street Mall (South),Bou283_T,-37.81380668,144.96516718,Outdoor,A,390285,194969,33.313569834635906,False
2024-12-01,3,Matched,805878,1083.1693548387098,744,Melbourne Central,Swa295_T,-37.81101524,144.96429485,Outdoor,A,556184,249694,30.984094366641102,False
2024-12-01,4,Matched,1389236,1867.252688172043,744,Town Hall (West),Swa123_T,-37.81487988,144.9660878,Outdoor,A,949748,439488,31.635229723387532,False
2024-12-01,5,Matched,1082730,1465.128552097429,739,Princes Bridge,PriNW_T,-37.81874249,144.96787656,Outdoor,A,728911,353819,32.678414747905755,False
2024-12-01,6,Matched,322375,435.6418918918919,740,Flinders Underpass - Myki Barriers,FliS_T,-37.81907439,144.96557866,Outdoor,A,250178,72197,22.395347033734005,False
2024-12-01,8,Matched,170940,237.41666666666666,720,Webb Bridge,WebBN_T,-37.82293543,144.9471751,Outdoor,A,128807,42133,24.647829647829646,False
2024-12-01,9,Matched,307425,413.2056451612903,744,Southern Cross Station,Col700_T,-37.81982992,144.95102555,Outdoor,A,289660,17765,5.778645198015776,False
2024-12-01,10,Matched,72213,101.28050490883591,713,Victoria Point,BouHbr_T,-37.81876474,144.94710545,Outdoor,A,61260,10953,15.167629097253958,False
2024-12-01,11,Matched,121001,168.29068150208624,719,Docklands Waterfront City Building Side,WatCit_T,-37.81566651,144.93974366,Outdoor,A,82552,38449,31.775770448178115,False
2024-12-01,12,Matched,210809,283.72678331090174,743,New Quay,NewQ_T,-37.81457988,144.94292398,Outdoor,A,150282,60527,28.711772267787428,False
2024-12-01,14,Matched,390755,527.3346828609987,741,Sandridge Bridge,SanBri_T,-37.82011242,144.96291897,Outdoor,A,267140,123615,31.634911901319242,False
2024-12-01,17,Matched,236525,317.90994623655916,744,Collins Place (South),Col15_T,-37.81362543,144.97323591,Outdoor,A,199632,36893,15.597928337385056,False
2024-12-01,18,Matched,147526,207.1994382022472,712,Collins Place (North),Col12_T,-37.81344862,144.97305353,Outdoor,A,129677,17849,12.098884264468635,False
2024-12-01,19,Matched,442765,595.114247311828,744,Chinatown-Swanston St (North),LtB210_T,-37.81237202,144.96550671,Outdoor,A,298769,143996,32.521992479080325,False
2024-12-01,20,Matched,266598,359.29649595687334,742,Chinatown-Lt Bourke St (South),LtB170_T,-37.81172914,144.9682466,Outdoor,A,170635,95963,35.99539381390708,False
2024-12-01,21,Matched,285434,383.64784946236557,744,155-161 Russell Street,Bourke155_T,-37.81267313,144.96788288,Outdoor,A,192949,92485,32.4015359067245,False
2024-12-01,23,Matched,224055,301.1491935483871,744,Spencer St-Collins St (South),Col623_T,-37.81909256,144.95452748,Outdoor,A,181665,42390,18.91946173930508,False
2024-12-01,24,Matched,613719,824.891129032258,744,Spencer St-Collins St (North),Col620_T,-37.81887963,144.95449198,Outdoor,A,476952,136767,22.2849545150142,False
2024-12-01,25,Matched,643118,864.4059139784946,744,Melbourne Convention Exhibition Centre,MCEC_T,-37.82401776,144.95604426,Outdoor,A,427892,215226,33.466020232678915,False
2024-12-01,27,Matched,109157,146.71639784946237,744,QV Market-Peel St,Vic_T,-37.80606888,144.95644692,Outdoor,A,68806,40351,36.96602141869051,False
2024-12-01,28,Unmatched,551110,740.739247311828,744,,,,,,,376138,174972,31.74901562301537,False
2024-12-01,29,Matched,438828,589.8225806451613,744,St Kilda Rd-Alexandra Gardens,AG_T,-37.8199817,144.96872865,Outdoor,A,276530,162298,36.98442214261624,False
2024-12-01,30,Matched,320322,430.5403225806452,744,Lonsdale St (South),Lon189_T,-37.8112185,144.96656806,Outdoor,A,211556,108766,33.95520757238029,False
2024-12-01,31,Matched,151194,203.49125168236878,743,Lygon St (West),Lyg161_T,-37.80169681,144.96658911,Outdoor,A,94727,56467,37.347381509848276,False
2024-12-01,35,Matched,1375820,1849.220430107527,744,Southbank Promenade,SouthB_T,-37.82018685,144.96508508,Outdoor,A,951190,424630,30.863775784622987,False
2024-12-01,36,Matched,159506,214.38978494623655,744,Queen St (West),Que85_T,-37.81652527,144.96121062,Outdoor,A,120041,39465,24.742015974320715,False
2024-12-01,37,Matched,56866,98.72569444444444,576,Lygon St (East),Lyg260_T,-37.80107122,144.96704554,Outdoor,A,42004,14862,26.135124679070092,False
2024-12-01,39,Matched,66731,106.94070512820512,624,Alfred Place,AlfPl_T,-37.81379749,144.96995745,Outdoor,A,54337,12394,18.573076980713612,False
2024-12-01,40,Matched,159796,215.06864064602962,743,Lonsdale St-Spring St (West),Spr201_T,-37.80999341,144.97227587,Outdoor,A,123552,36244,22.68141880898145,False
2024-12-01,41,Matched,1359610,1827.4327956989248,744,Flinders La-Swanston St (West),Swa31,-37.81668634,144.96689733,Outdoor,A,947694,411916,30.296629180426738,False
2024-12-01,42,Matched,71808,97.83106267029973,734,Grattan St-Swanston St (West),UM1_T,-37.80008566,144.96386412,Outdoor,A,61998,9810,13.661430481283423,False
2024-12-01,43,Matched,44580,64.23631123919309,694,Monash Rd-Swanston St (West),UM2_T,-37.79844526,144.96411782,Outdoor,A,36604,7976,17.891431135038133,False
2024-12-01,44,Matched,24880,38.9358372456964,639,Tin Alley-Swanston St (West),UM3_T,-37.79698741,144.96441306,Outdoor,A,20079,4801,19.29662379421222,False
2024-12-01,45,Matched,612154,822.7876344086021,744,Little Collins St-Swanston St (East),Swa148_T,-37.81414075,144.96609379,Outdoor,A,412374,199780,32.635578628907105,False
2024-12-01,46,Matched,33608,56.96271186440678,590,Pelham St (South),Pel147_T,-37.80240719,144.9615673,Outdoor,A,27493,6115,18.195072601761485,False
2024-12-01,47,Matched,717593,964.5067204301075,744,Melbourne Central-Elizabeth St (East),Eli250_T,-37.81258467,144.9625775,Outdoor,A,504201,213392,29.73719085888519,False
2024-12-01,48,Matched,181747,348.8426103646833,521,QVM-Queen St (East),QVMQ_T,-37.80631581,144.95866697,Outdoor,A,113467,68280,37.56870814924043,False
2024-12-01,49,Matched,257717,346.39381720430106,744,QVM-Therry St (South),Eli501_T,-37.80730068,144.95956055,Outdoor,A,167550,90167,34.98682663541792,False
2024-12-01,50,Matched,188517,254.7527027027027,740,Faraday St-Lygon St (West),Lyg309_T,-37.79808192,144.96721013,Outdoor,A,124695,63822,33.85477171820048,False
2024-12-01,51,Matched,88566,119.04032258064517,744,QVM-Franklin St (North),Fra118_T,-37.80841815,144.95906316,Outdoor,A,59606,28960,32.69877831221913,False
2024-12-01,52,Matched,272461,366.2110215053763,744,Elizabeth St-Lonsdale St (South),Eli263_T,-37.81252157,144.9619401,Outdoor,A,191137,81324,29.84794154025714,False
2024-12-01,53,Matched,323068,615.3676190476191,525,Collins Street (North),Col254_T,-37.81564191,144.965499,Outdoor,A,223479,99589,30.82601805192715,False
2024-12-01,54,Matched,68575,92.17069892473118,744,Lincoln-Swanston (West),Swa607_T,-37.804024,144.96308399,Outdoor,A,50906,17669,25.765949690120305,False
2024-12-01,56,Matched,284062,381.8037634408602,744,Lonsdale St - Elizabeth St (North),Lon364_T,-37.81234775,144.96153311,Outdoor,A,196724,87338,30.746104723616675,False
2024-12-01,58,Matched,474763,638.122311827957,744,Bourke St - Spencer St (North),Bou688_T,-37.81686075,144.95358075,Outdoor,A,364572,110191,23.209685674747192,False
2024-12-01,59,Matched,221046,297.10483870967744,744,Building 80 RMIT,RMIT_T,-37.80825648,144.96304859,Outdoor,A,163199,57847,26.169666042362223,False
2024-12-01,61,Matched,336180,451.85483870967744,744,RMIT Building 14,RMIT14_T,-37.80767455,144.96309114,Outdoor,A,246532,89648,26.666666666666668,False
2024-12-01,62,Matched,159672,214.61290322580646,744,La Trobe St (North),Lat224_T,-37.80996494,144.96216521,Outdoor,A,114610,45062,28.221604288792022,False
2024-12-01,63,Matched,308992,416.4312668463612,742,231 Bourke St,Bou231_T,-37.81333081,144.96675571,Outdoor,A,216017,92975,30.089775787075396,False
2024-12-01,66,Matched,877263,1179.116935483871,744,"QV2 Apartments, 300 Swanston Street",QVN_T,-37.81057846,144.96444294,Outdoor,A,608850,268413,30.596639776213063,False
2024-12-01,67,Matched,360234,484.18548387096774,744,Flinders Ln -Degraves St (South),FLDegS_T,-37.81688755,144.96562569,Outdoor,A,260643,99591,27.64619663885141,False
2024-12-01,68,Matched,176880,254.50359712230215,695,Flinders Ln -Degraves St (North),FLDegN_T,-37.8168479,144.96559789,Outdoor,A,123785,53095,30.017526006331973,False
2024-12-01,69,Matched,156968,219.84313725490196,714,Flinders Ln -Degraves St (Crossing),FLDegC_T,-37.81687226,144.96559144,Outdoor,A,109135,47833,30.47309005657204,False
2024-12-01,70,Matched,113905,158.20138888888889,720,Errol Street (East),Errol20_T,-37.80456984,144.94946228,Outdoor,A,82254,31651,27.787191080286206,False
2024-12-01,71,Matched,16636,22.977900552486187,724,Westwood Place,WestWP_T,-37.81235775,144.97136962,Outdoor,A,14324,2312,13.897571531618178,False
2024-12-01,72,Matched,282194,379.80349932705246,743,Flinders St- ACMI,ACMI_T,-37.81726338,144.96872809,Outdoor,A,199602,82592,29.267808670630842,False
2024-12-01,75,Matched,46222,75.64975450081833,611,Spring St- Flinders st (West),SprFli_T,-37.81515276,144.97467661,Outdoor,A,34884,11338,24.529444853100255,False
2024-12-01,76,Matched,42907,62.91348973607038,682,Macaulay Rd- Bellair St,KenMac_T,-37.79453803,144.93036194,Outdoor,A,32140,10767,25.093807537231687,False
2024-12-01,77,Matched,147482,199.84010840108402,738,Harbour Esplanade (West) - Pedestrian path,HarEsP_T,-37.81441438,144.94433026,Outdoor,A,109661,37821,25.644485428730285,False
2024-12-01,78,Unmatched,56886,77.92602739726027,730,,,,,,,43972,12914,22.701543437752697,False
2024-12-01,79,Matched,493511,663.3212365591398,744,Flinders St (South),FliSS_T,-37.81794046,144.96616678,Outdoor,A,341810,151701,30.739132461079894,False
2024-12-01,84,Matched,1032765,1388.125,744,Elizabeth St - Flinders St (East) - New footpath,ElFi_T,-37.81798049,144.96503383,Outdoor,A,740920,291845,28.258606749841448,False
2024-12-01,85,Matched,66579,98.4896449704142,676,Macaulay Rd (North),488Mac_T,-37.79432415,144.92973378,Outdoor,A,48372,18207,27.346460595683325,False
2024-12-01,86,Matched,43002,60.65162200282087,709,Queensberry St - Errol St (South),574Qub_T,-37.80309992,144.94908064,Outdoor,A,31611,11391,26.489465606250874,False
2024-12-01,87,Matched,73953,102.00413793103448,725,Errol St (West),Errol23_T,-37.80454949,144.94921863,Outdoor,A,54323,19630,26.543885981636983,False
2024-12-01,107,Matched,112449,151.34454912516824,743,Royal Mint 280 William St,280Will_T,-37.81246271,144.95690188,Outdoor,A,86686,25763,22.91083068768953,False
2024-12-01,108,Matched,254512,342.0860215053763,744,William St - Little Lonsdale St (West),261Will_T,-37.81295822,144.95678789,Outdoor,A,223930,30582,12.015936380209972,False
2024-12-01,109,Matched,118905,159.81854838709677,744,La Trobe St- William St (South),LatWill_T,-37.81193681,144.95621105,Outdoor,A,97665,21240,17.86299987384887,False
2024-12-01,117,Matched,187109,251.49059139784947,744,114 Flinders Street Car Park Footpath,Fli114F_T,-37.81629332,144.97090877,Outdoor,A,134955,52154,27.87359239801399,False
2024-12-01,118,Matched,21649,33.20398773006135,652,114 Flinders Street Car Park Crossing,Fli114C_T,-37.81632783,144.97090512,Outdoor,A,14775,6874,31.752043974317523,False
2024-12-01,123,Matched,14149,26.545966228893057,533,Birrarung Marr East - Batman Ave Bridge Entry,BirBridge_T,-37.81753741,144.97329734,Outdoor,A,9878,4271,30.185878860696867,False
2024-12-01,124,Matched,1568,9.61963190184049,163,Birrarung Marr East - Batman Ave Bridge Entry,BirBridge_T,-37.81757416,144.97329934,Outdoor,A,1080,488,31.122448979591837,False
2024-12-01,130,Matched,29779,47.95330112721417,621,I-Hub 892 Bourke Street,Bou892T,-37.8204637,144.94126826,Outdoor,A,22160,7619,25.585143893347663,False
2024-12-01,131,Matched,139603,187.63844086021504,744,I-Hub Corner of King Street and Flinders Street (2-6 King),King2_T,-37.82009057,144.95758725,Outdoor,A,94269,45334,32.473514179494714,False
2024-12-01,132,Matched,136538,183.5188172043011,744,I-Hub Corner of King Street and Latrobe Street (317-335 King),King335_T,-37.81267639,144.95386444,Outdoor,A,98382,38156,27.945333899720225,False
2024-12-01,133,Matched,483535,649.9126344086021,744,I-Hub Southern Cross Station - Lonsdale Street Entrance - South,Spen229_T,-37.81531435,144.95227769,Outdoor,A,361313,122222,25.27676383302139,False
2024-12-01,134,Matched,392016,526.9032258064516,744,I-Hub Southern Cross Station - Bourke Street Entrance - North,Spen201_T,-37.81694221,144.95303935,Outdoor,A,288189,103827,26.485398555161016,False
2024-12-01,135,Matched,378134,508.244623655914,744,I-Hub Southern Cross Station - Bourke Street Entrance - South,Spen161_T,-37.8172861,144.95319102,Outdoor,A,278373,99761,26.382446434332802,False
2024-12-01,136,Matched,119215,184.5433436532508,646,"COM Pole 1120 - Towards the City, Near Federation Square Bridge",BirFed1120_T,-37.8184141,144.97357915,Outdoor,A,83951,35264,29.5801702805855,False
2024-12-01,137,Matched,26564,43.40522875816993,612,"COM Pole 2353 - Towards the city, NAB Building",BouHbr2353_T,-37.81894815,144.94612292,Outdoor,A,23336,3228,12.151784369823822,False
2024-12-01,138,Matched,5817,10.481081081081081,555,"COM Pole 1671 - Enterprize Park, Queens Bridge",EntPark1671_T,-37.81996544,144.95981454,Outdoor,A,4270,1547,26.594464500601685,False
2024-12-01,139,Matched,69026,95.20827586206896,725,COM Pole 1647 - Sandridge Bridge Signal Box,Signal1647_T,-37.81959923,144.9632832,Outdoor,A,52645,16381,23.731637354040505,False
2024-12-01,140,Matched,68955,136.54455445544554,505,COM Pole 2837 - Boyd Park,Boyd2837_T,-37.82590962,144.96185972,Outdoor,A,48666,20289,29.423537089406132,False
2024-12-01,141,Matched,133679,181.38263229308006,737,Awning of Nationwide Parking 474 Flinders Street,474Fl_T,-37.81997273,144.95834911,Outdoor,A,89405,44274,33.119637340195546,False
2024-12-01,142,Matched,440497,654.5274888558693,673,Hamer Hall Entrance (COM Pole 1584),Hammer1584_T,-37.81970749,144.96795734,Outdoor,A,279787,160710,36.48378990095279,False
2024-12-01,143,Matched,228739,307.4448924731183,744,"Mounted on Toilet - Spencer Street, Batman Park",Spencer_T,-37.821728,144.95557015,Outdoor,A,153174,75565,33.035468372249596,False
2024-12-01,161,Matched,148058,261.12522045855377,567,Birrarung Marr - COM - Pole 1109,BirArt1109_T,-37.81851276,144.97131336,Outdoor,A,102028,46030,31.089167758581098,False
2024-12-01,162,Matched,369499,496.63844086021504,744,iHub 489 Elizabeth Street,Eli489_T,-37.80740397,144.95987909,Outdoor,A,239249,130250,35.25043369535506,False
2024-12-01,164,Matched,84778,114.87533875338754,738,I-Hub 526 La Trobe Street (Footpath),Lat526_T,-37.813005,144.95160411,Outdoor,A,63290,21488,25.346198306164336,False
2024-12-01,165,Matched,35561,48.71369863013699,730,475 Spencer Street,Spen475_T,-37.80953359,144.94939004,Outdoor,A,25631,9930,27.923849160597285,False
2024-12-01,166,Matched,39254,55.60056657223796,706,484 Spencer Street,Spen484_T,-37.80896733,144.94931703,Outdoor,A,27633,11621,29.604626280124318,False
2024-12-01,167,Matched,37773,51.04459459459459,740,I-Hub 526 La Trobe Street (Crossing),Lat526_T,-37.81304149,144.95155955,Outdoor,A,27424,10349,27.397876790299954,False
2024-12-01,179,Matched,23044,83.79636363636364,275,61-67 Power Street Southbank,Pow61_T,-37.82392385,144.96299677,Outdoor,A,15797,7247,31.448533240756817,False
2024-12-01,209,Matched,699068,939.6075268817204,744,Flinders Underpass - Walkway,FliS_T,-37.81909037,144.96549709,Outdoor,A,485454,213614,30.556970137382915,False
2025-01-01,1,Matched,745185,1001.5927419354839,744,Bourke Street Mall (North),Bou292_T,-37.81349441,144.96515323,Outdoor,A,556888,188297,25.268490374873352,False
2025-01-01,2,Matched,405532,545.0698924731183,744,Bourke Street Mall (South),Bou283_T,-37.81380668,144.96516718,Outdoor,A,309563,95969,23.66496355404752,False
2025-01-01,3,Matched,691670,929.6639784946236,744,Melbourne Central,Swa295_T,-37.81101524,144.96429485,Outdoor,A,507058,184612,26.690762936082237,False
2025-01-01,4,Matched,1116560,1500.752688172043,744,Town Hall (West),Swa123_T,-37.81487988,144.9660878,Outdoor,A,831895,284665,25.494823386114497,False
2025-01-01,5,Matched,974614,1309.965053763441,744,Princes Bridge,PriNW_T,-37.81874249,144.96787656,Outdoor,A,709826,264788,27.168499529044322,False
2025-01-01,6,Matched,275071,371.7175675675676,740,Flinders Underpass - Myki Barriers,FliS_T,-37.81907439,144.96557866,Outdoor,A,223817,51254,18.6330074780693,False
2025-01-01,8,Matched,160640,231.13669064748203,695,Webb Bridge,WebBN_T,-37.82293543,144.9471751,Outdoor,A,128369,32271,20.08901892430279,False
2025-01-01,9,Matched,323151,434.34274193548384,744,Southern Cross Station,Col700_T,-37.81982992,144.95102555,Outdoor,A,308226,14925,4.618583881838521,False
2025-01-01,10,Matched,69665,98.81560283687944,705,Victoria Point,BouHbr_T,-37.81876474,144.94710545,Outdoor,A,58520,11145,15.997990382545039,False
2025-01-01,11,Matched,115447,158.14657534246575,730,Docklands Waterfront City Building Side,WatCit_T,-37.81566651,144.93974366,Outdoor,A,80804,34643,30.007709165244655,False
2025-01-01,12,Matched,193069,259.5013440860215,744,New Quay,NewQ_T,-37.81457988,144.94292398,Outdoor,A,138075,54994,28.48411707731433,False
2025-01-01,14,Matched,276755,371.98252688172045,744,Sandridge Bridge,SanBri_T,-37.82011242,144.96291897,Outdoor,A,214989,61766,22.317934635327276,False
2025-01-01,17,Matched,235811,316.9502688172043,744,Collins Place (South),Col15_T,-37.81362543,144.97323591,Outdoor,A,205299,30512,12.939175865417644,False
2025-01-01,18,Matched,145565,202.4547983310153,719,Collins Place (North),Col12_T,-37.81344862,144.97305353,Outdoor,A,131878,13687,9.402672345687494,False
2025-01-01,19,Matched,262302,528.8346774193549,496,Chinatown-Swanston St (North),LtB210_T,-37.81237202,144.96550671,Outdoor,A,180740,81562,31.094692377488542,False
2025-01-01,20,Matched,239785,322.2916666666667,744,Chinatown-Lt Bourke St (South),LtB170_T,-37.81172914,144.9682466,Outdoor,A,169701,70084,29.227849948912564,False
2025-01-01,21,Matched,273848,368.0752688172043,744,155-161 Russell Street,Bourke155_T,-37.81267313,144.96788288,Outdoor,A,199110,74738,27.291782302591216,False
2025-01-01,23,Matched,213644,287.1559139784946,744,Spencer St-Collins St (South),Col623_T,-37.81909256,144.95452748,Outdoor,A,180755,32889,15.394300799460787,False
2025-01-01,24,Matched,595165,799.9529569892474,744,Spencer St-Collins St (North),Col620_T,-37.81887963,144.95449198,Outdoor,A,483812,111353,18.709601539069,False
2025-01-01,25,Matched,458959,636.5589459084605,721,Melbourne Convention Exhibition Centre,MCEC_T,-37.82401776,144.95604426,Outdoor,A,340636,118323,25.780734226804576,False
2025-01-01,27,Matched,105069,141.22177419354838,744,QV Market-Peel St,Vic_T,-37.80606888,144.95644692,Outdoor,A,73373,31696,30.16684274143658,False
2025-01-01,28,Unmatched,672471,903.858870967742,744,,,,,,,498267,174204,25.90505761586745,False
2025-01-01,29,Matched,356032,478.5376344086022,744,St Kilda Rd-Alexandra Gardens,AG_T,-37.8199817,144.96872865,Outdoor,A,236054,119978,33.69865630055725,False
2025-01-01,30,Matched,291520,391.8279569892473,744,Lonsdale St (South),Lon189_T,-37.8112185,144.96656806,Outdoor,A,204219,87301,29.94683040614709,False
2025-01-01,31,Matched,158640,213.80053908355796,742,Lygon St (West),Lyg161_T,-37.80169681,144.96658911,Outdoor,A,106898,51742,32.61598587997983,False
2025-01-01,35,Matched,1191592,1601.6021505376343,744,Southbank Promenade,SouthB_T,-37.82018685,144.96508508,Outdoor,A,869362,322230,27.041974098516942,False
2025-01-01,36,Matched,149552,201.28129205921937,743,Queen St (West),Que85_T,-37.81652527,144.96121062,Outdoor,A,117913,31639,21.155852145073286,False
2025-01-01,37,Matched,64157,107.46566164154103,597,Lygon St (East),Lyg260_T,-37.80107122,144.96704554,Outdoor,A,47310,16847,26.259020839503094,False
2025-01-01,39,Matched,47979,102.73875802997858,467,Alfred Place,AlfPl_T,-37.81379749,144.96995745,Outdoor,A,39694,8285,17.267971404155986,False
2025-01-01,40,Matched,149567,201.84480431848854,741,Lonsdale St-Spring St (West),Spr201_T,-37.80999341,144.97227587,Outdoor,A,119070,30497,20.390193023862217,False
2025-01-01,41,Matched,1202690,1616.518817204301,744,Flinders La-Swanston St (West),Swa31,-37.81668634,144.96689733,Outdoor,A,903887,298803,24.844556785206496,False
2025-01-01,42,Matched,68375,92.9008152173913,736,Grattan St-Swanston St (West),UM1_T,-37.80008566,144.96386412,Outdoor,A,60272,8103,11.850822669104206,False
2025-01-01,43,Matched,56706,81.00857142857143,700,Monash Rd-Swanston St (West),UM2_T,-37.79844526,144.96411782,Outdoor,A,48065,8641,15.238246393679681,False
2025-01-01,44,Matched,30228,46.648148148148145,648,Tin Alley-Swanston St (West),UM3_T,-37.79698741,144.96441306,Outdoor,A,25278,4950,16.375545851528383,False
2025-01-01,45,Matched,509444,684.736559139785,744,Little Collins St-Swanston St (East),Swa148_T,-37.81414075,144.96609379,Outdoor,A,370418,139026,27.2897511797175,False
2025-01-01,46,Matched,30734,50.96849087893864,603,Pelham St (South),Pel147_T,-37.80240719,144.9615673,Outdoor,A,26091,4643,15.107047569467039,False
2025-01-01,47,Matched,602014,809.1586021505376,744,Melbourne Central-Elizabeth St (East),Eli250_T,-37.81258467,144.9625775,Outdoor,A,457542,144472,23.998113000694335,False
2025-01-01,48,Matched,169422,340.2048192771084,498,QVM-Queen St (East),QVMQ_T,-37.80631581,144.95866697,Outdoor,A,120328,49094,28.977346507537394,False
2025-01-01,49,Matched,233483,313.8212365591398,744,QVM-Therry St (South),Eli501_T,-37.80730068,144.95956055,Outdoor,A,166366,67117,28.745990072082332,False
2025-01-01,50,Matched,164941,223.19485791610285,739,Faraday St-Lygon St (West),Lyg309_T,-37.79808192,144.96721013,Outdoor,A,119376,45565,27.625029556023062,False
2025-01-01,51,Matched,85250,114.58333333333333,744,QVM-Franklin St (North),Fra118_T,-37.80841815,144.95906316,Outdoor,A,61612,23638,27.727859237536656,False
2025-01-01,52,Matched,239892,322.43548387096774,744,Elizabeth St-Lonsdale St (South),Eli263_T,-37.81252157,144.9619401,Outdoor,A,178785,61107,25.472712720724328,False
2025-01-01,53,Matched,395037,530.9637096774194,744,Collins Street (North),Col254_T,-37.81564191,144.965499,Outdoor,A,309702,85335,21.601774011042004,False
2025-01-01,54,Matched,66108,93.9034090909091,704,Lincoln-Swanston (West),Swa607_T,-37.804024,144.96308399,Outdoor,A,51211,14897,22.534337750347916,False
2025-01-01,56,Matched,265760,357.2043010752688,744,Lonsdale St - Elizabeth St (North),Lon364_T,-37.81234775,144.96153311,Outdoor,A,195440,70320,26.459963877182417,False
2025-01-01,58,Matched,447274,601.1747311827957,744,Bourke St - Spencer St (North),Bou688_T,-37.81686075,144.95358075,Outdoor,A,359143,88131,19.70402929747761,False
2025-01-01,59,Matched,245408,329.8494623655914,744,Building 80 RMIT,RMIT_T,-37.80825648,144.96304859,Outdoor,A,190930,54478,22.19895031946799,False
2025-01-01,61,Matched,278967,374.9556451612903,744,RMIT Building 14,RMIT14_T,-37.80767455,144.96309114,Outdoor,A,215396,63571,22.788000014338614,False
2025-01-01,62,Matched,153827,206.75672043010752,744,La Trobe St (North),Lat224_T,-37.80996494,144.96216521,Outdoor,A,116020,37807,24.5776099124341,False
2025-01-01,63,Matched,278940,375.9299191374663,742,231 Bourke St,Bou231_T,-37.81333081,144.96675571,Outdoor,A,211590,67350,24.144977414497742,False
2025-01-01,66,Matched,757723,1018.4448924731183,744,"QV2 Apartments, 300 Swanston Street",QVN_T,-37.81057846,144.96444294,Outdoor,A,558468,199255,26.29654900273583,False
2025-01-01,67,Matched,354330,476.25,744,Flinders Ln -Degraves St (South),FLDegS_T,-37.81688755,144.96562569,Outdoor,A,269898,84432,23.82863432393531,False
2025-01-01,68,Matched,223719,316.88243626062325,706,Flinders Ln -Degraves St (North),FLDegN_T,-37.8168479,144.96559789,Outdoor,A,173172,50547,22.59396832633795,False
2025-01-01,69,Matched,172111,234.80354706684858,733,Flinders Ln -Degraves St (Crossing),FLDegC_T,-37.81687226,144.96559144,Outdoor,A,131435,40676,23.633585302508266,False
2025-01-01,70,Matched,105520,147.16875871687589,717,Errol Street (East),Errol20_T,-37.80456984,144.94946228,Outdoor,A,81365,24155,22.89139499620925,False
2025-01-01,71,Matched,11987,16.83567415730337,712,Westwood Place,WestWP_T,-37.81235775,144.97136962,Outdoor,A,10510,1477,12.321681821973804,False
2025-01-01,72,Matched,247216,332.72678331090174,743,Flinders St- ACMI,ACMI_T,-37.81726338,144.96872809,Outdoor,A,190250,56966,23.043006925118114,False
2025-01-01,75,Matched,49399,70.77220630372493,698,Spring St- Flinders st (West),SprFli_T,-37.81515276,144.97467661,Outdoor,A,38478,10921,22.107734974392194,False
2025-01-01,76,Matched,39420,58.2274741506647,677,Macaulay Rd- Bellair St,KenMac_T,-37.79453803,144.93036194,Outdoor,A,31363,8057,20.438863521055303,False
2025-01-01,77,Matched,138805,187.57432432432432,740,Harbour Esplanade (West) - Pedestrian path,HarEsP_T,-37.81441438,144.94433026,Outdoor,A,103321,35484,25.56392060804726,False
2025-01-01,78,Unmatched,48432,67.17337031900139,721,,,,,,,37558,10874,22.45209778658738,False
2025-01-01,79,Matched,461057,619.7002688172043,744,Flinders St (South),FliSS_T,-37.81794046,144.96616678,Outdoor,A,342947,118110,25.61722303316076,False
2025-01-01,84,Matched,949475,1276.1760752688172,744,Elizabeth St - Flinders St (East) - New footpath,ElFi_T,-37.81798049,144.96503383,Outdoor,A,727663,221812,23.36154190473683,False
2025-01-01,85,Matched,58929,85.03463203463204,693,Macaulay Rd (North),488Mac_T,-37.79432415,144.92973378,Outdoor,A,45263,13666,23.19061921973901,False
2025-01-01,86,Matched,39935,55.69735006973501,717,Queensberry St - Errol St (South),574Qub_T,-37.80309992,144.94908064,Outdoor,A,31634,8301,20.786277701264556,False
2025-01-01,87,Matched,73489,101.08528198074278,727,Errol St (West),Errol23_T,-37.80454949,144.94921863,Outdoor,A,57494,15995,21.76516213310836,False
2025-01-01,107,Matched,103693,139.55989232839838,743,Royal Mint 280 William St,280Will_T,-37.81246271,144.95690188,Outdoor,A,82183,21510,20.743926783871622,False
2025-01-01,108,Matched,279691,375.9287634408602,744,William St - Little Lonsdale St (West),261Will_T,-37.81295822,144.95678789,Outdoor,A,251959,27732,9.91522787647797,False
2025-01-01,109,Matched,115849,155.71102150537635,744,La Trobe St- William St (South),LatWill_T,-37.81193681,144.95621105,Outdoor,A,98201,17648,15.233623078317466,False
2025-01-01,117,Matched,186932,251.59084791386272,743,114 Flinders Street Car Park Footpath,Fli114F_T,-37.81629332,144.97090877,Outdoor,A,139696,47236,25.269081805148396,False
2025-01-01,118,Matched,26403,40.745370370370374,648,114 Flinders Street Car Park Crossing,Fli114C_T,-37.81632783,144.97090512,Outdoor,A,18749,7654,28.98913002310344,False
2025-01-01,123,Matched,41509,68.95182724252491,602,Birrarung Marr East - Batman Ave Bridge Entry,BirBridge_T,-37.81753741,144.97329734,Outdoor,A,30326,11183,26.941145293791706,False
2025-01-01,124,Matched,7142,15.32618025751073,466,Birrarung Marr East - Batman Ave Bridge Entry,BirBridge_T,-37.81757416,144.97329934,Outdoor,A,5307,1835,25.693083169980397,False
2025-01-01,130,Matched,33064,53.329032258064515,620,I-Hub 892 Bourke Street,Bou892T,-37.8204637,144.94126826,Outdoor,A,25862,7202,21.78199854827002,False
2025-01-01,131,Matched,135305,181.86155913978496,744,I-Hub Corner of King Street and Flinders Street (2-6 King),King2_T,-37.82009057,144.95758725,Outdoor,A,97859,37446,27.675252207974577,False
2025-01-01,132,Matched,121139,162.82123655913978,744,I-Hub Corner of King Street and Latrobe Street (317-335 King),King335_T,-37.81267639,144.95386444,Outdoor,A,92205,28934,23.88495860127622,False
2025-01-01,133,Matched,486020,653.252688172043,744,I-Hub Southern Cross Station - Lonsdale Street Entrance - South,Spen229_T,-37.81531435,144.95227769,Outdoor,A,378477,107543,22.127278712810174,False
2025-01-01,134,Matched,380897,511.9583333333333,744,I-Hub Southern Cross Station - Bourke Street Entrance - North,Spen201_T,-37.81694221,144.95303935,Outdoor,A,295395,85502,22.447538310881946,False
2025-01-01,135,Matched,361960,486.505376344086,744,I-Hub Southern Cross Station - Bourke Street Entrance - South,Spen161_T,-37.8172861,144.95319102,Outdoor,A,275645,86315,23.846557630677424,False
2025-01-01,136,Matched,150413,213.65482954545453,704,"COM Pole 1120 - Towards the City, Near Federation Square Bridge",BirFed1120_T,-37.8184141,144.97357915,Outdoor,A,109816,40597,26.990353227447095,False
2025-01-01,137,Matched,29711,47.46166134185304,626,"COM Pole 2353 - Towards the city, NAB Building",BouHbr2353_T,-37.81894815,144.94612292,Outdoor,A,26621,3090,10.400188482380262,False
2025-01-01,138,Matched,6189,11.032085561497325,561,"COM Pole 1671 - Enterprize Park, Queens Bridge",EntPark1671_T,-37.81996544,144.95981454,Outdoor,A,4836,1353,21.86136694134755,False
2025-01-01,139,Matched,69944,97.82377622377622,715,COM Pole 1647 - Sandridge Bridge Signal Box,Signal1647_T,-37.81959923,144.9632832,Outdoor,A,57626,12318,17.611231842616952,False
2025-01-01,140,Matched,63033,129.4312114989733,487,COM Pole 2837 - Boyd Park,Boyd2837_T,-37.82590962,144.96185972,Outdoor,A,47145,15888,25.20584455761268,False
2025-01-01,141,Matched,137293,196.9770444763271,697,Awning of Nationwide Parking 474 Flinders Street,474Fl_T,-37.81997273,144.95834911,Outdoor,A,100374,36919,26.890664491270496,False
2025-01-01,142,Matched,413874,628.0333839150228,659,Hamer Hall Entrance (COM Pole 1584),Hammer1584_T,-37.81970749,144.96795734,Outdoor,A,301690,112184,27.10583414275842,False
2025-01-01,143,Matched,199867,268.63844086021504,744,"Mounted on Toilet - Spencer Street, Batman Park",Spencer_T,-37.821728,144.95557015,Outdoor,A,144141,55726,27.881541224914567,False
2025-01-01,161,Matched,435559,729.5795644891123,597,Birrarung Marr - COM - Pole 1109,BirArt1109_T,-37.81851276,144.97131336,Outdoor,A,305445,130114,29.872876005317305,False
2025-01-01,162,Matched,334871,450.0954301075269,744,iHub 489 Elizabeth Street,Eli489_T,-37.80740397,144.95987909,Outdoor,A,238411,96460,28.805121972341592,False
2025-01-01,164,Matched,80477,109.04742547425474,738,I-Hub 526 La Trobe Street (Footpath),Lat526_T,-37.813005,144.95160411,Outdoor,A,62949,17528,21.780135939460965,False
2025-01-01,165,Matched,38020,52.58644536652835,723,475 Spencer Street,Spen475_T,-37.80953359,144.94939004,Outdoor,A,29483,8537,22.453971593897947,False
2025-01-01,166,Matched,40243,56.60056258790436,711,484 Spencer Street,Spen484_T,-37.80896733,144.94931703,Outdoor,A,30301,9942,24.70491762542554,False
2025-01-01,167,Matched,41079,55.88979591836735,735,I-Hub 526 La Trobe Street (Crossing),Lat526_T,-37.81304149,144.95155955,Outdoor,A,31041,10038,24.435843131527058,False
2025-01-01,179,Matched,58607,79.52103120759837,737,61-67 Power Street Southbank,Pow61_T,-37.82392385,144.96299677,Outdoor,A,43234,15373,26.23065504120668,False
2025-01-01,209,Matched,567268,762.4569892473119,744,Flinders Underpass - Walkway,FliS_T,-37.81909037,144.96549709,Outdoor,A,425488,141780,24.99347750974848,False
2025-02-01,1,Matched,642561,956.1919642857143,672,Bourke Street Mall (North),Bou292_T,-37.81349441,144.96515323,Outdoor,A,449155,193406,30.099243495948247,False
2025-02-01,2,Matched,339217,504.7872023809524,672,Bourke Street Mall (South),Bou283_T,-37.81380668,144.96516718,Outdoor,A,242267,96950,28.580525150567336,False
2025-02-01,3,Matched,647237,963.1502976190476,672,Melbourne Central,Swa295_T,-37.81101524,144.96429485,Outdoor,A,444168,203069,31.374751443443436,False
2025-02-01,4,Matched,1030017,1532.763392857143,672,Town Hall (West),Swa123_T,-37.81487988,144.9660878,Outdoor,A,717839,312178,30.30804345947688,False
2025-02-01,5,Matched,696328,1037.746646795827,671,Princes Bridge,PriNW_T,-37.81874249,144.96787656,Outdoor,A,448295,248033,35.620138785170205,False
2025-02-01,6,Matched,279930,419.6851574212894,667,Flinders Underpass - Myki Barriers,FliS_T,-37.81907439,144.96557866,Outdoor,A,228651,51279,18.31850819847819,False
2025-02-01,8,Matched,151702,241.94896331738437,627,Webb Bridge,WebBN_T,-37.82293543,144.9471751,Outdoor,A,117434,34268,22.589023216569327,False
2025-02-01,9,Matched,390214,580.6755952380952,672,Southern Cross Station,Col700_T,-37.81982992,144.95102555,Outdoor,A,373011,17203,4.4086065594776205,False
2025-02-01,10,Matched,71550,112.5,636,Victoria Point,BouHbr_T,-37.81876474,144.94710545,Outdoor,A,57846,13704,19.153039832285117,False
2025-02-01,11,Matched,89690,137.35068912710565,653,Docklands Waterfront City Building Side,WatCit_T,-37.81566651,144.93974366,Outdoor,A,60310,29380,32.75727505853495,False
2025-02-01,12,Matched,165108,246.42985074626867,670,New Quay,NewQ_T,-37.81457988,144.94292398,Outdoor,A,112913,52195,31.612641422584005,False
2025-02-01,14,Matched,238510,354.92559523809524,672,Sandridge Bridge,SanBri_T,-37.82011242,144.96291897,Outdoor,A,177198,61312,25.706259695610246,False
2025-02-01,17,Matched,248890,370.92399403874816,671,Collins Place (South),Col15_T,-37.81362543,144.97323591,Outdoor,A,220504,28386,11.405038370364418,False
2025-02-01,18,Matched,173114,265.5122699386503,652,Collins Place (North),Col12_T,-37.81344862,144.97305353,Outdoor,A,158572,14542,8.400244925309334,False
2025-02-01,19,Matched,297953,552.7884972170687,539,Chinatown-Swanston St (North),LtB210_T,-37.81237202,144.96550671,Outdoor,A,204804,93149,31.2629844304303,False
2025-02-01,20,Matched,219821,327.1145833333333,672,Chinatown-Lt Bourke St (South),LtB170_T,-37.81172914,144.9682466,Outdoor,A,133912,85909,39.081343456721605,False
2025-02-01,21,Matched,256803,382.14732142857144,672,155-161 Russell Street,Bourke155_T,-37.81267313,144.96788288,Outdoor,A,167967,88836,34.59305381946473,False
2025-02-01,23,Matched,217042,322.9791666666667,672,Spencer St-Collins St (South),Col623_T,-37.81909256,144.95452748,Outdoor,A,185110,31932,14.712359819758388,False
2025-02-01,24,Matched,605613,901.2098214285714,672,Spencer St-Collins St (North),Col620_T,-37.81887963,144.95449198,Outdoor,A,486591,119022,19.65314483011428,False
2025-02-01,25,Matched,405032,602.7261904761905,672,Melbourne Convention Exhibition Centre,MCEC_T,-37.82401776,144.95604426,Outdoor,A,275740,129292,31.921428430346243,False
2025-02-01,27,Matched,102140,152.22056631892698,671,QV Market-Peel St,Vic_T,-37.80606888,144.95644692,Outdoor,A,65978,36162,35.404346974740555,False
2025-02-01,28,Unmatched,529880,788.5119047619048,672,,,,,,,354166,175714,33.16109307767797,False
2025-02-01,29,Matched,281363,418.6949404761905,672,St Kilda Rd-Alexandra Gardens,AG_T,-37.8199817,144.96872865,Outdoor,A,207810,73553,26.141674633836004,False
2025-02-01,30,Matched,259644,386.375,672,Lonsdale St (South),Lon189_T,-37.8112185,144.96656806,Outdoor,A,172153,87491,33.69652293139838,False
2025-02-01,31,Matched,136090,202.81669150521608,671,Lygon St (West),Lyg161_T,-37.80169681,144.96658911,Outdoor,A,85813,50277,36.94393416121684,False
2025-02-01,35,Matched,965288,1436.4404761904761,672,Southbank Promenade,SouthB_T,-37.82018685,144.96508508,Outdoor,A,688495,276793,28.674654610851892,False
2025-02-01,36,Matched,158793,236.29910714285714,672,Queen St (West),Que85_T,-37.81652527,144.96121062,Outdoor,A,124427,34366,21.64201192747791,False
2025-02-01,37,Matched,52699,98.687265917603,534,Lygon St (East),Lyg260_T,-37.80107122,144.96704554,Outdoor,A,39716,12983,24.636141103246743,False
2025-02-01,39,Matched,67038,108.30048465266559,619,Alfred Place,AlfPl_T,-37.81379749,144.96995745,Outdoor,A,56896,10142,15.128732957427129,False
2025-02-01,40,Matched,161512,240.3452380952381,672,Lonsdale St-Spring St (West),Spr201_T,-37.80999341,144.97227587,Outdoor,A,130148,31364,19.418990539402646,False
2025-02-01,41,Matched,1191301,1772.7693452380952,672,Flinders La-Swanston St (West),Swa31,-37.81668634,144.96689733,Outdoor,A,858795,332506,27.91116602772935,False
2025-02-01,42,Matched,109898,165.26015037593984,665,Grattan St-Swanston St (West),UM1_T,-37.80008566,144.96386412,Outdoor,A,99833,10065,9.158492420244228,False
2025-02-01,43,Matched,84131,130.84136858475895,643,Monash Rd-Swanston St (West),UM2_T,-37.79844526,144.96411782,Outdoor,A,75024,9107,10.824785156482154,False
2025-02-01,44,Matched,44582,75.1804384485666,593,Tin Alley-Swanston St (West),UM3_T,-37.79698741,144.96441306,Outdoor,A,38967,5615,12.594769189358935,False
2025-02-01,45,Matched,420749,626.1145833333334,672,Little Collins St-Swanston St (East),Swa148_T,-37.81414075,144.96609379,Outdoor,A,294110,126639,30.098467257200852,False
2025-02-01,46,Matched,41430,79.52015355086372,521,Pelham St (South),Pel147_T,-37.80240719,144.9615673,Outdoor,A,35798,5632,13.594013999517257,False
2025-02-01,47,Matched,563596,838.6845238095239,672,Melbourne Central-Elizabeth St (East),Eli250_T,-37.81258467,144.9625775,Outdoor,A,403506,160090,28.405098687712478,False
2025-02-01,48,Matched,165052,316.7984644913628,521,QVM-Queen St (East),QVMQ_T,-37.80631581,144.95866697,Outdoor,A,109230,55822,33.82085645735889,False
2025-02-01,49,Matched,222481,331.0729166666667,672,QVM-Therry St (South),Eli501_T,-37.80730068,144.95956055,Outdoor,A,152386,70095,31.50606119174222,False
2025-02-01,50,Matched,140059,209.98350824587706,667,Faraday St-Lygon St (West),Lyg309_T,-37.79808192,144.96721013,Outdoor,A,92762,47297,33.76934006383024,False
2025-02-01,51,Matched,82509,122.78125,672,QVM-Franklin St (North),Fra118_T,-37.80841815,144.95906316,Outdoor,A,57291,25218,30.563938479438608,False
2025-02-01,52,Matched,239306,356.11011904761904,672,Elizabeth St-Lonsdale St (South),Eli263_T,-37.81252157,144.9619401,Outdoor,A,171585,67721,28.298914360693004,False
2025-02-01,53,Matched,377679,562.0223214285714,672,Collins Street (North),Col254_T,-37.81564191,144.965499,Outdoor,A,288563,89116,23.595698993060243,False
2025-02-01,54,Matched,91032,138.13657056145675,659,Lincoln-Swanston (West),Swa607_T,-37.804024,144.96308399,Outdoor,A,71712,19320,21.223306090166094,False
2025-02-01,56,Matched,262925,391.84053651266765,671,Lonsdale St - Elizabeth St (North),Lon364_T,-37.81234775,144.96153311,Outdoor,A,183034,79891,30.385471141960636,False
2025-02-01,58,Matched,455588,677.9583333333334,672,Bourke St - Spencer St (North),Bou688_T,-37.81686075,144.95358075,Outdoor,A,358820,96768,21.240243377788705,False
2025-02-01,59,Matched,232377,345.79910714285717,672,Building 80 RMIT,RMIT_T,-37.80825648,144.96304859,Outdoor,A,196589,35788,15.40083571093525,False
2025-02-01,61,Matched,482429,717.9002976190476,672,RMIT Building 14,RMIT14_T,-37.80767455,144.96309114,Outdoor,A,383414,99015,20.524263674032863,False
2025-02-01,62,Matched,181923,270.71875,672,La Trobe St (North),Lat224_T,-37.80996494,144.96216521,Outdoor,A,133238,48685,26.761322097810613,False
2025-02-01,63,Matched,258892,386.40597014925373,670,231 Bourke St,Bou231_T,-37.81333081,144.96675571,Outdoor,A,187610,71282,27.533488867944932,False
2025-02-01,66,Matched,794284,1181.970238095238,672,"QV2 Apartments, 300 Swanston Street",QVN_T,-37.81057846,144.96444294,Outdoor,A,560705,233579,29.40749152696013,False
2025-02-01,67,Matched,347130,516.5625,672,Flinders Ln -Degraves St (South),FLDegS_T,-37.81688755,144.96562569,Outdoor,A,266490,80640,23.23049001814882,False
2025-02-01,68,Matched,182342,283.139751552795,644,Flinders Ln -Degraves St (North),FLDegN_T,-37.8168479,144.96559789,Outdoor,A,135380,46962,25.75490013271764,False
2025-02-01,69,Matched,140570,215.9293394777266,651,Flinders Ln -Degraves St (Crossing),FLDegC_T,-37.81687226,144.96559144,Outdoor,A,103548,37022,26.337056270897065,False
2025-02-01,70,Matched,107018,166.43545878693624,643,Errol Street (East),Errol20_T,-37.80456984,144.94946228,Outdoor,A,77681,29337,27.413145452166926,False
2025-02-01,71,Matched,12060,18.992125984251967,635,Westwood Place,WestWP_T,-37.81235775,144.97136962,Outdoor,A,10204,1856,15.389718076285241,False
2025-02-01,72,Matched,225144,335.5350223546945,671,Flinders St- ACMI,ACMI_T,-37.81726338,144.96872809,Outdoor,A,170034,55110,24.47766762605266,False
2025-02-01,75,Matched,40948,66.04516129032258,620,Spring St- Flinders st (West),SprFli_T,-37.81515276,144.97467661,Outdoor,A,32686,8262,20.17680961219107,False
2025-02-01,76,Matched,40530,65.90243902439025,615,Macaulay Rd- Bellair St,KenMac_T,-37.79453803,144.93036194,Outdoor,A,30362,10168,25.08758943992105,False
2025-02-01,77,Matched,130996,195.22503725782414,671,Harbour Esplanade (West) - Pedestrian path,HarEsP_T,-37.81441438,144.94433026,Outdoor,A,93542,37454,28.59171272405264,False
2025-02-01,78,Unmatched,44962,76.59625212947189,587,,,,,,,34432,10530,23.419776700324718,False
2025-02-01,79,Matched,379967,565.4270833333334,672,Flinders St (South),FliSS_T,-37.81794046,144.96616678,Outdoor,A,277528,102439,26.95997283974661,False
2025-02-01,84,Matched,826868,1230.4583333333333,672,Elizabeth St - Flinders St (East) - New footpath,ElFi_T,-37.81798049,144.96503383,Outdoor,A,614943,211925,25.629846601875993,False
2025-02-01,85,Matched,61716,98.43062200956938,627,Macaulay Rd (North),488Mac_T,-37.79432415,144.92973378,Outdoor,A,45402,16314,26.433987944779314,False
2025-02-01,86,Matched,39937,63.29160063391442,631,Queensberry St - Errol St (South),574Qub_T,-37.80309992,144.94908064,Outdoor,A,30152,9785,24.501089215514433,False
2025-02-01,87,Matched,77640,118.35365853658537,656,Errol St (West),Errol23_T,-37.80454949,144.94921863,Outdoor,A,57623,20017,25.781813498196804,False
2025-02-01,107,Matched,108628,161.64880952380952,672,Royal Mint 280 William St,280Will_T,-37.81246271,144.95690188,Outdoor,A,85703,22925,21.10413521375704,False
2025-02-01,108,Matched,343284,510.8392857142857,672,William St - Little Lonsdale St (West),261Will_T,-37.81295822,144.95678789,Outdoor,A,311380,31904,9.293762598897706,False
2025-02-01,109,Matched,128985,191.94196428571428,672,La Trobe St- William St (South),LatWill_T,-37.81193681,144.95621105,Outdoor,A,108981,20004,15.508780090708221,False
2025-02-01,117,Matched,155019,232.41229385307346,667,114 Flinders Street Car Park Footpath,Fli114F_T,-37.81629332,144.97090877,Outdoor,A,118970,36049,23.254568794792895,False
2025-02-01,118,Matched,17536,30.550522648083625,574,114 Flinders Street Car Park Crossing,Fli114C_T,-37.81632783,144.97090512,Outdoor,A,13138,4398,25.079835766423358,False
2025-02-01,123,Matched,24484,50.37860082304527,486,Birrarung Marr East - Batman Ave Bridge Entry,BirBridge_T,-37.81753741,144.97329734,Outdoor,A,18845,5639,23.031367423623593,False
2025-02-01,124,Matched,3267,8.642857142857142,378,Birrarung Marr East - Batman Ave Bridge Entry,BirBridge_T,-37.81757416,144.97329934,Outdoor,A,2571,696,21.30394857667585,False
2025-02-01,130,Matched,35490,61.295336787564764,579,I-Hub 892 Bourke Street,Bou892T,-37.8204637,144.94126826,Outdoor,A,26462,9028,25.438151591997748,False
2025-02-01,131,Matched,108300,161.16071428571428,672,I-Hub Corner of King Street and Flinders Street (2-6 King),King2_T,-37.82009057,144.95758725,Outdoor,A,73791,34509,31.86426592797784,False
2025-02-01,132,Matched,116806,173.81845238095238,672,I-Hub Corner of King Street and Latrobe Street (317-335 King),King335_T,-37.81267639,144.95386444,Outdoor,A,85592,31214,26.722942314607128,False
2025-02-01,133,Matched,441689,657.2752976190476,672,I-Hub Southern Cross Station - Lonsdale Street Entrance - South,Spen229_T,-37.81531435,144.95227769,Outdoor,A,331341,110348,24.983189529284182,False
2025-02-01,134,Matched,352501,524.5550595238095,672,I-Hub Southern Cross Station - Bourke Street Entrance - North,Spen201_T,-37.81694221,144.95303935,Outdoor,A,260810,91691,26.011557414021517,False
2025-02-01,135,Matched,344613,512.8169642857143,672,I-Hub Southern Cross Station - Bourke Street Entrance - South,Spen161_T,-37.8172861,144.95319102,Outdoor,A,252695,91918,26.672818494949407,False
2025-02-01,136,Matched,64220,113.26278659611992,567,"COM Pole 1120 - Towards the City, Near Federation Square Bridge",BirFed1120_T,-37.8184141,144.97357915,Outdoor,A,50354,13866,21.591404546870134,False
2025-02-01,137,Matched,33005,58.62344582593251,563,"COM Pole 2353 - Towards the city, NAB Building",BouHbr2353_T,-37.81894815,144.94612292,Outdoor,A,29855,3150,9.544008483563097,False
2025-02-01,138,Matched,5671,11.839248434237996,479,"COM Pole 1671 - Enterprize Park, Queens Bridge",EntPark1671_T,-37.81996544,144.95981454,Outdoor,A,4377,1294,22.81784517721742,False
2025-02-01,139,Matched,61396,95.63239875389408,642,COM Pole 1647 - Sandridge Bridge Signal Box,Signal1647_T,-37.81959923,144.9632832,Outdoor,A,51286,10110,16.466870805915697,False
2025-02-01,140,Matched,62025,146.63120567375887,423,COM Pole 2837 - Boyd Park,Boyd2837_T,-37.82590962,144.96185972,Outdoor,A,45147,16878,27.21160822249093,False
2025-02-01,141,Matched,127627,189.92113095238096,672,Awning of Nationwide Parking 474 Flinders Street,474Fl_T,-37.81997273,144.95834911,Outdoor,A,88852,38775,30.381502346682126,False
2025-02-01,142,Matched,291625,488.48408710217757,597,Hamer Hall Entrance (COM Pole 1584),Hammer1584_T,-37.81970749,144.96795734,Outdoor,A,195132,96493,33.088041148735535,False
2025-02-01,143,Matched,176607,262.8080357142857,672,"Mounted on Toilet - Spencer Street, Batman Park",Spencer_T,-37.821728,144.95557015,Outdoor,A,117466,59141,33.487347613627996,False
2025-02-01,161,Matched,90667,188.1058091286307,482,Birrarung Marr - COM - Pole 1109,BirArt1109_T,-37.81851276,144.97131336,Outdoor,A,66811,23856,26.311667971808927,False
2025-02-01,162,Matched,322522,479.9434523809524,672,iHub 489 Elizabeth Street,Eli489_T,-37.80740397,144.95987909,Outdoor,A,217909,104613,32.4359268515016,False
2025-02-01,164,Matched,78002,116.76946107784431,668,I-Hub 526 La Trobe Street (Footpath),Lat526_T,-37.813005,144.95160411,Outdoor,A,58355,19647,25.18781569703341,False
2025-02-01,165,Matched,36428,55.027190332326285,662,475 Spencer Street,Spen475_T,-37.80953359,144.94939004,Outdoor,A,25978,10450,28.686724497639176,False
2025-02-01,166,Matched,38625,61.30952380952381,630,484 Spencer Street,Spen484_T,-37.80896733,144.94931703,Outdoor,A,28148,10477,27.124919093851137,False
2025-02-01,167,Matched,43150,64.98493975903614,664,I-Hub 526 La Trobe Street (Crossing),Lat526_T,-37.81304149,144.95155955,Outdoor,A,31882,11268,26.113557358053303,False
2025-02-01,179,Matched,54064,81.05547226386807,667,61-67 Power Street Southbank,Pow61_T,-37.82392385,144.96299677,Outdoor,A,38513,15551,28.76405741343593,False
2025-02-01,209,Matched,498497,741.8110119047619,672,Flinders Underpass - Walkway,FliS_T,-37.81909037,144.96549709,Outdoor,A,360833,137664,27.61581313428165,False
2025-03-01,1,Matched,755156,1014.994623655914,744,Bourke Street Mall (North),Bou292_T,-37.81349441,144.96515323,Outdoor,A,490351,264805,35.06626445396713,False
2025-03-01,2,Matched,396093,532.383064516129,744,Bourke Street Mall (South),Bou283_T,-37.81380668,144.96516718,Outdoor,A,260235,135858,34.29952056713954,False
2025-03-01,3,Matched,817605,1098.9314516129032,744,Melbourne Central,Swa295_T,-37.81101524,144.96429485,Outdoor,A,534935,282670,34.57292947083249,False
2025-03-01,4,Matched,1265757,1701.2862903225807,744,Town Hall (West),Swa123_T,-37.81487988,144.9660878,Outdoor,A,819534,446223,35.253449121750855,False
2025-03-01,5,Matched,1001523,1346.133064516129,744,Princes Bridge,PriNW_T,-37.81874249,144.96787656,Outdoor,A,618510,383013,38.24305582597704,False
2025-03-01,6,Matched,316277,427.40135135135137,740,Flinders Underpass - Myki Barriers,FliS_T,-37.81907439,144.96557866,Outdoor,A,246845,69432,21.95290836829741,False
2025-03-01,8,Matched,164864,239.2801161103048,689,Webb Bridge,WebBN_T,-37.82293543,144.9471751,Outdoor,A,118148,46716,28.336083074534162,False
2025-03-01,9,Matched,431687,580.2244623655914,744,Southern Cross Station,Col700_T,-37.81982992,144.95102555,Outdoor,A,404953,26734,6.192912920704121,False
2025-03-01,10,Matched,77741,107.22896551724138,725,Victoria Point,BouHbr_T,-37.81876474,144.94710545,Outdoor,A,60038,17703,22.77176779305643,False
2025-03-01,11,Matched,107641,146.64986376021798,734,Docklands Waterfront City Building Side,WatCit_T,-37.81566651,144.93974366,Outdoor,A,65716,41925,38.94891351808326,False
2025-03-01,12,Matched,205814,277.7516869095816,741,New Quay,NewQ_T,-37.81457988,144.94292398,Outdoor,A,125130,80684,39.20238662092957,False
2025-03-01,14,Matched,284227,382.0255376344086,744,Sandridge Bridge,SanBri_T,-37.82011242,144.96291897,Outdoor,A,197468,86759,30.524545521713282,False
2025-03-01,17,Matched,266873,358.7002688172043,744,Collins Place (South),Col15_T,-37.81362543,144.97323591,Outdoor,A,225913,40960,15.3481243887542,False
2025-03-01,18,Matched,174520,241.71745152354572,722,Collins Place (North),Col12_T,-37.81344862,144.97305353,Outdoor,A,155706,18814,10.780426312170526,False
2025-03-01,19,Matched,428408,575.8172043010753,744,Chinatown-Swanston St (North),LtB210_T,-37.81237202,144.96550671,Outdoor,A,264829,163579,38.182993781628724,False
2025-03-01,20,Matched,256032,344.1290322580645,744,Chinatown-Lt Bourke St (South),LtB170_T,-37.81172914,144.9682466,Outdoor,A,146987,109045,42.59037932758405,False
2025-03-01,21,Matched,301069,404.6626344086022,744,155-161 Russell Street,Bourke155_T,-37.81267313,144.96788288,Outdoor,A,190150,110919,36.84172066868393,False
2025-03-01,23,Matched,255174,342.9758064516129,744,Spencer St-Collins St (South),Col623_T,-37.81909256,144.95452748,Outdoor,A,204453,50721,19.877025088762963,False
2025-03-01,24,Matched,702803,972.0650069156293,723,Spencer St-Collins St (North),Col620_T,-37.81887963,144.95449198,Outdoor,A,523910,178893,25.454216900041693,False
2025-03-01,25,Matched,463333,622.7594086021505,744,Melbourne Convention Exhibition Centre,MCEC_T,-37.82401776,144.95604426,Outdoor,A,302712,160621,34.66642781757397,False
2025-03-01,27,Matched,119634,161.23180592991915,742,QV Market-Peel St,Vic_T,-37.80606888,144.95644692,Outdoor,A,71664,47970,40.09729675510306,False
2025-03-01,28,Unmatched,681088,916.6729475100942,743,,,,,,,428048,253040,37.152320992294676,False
2025-03-01,29,Matched,456689,613.8293010752689,744,St Kilda Rd-Alexandra Gardens,AG_T,-37.8199817,144.96872865,Outdoor,A,244952,211737,46.36349901136222,False
2025-03-01,30,Matched,315644,424.252688172043,744,Lonsdale St (South),Lon189_T,-37.8112185,144.96656806,Outdoor,A,191242,124402,39.412122517773184,False
2025-03-01,31,Matched,172881,232.36693548387098,744,Lygon St (West),Lyg161_T,-37.80169681,144.96658911,Outdoor,A,101315,71566,41.3961048351178,False
2025-03-01,35,Matched,1183312,1590.47311827957,744,Southbank Promenade,SouthB_T,-37.82018685,144.96508508,Outdoor,A,776894,406418,34.34580229052017,False
2025-03-01,36,Matched,178743,240.2459677419355,744,Queen St (West),Que85_T,-37.81652527,144.96121062,Outdoor,A,131421,47322,26.474882932478476,False
2025-03-01,37,Matched,62639,105.80912162162163,592,Lygon St (East),Lyg260_T,-37.80107122,144.96704554,Outdoor,A,43848,18791,29.998882485352574,False
2025-03-01,39,Matched,71692,102.12535612535612,702,Alfred Place,AlfPl_T,-37.81379749,144.96995745,Outdoor,A,58099,13593,18.960274507615914,False
2025-03-01,40,Matched,183824,247.7412398921833,742,Lonsdale St-Spring St (West),Spr201_T,-37.80999341,144.97227587,Outdoor,A,139750,44074,23.976194620941772,False
2025-03-01,41,Matched,1471527,1977.858870967742,744,Flinders La-Swanston St (West),Swa31,-37.81668634,144.96689733,Outdoor,A,987863,483664,32.86817027482336,False
2025-03-01,42,Matched,236173,318.29245283018867,742,Grattan St-Swanston St (West),UM1_T,-37.80008566,144.96386412,Outdoor,A,216927,19246,8.149111033013936,False
2025-03-01,43,Matched,174171,238.91769547325103,729,Monash Rd-Swanston St (West),UM2_T,-37.79844526,144.96411782,Outdoor,A,155257,18914,10.859442731568402,False
2025-03-01,44,Matched,77931,112.45454545454545,693,Tin Alley-Swanston St (West),UM3_T,-37.79698741,144.96441306,Outdoor,A,65783,12148,15.588148490331191,False
2025-03-01,45,Matched,523632,703.8064516129032,744,Little Collins St-Swanston St (East),Swa148_T,-37.81414075,144.96609379,Outdoor,A,338027,185605,35.44569468634461,False
2025-03-01,46,Matched,77004,130.2944162436548,591,Pelham St (South),Pel147_T,-37.80240719,144.9615673,Outdoor,A,67108,9896,12.851280452963481,False
2025-03-01,47,Matched,677480,910.5913978494624,744,Melbourne Central-Elizabeth St (East),Eli250_T,-37.81258467,144.9625775,Outdoor,A,450866,226614,33.449548326149845,False
2025-03-01,48,Matched,186953,367.29469548133596,509,QVM-Queen St (East),QVMQ_T,-37.80631581,144.95866697,Outdoor,A,110347,76606,40.9760742004675,False
2025-03-01,49,Matched,280353,376.81854838709677,744,QVM-Therry St (South),Eli501_T,-37.80730068,144.95956055,Outdoor,A,177665,102688,36.62810813510111,False
2025-03-01,50,Matched,168141,226.91093117408906,741,Faraday St-Lygon St (West),Lyg309_T,-37.79808192,144.96721013,Outdoor,A,104542,63599,37.82480180324846,False
2025-03-01,51,Matched,103646,139.68463611859838,742,QVM-Franklin St (North),Fra118_T,-37.80841815,144.95906316,Outdoor,A,67580,36066,34.797290778225886,False
2025-03-01,52,Matched,281884,378.8763440860215,744,Elizabeth St-Lonsdale St (South),Eli263_T,-37.81252157,144.9619401,Outdoor,A,185999,95885,34.01576535028593,False
2025-03-01,53,Matched,418831,562.9448924731183,744,Collins Street (North),Col254_T,-37.81564191,144.965499,Outdoor,A,298767,120064,28.66645496632293,False
2025-03-01,54,Matched,171997,231.80188679245282,742,Lincoln-Swanston (West),Swa607_T,-37.804024,144.96308399,Outdoor,A,138325,33672,19.577085646842676,False
2025-03-01,56,Matched,305620,410.7795698924731,744,Lonsdale St - Elizabeth St (North),Lon364_T,-37.81234775,144.96153311,Outdoor,A,200275,105345,34.46927557097049,False
2025-03-01,58,Matched,540457,726.4206989247311,744,Bourke St - Spencer St (North),Bou688_T,-37.81686075,144.95358075,Outdoor,A,393851,146606,27.12630237003129,False
2025-03-01,59,Matched,583103,783.7405913978495,744,Building 80 RMIT,RMIT_T,-37.80825648,144.96304859,Outdoor,A,533195,49908,8.55903673964977,False
2025-03-01,61,Matched,690731,928.4018817204301,744,RMIT Building 14,RMIT14_T,-37.80767455,144.96309114,Outdoor,A,532379,158352,22.925277713031555,False
2025-03-01,62,Matched,238654,320.77150537634407,744,La Trobe St (North),Lat224_T,-37.80996494,144.96216521,Outdoor,A,167131,71523,29.96932798109397,False
2025-03-01,63,Matched,292953,394.28398384925976,743,231 Bourke St,Bou231_T,-37.81333081,144.96675571,Outdoor,A,195999,96954,33.09541120930661,False
2025-03-01,66,Matched,1039659,1397.391129032258,744,"QV2 Apartments, 300 Swanston Street",QVN_T,-37.81057846,144.96444294,Outdoor,A,704039,335620,32.281738531576224,False
2025-03-01,67,Matched,378803,509.14381720430106,744,Flinders Ln -Degraves St (South),FLDegS_T,-37.81688755,144.96562569,Outdoor,A,271405,107398,28.35194019054759,False
2025-03-01,68,Matched,230155,330.2080344332855,697,Flinders Ln -Degraves St (North),FLDegN_T,-37.8168479,144.96559789,Outdoor,A,157299,72856,31.655188894440705,False
2025-03-01,69,Matched,158406,220.3143254520167,719,Flinders Ln -Degraves St (Crossing),FLDegC_T,-37.81687226,144.96559144,Outdoor,A,108183,50223,31.705238437937954,False
2025-03-01,70,Matched,124058,173.75070028011206,714,Errol Street (East),Errol20_T,-37.80456984,144.94946228,Outdoor,A,83808,40250,32.44450176530332,False
2025-03-01,71,Matched,15383,21.454672245467226,717,Westwood Place,WestWP_T,-37.81235775,144.97136962,Outdoor,A,12587,2796,18.17590847038939,False
2025-03-01,72,Matched,299135,402.06317204301075,744,Flinders St- ACMI,ACMI_T,-37.81726338,144.96872809,Outdoor,A,203912,95223,31.83278452872449,False
2025-03-01,75,Matched,49141,72.26617647058823,680,Spring St- Flinders st (West),SprFli_T,-37.81515276,144.97467661,Outdoor,A,37494,11647,23.701186382043506,False
2025-03-01,76,Matched,42966,62.724087591240874,685,Macaulay Rd- Bellair St,KenMac_T,-37.79453803,144.93036194,Outdoor,A,31173,11793,27.447283898896803,False
2025-03-01,77,Matched,157437,211.60887096774192,744,Harbour Esplanade (West) - Pedestrian path,HarEsP_T,-37.81441438,144.94433026,Outdoor,A,101992,55445,35.217261507777714,False
2025-03-01,78,Unmatched,51116,70.11796982167353,729,,,,,,,35000,16116,31.528288598481886,False
2025-03-01,79,Matched,493236,662.9516129032259,744,Flinders St (South),FliSS_T,-37.81794046,144.96616678,Outdoor,A,321420,171816,34.8344403084933,False
2025-03-01,84,Matched,971737,1306.09811827957,744,Elizabeth St - Flinders St (East) - New footpath,ElFi_T,-37.81798049,144.96503383,Outdoor,A,670529,301208,30.996864377912953,False
2025-03-01,85,Matched,65788,94.79538904899135,694,Macaulay Rd (North),488Mac_T,-37.79432415,144.92973378,Outdoor,A,46207,19581,29.763786708822277,False
2025-03-01,86,Matched,44296,62.65346534653465,707,Queensberry St - Errol St (South),574Qub_T,-37.80309992,144.94908064,Outdoor,A,30627,13669,30.858316778038645,False
2025-03-01,87,Matched,88216,122.86350974930362,718,Errol St (West),Errol23_T,-37.80454949,144.94921863,Outdoor,A,62100,26116,29.604606874036456,False
2025-03-01,107,Matched,128712,173.2328398384926,743,Royal Mint 280 William St,280Will_T,-37.81246271,144.95690188,Outdoor,A,94742,33970,26.392255578345452,False
2025-03-01,108,Matched,375785,505.7671601615074,743,William St - Little Lonsdale St (West),261Will_T,-37.81295822,144.95678789,Outdoor,A,331247,44538,11.851989834612878,False
2025-03-01,109,Matched,157641,211.88306451612902,744,La Trobe St- William St (South),LatWill_T,-37.81193681,144.95621105,Outdoor,A,126713,30928,19.619261486542207,False
2025-03-01,117,Matched,192915,259.2943548387097,744,114 Flinders Street Car Park Footpath,Fli114F_T,-37.81629332,144.97090877,Outdoor,A,135142,57773,29.947386154524015,False
2025-03-01,118,Matched,21334,33.43887147335423,638,114 Flinders Street Car Park Crossing,Fli114C_T,-37.81632783,144.97090512,Outdoor,A,14709,6625,31.05371707134152,False
2025-03-01,123,Matched,36651,66.03783783783784,555,Birrarung Marr East - Batman Ave Bridge Entry,BirBridge_T,-37.81753741,144.97329734,Outdoor,A,23279,13372,36.48467981774031,False
2025-03-01,124,Matched,3562,9.627027027027028,370,Birrarung Marr East - Batman Ave Bridge Entry,BirBridge_T,-37.81757416,144.97329934,Outdoor,A,2646,916,25.715889949466593,False
2025-03-01,130,Matched,39012,60.2967542503864,647,I-Hub 892 Bourke Street,Bou892T,-37.8204637,144.94126826,Outdoor,A,27736,11276,28.90392699682149,False
2025-03-01,131,Matched,130819,175.83198924731184,744,I-Hub Corner of King Street and Flinders Street (2-6 King),King2_T,-37.82009057,144.95758725,Outdoor,A,83188,47631,36.4098487222804,False
2025-03-01,132,Matched,145084,195.00537634408602,744,I-Hub Corner of King Street and Latrobe Street (317-335 King),King335_T,-37.81267639,144.95386444,Outdoor,A,100884,44200,30.46510986738717,False
2025-03-01,133,Matched,514530,691.5725806451613,744,I-Hub Southern Cross Station - Lonsdale Street Entrance - South,Spen229_T,-37.81531435,144.95227769,Outdoor,A,364261,150269,29.205099799817308,False
2025-03-01,134,Matched,427808,575.010752688172,744,I-Hub Southern Cross Station - Bourke Street Entrance - North,Spen201_T,-37.81694221,144.95303935,Outdoor,A,295011,132797,31.0412615004862,False
2025-03-01,135,Matched,421852,567.005376344086,744,I-Hub Southern Cross Station - Bourke Street Entrance - South,Spen161_T,-37.8172861,144.95319102,Outdoor,A,281975,139877,33.157837345799,False
2025-03-01,136,Matched,160043,233.98099415204678,684,"COM Pole 1120 - Towards the City, Near Federation Square Bridge",BirFed1120_T,-37.8184141,144.97357915,Outdoor,A,106813,53230,33.259811425679345,False
2025-03-01,137,Matched,35213,58.10726072607261,606,"COM Pole 2353 - Towards the city, NAB Building",BouHbr2353_T,-37.81894815,144.94612292,Outdoor,A,30461,4752,13.495016045210576,False
2025-03-01,138,Matched,6165,11.720532319391635,526,"COM Pole 1671 - Enterprize Park, Queens Bridge",EntPark1671_T,-37.81996544,144.95981454,Outdoor,A,4458,1707,27.688564476885645,False
2025-03-01,139,Matched,69090,95.42817679558011,724,COM Pole 1647 - Sandridge Bridge Signal Box,Signal1647_T,-37.81959923,144.9632832,Outdoor,A,54058,15032,21.757128383268203,False
2025-03-01,140,Matched,66198,159.51325301204818,415,COM Pole 2837 - Boyd Park,Boyd2837_T,-37.82590962,144.96185972,Outdoor,A,43984,22214,33.55690504244841,False
2025-03-01,141,Matched,148625,199.76478494623655,744,Awning of Nationwide Parking 474 Flinders Street,474Fl_T,-37.81997273,144.95834911,Outdoor,A,93959,54666,36.7811606391926,False
2025-03-01,142,Matched,386232,549.4054054054054,703,Hamer Hall Entrance (COM Pole 1584),Hammer1584_T,-37.81970749,144.96795734,Outdoor,A,229923,156309,40.47023550612067,False
2025-03-01,143,Matched,227461,305.72715053763443,744,"Mounted on Toilet - Spencer Street, Batman Park",Spencer_T,-37.821728,144.95557015,Outdoor,A,133347,94114,41.37588421751421,False
2025-03-01,161,Matched,272678,518.3992395437263,526,Birrarung Marr - COM - Pole 1109,BirArt1109_T,-37.81851276,144.97131336,Outdoor,A,153910,118768,43.55613580853607,False
2025-03-01,162,Matched,406628,546.5430107526881,744,iHub 489 Elizabeth Street,Eli489_T,-37.80740397,144.95987909,Outdoor,A,256945,149683,36.81079512478236,False
2025-03-01,164,Matched,102124,137.63342318059298,742,I-Hub 526 La Trobe Street (Footpath),Lat526_T,-37.813005,144.95160411,Outdoor,A,71443,30681,30.042889036857158,False
2025-03-01,165,Matched,43177,59.309065934065934,728,475 Spencer Street,Spen475_T,-37.80953359,144.94939004,Outdoor,A,29903,13274,30.74321976978484,False
2025-03-01,166,Matched,45430,65.55555555555556,693,484 Spencer Street,Spen484_T,-37.80896733,144.94931703,Outdoor,A,30476,14954,32.916574950473255,False
2025-03-01,167,Matched,53132,72.28843537414966,735,I-Hub 526 La Trobe Street (Crossing),Lat526_T,-37.81304149,144.95155955,Outdoor,A,36405,16727,31.481969434615674,False
2025-03-01,179,Matched,64348,86.83940620782727,741,61-67 Power Street Southbank,Pow61_T,-37.82392385,144.96299677,Outdoor,A,43125,21223,32.9816000497296,False
2025-03-01,180,Matched,22523,53.49881235154394,421,"Pumping Station No.2, 330 Macaulay Road",Mac330_T,-37.79497059,144.93530329,Outdoor,A,16642,5881,26.11108644496737,False
2025-03-01,181,Matched,174084,1289.5111111111112,135,368 Elizabeth Street,Eli368_T,-37.81009465,144.96143149,Outdoor,A,117891,56193,32.279244502653896,False
2025-03-01,209,Matched,581539,781.638440860215,744,Flinders Underpass - Walkway,FliS_T,-37.81909037,144.96549709,Outdoor,A,392032,189507,32.58715236639331,False
2025-04-01,1,Matched,732304,1017.0888888888888,720,Bourke Street Mall (North),Bou292_T,-37.81349441,144.96515323,Outdoor,A,518024,214280,29.261071904564222,False
2025-04-01,2,Matched,385822,535.8638888888889,720,Bourke Street Mall (South),Bou283_T,-37.81380668,144.96516718,Outdoor,A,275372,110450,28.627190777094103,False
2025-04-01,3,Matched,809415,1124.1875,720,Melbourne Central,Swa295_T,-37.81101524,144.96429485,Outdoor,A,577199,232216,28.689362070137076,False
2025-04-01,4,Matched,1220025,1694.4791666666667,720,Town Hall (West),Swa123_T,-37.81487988,144.9660878,Outdoor,A,864629,355396,29.13022274133727,False
2025-04-01,5,Matched,765034,1062.5472222222222,720,Princes Bridge,PriNW_T,-37.81874249,144.96787656,Outdoor,A,494161,270873,35.40666166471033,False
2025-04-01,6,Matched,280248,391.95524475524473,715,Flinders Underpass - Myki Barriers,FliS_T,-37.81907439,144.96557866,Outdoor,A,226549,53699,19.16124289914647,False
2025-04-01,8,Matched,154697,237.9953846153846,650,Webb Bridge,WebBN_T,-37.82293543,144.9471751,Outdoor,A,116631,38066,24.60681202608971,False
2025-04-01,9,Matched,380580,530.7949790794979,717,Southern Cross Station,Col700_T,-37.81982992,144.95102555,Outdoor,A,351920,28660,7.5306111724210405,False
2025-04-01,10,Matched,76026,107.99147727272727,704,Victoria Point,BouHbr_T,-37.81876474,144.94710545,Outdoor,A,56520,19506,25.65701207481651,False
2025-04-01,11,Matched,100477,141.31786216596342,711,Docklands Waterfront City Building Side,WatCit_T,-37.81566651,144.93974366,Outdoor,A,67477,33000,32.84333728116883,False
2025-04-01,12,Matched,187886,261.3157162726008,719,New Quay,NewQ_T,-37.81457988,144.94292398,Outdoor,A,124487,63399,33.74333372364093,False
2025-04-01,14,Matched,267873,372.04583333333335,720,Sandridge Bridge,SanBri_T,-37.82011242,144.96291897,Outdoor,A,195797,72076,26.90678045193058,False
2025-04-01,17,Matched,254670,353.7083333333333,720,Collins Place (South),Col15_T,-37.81362543,144.97323591,Outdoor,A,221735,32935,12.932422350492795,False
2025-04-01,18,Matched,154957,225.55604075691411,687,Collins Place (North),Col12_T,-37.81344862,144.97305353,Outdoor,A,140767,14190,9.15737914389153,False
2025-04-01,19,Matched,431752,599.6555555555556,720,Chinatown-Swanston St (North),LtB210_T,-37.81237202,144.96550671,Outdoor,A,295199,136553,31.627647353110117,False
2025-04-01,20,Matched,301217,418.3569444444444,720,Chinatown-Lt Bourke St (South),LtB170_T,-37.81172914,144.9682466,Outdoor,A,197606,103611,34.39746096667851,False
2025-04-01,21,Matched,327749,455.84005563282335,719,155-161 Russell Street,Bourke155_T,-37.81267313,144.96788288,Outdoor,A,224652,103097,31.456083771422644,False
2025-04-01,23,Matched,243609,338.34583333333336,720,Spencer St-Collins St (South),Col623_T,-37.81909256,144.95452748,Outdoor,A,200787,42822,17.578168294274843,False
2025-04-01,24,Matched,645051,895.9041666666667,720,Spencer St-Collins St (North),Col620_T,-37.81887963,144.95449198,Outdoor,A,517990,127061,19.69782234272949,False
2025-04-01,25,Matched,484506,672.925,720,Melbourne Convention Exhibition Centre,MCEC_T,-37.82401776,144.95604426,Outdoor,A,312519,171987,35.49739322113658,False
2025-04-01,27,Matched,109844,152.5611111111111,720,QV Market-Peel St,Vic_T,-37.80606888,144.95644692,Outdoor,A,71829,38015,34.60817158879866,False
2025-04-01,28,Unmatched,644971,895.7930555555556,720,,,,,,,444928,200043,31.015813114077993,False
2025-04-01,29,Matched,355766,494.11944444444447,720,St Kilda Rd-Alexandra Gardens,AG_T,-37.8199817,144.96872865,Outdoor,A,265137,90629,25.474328631741088,False
2025-04-01,30,Matched,328104,455.7,720,Lonsdale St (South),Lon189_T,-37.8112185,144.96656806,Outdoor,A,220456,107648,32.80910930680516,False
2025-04-01,31,Matched,159918,222.10833333333332,720,Lygon St (West),Lyg161_T,-37.80169681,144.96658911,Outdoor,A,105611,54307,33.95927913055441,False
2025-04-01,35,Matched,1075588,1493.8722222222223,720,Southbank Promenade,SouthB_T,-37.82018685,144.96508508,Outdoor,A,755111,320477,29.795516498882474,False
2025-04-01,36,Matched,157214,218.96100278551532,718,Queen St (West),Que85_T,-37.81652527,144.96121062,Outdoor,A,122447,34767,22.11444273410765,False
2025-04-01,37,Matched,60313,104.71006944444444,576,Lygon St (East),Lyg260_T,-37.80107122,144.96704554,Outdoor,A,45614,14699,24.37119692271981,False
2025-04-01,39,Matched,65396,93.95977011494253,696,Alfred Place,AlfPl_T,-37.81379749,144.96995745,Outdoor,A,54793,10603,16.213529879503334,False
2025-04-01,40,Matched,164913,229.3643949930459,719,Lonsdale St-Spring St (West),Spr201_T,-37.80999341,144.97227587,Outdoor,A,133926,30987,18.789907405723017,False
2025-04-01,41,Matched,1326137,1841.8569444444445,720,Flinders La-Swanston St (West),Swa31,-37.81668634,144.96689733,Outdoor,A,973352,352785,26.602455100792753,False
2025-04-01,42,Matched,205156,286.1311018131102,717,Grattan St-Swanston St (West),UM1_T,-37.80008566,144.96386412,Outdoor,A,189575,15581,7.594708417009495,False
2025-04-01,43,Matched,134670,191.29261363636363,704,Monash Rd-Swanston St (West),UM2_T,-37.79844526,144.96411782,Outdoor,A,120982,13688,10.16410484888988,False
2025-04-01,44,Matched,59299,90.67125382262996,654,Tin Alley-Swanston St (West),UM3_T,-37.79698741,144.96441306,Outdoor,A,51337,7962,13.42687060490059,False
2025-04-01,45,Matched,570423,792.2541666666667,720,Little Collins St-Swanston St (East),Swa148_T,-37.81414075,144.96609379,Outdoor,A,393069,177354,31.09166355494081,False
2025-04-01,46,Matched,54847,99.54083484573503,551,Pelham St (South),Pel147_T,-37.80240719,144.9615673,Outdoor,A,48109,6738,12.28508396083651,False
2025-04-01,47,Matched,667802,927.5027777777777,720,Melbourne Central-Elizabeth St (East),Eli250_T,-37.81258467,144.9625775,Outdoor,A,482751,185051,27.71045908817284,False
2025-04-01,48,Matched,176224,361.85626283367554,487,QVM-Queen St (East),QVMQ_T,-37.80631581,144.95866697,Outdoor,A,110757,65467,37.14987742872707,False
2025-04-01,49,Matched,270401,375.55694444444447,720,QVM-Therry St (South),Eli501_T,-37.80730068,144.95956055,Outdoor,A,184938,85463,31.606022167077786,False
2025-04-01,50,Matched,158102,222.05337078651687,712,Faraday St-Lygon St (West),Lyg309_T,-37.79808192,144.96721013,Outdoor,A,110630,47472,30.02618562700029,False
2025-04-01,51,Matched,91805,127.50694444444444,720,QVM-Franklin St (North),Fra118_T,-37.80841815,144.95906316,Outdoor,A,64432,27373,29.816458798540385,False
2025-04-01,52,Matched,278634,387.52990264255914,719,Elizabeth St-Lonsdale St (South),Eli263_T,-37.81252157,144.9619401,Outdoor,A,198617,80017,28.717600867087288,False
2025-04-01,53,Matched,412214,572.5194444444444,720,Collins Street (North),Col254_T,-37.81564191,144.965499,Outdoor,A,307600,104614,25.37856550238468,False
2025-04-01,54,Matched,150019,208.35972222222222,720,Lincoln-Swanston (West),Swa607_T,-37.804024,144.96308399,Outdoor,A,122298,27721,18.4783260786967,False
2025-04-01,56,Matched,292747,406.59305555555557,720,Lonsdale St - Elizabeth St (North),Lon364_T,-37.81234775,144.96153311,Outdoor,A,208361,84386,28.82557293499165,False
2025-04-01,58,Matched,498231,691.9875,720,Bourke St - Spencer St (North),Bou688_T,-37.81686075,144.95358075,Outdoor,A,385587,112644,22.608789898661463,False
2025-04-01,59,Matched,482668,670.3722222222223,720,Building 80 RMIT,RMIT_T,-37.80825648,144.96304859,Outdoor,A,426853,55815,11.563849271134611,False
2025-04-01,61,Matched,460873,640.1013888888889,720,RMIT Building 14,RMIT14_T,-37.80767455,144.96309114,Outdoor,A,367320,93553,20.299084563426366,False
2025-04-01,62,Matched,211501,293.75138888888887,720,La Trobe St (North),Lat224_T,-37.80996494,144.96216521,Outdoor,A,157216,54285,25.666545311842498,False
2025-04-01,63,Matched,296107,413.5572625698324,716,231 Bourke St,Bou231_T,-37.81333081,144.96675571,Outdoor,A,210065,86042,29.05773926317176,False
2025-04-01,66,Matched,982805,1365.0069444444443,720,"QV2 Apartments, 300 Swanston Street",QVN_T,-37.81057846,144.96444294,Outdoor,A,710804,272001,27.675988624396496,False
2025-04-01,67,Matched,358631,498.0986111111111,720,Flinders Ln -Degraves St (South),FLDegS_T,-37.81688755,144.96562569,Outdoor,A,268970,89661,25.00090622394606,False
2025-04-01,68,Matched,228855,340.5580357142857,672,Flinders Ln -Degraves St (North),FLDegN_T,-37.8168479,144.96559789,Outdoor,A,168058,60797,26.56572939197308,False
2025-04-01,69,Matched,144321,209.4644412191582,689,Flinders Ln -Degraves St (Crossing),FLDegC_T,-37.81687226,144.96559144,Outdoor,A,109870,34451,23.871092910941584,False
2025-04-01,70,Matched,122823,175.71244635193133,699,Errol Street (East),Errol20_T,-37.80456984,144.94946228,Outdoor,A,90541,32282,26.283350838198054,False
2025-04-01,71,Matched,14734,21.01854493580599,701,Westwood Place,WestWP_T,-37.81235775,144.97136962,Outdoor,A,12422,2312,15.691597665264014,False
2025-04-01,72,Matched,256000,356.0500695410292,719,Flinders St- ACMI,ACMI_T,-37.81726338,144.96872809,Outdoor,A,190115,65885,25.736328125000004,False
2025-04-01,75,Matched,40682,60.992503748125934,667,Spring St- Flinders st (West),SprFli_T,-37.81515276,144.97467661,Outdoor,A,31787,8895,21.864706749913967,False
2025-04-01,76,Matched,41921,64.79289026275116,647,Macaulay Rd- Bellair St,KenMac_T,-37.79453803,144.93036194,Outdoor,A,31516,10405,24.8204956942821,False
2025-04-01,77,Matched,146596,203.88873435326843,719,Harbour Esplanade (West) - Pedestrian path,HarEsP_T,-37.81441438,144.94433026,Outdoor,A,99327,47269,32.24439957434036,False
2025-04-01,78,Unmatched,52678,74.82670454545455,704,,,,,,,32095,20583,39.07323740460914,False
2025-04-01,79,Matched,445610,618.9027777777778,720,Flinders St (South),FliSS_T,-37.81794046,144.96616678,Outdoor,A,323331,122279,27.440811471914905,False
2025-04-01,84,Matched,902274,1253.1583333333333,720,Elizabeth St - Flinders St (East) - New footpath,ElFi_T,-37.81798049,144.96503383,Outdoor,A,673008,229266,25.409797910612518,False
2025-04-01,85,Matched,62527,95.0258358662614,658,Macaulay Rd (North),488Mac_T,-37.79432415,144.92973378,Outdoor,A,46570,15957,25.52017528427719,False
2025-04-01,86,Matched,42892,63.44970414201183,676,Queensberry St - Errol St (South),574Qub_T,-37.80309992,144.94908064,Outdoor,A,32204,10688,24.918399701576053,False
2025-04-01,87,Matched,86909,123.4502840909091,704,Errol St (West),Errol23_T,-37.80454949,144.94921863,Outdoor,A,66379,20530,23.62240964687202,False
2025-04-01,107,Matched,112783,156.64305555555555,720,Royal Mint 280 William St,280Will_T,-37.81246271,144.95690188,Outdoor,A,88240,24543,21.761258345672662,False
2025-04-01,108,Matched,342505,475.7013888888889,720,William St - Little Lonsdale St (West),261Will_T,-37.81295822,144.95678789,Outdoor,A,306169,36336,10.608896220493131,False
2025-04-01,109,Matched,143494,199.57440890125173,719,La Trobe St- William St (South),LatWill_T,-37.81193681,144.95621105,Outdoor,A,119178,24316,16.945656264373422,False
2025-04-01,117,Matched,174827,242.81527777777777,720,114 Flinders Street Car Park Footpath,Fli114F_T,-37.81629332,144.97090877,Outdoor,A,131912,42915,24.547123728028282,False
2025-04-01,118,Matched,17556,29.456375838926174,596,114 Flinders Street Car Park Crossing,Fli114C_T,-37.81632783,144.97090512,Outdoor,A,12683,4873,27.75689223057644,False
2025-04-01,123,Matched,28172,57.72950819672131,488,Birrarung Marr East - Batman Ave Bridge Entry,BirBridge_T,-37.81753741,144.97329734,Outdoor,A,20998,7174,25.465000709924745,False
2025-04-01,124,Matched,3682,10.371830985915492,355,Birrarung Marr East - Batman Ave Bridge Entry,BirBridge_T,-37.81757416,144.97329934,Outdoor,A,2642,1040,28.245518739815317,False
2025-04-01,130,Matched,36452,58.69887278582931,621,I-Hub 892 Bourke Street,Bou892T,-37.8204637,144.94126826,Outdoor,A,28430,8022,22.007022934269724,False
2025-04-01,131,Matched,123782,171.91944444444445,720,I-Hub Corner of King Street and Flinders Street (2-6 King),King2_T,-37.82009057,144.95758725,Outdoor,A,85496,38286,30.93018371007093,False
2025-04-01,132,Matched,136938,190.19166666666666,720,I-Hub Corner of King Street and Latrobe Street (317-335 King),King335_T,-37.81267639,144.95386444,Outdoor,A,100637,36301,26.509077100585664,False
2025-04-01,133,Matched,470062,652.8638888888889,720,I-Hub Southern Cross Station - Lonsdale Street Entrance - South,Spen229_T,-37.81531435,144.95227769,Outdoor,A,355384,114678,24.396356225349,False
2025-04-01,134,Matched,388985,540.2569444444445,720,I-Hub Southern Cross Station - Bourke Street Entrance - North,Spen201_T,-37.81694221,144.95303935,Outdoor,A,288585,100400,25.810763911204802,False
2025-04-01,135,Matched,361058,501.46944444444443,720,I-Hub Southern Cross Station - Bourke Street Entrance - South,Spen161_T,-37.8172861,144.95319102,Outdoor,A,260007,101051,27.987470157149268,False
2025-04-01,136,Matched,122190,204.67336683417085,597,"COM Pole 1120 - Towards the City, Near Federation Square Bridge",BirFed1120_T,-37.8184141,144.97357915,Outdoor,A,88288,33902,27.745314673868567,False
2025-04-01,137,Matched,27387,47.46447140381282,577,"COM Pole 2353 - Towards the city, NAB Building",BouHbr2353_T,-37.81894815,144.94612292,Outdoor,A,23335,4052,14.795340855150254,False
2025-04-01,138,Matched,6104,13.415384615384616,455,"COM Pole 1671 - Enterprize Park, Queens Bridge",EntPark1671_T,-37.81996544,144.95981454,Outdoor,A,4553,1551,25.40956749672346,False
2025-04-01,139,Matched,61211,89.09898107714702,687,COM Pole 1647 - Sandridge Bridge Signal Box,Signal1647_T,-37.81959923,144.9632832,Outdoor,A,50599,10612,17.336753197954614,False
2025-04-01,140,Matched,41064,114.70391061452514,358,COM Pole 2837 - Boyd Park,Boyd2837_T,-37.82590962,144.96185972,Outdoor,A,25374,15690,38.20864991233197,False
2025-04-01,141,Matched,142047,197.2875,720,Awning of Nationwide Parking 474 Flinders Street,474Fl_T,-37.81997273,144.95834911,Outdoor,A,96700,45347,31.923940667525535,False
2025-04-01,142,Matched,314426,465.8162962962963,675,Hamer Hall Entrance (COM Pole 1584),Hammer1584_T,-37.81970749,144.96795734,Outdoor,A,204075,110351,35.09601623275429,False
2025-04-01,143,Matched,188982,262.475,720,"Mounted on Toilet - Spencer Street, Batman Park",Spencer_T,-37.821728,144.95557015,Outdoor,A,121985,66997,35.45152448381327,False
2025-04-01,161,Matched,142412,302.36093418259026,471,Birrarung Marr - COM - Pole 1109,BirArt1109_T,-37.81851276,144.97131336,Outdoor,A,97153,45259,31.780327500491534,False
2025-04-01,162,Matched,361428,501.98333333333335,720,iHub 489 Elizabeth Street,Eli489_T,-37.80740397,144.95987909,Outdoor,A,245456,115972,32.08716535520214,False
2025-04-01,164,Matched,92385,129.02932960893855,716,I-Hub 526 La Trobe Street (Footpath),Lat526_T,-37.813005,144.95160411,Outdoor,A,67415,24970,27.02819721816312,False
2025-04-01,165,Matched,35444,50.779369627507165,698,475 Spencer Street,Spen475_T,-37.80953359,144.94939004,Outdoor,A,25196,10248,28.91321521272994,False
2025-04-01,166,Matched,39072,60.7651632970451,643,484 Spencer Street,Spen484_T,-37.80896733,144.94931703,Outdoor,A,27399,11673,29.87561425061425,False
2025-04-01,167,Matched,46696,65.86177715091678,709,I-Hub 526 La Trobe Street (Crossing),Lat526_T,-37.81304149,144.95155955,Outdoor,A,33973,12723,27.246445091656675,False
2025-04-01,179,Matched,58474,82.01122019635343,713,61-67 Power Street Southbank,Pow61_T,-37.82392385,144.96299677,Outdoor,A,42504,15970,27.31128364743305,False
2025-04-01,180,Matched,29198,49.57215619694397,589,"Pumping Station No.2, 330 Macaulay Road",Mac330_T,-37.79497059,144.93530329,Outdoor,A,22548,6650,22.77553257072402,False
2025-04-01,181,Matched,823788,1144.15,720,368 Elizabeth Street,Eli368_T,-37.81009465,144.96143149,Outdoor,A,604972,218816,26.562173763152657,False
2025-04-01,182,Matched,142745,318.62723214285717,448,163 King Street,King163_T,-37.81627451,144.95550503,Outdoor,A,95379,47366,33.182248064730814,False
2025-04-01,209,Matched,548088,761.2333333333333,720,Flinders Underpass - Walkway,FliS_T,-37.81909037,144.96549709,Outdoor,A,395926,152162,27.762330136766362,False
2025-05-01,1,Matched,693445,932.0497311827957,744,Bourke Street Mall (North),Bou292_T,-37.81349441,144.96515323,Outdoor,A,465712,227733,32.84081650311128,False
2025-05-01,2,Matched,343918,462.255376344086,744,Bourke Street Mall (South),Bou283_T,-37.81380668,144.96516718,Outdoor,A,233652,110266,32.06171238492897,False
2025-05-01,3,Matched,749701,1007.6626344086021,744,Melbourne Central,Swa295_T,-37.81101524,144.96429485,Outdoor,A,502631,247070,32.955805047612316,False
2025-05-01,4,Matched,989840,1330.4301075268818,744,Town Hall (West),Swa123_T,-37.81487988,144.9660878,Outdoor,A,654912,334928,33.83657964923624,False
2025-05-01,5,Matched,583993,784.9368279569892,744,Princes Bridge,PriNW_T,-37.81874249,144.96787656,Outdoor,A,362156,221837,37.98624298578922,False
2025-05-01,6,Matched,302034,408.7063599458728,739,Flinders Underpass - Myki Barriers,FliS_T,-37.81907439,144.96557866,Outdoor,A,244082,57952,19.18724382023216,False
2025-05-01,8,Matched,145689,224.48228043143297,649,Webb Bridge,WebBN_T,-37.82293543,144.9471751,Outdoor,A,106063,39626,27.19903355778405,False
2025-05-01,9,Matched,431562,581.6199460916442,742,Southern Cross Station,Col700_T,-37.81982992,144.95102555,Outdoor,A,411439,20123,4.662829442814705,False
2025-05-01,10,Matched,74338,102.81881051175657,723,Victoria Point,BouHbr_T,-37.81876474,144.94710545,Outdoor,A,60736,13602,18.297505986171274,False
2025-05-01,11,Matched,83428,115.23204419889503,724,Docklands Waterfront City Building Side,WatCit_T,-37.81566651,144.93974366,Outdoor,A,51384,32044,38.409167186076616,False
2025-05-01,12,Matched,159570,216.51289009497964,737,New Quay,NewQ_T,-37.81457988,144.94292398,Outdoor,A,99624,59946,37.56721188193269,False
2025-05-01,14,Matched,177963,323.5690909090909,550,Sandridge Bridge,SanBri_T,-37.82011242,144.96291897,Outdoor,A,128789,49174,27.63158634098099,False
2025-05-01,17,Matched,274897,370.98110661268555,741,Collins Place (South),Col15_T,-37.81362543,144.97323591,Outdoor,A,237676,37221,13.539980429033418,False
2025-05-01,18,Matched,163509,229.9704641350211,711,Collins Place (North),Col12_T,-37.81344862,144.97305353,Outdoor,A,147868,15641,9.565834296583063,False
2025-05-01,19,Matched,399970,537.5940860215054,744,Chinatown-Swanston St (North),LtB210_T,-37.81237202,144.96550671,Outdoor,A,256771,143199,35.802435182638696,False
2025-05-01,20,Matched,259188,348.3709677419355,744,Chinatown-Lt Bourke St (South),LtB170_T,-37.81172914,144.9682466,Outdoor,A,157975,101213,39.05003318054848,False
2025-05-01,21,Matched,274061,368.36155913978496,744,155-161 Russell Street,Bourke155_T,-37.81267313,144.96788288,Outdoor,A,179499,94562,34.50399728527591,False
2025-05-01,23,Matched,280108,376.48924731182797,744,Spencer St-Collins St (South),Col623_T,-37.81909256,144.95452748,Outdoor,A,233000,47108,16.817798849015382,False
2025-05-01,24,Matched,695468,934.7688172043011,744,Spencer St-Collins St (North),Col620_T,-37.81887963,144.95449198,Outdoor,A,549691,145777,20.960993172942537,False
2025-05-01,25,Matched,439851,591.1975806451613,744,Melbourne Convention Exhibition Centre,MCEC_T,-37.82401776,144.95604426,Outdoor,A,275777,164074,37.30217732823161,False
2025-05-01,27,Matched,115398,155.94324324324324,740,QV Market-Peel St,Vic_T,-37.80606888,144.95644692,Outdoor,A,71254,44144,38.2536959046084,False
2025-05-01,28,Unmatched,419927,564.4180107526881,744,,,,,,,289920,130007,30.959428662600878,False
2025-05-01,29,Matched,279347,375.46639784946234,744,St Kilda Rd-Alexandra Gardens,AG_T,-37.8199817,144.96872865,Outdoor,A,176805,102542,36.70775057544917,False
2025-05-01,30,Matched,312467,419.98252688172045,744,Lonsdale St (South),Lon189_T,-37.8112185,144.96656806,Outdoor,A,196697,115770,37.05031251300137,False
2025-05-01,31,Matched,157263,211.65948855989234,743,Lygon St (West),Lyg161_T,-37.80169681,144.96658911,Outdoor,A,93064,64199,40.822698282494926,False
2025-05-01,35,Matched,872630,1172.8897849462367,744,Southbank Promenade,SouthB_T,-37.82018685,144.96508508,Outdoor,A,591328,281302,32.2361138168525,False
2025-05-01,36,Matched,175352,236.00538358008075,743,Queen St (West),Que85_T,-37.81652527,144.96121062,Outdoor,A,132322,43030,24.539212555317306,False
2025-05-01,37,Matched,63298,103.59738134206219,611,Lygon St (East),Lyg260_T,-37.80107122,144.96704554,Outdoor,A,42466,20832,32.91099244841859,False
2025-05-01,39,Matched,65228,92.6534090909091,704,Alfred Place,AlfPl_T,-37.81379749,144.96995745,Outdoor,A,54134,11094,17.008033359906786,False
2025-05-01,40,Matched,169810,228.8544474393531,742,Lonsdale St-Spring St (West),Spr201_T,-37.80999341,144.97227587,Outdoor,A,134882,34928,20.5688710912196,False
2025-05-01,41,Matched,647936,874.4075573549258,741,Flinders La-Swanston St (West),Swa31,-37.81668634,144.96689733,Outdoor,A,421073,226863,35.0131803141051,False
2025-05-01,42,Matched,111842,288.2525773195876,388,Grattan St-Swanston St (West),UM1_T,-37.80008566,144.96386412,Outdoor,A,103087,8755,7.828007367536347,False
2025-05-01,43,Matched,151036,212.42756680731364,711,Monash Rd-Swanston St (West),UM2_T,-37.79844526,144.96411782,Outdoor,A,133064,17972,11.899149871553801,False
2025-05-01,44,Matched,68652,99.20809248554913,692,Tin Alley-Swanston St (West),UM3_T,-37.79698741,144.96441306,Outdoor,A,56524,12128,17.665909223329255,False
2025-05-01,45,Matched,536184,720.6774193548387,744,Little Collins St-Swanston St (East),Swa148_T,-37.81414075,144.96609379,Outdoor,A,356009,180175,33.60320337794489,False
2025-05-01,46,Matched,63365,111.75485008818342,567,Pelham St (South),Pel147_T,-37.80240719,144.9615673,Outdoor,A,55419,7946,12.540045766590389,False
2025-05-01,47,Matched,682231,916.9771505376344,744,Melbourne Central-Elizabeth St (East),Eli250_T,-37.81258467,144.9625775,Outdoor,A,466997,215234,31.548551736875048,False
2025-05-01,48,Matched,180788,349.011583011583,518,QVM-Queen St (East),QVMQ_T,-37.80631581,144.95866697,Outdoor,A,108228,72560,40.135407217293185,False
2025-05-01,49,Matched,289650,389.31451612903226,744,QVM-Therry St (South),Eli501_T,-37.80730068,144.95956055,Outdoor,A,190187,99463,34.33902986362852,False
2025-05-01,50,Matched,155904,212.11428571428573,735,Faraday St-Lygon St (West),Lyg309_T,-37.79808192,144.96721013,Outdoor,A,100279,55625,35.67900759441708,False
2025-05-01,51,Matched,88619,119.11155913978494,744,QVM-Franklin St (North),Fra118_T,-37.80841815,144.95906316,Outdoor,A,58690,29929,33.772667260971126,False
2025-05-01,52,Matched,286453,385.01747311827955,744,Elizabeth St-Lonsdale St (South),Eli263_T,-37.81252157,144.9619401,Outdoor,A,195921,90532,31.60448659989597,False
2025-05-01,53,Matched,372956,501.95962314939436,743,Collins Street (North),Col254_T,-37.81564191,144.965499,Outdoor,A,272787,100169,26.858128036551225,False
2025-05-01,54,Matched,167629,225.30779569892474,744,Lincoln-Swanston (West),Swa607_T,-37.804024,144.96308399,Outdoor,A,133870,33759,20.139116739943567,False
2025-05-01,56,Matched,311646,421.71312584573747,739,Lonsdale St - Elizabeth St (North),Lon364_T,-37.81234775,144.96153311,Outdoor,A,212142,99504,31.928534298531027,False
2025-05-01,58,Matched,524086,704.4166666666666,744,Bourke St - Spencer St (North),Bou688_T,-37.81686075,144.95358075,Outdoor,A,397968,126118,24.064371114664386,False
2025-05-01,59,Matched,560681,753.6034946236559,744,Building 80 RMIT,RMIT_T,-37.80825648,144.96304859,Outdoor,A,488466,72215,12.87987286888623,False
2025-05-01,61,Matched,455740,612.5537634408602,744,RMIT Building 14,RMIT14_T,-37.80767455,144.96309114,Outdoor,A,360739,95001,20.845438188440777,False
2025-05-01,62,Matched,165641,222.63575268817203,744,La Trobe St (North),Lat224_T,-37.80996494,144.96216521,Outdoor,A,116726,48915,29.530732125500332,False
2025-05-01,63,Matched,252366,341.49661705006764,739,231 Bourke St,Bou231_T,-37.81333081,144.96675571,Outdoor,A,179995,72371,28.677000863824766,False
2025-05-01,66,Matched,959052,1289.0483870967741,744,"QV2 Apartments, 300 Swanston Street",QVN_T,-37.81057846,144.96444294,Outdoor,A,668513,290539,30.29439488161226,False
2025-05-01,67,Matched,387702,521.1048387096774,744,Flinders Ln -Degraves St (South),FLDegS_T,-37.81688755,144.96562569,Outdoor,A,287486,100216,25.848718861393543,False
2025-05-01,68,Matched,211445,306.8867924528302,689,Flinders Ln -Degraves St (North),FLDegN_T,-37.8168479,144.96559789,Outdoor,A,150328,61117,28.904443235829646,False
2025-05-01,69,Matched,147894,210.07670454545453,704,Flinders Ln -Degraves St (Crossing),FLDegC_T,-37.81687226,144.96559144,Outdoor,A,103761,44133,29.84096717919591,False
2025-05-01,70,Matched,121210,167.41712707182322,724,Errol Street (East),Errol20_T,-37.80456984,144.94946228,Outdoor,A,83821,37389,30.84646481313423,False
2025-05-01,71,Matched,13899,19.714893617021275,705,Westwood Place,WestWP_T,-37.81235775,144.97136962,Outdoor,A,11920,1979,14.238434419742427,False
2025-05-01,72,Matched,225232,303.1386271870794,743,Flinders St- ACMI,ACMI_T,-37.81726338,144.96872809,Outdoor,A,159030,66202,29.392803864459754,False
2025-05-01,75,Matched,44002,63.67872648335745,691,Spring St- Flinders st (West),SprFli_T,-37.81515276,144.97467661,Outdoor,A,32060,11942,27.139675469296847,False
2025-05-01,76,Matched,45249,68.87214611872146,657,Macaulay Rd- Bellair St,KenMac_T,-37.79453803,144.93036194,Outdoor,A,32758,12491,27.605029945413158,False
2025-05-01,77,Matched,142304,191.52624495289368,743,Harbour Esplanade (West) - Pedestrian path,HarEsP_T,-37.81441438,144.94433026,Outdoor,A,94863,47441,33.33778389925793,False
2025-05-01,78,Unmatched,38480,53.44444444444444,720,,,,,,,25551,12929,33.59927234927235,False
2025-05-01,79,Matched,419353,563.6465053763441,744,Flinders St (South),FliSS_T,-37.81794046,144.96616678,Outdoor,A,289061,130292,31.069766998209147,False
2025-05-01,84,Matched,878354,1180.5833333333333,744,Elizabeth St - Flinders St (East) - New footpath,ElFi_T,-37.81798049,144.96503383,Outdoor,A,633982,244372,27.82158446366727,False
2025-05-01,85,Matched,67111,99.2766272189349,676,Macaulay Rd (North),488Mac_T,-37.79432415,144.92973378,Outdoor,A,48187,18924,28.198059930562795,False
2025-05-01,86,Matched,44163,64.94558823529412,680,Queensberry St - Errol St (South),574Qub_T,-37.80309992,144.94908064,Outdoor,A,31601,12562,28.44462559155854,False
2025-05-01,87,Matched,87169,119.08333333333333,732,Errol St (West),Errol23_T,-37.80454949,144.94921863,Outdoor,A,62228,24941,28.61223600133075,False
2025-05-01,107,Matched,116998,157.46702557200538,743,Royal Mint 280 William St,280Will_T,-37.81246271,144.95690188,Outdoor,A,89764,27234,23.277320979845808,False
2025-05-01,108,Matched,376934,506.6317204301075,744,William St - Little Lonsdale St (West),261Will_T,-37.81295822,144.95678789,Outdoor,A,338584,38350,10.174194951901395,False
2025-05-01,109,Matched,154832,208.10752688172042,744,La Trobe St- William St (South),LatWill_T,-37.81193681,144.95621105,Outdoor,A,129175,25657,16.570863904102513,False
2025-05-01,117,Matched,178596,240.371467025572,743,114 Flinders Street Car Park Footpath,Fli114F_T,-37.81629332,144.97090877,Outdoor,A,124400,54196,30.345584447580016,False
2025-05-01,118,Matched,17682,28.845024469820554,613,114 Flinders Street Car Park Crossing,Fli114C_T,-37.81632783,144.97090512,Outdoor,A,11686,5996,33.910191154846736,False
2025-05-01,123,Matched,28613,58.39387755102041,490,Birrarung Marr East - Batman Ave Bridge Entry,BirBridge_T,-37.81753741,144.97329734,Outdoor,A,18625,9988,34.90721000943627,False
2025-05-01,124,Matched,3613,10.626470588235295,340,Birrarung Marr East - Batman Ave Bridge Entry,BirBridge_T,-37.81757416,144.97329934,Outdoor,A,2261,1352,37.42042623858289,False
2025-05-01,130,Matched,37880,58.72868217054263,645,I-Hub 892 Bourke Street,Bou892T,-37.8204637,144.94126826,Outdoor,A,27640,10240,27.03273495248152,False
2025-05-01,131,Matched,113252,152.22043010752688,744,I-Hub Corner of King Street and Flinders Street (2-6 King),King2_T,-37.82009057,144.95758725,Outdoor,A,75199,38053,33.60028961960937,False
2025-05-01,132,Matched,136291,183.18682795698925,744,I-Hub Corner of King Street and Latrobe Street (317-335 King),King335_T,-37.81267639,144.95386444,Outdoor,A,98007,38284,28.089895884541168,False
2025-05-01,133,Matched,459648,617.8064516129032,744,I-Hub Southern Cross Station - Lonsdale Street Entrance - South,Spen229_T,-37.81531435,144.95227769,Outdoor,A,339955,119693,26.040143762183238,False
2025-05-01,134,Matched,376506,506.05645161290323,744,I-Hub Southern Cross Station - Bourke Street Entrance - North,Spen201_T,-37.81694221,144.95303935,Outdoor,A,273107,103399,27.462776157617675,False
2025-05-01,135,Matched,345961,465.0013440860215,744,I-Hub Southern Cross Station - Bourke Street Entrance - South,Spen161_T,-37.8172861,144.95319102,Outdoor,A,244116,101845,29.438289286942748,False
2025-05-01,136,Matched,128180,204.10828025477707,628,"COM Pole 1120 - Towards the City, Near Federation Square Bridge",BirFed1120_T,-37.8184141,144.97357915,Outdoor,A,59772,68408,53.36870026525199,False
2025-05-01,137,Matched,30273,50.878991596638656,595,"COM Pole 2353 - Towards the city, NAB Building",BouHbr2353_T,-37.81894815,144.94612292,Outdoor,A,27103,3170,10.471377134740528,False
2025-05-01,138,Matched,4927,11.121896162528216,443,"COM Pole 1671 - Enterprize Park, Queens Bridge",EntPark1671_T,-37.81996544,144.95981454,Outdoor,A,3611,1316,26.709965496245182,False
2025-05-01,139,Matched,55740,80.54913294797687,692,COM Pole 1647 - Sandridge Bridge Signal Box,Signal1647_T,-37.81959923,144.9632832,Outdoor,A,45396,10344,18.557588805166848,False
2025-05-01,140,Matched,49950,141.10169491525423,354,COM Pole 2837 - Boyd Park,Boyd2837_T,-37.82590962,144.96185972,Outdoor,A,34204,15746,31.523523523523522,False
2025-05-01,141,Matched,111696,186.16,600,Awning of Nationwide Parking 474 Flinders Street,474Fl_T,-37.81997273,144.95834911,Outdoor,A,76760,34936,31.277753903452226,False
2025-05-01,142,Matched,231087,335.39477503628444,689,Hamer Hall Entrance (COM Pole 1584),Hammer1584_T,-37.81970749,144.96795734,Outdoor,A,133746,97341,42.12309649612484,False
2025-05-01,143,Matched,145281,238.94901315789474,608,"Mounted on Toilet - Spencer Street, Batman Park",Spencer_T,-37.821728,144.95557015,Outdoor,A,98027,47254,32.5259325032179,False
2025-05-01,161,Matched,140428,283.6929292929293,495,Birrarung Marr - COM - Pole 1109,BirArt1109_T,-37.81851276,144.97131336,Outdoor,A,65968,74460,53.023613524368365,False
2025-05-01,162,Matched,336487,454.71216216216214,740,iHub 489 Elizabeth Street,Eli489_T,-37.80740397,144.95987909,Outdoor,A,216775,119712,35.57700594673791,False
2025-05-01,164,Matched,89711,121.72455902306649,737,I-Hub 526 La Trobe Street (Footpath),Lat526_T,-37.813005,144.95160411,Outdoor,A,65609,24102,26.866270579973474,False
2025-05-01,165,Matched,34725,49.04661016949152,708,475 Spencer Street,Spen475_T,-37.80953359,144.94939004,Outdoor,A,24523,10202,29.379409647228222,False
2025-05-01,166,Matched,38013,55.98379970544919,679,484 Spencer Street,Spen484_T,-37.80896733,144.94931703,Outdoor,A,25943,12070,31.75229526740852,False
2025-05-01,167,Matched,43288,59.62534435261708,726,I-Hub 526 La Trobe Street (Crossing),Lat526_T,-37.81304149,144.95155955,Outdoor,A,31083,12205,28.194880798373685,False
2025-05-01,179,Matched,57132,77.625,736,61-67 Power Street Southbank,Pow61_T,-37.82392385,144.96299677,Outdoor,A,39614,17518,30.662325841909965,False
2025-05-01,180,Matched,29273,48.707154742096506,601,"Pumping Station No.2, 330 Macaulay Road",Mac330_T,-37.79497059,144.93530329,Outdoor,A,21870,7403,25.28951593618693,False
2025-05-01,181,Matched,794535,1067.9233870967741,744,368 Elizabeth Street,Eli368_T,-37.81009465,144.96143149,Outdoor,A,562974,231561,29.144216428477034,False
2025-05-01,182,Matched,225986,303.744623655914,744,163 King Street,King163_T,-37.81627451,144.95550503,Outdoor,A,158210,67776,29.991238395298826,False
2025-05-01,209,Matched,503693,677.0067204301075,744,Flinders Underpass - Walkway,FliS_T,-37.81909037,144.96549709,Outdoor,A,351512,152181,30.213046439001534,False
2025-06-01,1,Matched,653145,907.1458333333334,720,Bourke Street Mall (North),Bou292_T,-37.81349441,144.96515323,Outdoor,A,431972,221173,33.862771666322175,False
2025-06-01,2,Matched,326208,454.32869080779943,718,Bourke Street Mall (South),Bou283_T,-37.81380668,144.96516718,Outdoor,A,217258,108950,33.39893564842064,False
2025-06-01,3,Matched,695689,966.2347222222222,720,Melbourne Central,Swa295_T,-37.81101524,144.96429485,Outdoor,A,456291,239398,34.411640833763364,False
2025-06-01,4,Matched,988647,1373.1208333333334,720,Town Hall (West),Swa123_T,-37.81487988,144.9660878,Outdoor,A,646237,342410,34.634202096400436,False
2025-06-01,5,Matched,626321,869.8902777777778,720,Princes Bridge,PriNW_T,-37.81874249,144.96787656,Outdoor,A,401405,224916,35.9106592306501,False
2025-06-01,6,Matched,267407,373.99580419580417,715,Flinders Underpass - Myki Barriers,FliS_T,-37.81907439,144.96557866,Outdoor,A,215333,52074,19.473686178746256,False
2025-06-01,8,Matched,124359,211.49489795918367,588,Webb Bridge,WebBN_T,-37.82293543,144.9471751,Outdoor,A,89942,34417,27.675520066903083,False
2025-06-01,9,Matched,347785,484.38022284122565,718,Southern Cross Station,Col700_T,-37.81982992,144.95102555,Outdoor,A,329566,18219,5.238581307416939,False
2025-06-01,10,Matched,60130,88.16715542521995,682,Victoria Point,BouHbr_T,-37.81876474,144.94710545,Outdoor,A,48754,11376,18.91900881423582,False
2025-06-01,11,Matched,60792,87.84971098265896,692,Docklands Waterfront City Building Side,WatCit_T,-37.81566651,144.93974366,Outdoor,A,35846,24946,41.03500460586919,False
2025-06-01,12,Matched,93615,142.70579268292684,656,New Quay,NewQ_T,-37.81457988,144.94292398,Outdoor,A,56536,37079,39.60796880841745,False
2025-06-01,14,Matched,129648,231.9284436493739,559,Sandridge Bridge,SanBri_T,-37.82011242,144.96291897,Outdoor,A,94535,35113,27.083333333333332,False
2025-06-01,17,Matched,234178,326.6080892608089,717,Collins Place (South),Col15_T,-37.81362543,144.97323591,Outdoor,A,202868,31310,13.3701714080742,False
2025-06-01,18,Matched,135459,200.97774480712167,674,Collins Place (North),Col12_T,-37.81344862,144.97305353,Outdoor,A,122794,12665,9.349692526890054,False
2025-06-01,19,Matched,368286,511.5083333333333,720,Chinatown-Swanston St (North),LtB210_T,-37.81237202,144.96550671,Outdoor,A,232673,135613,36.82274102192318,False
2025-06-01,20,Matched,243559,338.2763888888889,720,Chinatown-Lt Bourke St (South),LtB170_T,-37.81172914,144.9682466,Outdoor,A,145082,98477,40.43250300748484,False
2025-06-01,21,Matched,246192,341.93333333333334,720,155-161 Russell Street,Bourke155_T,-37.81267313,144.96788288,Outdoor,A,160760,85432,34.70137128745044,False
2025-06-01,23,Matched,247867,344.2597222222222,720,Spencer St-Collins St (South),Col623_T,-37.81909256,144.95452748,Outdoor,A,206666,41201,16.622220787761176,False
2025-06-01,24,Matched,625553,868.8236111111111,720,Spencer St-Collins St (North),Col620_T,-37.81887963,144.95449198,Outdoor,A,496355,129198,20.65340586648933,False
2025-06-01,25,Matched,389029,558.9497126436781,696,Melbourne Convention Exhibition Centre,MCEC_T,-37.82401776,144.95604426,Outdoor,A,224854,164175,42.2012240732696,False
2025-06-01,27,Matched,107736,150.050139275766,718,QV Market-Peel St,Vic_T,-37.80606888,144.95644692,Outdoor,A,65256,42480,39.42971708621074,False
2025-06-01,28,Unmatched,363462,593.8921568627451,612,,,,,,,253081,110381,30.36933709713808,False
2025-06-01,29,Matched,182840,255.00697350069734,717,St Kilda Rd-Alexandra Gardens,AG_T,-37.8199817,144.96872865,Outdoor,A,118351,64489,35.270728505797415,False
2025-06-01,30,Matched,284962,395.78055555555557,720,Lonsdale St (South),Lon189_T,-37.8112185,144.96656806,Outdoor,A,177431,107531,37.73520679950309,False
2025-06-01,31,Matched,129874,180.88300835654596,718,Lygon St (West),Lyg161_T,-37.80169681,144.96658911,Outdoor,A,78147,51727,39.828603107627394,False
2025-06-01,35,Matched,700104,972.3666666666667,720,Southbank Promenade,SouthB_T,-37.82018685,144.96508508,Outdoor,A,477002,223102,31.866979763006636,False
2025-06-01,36,Matched,157620,218.91666666666666,720,Queen St (West),Que85_T,-37.81652527,144.96121062,Outdoor,A,116933,40687,25.813348559827432,False
2025-06-01,37,Matched,61231,101.37582781456953,604,Lygon St (East),Lyg260_T,-37.80107122,144.96704554,Outdoor,A,45007,16224,26.496382551322046,False
2025-06-01,39,Matched,49665,74.01639344262296,671,Alfred Place,AlfPl_T,-37.81379749,144.96995745,Outdoor,A,40721,8944,18.00865800865801,False
2025-06-01,40,Matched,150323,210.83169705469845,713,Lonsdale St-Spring St (West),Spr201_T,-37.80999341,144.97227587,Outdoor,A,119124,31199,20.75464167160049,False
2025-06-01,41,Matched,1065125,1479.3402777777778,720,Flinders La-Swanston St (West),Swa31,-37.81668634,144.96689733,Outdoor,A,732333,332792,31.244407933341158,False
2025-06-01,42,Matched,72758,164.984126984127,441,Grattan St-Swanston St (West),UM1_T,-37.80008566,144.96386412,Outdoor,A,63281,9477,13.02537178042277,False
2025-06-01,43,Matched,84502,122.644412191582,689,Monash Rd-Swanston St (West),UM2_T,-37.79844526,144.96411782,Outdoor,A,68749,15753,18.642162315684836,False
2025-06-01,44,Matched,42746,65.46094946401224,653,Tin Alley-Swanston St (West),UM3_T,-37.79698741,144.96441306,Outdoor,A,33733,9013,21.08501380246105,False
2025-06-01,45,Matched,441626,615.9358437935844,717,Little Collins St-Swanston St (East),Swa148_T,-37.81414075,144.96609379,Outdoor,A,285698,155928,35.30770380367098,False
2025-06-01,46,Matched,40357,80.39243027888446,502,Pelham St (South),Pel147_T,-37.80240719,144.9615673,Outdoor,A,33793,6564,16.264836335703844,False
2025-06-01,47,Matched,624847,867.8430555555556,720,Melbourne Central-Elizabeth St (East),Eli250_T,-37.81258467,144.9625775,Outdoor,A,422807,202040,32.334315440419815,False
2025-06-01,48,Matched,174975,337.1387283236994,519,QVM-Queen St (East),QVMQ_T,-37.80631581,144.95866697,Outdoor,A,106156,68819,39.33076153736248,False
2025-06-01,49,Matched,260571,361.90416666666664,720,QVM-Therry St (South),Eli501_T,-37.80730068,144.95956055,Outdoor,A,169438,91133,34.974344804295185,False
2025-06-01,50,Matched,141636,200.33380480905234,707,Faraday St-Lygon St (West),Lyg309_T,-37.79808192,144.96721013,Outdoor,A,90922,50714,35.80586856448925,False
2025-06-01,51,Matched,82353,114.37916666666666,720,QVM-Franklin St (North),Fra118_T,-37.80841815,144.95906316,Outdoor,A,54118,28235,34.28533265333382,False
2025-06-01,52,Matched,261763,363.5597222222222,720,Elizabeth St-Lonsdale St (South),Eli263_T,-37.81252157,144.9619401,Outdoor,A,176751,85012,32.47670602797187,False
2025-06-01,53,Matched,331294,460.7705146036161,719,Collins Street (North),Col254_T,-37.81564191,144.965499,Outdoor,A,239585,91709,27.682058835958394,False
2025-06-01,54,Matched,111057,154.89121338912133,717,Lincoln-Swanston (West),Swa607_T,-37.804024,144.96308399,Outdoor,A,82123,28934,26.05328795123225,False
2025-06-01,56,Matched,297726,426.54154727793696,698,Lonsdale St - Elizabeth St (North),Lon364_T,-37.81234775,144.96153311,Outdoor,A,195372,102354,34.37858971000181,False
2025-06-01,58,Matched,467677,649.5513888888889,720,Bourke St - Spencer St (North),Bou688_T,-37.81686075,144.95358075,Outdoor,A,351946,115731,24.745925072218647,False
2025-06-01,59,Matched,396466,550.6472222222222,720,Building 80 RMIT,RMIT_T,-37.80825648,144.96304859,Outdoor,A,303462,93004,23.45825367118492,False
2025-06-01,61,Matched,234026,325.0361111111111,720,RMIT Building 14,RMIT14_T,-37.80767455,144.96309114,Outdoor,A,178281,55745,23.820002905660054,False
2025-06-01,62,Matched,170848,237.2888888888889,720,La Trobe St (North),Lat224_T,-37.80996494,144.96216521,Outdoor,A,118665,52183,30.543524068177565,False
2025-06-01,63,Matched,223045,311.95104895104896,715,231 Bourke St,Bou231_T,-37.81333081,144.96675571,Outdoor,A,156839,66206,29.68279943509157,False
2025-06-01,66,Matched,772571,1073.0152777777778,720,"QV2 Apartments, 300 Swanston Street",QVN_T,-37.81057846,144.96444294,Outdoor,A,524641,247930,32.09154886735329,False
2025-06-01,67,Matched,315968,438.84444444444443,720,Flinders Ln -Degraves St (South),FLDegS_T,-37.81688755,144.96562569,Outdoor,A,227778,88190,27.911054283978125,False
2025-06-01,68,Matched,182202,271.13392857142856,672,Flinders Ln -Degraves St (North),FLDegN_T,-37.8168479,144.96559789,Outdoor,A,127737,54465,29.89264662297889,False
2025-06-01,69,Matched,135131,201.68805970149253,670,Flinders Ln -Degraves St (Crossing),FLDegC_T,-37.81687226,144.96559144,Outdoor,A,93007,42124,31.172713885044885,False
2025-06-01,70,Matched,105349,150.9297994269341,698,Errol Street (East),Errol20_T,-37.80456984,144.94946228,Outdoor,A,73303,32046,30.418893392438466,False
2025-06-01,71,Matched,14686,21.100574712643677,696,Westwood Place,WestWP_T,-37.81235775,144.97136962,Outdoor,A,12082,2604,17.731172545281222,False
2025-06-01,72,Matched,194846,278.3514285714286,700,Flinders St- ACMI,ACMI_T,-37.81726338,144.96872809,Outdoor,A,140960,53886,27.655687055418127,False
2025-06-01,75,Matched,35731,53.25037257824143,671,Spring St- Flinders st (West),SprFli_T,-37.81515276,144.97467661,Outdoor,A,26033,9698,27.141697685483194,False
2025-06-01,76,Matched,38340,61.54093097913323,623,Macaulay Rd- Bellair St,KenMac_T,-37.79453803,144.93036194,Outdoor,A,28400,9940,25.925925925925924,False
2025-06-01,77,Matched,107581,151.30942334739802,711,Harbour Esplanade (West) - Pedestrian path,HarEsP_T,-37.81441438,144.94433026,Outdoor,A,70767,36814,34.21979717608128,False
2025-06-01,78,Unmatched,31571,46.08905109489051,685,,,,,,,20915,10656,33.75249437775174,False
2025-06-01,79,Matched,344006,477.7861111111111,720,Flinders St (South),FliSS_T,-37.81794046,144.96616678,Outdoor,A,235040,108966,31.675610309122515,False
2025-06-01,84,Matched,781131,1084.9041666666667,720,Elizabeth St - Flinders St (East) - New footpath,ElFi_T,-37.81798049,144.96503383,Outdoor,A,558147,222984,28.54630017244227,False
2025-06-01,85,Matched,59396,92.22981366459628,644,Macaulay Rd (North),488Mac_T,-37.79432415,144.92973378,Outdoor,A,42520,16876,28.412687723078996,False
2025-06-01,86,Matched,39118,59.63109756097561,656,Queensberry St - Errol St (South),574Qub_T,-37.80309992,144.94908064,Outdoor,A,27639,11479,29.3445472672427,False
2025-06-01,87,Matched,76280,109.9135446685879,694,Errol St (West),Errol23_T,-37.80454949,144.94921863,Outdoor,A,54362,21918,28.733613004719455,False
2025-06-01,107,Matched,100625,140.34170153417014,717,Royal Mint 280 William St,280Will_T,-37.81246271,144.95690188,Outdoor,A,76701,23924,23.775403726708074,False
2025-06-01,108,Matched,321763,447.5146036161335,719,William St - Little Lonsdale St (West),261Will_T,-37.81295822,144.95678789,Outdoor,A,288059,33704,10.474790451357055,False
2025-06-01,109,Matched,118823,167.1209563994374,711,La Trobe St- William St (South),LatWill_T,-37.81193681,144.95621105,Outdoor,A,98184,20639,17.369532834552235,False
2025-06-01,117,Matched,145721,203.8055944055944,715,114 Flinders Street Car Park Footpath,Fli114F_T,-37.81629332,144.97090877,Outdoor,A,100577,45144,30.979748972351274,False
2025-06-01,118,Matched,14858,24.763333333333332,600,114 Flinders Street Car Park Crossing,Fli114C_T,-37.81632783,144.97090512,Outdoor,A,10314,4544,30.582850989366,False
2025-06-01,123,Matched,19601,46.22877358490566,424,Birrarung Marr East - Batman Ave Bridge Entry,BirBridge_T,-37.81753741,144.97329734,Outdoor,A,13365,6236,31.81470333146268,False
2025-06-01,124,Matched,2509,8.534013605442176,294,Birrarung Marr East - Batman Ave Bridge Entry,BirBridge_T,-37.81757416,144.97329934,Outdoor,A,1659,850,33.87803905938621,False
2025-06-01,130,Matched,32368,53.23684210526316,608,I-Hub 892 Bourke Street,Bou892T,-37.8204637,144.94126826,Outdoor,A,24134,8234,25.438704893722196,False
2025-06-01,131,Matched,99784,138.5888888888889,720,I-Hub Corner of King Street and Flinders Street (2-6 King),King2_T,-37.82009057,144.95758725,Outdoor,A,65473,34311,34.38527218792592,False
2025-06-01,132,Matched,109290,151.79166666666666,720,I-Hub Corner of King Street and Latrobe Street (317-335 King),King335_T,-37.81267639,144.95386444,Outdoor,A,77103,32187,29.451001921493276,False
2025-06-01,133,Matched,394692,548.1833333333333,720,I-Hub Southern Cross Station - Lonsdale Street Entrance - South,Spen229_T,-37.81531435,144.95227769,Outdoor,A,286481,108211,27.41656785544171,False
2025-06-01,134,Matched,314678,437.0527777777778,720,I-Hub Southern Cross Station - Bourke Street Entrance - North,Spen201_T,-37.81694221,144.95303935,Outdoor,A,223907,90771,28.845677168407068,False
2025-06-01,135,Matched,283091,393.18194444444447,720,I-Hub Southern Cross Station - Bourke Street Entrance - South,Spen161_T,-37.8172861,144.95319102,Outdoor,A,196587,86504,30.556958716455135,False
2025-06-01,136,Matched,84140,147.0979020979021,572,"COM Pole 1120 - Towards the City, Near Federation Square Bridge",BirFed1120_T,-37.8184141,144.97357915,Outdoor,A,44604,39536,46.988352745424294,False
2025-06-01,137,Matched,25832,48.19402985074627,536,"COM Pole 2353 - Towards the city, NAB Building",BouHbr2353_T,-37.81894815,144.94612292,Outdoor,A,22944,2888,11.179931867451224,False
2025-06-01,138,Matched,4154,10.761658031088082,386,"COM Pole 1671 - Enterprize Park, Queens Bridge",EntPark1671_T,-37.81996544,144.95981454,Outdoor,A,2994,1160,27.924891670678864,False
2025-06-01,139,Matched,47254,69.59351988217968,679,COM Pole 1647 - Sandridge Bridge Signal Box,Signal1647_T,-37.81959923,144.9632832,Outdoor,A,39420,7834,16.578490709781182,False
2025-06-01,140,Matched,45659,133.50584795321637,342,COM Pole 2837 - Boyd Park,Boyd2837_T,-37.82590962,144.96185972,Outdoor,A,31374,14285,31.286274338027553,False
2025-06-01,141,Matched,113435,157.54861111111111,720,Awning of Nationwide Parking 474 Flinders Street,474Fl_T,-37.81997273,144.95834911,Outdoor,A,73776,39659,34.96187243796007,False
2025-06-01,142,Matched,180845,330.61243144424134,547,Hamer Hall Entrance (COM Pole 1584),Hammer1584_T,-37.81970749,144.96795734,Outdoor,A,108093,72752,40.22892532279023,False
2025-06-01,143,Matched,156417,217.24583333333334,720,"Mounted on Toilet - Spencer Street, Batman Park",Spencer_T,-37.821728,144.95557015,Outdoor,A,95939,60478,38.664595280564136,False
2025-06-01,161,Matched,99748,180.70289855072463,552,Birrarung Marr - COM - Pole 1109,BirArt1109_T,-37.81851276,144.97131336,Outdoor,A,52975,46773,46.8911657376589,False
2025-06-01,162,Matched,293421,407.52916666666664,720,iHub 489 Elizabeth Street,Eli489_T,-37.80740397,144.95987909,Outdoor,A,184507,108914,37.11867930379898,False
2025-06-01,164,Matched,75971,107.00140845070422,710,I-Hub 526 La Trobe Street (Footpath),Lat526_T,-37.813005,144.95160411,Outdoor,A,55209,20762,27.32884916612918,False
2025-06-01,165,Matched,26167,38.99701937406856,671,475 Spencer Street,Spen475_T,-37.80953359,144.94939004,Outdoor,A,18674,7493,28.63530400886613,False
2025-06-01,166,Matched,33317,50.17620481927711,664,484 Spencer Street,Spen484_T,-37.80896733,144.94931703,Outdoor,A,22572,10745,32.25080289341777,False
2025-06-01,167,Matched,32974,48.207602339181285,684,I-Hub 526 La Trobe Street (Crossing),Lat526_T,-37.81304149,144.95155955,Outdoor,A,23738,9236,28.009947231151816,False
2025-06-01,179,Matched,49042,68.78260869565217,713,61-67 Power Street Southbank,Pow61_T,-37.82392385,144.96299677,Outdoor,A,33736,15306,31.20998327963786,False
2025-06-01,180,Matched,24763,43.520210896309315,569,"Pumping Station No.2, 330 Macaulay Road",Mac330_T,-37.79497059,144.93530329,Outdoor,A,18347,6416,25.909623228203365,False
2025-06-01,181,Matched,627184,871.0888888888888,720,368 Elizabeth Street,Eli368_T,-37.81009465,144.96143149,Outdoor,A,434516,192668,30.719533661573,False
2025-06-01,182,Matched,195960,272.1666666666667,720,163 King Street,King163_T,-37.81627451,144.95550503,Outdoor,A,135848,60112,30.675648091447233,False
2025-06-01,184,Matched,61183,986.8225806451613,62,124 Elizabeth Street,Eli124_T,-37.81512416,144.96371988,Outdoor,A,19629,41554,67.9175587990128,False
2025-06-01,185,Matched,45824,751.2131147540983,61,197 Elizabeth Street,Eli197_T,-37.81374643,144.96276183,Outdoor,A,15729,30095,65.67519203910615,False
2025-06-01,209,Matched,439942,611.0305555555556,720,Flinders Underpass - Walkway,FliS_T,-37.81909037,144.96549709,Outdoor,A,303635,136307,30.9829477522037,False
2025-07-01,1,Matched,731372,984.349932705249,743,Bourke Street Mall (North),Bou292_T,-37.81349441,144.96515323,Outdoor,A,526291,205081,28.040586732880122,False
2025-07-01,2,Matched,390115,524.3481182795699,744,Bourke Street Mall (South),Bou283_T,-37.81380668,144.96516718,Outdoor,A,278776,111339,28.54004588390603,False
2025-07-01,3,Matched,806426,1083.9059139784947,744,Melbourne Central,Swa295_T,-37.81101524,144.96429485,Outdoor,A,575656,230770,28.616388856510085,False
2025-07-01,4,Matched,1081348,1453.4247311827958,744,Town Hall (West),Swa123_T,-37.81487988,144.9660878,Outdoor,A,771885,309463,28.618261651198317,False
2025-07-01,5,Matched,732679,984.7836021505376,744,Princes Bridge,PriNW_T,-37.81874249,144.96787656,Outdoor,A,499804,232875,31.784041851888755,False
2025-07-01,6,Matched,282015,386.85185185185185,729,Flinders Underpass - Myki Barriers,FliS_T,-37.81907439,144.96557866,Outdoor,A,236174,45841,16.25480914135773,False
2025-07-01,8,Matched,141546,239.502538071066,591,Webb Bridge,WebBN_T,-37.82293543,144.9471751,Outdoor,A,100048,41498,29.31767764542975,False
2025-07-01,9,Matched,417150,564.4790257104195,739,Southern Cross Station,Col700_T,-37.81982992,144.95102555,Outdoor,A,392840,24310,5.8276399376723,False
2025-07-01,10,Matched,87383,123.77195467422096,706,Victoria Point,BouHbr_T,-37.81876474,144.94710545,Outdoor,A,63830,23553,26.953755307096344,False
2025-07-01,11,Matched,117759,167.03404255319148,705,Docklands Waterfront City Building Side,WatCit_T,-37.81566651,144.93974366,Outdoor,A,57017,60742,51.5816200884858,False
2025-07-01,12,Matched,137823,201.49561403508773,684,New Quay,NewQ_T,-37.81457988,144.94292398,Outdoor,A,81910,55913,40.568700434615415,False
2025-07-01,14,Matched,151990,247.94453507340947,613,Sandridge Bridge,SanBri_T,-37.82011242,144.96291897,Outdoor,A,114600,37390,24.60030265149023,False
2025-07-01,17,Matched,267726,359.8467741935484,744,Collins Place (South),Col15_T,-37.81362543,144.97323591,Outdoor,A,233834,33892,12.659211283177576,False
2025-07-01,18,Matched,152744,221.0477568740955,691,Collins Place (North),Col12_T,-37.81344862,144.97305353,Outdoor,A,139043,13701,8.969910438380559,False
2025-07-01,19,Matched,400431,538.2137096774194,744,Chinatown-Swanston St (North),LtB210_T,-37.81237202,144.96550671,Outdoor,A,276613,123818,30.921182425936056,False
2025-07-01,20,Matched,268672,361.1182795698925,744,Chinatown-Lt Bourke St (South),LtB170_T,-37.81172914,144.9682466,Outdoor,A,176367,92305,34.35601774654597,False
2025-07-01,21,Matched,279077,376.1145552560647,742,155-161 Russell Street,Bourke155_T,-37.81267313,144.96788288,Outdoor,A,193141,85936,30.792935283093914,False
2025-07-01,23,Matched,288274,387.9865410497981,743,Spencer St-Collins St (South),Col623_T,-37.81909256,144.95452748,Outdoor,A,242450,45824,15.895987844897563,False
2025-07-01,24,Matched,721016,969.1075268817204,744,Spencer St-Collins St (North),Col620_T,-37.81887963,144.95449198,Outdoor,A,590606,130410,18.086977265414358,False
2025-07-01,25,Matched,397929,556.5440559440559,715,Melbourne Convention Exhibition Centre,MCEC_T,-37.82401776,144.95604426,Outdoor,A,247112,150817,37.90047973382186,False
2025-07-01,27,Matched,120658,162.83130904183537,741,QV Market-Peel St,Vic_T,-37.80606888,144.95644692,Outdoor,A,81248,39410,32.66256692469625,False
2025-07-01,28,Unmatched,474203,682.3064748201439,695,,,,,,,345899,128304,27.056766827708806,False
2025-07-01,29,Matched,225763,313.99582753824757,719,St Kilda Rd-Alexandra Gardens,AG_T,-37.8199817,144.96872865,Outdoor,A,153460,72303,32.02606272949952,False
2025-07-01,30,Matched,308332,414.4247311827957,744,Lonsdale St (South),Lon189_T,-37.8112185,144.96656806,Outdoor,A,208681,99651,32.31938300273731,False
2025-07-01,31,Matched,141688,191.21187584345478,741,Lygon St (West),Lyg161_T,-37.80169681,144.96658911,Outdoor,A,91213,50475,35.62404720230366,False
2025-07-01,35,Matched,845486,1136.4059139784947,744,Southbank Promenade,SouthB_T,-37.82018685,144.96508508,Outdoor,A,593802,251684,29.767967772381805,False
2025-07-01,36,Matched,175847,236.67160161507402,743,Queen St (West),Que85_T,-37.81652527,144.96121062,Outdoor,A,136414,39433,22.424607755605724,False
2025-07-01,37,Matched,58843,99.39695945945945,592,Lygon St (East),Lyg260_T,-37.80107122,144.96704554,Outdoor,A,43253,15590,26.494230409734378,False
2025-07-01,39,Matched,56208,83.518573551263,673,Alfred Place,AlfPl_T,-37.81379749,144.96995745,Outdoor,A,47916,8292,14.752348420153716,False
2025-07-01,40,Matched,169674,228.97975708502025,741,Lonsdale St-Spring St (West),Spr201_T,-37.80999341,144.97227587,Outdoor,A,135701,33973,20.02251376168417,False
2025-07-01,41,Matched,1164655,1565.396505376344,744,Flinders La-Swanston St (West),Swa31,-37.81668634,144.96689733,Outdoor,A,860791,303864,26.09047314440757,False
2025-07-01,42,Matched,148157,204.07300275482095,726,Grattan St-Swanston St (West),UM1_T,-37.80008566,144.96386412,Outdoor,A,135182,12975,8.757601733296436,False
2025-07-01,43,Matched,100669,142.18785310734464,708,Monash Rd-Swanston St (West),UM2_T,-37.79844526,144.96411782,Outdoor,A,88619,12050,11.969921226991428,False
2025-07-01,44,Matched,48871,72.50890207715133,674,Tin Alley-Swanston St (West),UM3_T,-37.79698741,144.96441306,Outdoor,A,41453,7418,15.178735855619896,False
2025-07-01,45,Matched,534164,717.9623655913979,744,Little Collins St-Swanston St (East),Swa148_T,-37.81414075,144.96609379,Outdoor,A,376633,157531,29.491130064923883,False
2025-07-01,46,Matched,37804,72.56046065259117,521,Pelham St (South),Pel147_T,-37.80240719,144.9615673,Outdoor,A,32891,4913,12.995979261453813,False
2025-07-01,47,Matched,683124,918.1774193548387,744,Melbourne Central-Elizabeth St (East),Eli250_T,-37.81258467,144.9625775,Outdoor,A,498994,184130,26.95411082029031,False
2025-07-01,48,Matched,209480,391.5514018691589,535,QVM-Queen St (East),QVMQ_T,-37.80631581,144.95866697,Outdoor,A,144410,65070,31.062631277448922,False
2025-07-01,49,Matched,290597,390.5873655913978,744,QVM-Therry St (South),Eli501_T,-37.80730068,144.95956055,Outdoor,A,204896,85701,29.491357446911014,False
2025-07-01,50,Matched,147744,202.66666666666666,729,Faraday St-Lygon St (West),Lyg309_T,-37.79808192,144.96721013,Outdoor,A,101579,46165,31.2466157678146,False
2025-07-01,51,Matched,92284,124.03763440860214,744,QVM-Franklin St (North),Fra118_T,-37.80841815,144.95906316,Outdoor,A,66982,25302,27.417537167873085,False
2025-07-01,52,Matched,271712,366.188679245283,742,Elizabeth St-Lonsdale St (South),Eli263_T,-37.81252157,144.9619401,Outdoor,A,195200,76512,28.159227417265342,False
2025-07-01,53,Matched,388119,522.3674293405114,743,Collins Street (North),Col254_T,-37.81564191,144.965499,Outdoor,A,293178,94941,24.461827429216296,False
2025-07-01,54,Matched,123376,165.8279569892473,744,Lincoln-Swanston (West),Swa607_T,-37.804024,144.96308399,Outdoor,A,99780,23596,19.125275580339775,False
2025-07-01,56,Matched,326531,451.63347164591977,723,Lonsdale St - Elizabeth St (North),Lon364_T,-37.81234775,144.96153311,Outdoor,A,233056,93475,28.626684755811855,False
2025-07-01,58,Matched,551006,740.5994623655914,744,Bourke St - Spencer St (North),Bou688_T,-37.81686075,144.95358075,Outdoor,A,431898,119108,21.61646152673474,False
2025-07-01,59,Matched,618704,831.5913978494624,744,Building 80 RMIT,RMIT_T,-37.80825648,144.96304859,Outdoor,A,521539,97165,15.704601877472912,False
2025-07-01,61,Matched,315066,423.4758064516129,744,RMIT Building 14,RMIT14_T,-37.80767455,144.96309114,Outdoor,A,260597,54469,17.288123758196694,False
2025-07-01,62,Matched,218066,293.0994623655914,744,La Trobe St (North),Lat224_T,-37.80996494,144.96216521,Outdoor,A,160355,57711,26.464923463538565,False
2025-07-01,63,Matched,260057,354.78444747612554,733,231 Bourke St,Bou231_T,-37.81333081,144.96675571,Outdoor,A,192980,67077,25.79319149263431,False
2025-07-01,66,Matched,863705,1160.893817204301,744,"QV2 Apartments, 300 Swanston Street",QVN_T,-37.81057846,144.96444294,Outdoor,A,627973,235732,27.29311512611366,False
2025-07-01,67,Matched,351348,473.5148247978437,742,Flinders Ln -Degraves St (South),FLDegS_T,-37.81688755,144.96562569,Outdoor,A,266140,85208,24.251739016587543,False
2025-07-01,68,Matched,212163,306.1515151515151,693,Flinders Ln -Degraves St (North),FLDegN_T,-37.8168479,144.96559789,Outdoor,A,156928,55235,26.034228399862368,False
2025-07-01,69,Matched,153949,217.13540197461214,709,Flinders Ln -Degraves St (Crossing),FLDegC_T,-37.81687226,144.96559144,Outdoor,A,114258,39691,25.78191478996291,False
2025-07-01,70,Matched,111410,154.73611111111111,720,Errol Street (East),Errol20_T,-37.80456984,144.94946228,Outdoor,A,82370,29040,26.065882775334348,False
2025-07-01,71,Matched,17794,24.991573033707866,712,Westwood Place,WestWP_T,-37.81235775,144.97136962,Outdoor,A,14997,2797,15.718781611779251,False
2025-07-01,72,Matched,219699,299.72578444747614,733,Flinders St- ACMI,ACMI_T,-37.81726338,144.96872809,Outdoor,A,161067,58632,26.68742233692461,False
2025-07-01,75,Matched,45763,65.18945868945869,702,Spring St- Flinders st (West),SprFli_T,-37.81515276,144.97467661,Outdoor,A,33183,12580,27.48945654786618,False
2025-07-01,76,Matched,41939,62.971471471471475,666,Macaulay Rd- Bellair St,KenMac_T,-37.79453803,144.93036194,Outdoor,A,31897,10042,23.944300054841555,False
2025-07-01,77,Matched,212120,286.2618083670715,741,Harbour Esplanade (West) - Pedestrian path,HarEsP_T,-37.81441438,144.94433026,Outdoor,A,114007,98113,46.25353573448991,False
2025-07-01,78,Unmatched,64824,90.66293706293706,715,,,,,,,31916,32908,50.76514871035419,False
2025-07-01,79,Matched,369262,496.3198924731183,744,Flinders St (South),FliSS_T,-37.81794046,144.96616678,Outdoor,A,264962,104300,28.245527565793395,False
2025-07-01,84,Matched,853868,1147.6720430107528,744,Elizabeth St - Flinders St (East) - New footpath,ElFi_T,-37.81798049,144.96503383,Outdoor,A,644897,208971,24.47345491340582,False
2025-07-01,85,Matched,61665,90.95132743362832,678,Macaulay Rd (North),488Mac_T,-37.79432415,144.92973378,Outdoor,A,46057,15608,25.31095435011757,False
2025-07-01,86,Matched,42440,62.781065088757394,676,Queensberry St - Errol St (South),574Qub_T,-37.80309992,144.94908064,Outdoor,A,32050,10390,24.48162111215834,False
2025-07-01,87,Matched,84048,116.24896265560166,723,Errol St (West),Errol23_T,-37.80454949,144.94921863,Outdoor,A,64454,19594,23.31286883685513,False
2025-07-01,107,Matched,113766,154.36363636363637,737,Royal Mint 280 William St,280Will_T,-37.81246271,144.95690188,Outdoor,A,89254,24512,21.545980345621714,False
2025-07-01,108,Matched,348386,468.26075268817203,744,William St - Little Lonsdale St (West),261Will_T,-37.81295822,144.95678789,Outdoor,A,315249,33137,9.511576240147422,False
2025-07-01,109,Matched,131979,177.39112903225808,744,La Trobe St- William St (South),LatWill_T,-37.81193681,144.95621105,Outdoor,A,110204,21775,16.498836936179238,False
2025-07-01,117,Matched,170012,229.43589743589743,741,114 Flinders Street Car Park Footpath,Fli114F_T,-37.81629332,144.97090877,Outdoor,A,117731,52281,30.751358727619227,False
2025-07-01,118,Matched,16970,27.41518578352181,619,114 Flinders Street Car Park Crossing,Fli114C_T,-37.81632783,144.97090512,Outdoor,A,11843,5127,30.2121390689452,False
2025-07-01,123,Matched,23618,53.43438914027149,442,Birrarung Marr East - Batman Ave Bridge Entry,BirBridge_T,-37.81753741,144.97329734,Outdoor,A,16066,7552,31.975611821492084,False
2025-07-01,124,Matched,2756,8.777070063694268,314,Birrarung Marr East - Batman Ave Bridge Entry,BirBridge_T,-37.81757416,144.97329934,Outdoor,A,1736,1020,37.010159651669085,False
2025-07-01,130,Matched,48643,76.36263736263736,637,I-Hub 892 Bourke Street,Bou892T,-37.8204637,144.94126826,Outdoor,A,31616,17027,35.00400879879942,False
2025-07-01,131,Matched,118490,159.47510094212652,743,I-Hub Corner of King Street and Flinders Street (2-6 King),King2_T,-37.82009057,144.95758725,Outdoor,A,82951,35539,29.99324837539033,False
2025-07-01,132,Matched,122362,164.46505376344086,744,I-Hub Corner of King Street and Latrobe Street (317-335 King),King335_T,-37.81267639,144.95386444,Outdoor,A,90323,32039,26.18378254686913,False
2025-07-01,133,Matched,457695,615.1814516129032,744,I-Hub Southern Cross Station - Lonsdale Street Entrance - South,Spen229_T,-37.81531435,144.95227769,Outdoor,A,347525,110170,24.07061471066977,False
2025-07-01,134,Matched,373033,501.38844086021504,744,I-Hub Southern Cross Station - Bourke Street Entrance - North,Spen201_T,-37.81694221,144.95303935,Outdoor,A,275772,97261,26.073028391590018,False
2025-07-01,135,Matched,344415,462.9233870967742,744,I-Hub Southern Cross Station - Bourke Street Entrance - South,Spen161_T,-37.8172861,144.95319102,Outdoor,A,251657,92758,26.932044190874382,False
2025-07-01,136,Matched,122813,212.11226252158895,579,"COM Pole 1120 - Towards the City, Near Federation Square Bridge",BirFed1120_T,-37.8184141,144.97357915,Outdoor,A,51993,70820,57.66490518104761,False
2025-07-01,137,Matched,35810,63.38053097345133,565,"COM Pole 2353 - Towards the city, NAB Building",BouHbr2353_T,-37.81894815,144.94612292,Outdoor,A,30487,5323,14.864562971237087,False
2025-07-01,138,Matched,4807,11.445238095238095,420,"COM Pole 1671 - Enterprize Park, Queens Bridge",EntPark1671_T,-37.81996544,144.95981454,Outdoor,A,3704,1103,22.94570418140212,False
2025-07-01,139,Matched,56735,80.36118980169972,706,COM Pole 1647 - Sandridge Bridge Signal Box,Signal1647_T,-37.81959923,144.9632832,Outdoor,A,47598,9137,16.104697276813255,False
2025-07-01,140,Matched,53829,145.09164420485175,371,COM Pole 2837 - Boyd Park,Boyd2837_T,-37.82590962,144.96185972,Outdoor,A,38994,14835,27.55949395307362,False
2025-07-01,141,Matched,137158,184.3521505376344,744,Awning of Nationwide Parking 474 Flinders Street,474Fl_T,-37.81997273,144.95834911,Outdoor,A,93444,43714,31.871272546989605,False
2025-07-01,142,Matched,239805,448.23364485981307,535,Hamer Hall Entrance (COM Pole 1584),Hammer1584_T,-37.81970749,144.96795734,Outdoor,A,148023,91782,38.27359729780447,False
2025-07-01,143,Matched,177710,238.85752688172042,744,"Mounted on Toilet - Spencer Street, Batman Park",Spencer_T,-37.821728,144.95557015,Outdoor,A,117004,60706,34.16014855663722,False
2025-07-01,161,Matched,120405,202.3613445378151,595,Birrarung Marr - COM - Pole 1109,BirArt1109_T,-37.81851276,144.97131336,Outdoor,A,66347,54058,44.89680661102114,False
2025-07-01,162,Matched,326456,438.78494623655916,744,iHub 489 Elizabeth Street,Eli489_T,-37.80740397,144.95987909,Outdoor,A,222596,103860,31.814394589163626,False
2025-07-01,164,Matched,88505,120.08819538670285,737,I-Hub 526 La Trobe Street (Footpath),Lat526_T,-37.813005,144.95160411,Outdoor,A,65776,22729,25.681034969775716,False
2025-07-01,165,Matched,27895,41.264792899408285,676,475 Spencer Street,Spen475_T,-37.80953359,144.94939004,Outdoor,A,20161,7734,27.725398816992293,False
2025-07-01,166,Matched,37530,55.76523031203566,673,484 Spencer Street,Spen484_T,-37.80896733,144.94931703,Outdoor,A,26841,10689,28.48121502797762,False
2025-07-01,167,Matched,40420,56.929577464788736,710,I-Hub 526 La Trobe Street (Crossing),Lat526_T,-37.81304149,144.95155955,Outdoor,A,29740,10680,26.422563087580407,False
2025-07-01,179,Matched,55129,74.70054200542006,738,61-67 Power Street Southbank,Pow61_T,-37.82392385,144.96299677,Outdoor,A,40808,14321,25.97725335123075,False
2025-07-01,180,Matched,28025,47.9059829059829,585,"Pumping Station No.2, 330 Macaulay Road",Mac330_T,-37.79497059,144.93530329,Outdoor,A,21611,6414,22.88670829616414,False
2025-07-01,181,Matched,668892,899.0483870967741,744,368 Elizabeth Street,Eli368_T,-37.81009465,144.96143149,Outdoor,A,491807,177085,26.47437852448527,False
2025-07-01,182,Matched,223837,300.85618279569894,744,163 King Street,King163_T,-37.81627451,144.95550503,Outdoor,A,162372,61465,27.459713988303992,False
2025-07-01,184,Matched,681548,916.0591397849462,744,124 Elizabeth Street,Eli124_T,-37.81512416,144.96371988,Outdoor,A,499566,181982,26.701274158239773,False
2025-07-01,185,Matched,546320,734.3010752688172,744,197 Elizabeth Street,Eli197_T,-37.81374643,144.96276183,Outdoor,A,407645,138675,25.383474886513397,False
2025-07-01,209,Matched,515692,693.1344086021505,744,Flinders Underpass - Walkway,FliS_T,-37.81909037,144.96549709,Outdoor,A,377423,138269,26.812322083724393,False
2025-08-01,1,Matched,760895,1022.7083333333334,744,Bourke Street Mall (North),Bou292_T,-37.81349441,144.96515323,Outdoor,A,479717,281178,36.95358755150185,False
2025-08-01,2,Matched,508322,705.0235783633842,721,Bourke Street Mall (South),Bou283_T,-37.81380668,144.96516718,Outdoor,A,312572,195750,38.50905528385551,False
2025-08-01,3,Matched,910333,1223.5658602150538,744,Melbourne Central,Swa295_T,-37.81101524,144.96429485,Outdoor,A,574418,335915,36.900233211363314,False
2025-08-01,4,Matched,1167082,1568.6586021505377,744,Town Hall (West),Swa123_T,-37.81487988,144.9660878,Outdoor,A,744519,422563,36.20679609487594,False
2025-08-01,5,Matched,841062,1133.5067385444745,742,Princes Bridge,PriNW_T,-37.81874249,144.96787656,Outdoor,A,533361,307701,36.58481776610999,False
2025-08-01,6,Matched,280856,382.1170068027211,735,Flinders Underpass - Myki Barriers,FliS_T,-37.81907439,144.96557866,Outdoor,A,223360,57496,20.471700800410176,False
2025-08-01,8,Matched,143832,215.64017991004496,667,Webb Bridge,WebBN_T,-37.82293543,144.9471751,Outdoor,A,100652,43180,30.021135769508874,False
2025-08-01,9,Matched,385970,521.581081081081,740,Southern Cross Station,Col700_T,-37.81982992,144.95102555,Outdoor,A,363588,22382,5.7988962872762135,False
2025-08-01,10,Matched,66169,92.41480446927375,716,Victoria Point,BouHbr_T,-37.81876474,144.94710545,Outdoor,A,52444,13725,20.742341579893907,False
2025-08-01,11,Matched,76271,108.03257790368272,706,Docklands Waterfront City Building Side,WatCit_T,-37.81566651,144.93974366,Outdoor,A,43405,32866,43.09108311153649,False
2025-08-01,12,Matched,122297,177.49927431059507,689,New Quay,NewQ_T,-37.81457988,144.94292398,Outdoor,A,69435,52862,43.22428187118245,False
2025-08-01,14,Matched,174540,279.71153846153845,624,Sandridge Bridge,SanBri_T,-37.82011242,144.96291897,Outdoor,A,126318,48222,27.628050876589892,False
2025-08-01,17,Matched,271094,364.3736559139785,744,Collins Place (South),Col15_T,-37.81362543,144.97323591,Outdoor,A,226448,44646,16.46882631116882,False
2025-08-01,18,Matched,162795,230.26166902404526,707,Collins Place (North),Col12_T,-37.81344862,144.97305353,Outdoor,A,142161,20634,12.674836450750945,False
2025-08-01,19,Matched,403813,543.4899057873486,743,Chinatown-Swanston St (North),LtB210_T,-37.81237202,144.96550671,Outdoor,A,247195,156618,38.78478404608073,False
2025-08-01,20,Matched,269095,361.68682795698925,744,Chinatown-Lt Bourke St (South),LtB170_T,-37.81172914,144.9682466,Outdoor,A,156022,113073,42.019732808116096,False
2025-08-01,21,Matched,291685,392.0497311827957,744,155-161 Russell Street,Bourke155_T,-37.81267313,144.96788288,Outdoor,A,177607,114078,39.109998800075424,False
2025-08-01,23,Matched,269869,362.72715053763443,744,Spencer St-Collins St (South),Col623_T,-37.81909256,144.95452748,Outdoor,A,215587,54282,20.1142035580226,False
2025-08-01,24,Matched,686663,922.9341397849462,744,Spencer St-Collins St (North),Col620_T,-37.81887963,144.95449198,Outdoor,A,525080,161583,23.5316305087066,False
2025-08-01,25,Matched,504385,677.9368279569892,744,Melbourne Convention Exhibition Centre,MCEC_T,-37.82401776,144.95604426,Outdoor,A,286693,217692,43.15988778413315,False
2025-08-01,27,Matched,122704,169.71507607192254,723,QV Market-Peel St,Vic_T,-37.80606888,144.95644692,Outdoor,A,72529,50175,40.891087495110185,False
2025-08-01,28,Unmatched,525690,729.1123439667128,721,,,,,,,342077,183613,34.927999391276224,False
2025-08-01,29,Matched,191986,266.2773925104022,721,St Kilda Rd-Alexandra Gardens,AG_T,-37.8199817,144.96872865,Outdoor,A,100944,91042,47.42116612669674,False
2025-08-01,30,Matched,312400,419.89247311827955,744,Lonsdale St (South),Lon189_T,-37.8112185,144.96656806,Outdoor,A,189351,123049,39.38828425096031,False
2025-08-01,31,Matched,153871,208.2151556156969,739,Lygon St (West),Lyg161_T,-37.80169681,144.96658911,Outdoor,A,88439,65432,42.52393238491984,False
2025-08-01,35,Matched,834666,1121.8629032258063,744,Southbank Promenade,SouthB_T,-37.82018685,144.96508508,Outdoor,A,545319,289347,34.666201810065346,False
2025-08-01,36,Matched,168903,227.0201612903226,744,Queen St (West),Que85_T,-37.81652527,144.96121062,Outdoor,A,122596,46307,27.41632771472384,False
2025-08-01,37,Matched,56226,97.61458333333333,576,Lygon St (East),Lyg260_T,-37.80107122,144.96704554,Outdoor,A,36855,19371,34.45203286735674,False
2025-08-01,39,Matched,70127,98.49297752808988,712,Alfred Place,AlfPl_T,-37.81379749,144.96995745,Outdoor,A,57246,12881,18.36810358349851,False
2025-08-01,40,Matched,172036,233.11111111111111,738,Lonsdale St-Spring St (West),Spr201_T,-37.80999341,144.97227587,Outdoor,A,128964,43072,25.03662024227487,False
2025-08-01,41,Matched,1283608,1725.279569892473,744,Flinders La-Swanston St (West),Swa31,-37.81668634,144.96689733,Outdoor,A,881431,402177,31.331761721647105,False
2025-08-01,42,Matched,201202,271.527665317139,741,Grattan St-Swanston St (West),UM1_T,-37.80008566,144.96386412,Outdoor,A,172073,29129,14.477490283396785,False
2025-08-01,43,Matched,172468,238.54495159059474,723,Monash Rd-Swanston St (West),UM2_T,-37.79844526,144.96411782,Outdoor,A,145440,27028,15.671312939211912,False
2025-08-01,44,Matched,75652,109.32369942196532,692,Tin Alley-Swanston St (West),UM3_T,-37.79698741,144.96441306,Outdoor,A,59445,16207,21.423095225506266,False
2025-08-01,45,Matched,533816,718.4602960969045,743,Little Collins St-Swanston St (East),Swa148_T,-37.81414075,144.96609379,Outdoor,A,330332,203484,38.118752528961295,False
2025-08-01,46,Matched,61251,106.15424610051993,577,Pelham St (South),Pel147_T,-37.80240719,144.9615673,Outdoor,A,51562,9689,15.81851724869798,False
2025-08-01,47,Matched,702950,944.8252688172043,744,Melbourne Central-Elizabeth St (East),Eli250_T,-37.81258467,144.9625775,Outdoor,A,458446,244504,34.78255921473789,False
2025-08-01,48,Matched,199513,372.92149532710283,535,QVM-Queen St (East),QVMQ_T,-37.80631581,144.95866697,Outdoor,A,119104,80409,40.302636920902394,False
2025-08-01,49,Matched,308600,414.78494623655916,744,QVM-Therry St (South),Eli501_T,-37.80730068,144.95956055,Outdoor,A,195571,113029,36.62637718729747,False
2025-08-01,50,Matched,155848,213.7832647462277,729,Faraday St-Lygon St (West),Lyg309_T,-37.79808192,144.96721013,Outdoor,A,95884,59964,38.47595092654381,False
2025-08-01,51,Matched,98153,131.92607526881721,744,QVM-Franklin St (North),Fra118_T,-37.80841815,144.95906316,Outdoor,A,64706,33447,34.07639094067426,False
2025-08-01,52,Matched,279417,375.56048387096774,744,Elizabeth St-Lonsdale St (South),Eli263_T,-37.81252157,144.9619401,Outdoor,A,183184,96233,34.440638901713214,False
2025-08-01,53,Matched,393336,530.8178137651822,741,Collins Street (North),Col254_T,-37.81564191,144.965499,Outdoor,A,270393,122943,31.256483006894868,False
2025-08-01,54,Matched,183721,246.93682795698925,744,Lincoln-Swanston (West),Swa607_T,-37.804024,144.96308399,Outdoor,A,141049,42672,23.22652282537108,False
2025-08-01,56,Matched,338138,456.32658569500677,741,Lonsdale St - Elizabeth St (North),Lon364_T,-37.81234775,144.96153311,Outdoor,A,218409,119729,35.408324411926486,False
2025-08-01,58,Matched,521455,700.880376344086,744,Bourke St - Spencer St (North),Bou688_T,-37.81686075,144.95358075,Outdoor,A,380322,141133,27.0652309403496,False
2025-08-01,59,Matched,844501,1135.0819892473119,744,Building 80 RMIT,RMIT_T,-37.80825648,144.96304859,Outdoor,A,663829,180672,21.393935590366382,False
2025-08-01,61,Matched,418269,562.1895161290323,744,RMIT Building 14,RMIT14_T,-37.80767455,144.96309114,Outdoor,A,312075,106194,25.38892435250999,False
2025-08-01,62,Matched,250163,336.24059139784947,744,La Trobe St (North),Lat224_T,-37.80996494,144.96216521,Outdoor,A,167108,83055,33.20035336960302,False
2025-08-01,63,Matched,274805,371.86062246278755,739,231 Bourke St,Bou231_T,-37.81333081,144.96675571,Outdoor,A,178141,96664,35.17548807336111,False
2025-08-01,66,Matched,948688,1275.1182795698924,744,"QV2 Apartments, 300 Swanston Street",QVN_T,-37.81057846,144.96444294,Outdoor,A,618564,330124,34.7979525407721,False
2025-08-01,67,Matched,366317,493.0242261103634,743,Flinders Ln -Degraves St (South),FLDegS_T,-37.81688755,144.96562569,Outdoor,A,253799,112518,30.716019185568783,False
2025-08-01,68,Matched,215285,308.87374461979914,697,Flinders Ln -Degraves St (North),FLDegN_T,-37.8168479,144.96559789,Outdoor,A,145990,69295,32.18756532038925,False
2025-08-01,69,Matched,165068,231.187675070028,714,Flinders Ln -Degraves St (Crossing),FLDegC_T,-37.81687226,144.96559144,Outdoor,A,110521,54547,33.04516926357623,False
2025-08-01,70,Matched,116078,160.99583911234396,721,Errol Street (East),Errol20_T,-37.80456984,144.94946228,Outdoor,A,76871,39207,33.776426196178434,False
2025-08-01,71,Matched,18192,25.02338376891334,727,Westwood Place,WestWP_T,-37.81235775,144.97136962,Outdoor,A,14146,4046,22.240545294635005,False
2025-08-01,72,Matched,213995,288.7921727395412,741,Flinders St- ACMI,ACMI_T,-37.81726338,144.96872809,Outdoor,A,148120,65875,30.783429519381293,False
2025-08-01,75,Matched,47152,67.45636623748211,699,Spring St- Flinders st (West),SprFli_T,-37.81515276,144.97467661,Outdoor,A,31715,15437,32.73880217170003,False
2025-08-01,76,Matched,43775,66.32575757575758,660,Macaulay Rd- Bellair St,KenMac_T,-37.79453803,144.93036194,Outdoor,A,30867,12908,29.487150199885782,False
2025-08-01,77,Matched,132537,179.58943089430895,738,Harbour Esplanade (West) - Pedestrian path,HarEsP_T,-37.81441438,144.94433026,Outdoor,A,81370,51167,38.605823279537034,False
2025-08-01,78,Unmatched,41157,57.48184357541899,716,,,,,,,25733,15424,37.47600651165051,False
2025-08-01,79,Matched,385483,518.122311827957,744,Flinders St (South),FliSS_T,-37.81794046,144.96616678,Outdoor,A,249562,135921,35.259920670950464,False
2025-08-01,84,Matched,870501,1170.0282258064517,744,Elizabeth St - Flinders St (East) - New footpath,ElFi_T,-37.81798049,144.96503383,Outdoor,A,600193,270308,31.052003386555562,False
2025-08-01,85,Matched,64059,94.48230088495575,678,Macaulay Rd (North),488Mac_T,-37.79432415,144.92973378,Outdoor,A,43839,20220,31.56465133704866,False
2025-08-01,86,Matched,44429,66.21311475409836,671,Queensberry St - Errol St (South),574Qub_T,-37.80309992,144.94908064,Outdoor,A,30030,14399,32.40901213171577,False
2025-08-01,87,Matched,86405,119.50899031811895,723,Errol St (West),Errol23_T,-37.80454949,144.94921863,Outdoor,A,60268,26137,30.24940686302876,False
2025-08-01,107,Matched,122916,165.4320323014805,743,Royal Mint 280 William St,280Will_T,-37.81246271,144.95690188,Outdoor,A,89673,33243,27.04529922874158,False
2025-08-01,108,Matched,349310,469.502688172043,744,William St - Little Lonsdale St (West),261Will_T,-37.81295822,144.95678789,Outdoor,A,306497,42813,12.256448426898743,False
2025-08-01,109,Matched,135396,182.22880215343204,743,La Trobe St- William St (South),LatWill_T,-37.81193681,144.95621105,Outdoor,A,108530,26866,19.84253596856628,False
2025-08-01,117,Matched,171693,232.01756756756757,740,114 Flinders Street Car Park Footpath,Fli114F_T,-37.81629332,144.97090877,Outdoor,A,115813,55880,32.54646374633794,False
2025-08-01,118,Matched,17937,28.516693163751988,629,114 Flinders Street Car Park Crossing,Fli114C_T,-37.81632783,144.97090512,Outdoor,A,11814,6123,34.13614316775381,False
2025-08-01,123,Matched,26985,55.63917525773196,485,Birrarung Marr East - Batman Ave Bridge Entry,BirBridge_T,-37.81753741,144.97329734,Outdoor,A,17374,9611,35.61608300907912,False
2025-08-01,124,Matched,3212,9.391812865497077,342,Birrarung Marr East - Batman Ave Bridge Entry,BirBridge_T,-37.81757416,144.97329934,Outdoor,A,1906,1306,40.66002490660025,False
2025-08-01,130,Matched,37942,60.4171974522293,628,I-Hub 892 Bourke Street,Bou892T,-37.8204637,144.94126826,Outdoor,A,26931,11011,29.02061040535554,False
2025-08-01,131,Matched,121375,163.13844086021504,744,I-Hub Corner of King Street and Flinders Street (2-6 King),King2_T,-37.82009057,144.95758725,Outdoor,A,78444,42931,35.37054582904223,False
2025-08-01,132,Matched,128633,172.8938172043011,744,I-Hub Corner of King Street and Latrobe Street (317-335 King),King335_T,-37.81267639,144.95386444,Outdoor,A,88042,40591,31.555666119891473,False
2025-08-01,133,Matched,456293,613.2970430107526,744,I-Hub Southern Cross Station - Lonsdale Street Entrance - South,Spen229_T,-37.81531435,144.95227769,Outdoor,A,320921,135372,29.667779255872873,False
2025-08-01,134,Matched,377694,507.6532258064516,744,I-Hub Southern Cross Station - Bourke Street Entrance - North,Spen201_T,-37.81694221,144.95303935,Outdoor,A,261235,116459,30.83422029473595,False
2025-08-01,135,Matched,326492,438.8333333333333,744,I-Hub Southern Cross Station - Bourke Street Entrance - South,Spen161_T,-37.8172861,144.95319102,Outdoor,A,218121,108371,33.1925437683006,False
2025-08-01,136,Matched,100056,171.32876712328766,584,"COM Pole 1120 - Towards the City, Near Federation Square Bridge",BirFed1120_T,-37.8184141,144.97357915,Outdoor,A,54373,45683,45.65743183817062,False
2025-08-01,137,Matched,29862,52.1151832460733,573,"COM Pole 2353 - Towards the city, NAB Building",BouHbr2353_T,-37.81894815,144.94612292,Outdoor,A,26312,3550,11.888018217132142,False
2025-08-01,138,Matched,4987,11.84560570071259,421,"COM Pole 1671 - Enterprize Park, Queens Bridge",EntPark1671_T,-37.81996544,144.95981454,Outdoor,A,3490,1497,30.018046921997193,False
2025-08-01,139,Matched,57388,81.6330014224751,703,COM Pole 1647 - Sandridge Bridge Signal Box,Signal1647_T,-37.81959923,144.9632832,Outdoor,A,46125,11263,19.626054227364605,False
2025-08-01,140,Matched,58954,143.4403892944039,411,COM Pole 2837 - Boyd Park,Boyd2837_T,-37.82590962,144.96185972,Outdoor,A,40012,18942,32.13013535977203,False
2025-08-01,141,Matched,122538,164.7016129032258,744,Awning of Nationwide Parking 474 Flinders Street,474Fl_T,-37.81997273,144.95834911,Outdoor,A,76123,46415,37.87804599389577,False
2025-08-01,142,Matched,247470,435.6866197183099,568,Hamer Hall Entrance (COM Pole 1584),Hammer1584_T,-37.81970749,144.96795734,Outdoor,A,140048,107422,43.40808986947913,False
2025-08-01,143,Matched,188129,252.86155913978496,744,"Mounted on Toilet - Spencer Street, Batman Park",Spencer_T,-37.821728,144.95557015,Outdoor,A,109726,78403,41.675127173375714,False
2025-08-01,161,Matched,134424,224.41402337228715,599,Birrarung Marr - COM - Pole 1109,BirArt1109_T,-37.81851276,144.97131336,Outdoor,A,72693,61731,45.92260310658811,False
2025-08-01,162,Matched,378498,508.73387096774195,744,iHub 489 Elizabeth Street,Eli489_T,-37.80740397,144.95987909,Outdoor,A,232433,146065,38.59069268529821,False
2025-08-01,164,Matched,91227,123.78154681139756,737,I-Hub 526 La Trobe Street (Footpath),Lat526_T,-37.813005,144.95160411,Outdoor,A,63535,27692,30.355048395760026,False
2025-08-01,165,Matched,28141,42.1904047976012,667,475 Spencer Street,Spen475_T,-37.80953359,144.94939004,Outdoor,A,19121,9020,32.052876585764544,False
2025-08-01,166,Matched,40344,59.41678939617084,679,484 Spencer Street,Spen484_T,-37.80896733,144.94931703,Outdoor,A,25839,14505,35.95330160618679,False
2025-08-01,167,Matched,43058,59.30853994490358,726,I-Hub 526 La Trobe Street (Crossing),Lat526_T,-37.81304149,144.95155955,Outdoor,A,31009,12049,27.983185470760368,False
2025-08-01,179,Matched,54535,73.99592944369064,737,61-67 Power Street Southbank,Pow61_T,-37.82392385,144.96299677,Outdoor,A,36454,18081,33.154854680480426,False
2025-08-01,180,Matched,28013,47.560271646859086,589,"Pumping Station No.2, 330 Macaulay Road",Mac330_T,-37.79497059,144.93530329,Outdoor,A,19731,8282,29.564844893442334,False
2025-08-01,181,Matched,793111,1066.0094086021506,744,368 Elizabeth Street,Eli368_T,-37.81009465,144.96143149,Outdoor,A,538457,254654,32.10824209978175,False
2025-08-01,182,Matched,221373,297.5443548387097,744,163 King Street,King163_T,-37.81627451,144.95550503,Outdoor,A,146713,74660,33.725883463656366,False
2025-08-01,184,Matched,677502,910.6209677419355,744,124 Elizabeth Street,Eli124_T,-37.81512416,144.96371988,Outdoor,A,443797,233705,34.49510112147271,False
2025-08-01,185,Matched,546096,734.0,744,197 Elizabeth Street,Eli197_T,-37.81374643,144.96276183,Outdoor,A,365731,180365,33.028075649702615,False
2025-08-01,209,Matched,511423,687.3965053763441,744,Flinders Underpass - Walkway,FliS_T,-37.81909037,144.96549709,Outdoor,A,339099,172324,33.69500393998705,False
2025-09-01,1,Matched,686816,953.9111111111112,720,Bourke Street Mall (North),Bou292_T,-37.81349441,144.96515323,Outdoor,A,492629,194187,28.273511391697337,False
2025-09-01,2,Matched,474265,658.7013888888889,720,Bourke Street Mall (South),Bou283_T,-37.81380668,144.96516718,Outdoor,A,341449,132816,28.004596586296692,False
2025-09-01,3,Matched,815802,1133.0583333333334,720,Melbourne Central,Swa295_T,-37.81101524,144.96429485,Outdoor,A,580863,234939,28.7985319967345,False
2025-09-01,4,Matched,1068592,1484.1555555555556,720,Town Hall (West),Swa123_T,-37.81487988,144.9660878,Outdoor,A,767896,300696,28.139458277808554,False
2025-09-01,5,Matched,810620,1127.4269819193323,719,Princes Bridge,PriNW_T,-37.81874249,144.96787656,Outdoor,A,567181,243439,30.03121067824628,False
2025-09-01,6,Matched,278235,388.5963687150838,716,Flinders Underpass - Myki Barriers,FliS_T,-37.81907439,144.96557866,Outdoor,A,232223,46012,16.537099933509445,False
2025-09-01,8,Matched,146722,217.68842729970328,674,Webb Bridge,WebBN_T,-37.82293543,144.9471751,Outdoor,A,112417,34305,23.380951731846622,False
2025-09-01,9,Matched,374837,521.3310152990264,719,Southern Cross Station,Col700_T,-37.81982992,144.95102555,Outdoor,A,359935,14902,3.9755947251738757,False
2025-09-01,10,Matched,62595,89.54935622317596,699,Victoria Point,BouHbr_T,-37.81876474,144.94710545,Outdoor,A,53086,9509,15.1913092100008,False
2025-09-01,11,Matched,73319,105.3433908045977,696,Docklands Waterfront City Building Side,WatCit_T,-37.81566651,144.93974366,Outdoor,A,48762,24557,33.4933646121742,False
2025-09-01,12,Matched,111190,163.03519061583577,682,New Quay,NewQ_T,-37.81457988,144.94292398,Outdoor,A,76521,34669,31.179962226818958,False
2025-09-01,14,Matched,236110,331.1500701262272,713,Sandridge Bridge,SanBri_T,-37.82011242,144.96291897,Outdoor,A,178078,58032,24.57837448646817,False
2025-09-01,17,Matched,261577,363.3013888888889,720,Collins Place (South),Col15_T,-37.81362543,144.97323591,Outdoor,A,231282,30295,11.581675758954342,False
2025-09-01,18,Matched,159643,230.03314121037465,694,Collins Place (North),Col12_T,-37.81344862,144.97305353,Outdoor,A,144273,15370,9.627731876749998,False
2025-09-01,19,Matched,361201,501.66805555555555,720,Chinatown-Swanston St (North),LtB210_T,-37.81237202,144.96550671,Outdoor,A,246906,114295,31.643046392451847,False
2025-09-01,20,Matched,246216,341.96666666666664,720,Chinatown-Lt Bourke St (South),LtB170_T,-37.81172914,144.9682466,Outdoor,A,160911,85305,34.64640803197192,False
2025-09-01,21,Matched,260641,362.5048678720445,719,155-161 Russell Street,Bourke155_T,-37.81267313,144.96788288,Outdoor,A,180355,80286,30.803288814883306,False
2025-09-01,23,Matched,241613,335.5736111111111,720,Spencer St-Collins St (South),Col623_T,-37.81909256,144.95452748,Outdoor,A,206078,35535,14.70740398902377,False
2025-09-01,24,Matched,600371,906.904833836858,662,Spencer St-Collins St (North),Col620_T,-37.81887963,144.95449198,Outdoor,A,516510,83861,13.968196331934754,False
2025-09-01,25,Matched,577853,802.5736111111111,720,Melbourne Convention Exhibition Centre,MCEC_T,-37.82401776,144.95604426,Outdoor,A,383339,194514,33.66150214673974,False
2025-09-01,27,Matched,108388,150.7482614742698,719,QV Market-Peel St,Vic_T,-37.80606888,144.95644692,Outdoor,A,71635,36753,33.90873528434882,False
2025-09-01,28,Unmatched,510964,709.6722222222222,720,,,,,,,368620,142344,27.8579312828301,False
2025-09-01,29,Matched,172872,246.25641025641025,702,St Kilda Rd-Alexandra Gardens,AG_T,-37.8199817,144.96872865,Outdoor,A,100174,72698,42.053079735295476,False
2025-09-01,30,Matched,280658,389.8027777777778,720,Lonsdale St (South),Lon189_T,-37.8112185,144.96656806,Outdoor,A,190662,89996,32.06607329917551,False
2025-09-01,31,Matched,140870,197.020979020979,715,Lygon St (West),Lyg161_T,-37.80169681,144.96658911,Outdoor,A,90779,50091,35.558316178036485,False
2025-09-01,35,Matched,835806,1160.8416666666667,720,Southbank Promenade,SouthB_T,-37.82018685,144.96508508,Outdoor,A,594628,241178,28.855739250495926,False
2025-09-01,36,Matched,158872,220.65555555555557,720,Queen St (West),Que85_T,-37.81652527,144.96121062,Outdoor,A,123908,34964,22.007653960420967,False
2025-09-01,37,Matched,31007,66.68172043010753,465,Lygon St (East),Lyg260_T,-37.80107122,144.96704554,Outdoor,A,22232,8775,28.300061276485955,False
2025-09-01,39,Matched,61348,91.15601783060922,673,Alfred Place,AlfPl_T,-37.81379749,144.96995745,Outdoor,A,52900,8448,13.770620069113907,False
2025-09-01,40,Matched,146098,218.70958083832335,668,Lonsdale St-Spring St (West),Spr201_T,-37.80999341,144.97227587,Outdoor,A,114264,31834,21.789483771167298,False
2025-09-01,41,Matched,1220678,1695.3861111111112,720,Flinders La-Swanston St (West),Swa31,-37.81668634,144.96689733,Outdoor,A,911216,309462,25.35164883777704,False
2025-09-01,42,Matched,153923,217.098730606488,709,Grattan St-Swanston St (West),UM1_T,-37.80008566,144.96386412,Outdoor,A,139849,14074,9.143532805363721,False
2025-09-01,43,Matched,139739,199.05840455840456,702,Monash Rd-Swanston St (West),UM2_T,-37.79844526,144.96411782,Outdoor,A,125071,14668,10.496711726862221,False
2025-09-01,44,Matched,60781,90.31352154531946,673,Tin Alley-Swanston St (West),UM3_T,-37.79698741,144.96441306,Outdoor,A,51561,9220,15.169214063605402,False
2025-09-01,45,Matched,457638,635.6083333333333,720,Little Collins St-Swanston St (East),Swa148_T,-37.81414075,144.96609379,Outdoor,A,325780,131858,28.812729712130547,False
2025-09-01,46,Matched,62457,106.0390492359932,589,Pelham St (South),Pel147_T,-37.80240719,144.9615673,Outdoor,A,55470,6987,11.186896584850377,False
2025-09-01,47,Matched,628044,872.2833333333333,720,Melbourne Central-Elizabeth St (East),Eli250_T,-37.81258467,144.9625775,Outdoor,A,452287,175757,27.9848227194273,False
2025-09-01,48,Matched,153155,315.13374485596705,486,QVM-Queen St (East),QVMQ_T,-37.80631581,144.95866697,Outdoor,A,108154,45001,29.382651562142925,False
2025-09-01,49,Matched,266683,370.3930555555556,720,QVM-Therry St (South),Eli501_T,-37.80730068,144.95956055,Outdoor,A,182240,84443,31.664185568633922,False
2025-09-01,50,Matched,142547,201.62234794908062,707,Faraday St-Lygon St (West),Lyg309_T,-37.79808192,144.96721013,Outdoor,A,98020,44527,31.23671490806541,False
2025-09-01,51,Matched,87910,122.09722222222223,720,QVM-Franklin St (North),Fra118_T,-37.80841815,144.95906316,Outdoor,A,62535,25375,28.864748037765896,False
2025-09-01,52,Matched,246111,341.8208333333333,720,Elizabeth St-Lonsdale St (South),Eli263_T,-37.81252157,144.9619401,Outdoor,A,177970,68141,27.687100535937038,False
2025-09-01,53,Matched,386992,537.4888888888889,720,Collins Street (North),Col254_T,-37.81564191,144.965499,Outdoor,A,296137,90855,23.477229503452268,False
2025-09-01,54,Matched,154021,213.91805555555555,720,Lincoln-Swanston (West),Swa607_T,-37.804024,144.96308399,Outdoor,A,125186,28835,18.721473045883354,False
2025-09-01,56,Matched,302174,424.40168539325845,712,Lonsdale St - Elizabeth St (North),Lon364_T,-37.81234775,144.96153311,Outdoor,A,216671,85503,28.295948691813326,False
2025-09-01,58,Matched,465468,647.3824756606398,719,Bourke St - Spencer St (North),Bou688_T,-37.81686075,144.95358075,Outdoor,A,375714,89754,19.282528551909046,False
2025-09-01,59,Matched,638948,887.4277777777778,720,Building 80 RMIT,RMIT_T,-37.80825648,144.96304859,Outdoor,A,532037,106911,16.732347546279197,False
2025-09-01,61,Matched,357606,496.675,720,RMIT Building 14,RMIT14_T,-37.80767455,144.96309114,Outdoor,A,289565,68041,19.026806037930015,False
2025-09-01,62,Matched,221376,307.46666666666664,720,La Trobe St (North),Lat224_T,-37.80996494,144.96216521,Outdoor,A,164376,57000,25.748048568950566,False
2025-09-01,63,Matched,282589,392.4847222222222,720,231 Bourke St,Bou231_T,-37.81333081,144.96675571,Outdoor,A,208147,74442,26.342851278712192,False
2025-09-01,66,Matched,824581,1145.2513888888889,720,"QV2 Apartments, 300 Swanston Street",QVN_T,-37.81057846,144.96444294,Outdoor,A,600907,223674,27.1257766065432,False
2025-09-01,67,Matched,341822,474.7527777777778,720,Flinders Ln -Degraves St (South),FLDegS_T,-37.81688755,144.96562569,Outdoor,A,260677,81145,23.738963554130514,False
2025-09-01,68,Matched,201913,304.5444947209653,663,Flinders Ln -Degraves St (North),FLDegN_T,-37.8168479,144.96559789,Outdoor,A,151067,50846,25.18213289882276,False
2025-09-01,69,Matched,151305,227.1846846846847,666,Flinders Ln -Degraves St (Crossing),FLDegC_T,-37.81687226,144.96559144,Outdoor,A,113050,38255,25.283368031459634,False
2025-09-01,70,Matched,110046,157.20857142857142,700,Errol Street (East),Errol20_T,-37.80456984,144.94946228,Outdoor,A,81181,28865,26.2299402068226,False
2025-09-01,71,Matched,13830,20.82831325301205,664,Westwood Place,WestWP_T,-37.81235775,144.97136962,Outdoor,A,12128,1702,12.306579898770789,False
2025-09-01,72,Matched,212025,295.29944289693594,718,Flinders St- ACMI,ACMI_T,-37.81726338,144.96872809,Outdoor,A,160353,51672,24.370711001061196,False
2025-09-01,75,Matched,42536,61.825581395348834,688,Spring St- Flinders st (West),SprFli_T,-37.81515276,144.97467661,Outdoor,A,33034,9502,22.338724844837316,False
2025-09-01,76,Matched,43812,66.48254931714719,659,Macaulay Rd- Bellair St,KenMac_T,-37.79453803,144.93036194,Outdoor,A,32935,10877,24.826531543869258,False
2025-09-01,77,Matched,115497,160.6356050069541,719,Harbour Esplanade (West) - Pedestrian path,HarEsP_T,-37.81441438,144.94433026,Outdoor,A,83574,31923,27.63967895270007,False
2025-09-01,78,Unmatched,40753,58.38538681948424,698,,,,,,,30042,10711,26.282727651952005,False
2025-09-01,79,Matched,351878,488.71944444444443,720,Flinders St (South),FliSS_T,-37.81794046,144.96616678,Outdoor,A,255321,96557,27.440476528796914,False
2025-09-01,84,Matched,820123,1140.643949930459,719,Elizabeth St - Flinders St (East) - New footpath,ElFi_T,-37.81798049,144.96503383,Outdoor,A,618827,201296,24.544610991278137,False
2025-09-01,85,Matched,62271,94.78082191780823,657,Macaulay Rd (North),488Mac_T,-37.79432415,144.92973378,Outdoor,A,46425,15846,25.446837211543095,False
2025-09-01,86,Matched,44027,67.11432926829268,656,Queensberry St - Errol St (South),574Qub_T,-37.80309992,144.94908064,Outdoor,A,32675,11352,25.78417789083971,False
2025-09-01,87,Matched,79372,112.90469416785206,703,Errol St (West),Errol23_T,-37.80454949,144.94921863,Outdoor,A,58986,20386,25.684120344705942,False
2025-09-01,107,Matched,113951,158.4853963838665,719,Royal Mint 280 William St,280Will_T,-37.81246271,144.95690188,Outdoor,A,89087,24864,21.819905046906126,False
2025-09-01,108,Matched,320709,445.4291666666667,720,William St - Little Lonsdale St (West),261Will_T,-37.81295822,144.95678789,Outdoor,A,289725,30984,9.661094637194466,False
2025-09-01,109,Matched,126406,175.80806675938803,719,La Trobe St- William St (South),LatWill_T,-37.81193681,144.95621105,Outdoor,A,106985,19421,15.363985886745882,False
2025-09-01,117,Matched,154973,215.53963838664814,719,114 Flinders Street Car Park Footpath,Fli114F_T,-37.81629332,144.97090877,Outdoor,A,118191,36782,23.73445696992379,False
2025-09-01,118,Matched,16630,26.693418940609952,623,114 Flinders Street Car Park Crossing,Fli114C_T,-37.81632783,144.97090512,Outdoor,A,12698,3932,23.64401683704149,False
2025-09-01,123,Matched,27625,57.914046121593294,477,Birrarung Marr East - Batman Ave Bridge Entry,BirBridge_T,-37.81753741,144.97329734,Outdoor,A,21062,6563,23.757466063348417,False
2025-09-01,124,Matched,3618,10.24929178470255,353,Birrarung Marr East - Batman Ave Bridge Entry,BirBridge_T,-37.81757416,144.97329934,Outdoor,A,2792,826,22.83029297954671,False
2025-09-01,130,Matched,38271,60.459715639810426,633,I-Hub 892 Bourke Street,Bou892T,-37.8204637,144.94126826,Outdoor,A,29482,8789,22.96516944945259,False
2025-09-01,131,Matched,89419,176.7173913043478,506,I-Hub Corner of King Street and Flinders Street (2-6 King),King2_T,-37.82009057,144.95758725,Outdoor,A,62809,26610,29.758776099039352,False
2025-09-01,132,Matched,123398,171.62447844228095,719,I-Hub Corner of King Street and Latrobe Street (317-335 King),King335_T,-37.81267639,144.95386444,Outdoor,A,91635,31763,25.740287524919363,False
2025-09-01,133,Matched,426250,592.0138888888889,720,I-Hub Southern Cross Station - Lonsdale Street Entrance - South,Spen229_T,-37.81531435,144.95227769,Outdoor,A,327421,98829,23.18568914956012,False
2025-09-01,134,Matched,337692,469.01666666666665,720,I-Hub Southern Cross Station - Bourke Street Entrance - North,Spen201_T,-37.81694221,144.95303935,Outdoor,A,256144,81548,24.148632481669686,False
2025-09-01,135,Matched,289753,402.4347222222222,720,I-Hub Southern Cross Station - Bourke Street Entrance - South,Spen161_T,-37.8172861,144.95319102,Outdoor,A,220468,69285,23.911745521185285,False
2025-09-01,136,Matched,124410,215.98958333333334,576,"COM Pole 1120 - Towards the City, Near Federation Square Bridge",BirFed1120_T,-37.8184141,144.97357915,Outdoor,A,66843,57567,46.27200385821075,False
2025-09-01,137,Matched,28180,50.59245960502693,557,"COM Pole 2353 - Towards the city, NAB Building",BouHbr2353_T,-37.81894815,144.94612292,Outdoor,A,25605,2575,9.137686302342086,False
2025-09-01,138,Matched,5094,11.269911504424778,452,"COM Pole 1671 - Enterprize Park, Queens Bridge",EntPark1671_T,-37.81996544,144.95981454,Outdoor,A,3663,1431,28.091872791519435,False
2025-09-01,139,Matched,58268,84.08080808080808,693,COM Pole 1647 - Sandridge Bridge Signal Box,Signal1647_T,-37.81959923,144.9632832,Outdoor,A,48989,9279,15.92469279879179,False
2025-09-01,140,Matched,62897,147.6455399061033,426,COM Pole 2837 - Boyd Park,Boyd2837_T,-37.82590962,144.96185972,Outdoor,A,45870,17027,27.071243461532347,False
2025-09-01,141,Matched,111962,155.50277777777777,720,Awning of Nationwide Parking 474 Flinders Street,474Fl_T,-37.81997273,144.95834911,Outdoor,A,79214,32748,29.24920955324128,False
2025-09-01,142,Matched,258072,438.8979591836735,588,Hamer Hall Entrance (COM Pole 1584),Hammer1584_T,-37.81970749,144.96795734,Outdoor,A,168373,89699,34.75735453671844,False
2025-09-01,143,Matched,170913,237.37916666666666,720,"Mounted on Toilet - Spencer Street, Batman Park",Spencer_T,-37.821728,144.95557015,Outdoor,A,116406,54507,31.89166418002141,False
2025-09-01,161,Matched,180432,292.43435980551055,617,Birrarung Marr - COM - Pole 1109,BirArt1109_T,-37.81851276,144.97131336,Outdoor,A,107862,72570,40.220138334663474,False
2025-09-01,162,Matched,337094,468.18611111111113,720,iHub 489 Elizabeth Street,Eli489_T,-37.80740397,144.95987909,Outdoor,A,228367,108727,32.25420802506126,False
2025-09-01,164,Matched,80754,113.73802816901409,710,I-Hub 526 La Trobe Street (Footpath),Lat526_T,-37.813005,144.95160411,Outdoor,A,61723,19031,23.566634470119126,False
2025-09-01,165,Matched,28632,41.7985401459854,685,475 Spencer Street,Spen475_T,-37.80953359,144.94939004,Outdoor,A,21232,7400,25.84520815870355,False
2025-09-01,166,Matched,38421,56.584683357879236,679,484 Spencer Street,Spen484_T,-37.80896733,144.94931703,Outdoor,A,27990,10431,27.149215272897635,False
2025-09-01,167,Matched,45568,64.91168091168092,702,I-Hub 526 La Trobe Street (Crossing),Lat526_T,-37.81304149,144.95155955,Outdoor,A,34325,11243,24.673016151685392,False
2025-09-01,179,Matched,51877,73.0661971830986,710,61-67 Power Street Southbank,Pow61_T,-37.82392385,144.96299677,Outdoor,A,37634,14243,27.45532702353644,False
2025-09-01,180,Matched,30070,53.41030195381883,563,"Pumping Station No.2, 330 Macaulay Road",Mac330_T,-37.79497059,144.93530329,Outdoor,A,22854,7216,23.997339541070833,False
2025-09-01,181,Matched,744530,1034.0694444444443,720,368 Elizabeth Street,Eli368_T,-37.81009465,144.96143149,Outdoor,A,541555,202975,27.262165392932452,False
2025-09-01,182,Matched,207948,288.81666666666666,720,163 King Street,King163_T,-37.81627451,144.95550503,Outdoor,A,150705,57243,27.527554965664493,False
2025-09-01,184,Matched,625907,869.3152777777777,720,124 Elizabeth Street,Eli124_T,-37.81512416,144.96371988,Outdoor,A,458561,167346,26.736559904266926,False
2025-09-01,185,Matched,487732,692.8011363636364,704,197 Elizabeth Street,Eli197_T,-37.81374643,144.96276183,Outdoor,A,359153,128579,26.362633577456474,False
2025-09-01,209,Matched,481845,669.2291666666666,720,Flinders Underpass - Walkway,FliS_T,-37.81909037,144.96549709,Outdoor,A,352525,129320,26.838506158619474,False
2025-10-01,1,Matched,739657,995.5006729475101,743,Bourke Street Mall (North),Bou292_T,-37.81349441,144.96515323,Outdoor,A,537177,202480,27.37485077542699,False
2025-10-01,2,Matched,521980,702.5302826379542,743,Bourke Street Mall (South),Bou283_T,-37.81380668,144.96516718,Outdoor,A,379281,142699,27.33802061381662,False
2025-10-01,3,Matched,861255,1159.1588156123823,743,Melbourne Central,Swa295_T,-37.81101524,144.96429485,Outdoor,A,622850,238405,27.68111651020894,False
2025-10-01,4,Matched,1113287,1498.3674293405115,743,Town Hall (West),Swa123_T,-37.81487988,144.9660878,Outdoor,A,801839,311448,27.975535508813092,False
2025-10-01,5,Matched,827211,1113.3391655450876,743,Princes Bridge,PriNW_T,-37.81874249,144.96787656,Outdoor,A,585256,241955,29.249490154265356,False
2025-10-01,6,Matched,308016,415.6761133603239,741,Flinders Underpass - Myki Barriers,FliS_T,-37.81907439,144.96557866,Outdoor,A,260131,47885,15.546270323619552,False
2025-10-01,8,Matched,168209,238.25637393767704,706,Webb Bridge,WebBN_T,-37.82293543,144.9471751,Outdoor,A,132150,36059,21.43702180026039,False
2025-10-01,9,Matched,420259,567.1511470985155,741,Southern Cross Station,Col700_T,-37.81982992,144.95102555,Outdoor,A,400439,19820,4.716139333125525,False
2025-10-01,10,Matched,75375,105.1255230125523,717,Victoria Point,BouHbr_T,-37.81876474,144.94710545,Outdoor,A,61615,13760,18.255389718076284,False
2025-10-01,11,Matched,122778,169.58287292817678,724,Docklands Waterfront City Building Side,WatCit_T,-37.81566651,144.93974366,Outdoor,A,72485,50293,40.96255029402662,False
2025-10-01,12,Matched,173958,243.6386554621849,714,New Quay,NewQ_T,-37.81457988,144.94292398,Outdoor,A,110983,62975,36.20126697248761,False
2025-10-01,14,Matched,259188,348.83983849259755,743,Sandridge Bridge,SanBri_T,-37.82011242,144.96291897,Outdoor,A,201695,57493,22.18196830100159,False
2025-10-01,17,Matched,297906,402.0323886639676,741,Collins Place (South),Col15_T,-37.81362543,144.97323591,Outdoor,A,265728,32178,10.801393728222997,False
2025-10-01,18,Matched,181880,253.66806136680614,717,Collins Place (North),Col12_T,-37.81344862,144.97305353,Outdoor,A,167783,14097,7.750714756982625,False
2025-10-01,19,Matched,393532,529.6527590847913,743,Chinatown-Swanston St (North),LtB210_T,-37.81237202,144.96550671,Outdoor,A,275222,118310,30.06362887897299,False
2025-10-01,20,Matched,265277,357.0349932705249,743,Chinatown-Lt Bourke St (South),LtB170_T,-37.81172914,144.9682466,Outdoor,A,178375,86902,32.75896515717533,False
2025-10-01,21,Matched,283340,381.34589502018844,743,155-161 Russell Street,Bourke155_T,-37.81267313,144.96788288,Outdoor,A,200066,83274,29.39013199689419,False
2025-10-01,23,Matched,271705,365.6864064602961,743,Spencer St-Collins St (South),Col623_T,-37.81909256,144.95452748,Outdoor,A,233030,38675,14.234187813989438,False
2025-10-01,24,Matched,691210,930.2960969044415,743,Spencer St-Collins St (North),Col620_T,-37.81887963,144.95449198,Outdoor,A,569274,121936,17.640948481648124,False
2025-10-01,25,Matched,785606,1058.7681940700809,742,Melbourne Convention Exhibition Centre,MCEC_T,-37.82401776,144.95604426,Outdoor,A,534669,250937,31.941838529746462,False
2025-10-01,27,Matched,153340,206.6576819407008,742,QV Market-Peel St,Vic_T,-37.80606888,144.95644692,Outdoor,A,105601,47739,31.13277683578975,False
2025-10-01,28,Unmatched,478280,649.8369565217391,736,,,,,,,346780,131500,27.494354771263694,False
2025-10-01,29,Matched,215591,296.1414835164835,728,St Kilda Rd-Alexandra Gardens,AG_T,-37.8199817,144.96872865,Outdoor,A,135334,80257,37.22650760003896,False
2025-10-01,30,Matched,322770,434.41453566621806,743,Lonsdale St (South),Lon189_T,-37.8112185,144.96656806,Outdoor,A,219435,103335,32.01505716144623,False
2025-10-01,31,Matched,163413,220.82837837837837,740,Lygon St (West),Lyg161_T,-37.80169681,144.96658911,Outdoor,A,105822,57591,35.24260615740486,False
2025-10-01,35,Matched,918831,1236.650067294751,743,Southbank Promenade,SouthB_T,-37.82018685,144.96508508,Outdoor,A,678635,240196,26.141477594900476,False
2025-10-01,36,Matched,178178,240.1320754716981,742,Queen St (West),Que85_T,-37.81652527,144.96121062,Outdoor,A,141280,36898,20.7085049781679,False
2025-10-01,37,Matched,30454,66.06073752711497,461,Lygon St (East),Lyg260_T,-37.80107122,144.96704554,Outdoor,A,21064,9390,30.83338806068168,False
2025-10-01,39,Matched,75941,112.67210682492582,674,Alfred Place,AlfPl_T,-37.81379749,144.96995745,Outdoor,A,65823,10118,13.323501139042152,False
2025-10-01,40,Matched,166341,225.7001356852103,737,Lonsdale St-Spring St (West),Spr201_T,-37.80999341,144.97227587,Outdoor,A,134845,31496,18.934598204892357,False
2025-10-01,41,Matched,1050451,1413.7967698519515,743,Flinders La-Swanston St (West),Swa31,-37.81668634,144.96689733,Outdoor,A,759659,290792,27.682585860739817,False
2025-10-01,42,Matched,159984,220.060522696011,727,Grattan St-Swanston St (West),UM1_T,-37.80008566,144.96386412,Outdoor,A,143701,16283,10.177892789278928,False
2025-10-01,43,Matched,151882,208.91609353507565,727,Monash Rd-Swanston St (West),UM2_T,-37.79844526,144.96411782,Outdoor,A,135046,16836,11.084921188817635,False
2025-10-01,44,Matched,74865,105.0,713,Tin Alley-Swanston St (West),UM3_T,-37.79698741,144.96441306,Outdoor,A,63722,11143,14.884124757897549,False
2025-10-01,45,Matched,570265,767.5168236877523,743,Little Collins St-Swanston St (East),Swa148_T,-37.81414075,144.96609379,Outdoor,A,412557,157708,27.655212927323262,False
2025-10-01,46,Matched,85424,135.5936507936508,630,Pelham St (South),Pel147_T,-37.80240719,144.9615673,Outdoor,A,74376,11048,12.933133545607792,False
2025-10-01,47,Matched,732829,986.3109017496636,743,Melbourne Central-Elizabeth St (East),Eli250_T,-37.81258467,144.9625775,Outdoor,A,539718,193111,26.351440786322595,False
2025-10-01,48,Matched,228503,413.2061482820977,553,QVM-Queen St (East),QVMQ_T,-37.80631581,144.95866697,Outdoor,A,164817,63686,27.870968871305845,False
2025-10-01,49,Matched,320004,430.6917900403769,743,QVM-Therry St (South),Eli501_T,-37.80730068,144.95956055,Outdoor,A,221971,98033,30.63492956338046,False
2025-10-01,50,Matched,160196,217.6576086956522,736,Faraday St-Lygon St (West),Lyg309_T,-37.79808192,144.96721013,Outdoor,A,109316,50880,31.761092661489677,False
2025-10-01,51,Matched,100784,135.64468371467026,743,QVM-Franklin St (North),Fra118_T,-37.80841815,144.95906316,Outdoor,A,73581,27203,26.991387521828862,False
2025-10-01,52,Matched,282467,380.17092866756394,743,Elizabeth St-Lonsdale St (South),Eli263_T,-37.81252157,144.9619401,Outdoor,A,206886,75581,26.757461933606404,False
2025-10-01,53,Matched,423653,570.192462987887,743,Collins Street (North),Col254_T,-37.81564191,144.965499,Outdoor,A,326741,96912,22.87532485312272,False
2025-10-01,54,Matched,163109,219.52759084791387,743,Lincoln-Swanston (West),Swa607_T,-37.804024,144.96308399,Outdoor,A,132329,30780,18.870816447896804,False
2025-10-01,56,Matched,329667,459.14623955431756,718,Lonsdale St - Elizabeth St (North),Lon364_T,-37.81234775,144.96153311,Outdoor,A,241371,88296,26.783390512244175,False
2025-10-01,58,Matched,522392,703.0847913862718,743,Bourke St - Spencer St (North),Bou688_T,-37.81686075,144.95358075,Outdoor,A,420755,101637,19.456078959861557,False
2025-10-01,59,Matched,690589,929.4602960969045,743,Building 80 RMIT,RMIT_T,-37.80825648,144.96304859,Outdoor,A,574235,116354,16.84851626654928,False
2025-10-01,61,Matched,420670,566.1776581426649,743,RMIT Building 14,RMIT14_T,-37.80767455,144.96309114,Outdoor,A,342402,78268,18.605557800651344,False
2025-10-01,62,Matched,236095,317.7590847913863,743,La Trobe St (North),Lat224_T,-37.80996494,144.96216521,Outdoor,A,175436,60659,25.692623731972297,False
2025-10-01,63,Matched,361470,487.15633423180594,742,231 Bourke St,Bou231_T,-37.81333081,144.96675571,Outdoor,A,268579,92891,25.69812155918887,False
2025-10-01,66,Matched,882304,1187.4885598923283,743,"QV2 Apartments, 300 Swanston Street",QVN_T,-37.81057846,144.96444294,Outdoor,A,652873,229431,26.003622334252142,False
2025-10-01,67,Matched,378778,511.1713900134953,741,Flinders Ln -Degraves St (South),FLDegS_T,-37.81688755,144.96562569,Outdoor,A,300998,77780,20.534455538600447,False
2025-10-01,68,Matched,233419,333.4557142857143,700,Flinders Ln -Degraves St (North),FLDegN_T,-37.8168479,144.96559789,Outdoor,A,180258,53161,22.774924063593797,False
2025-10-01,69,Matched,156938,223.55840455840456,702,Flinders Ln -Degraves St (Crossing),FLDegC_T,-37.81687226,144.96559144,Outdoor,A,119223,37715,24.03178325198486,False
2025-10-01,70,Matched,125554,173.41712707182322,724,Errol Street (East),Errol20_T,-37.80456984,144.94946228,Outdoor,A,91001,34553,27.520429456648138,False
2025-10-01,71,Matched,15300,21.458625525946704,713,Westwood Place,WestWP_T,-37.81235775,144.97136962,Outdoor,A,13653,1647,10.764705882352942,False
2025-10-01,72,Matched,237367,319.90161725067384,742,Flinders St- ACMI,ACMI_T,-37.81726338,144.96872809,Outdoor,A,186017,51350,21.63316720521387,False
2025-10-01,75,Matched,51452,74.13832853025937,694,Spring St- Flinders st (West),SprFli_T,-37.81515276,144.97467661,Outdoor,A,39176,12276,23.859130840394933,False
2025-10-01,76,Matched,47500,71.64404223227753,663,Macaulay Rd- Bellair St,KenMac_T,-37.79453803,144.93036194,Outdoor,A,36828,10672,22.46736842105263,False
2025-10-01,77,Matched,174779,237.1492537313433,737,Harbour Esplanade (West) - Pedestrian path,HarEsP_T,-37.81441438,144.94433026,Outdoor,A,115701,59078,33.80154366371246,False
2025-10-01,78,Unmatched,54209,74.97786998616874,723,,,,,,,39589,14620,26.969691379660205,False
2025-10-01,79,Matched,360029,484.56123822341857,743,Flinders St (South),FliSS_T,-37.81794046,144.96616678,Outdoor,A,263102,96927,26.921997950165128,False
2025-10-01,84,Matched,896854,1207.07133243607,743,Elizabeth St - Flinders St (East) - New footpath,ElFi_T,-37.81798049,144.96503383,Outdoor,A,686254,210600,23.48208292542599,False
2025-10-01,85,Matched,65816,97.79494799405646,673,Macaulay Rd (North),488Mac_T,-37.79432415,144.92973378,Outdoor,A,49504,16312,24.78424699161298,False
2025-10-01,86,Matched,48743,71.47067448680352,682,Queensberry St - Errol St (South),574Qub_T,-37.80309992,144.94908064,Outdoor,A,35168,13575,27.85015284245943,False
2025-10-01,87,Matched,89128,122.59697386519944,727,Errol St (West),Errol23_T,-37.80454949,144.94921863,Outdoor,A,65171,23957,26.879319630194775,False
2025-10-01,107,Matched,132066,177.74697173620459,743,Royal Mint 280 William St,280Will_T,-37.81246271,144.95690188,Outdoor,A,105352,26714,20.227764905426074,False
2025-10-01,108,Matched,370786,499.0390309555855,743,William St - Little Lonsdale St (West),261Will_T,-37.81295822,144.95678789,Outdoor,A,337078,33708,9.090958126790117,False
2025-10-01,109,Matched,145575,195.92866756393002,743,La Trobe St- William St (South),LatWill_T,-37.81193681,144.95621105,Outdoor,A,125354,20221,13.890434483942984,False
2025-10-01,117,Matched,179991,243.56021650879566,739,114 Flinders Street Car Park Footpath,Fli114F_T,-37.81629332,144.97090877,Outdoor,A,131832,48159,26.756337816890845,False
2025-10-01,118,Matched,18935,29.5859375,640,114 Flinders Street Car Park Crossing,Fli114C_T,-37.81632783,144.97090512,Outdoor,A,14053,4882,25.78294164246105,False
2025-10-01,123,Matched,33099,62.56899810964083,529,Birrarung Marr East - Batman Ave Bridge Entry,BirBridge_T,-37.81753741,144.97329734,Outdoor,A,24818,8281,25.018882745702285,False
2025-10-01,124,Matched,3155,8.324538258575197,379,Birrarung Marr East - Batman Ave Bridge Entry,BirBridge_T,-37.81757416,144.97329934,Outdoor,A,2406,749,23.740095087163233,False
2025-10-01,130,Matched,46342,70.1089258698941,661,I-Hub 892 Bourke Street,Bou892T,-37.8204637,144.94126826,Outdoor,A,36403,9939,21.447067455008415,False
2025-10-01,131,Matched,117739,158.464333781965,743,I-Hub Corner of King Street and Flinders Street (2-6 King),King2_T,-37.82009057,144.95758725,Outdoor,A,85311,32428,27.54227571153144,False
2025-10-01,132,Matched,136760,184.06460296096904,743,I-Hub Corner of King Street and Latrobe Street (317-335 King),King335_T,-37.81267639,144.95386444,Outdoor,A,103406,33354,24.388710149166425,False
2025-10-01,133,Matched,487106,655.593539703903,743,I-Hub Southern Cross Station - Lonsdale Street Entrance - South,Spen229_T,-37.81531435,144.95227769,Outdoor,A,376461,110645,22.714768448756534,False
2025-10-01,134,Matched,389509,524.2382234185734,743,I-Hub Southern Cross Station - Bourke Street Entrance - North,Spen201_T,-37.81694221,144.95303935,Outdoor,A,296193,93316,23.957341165415947,False
2025-10-01,135,Matched,348916,472.1461434370771,739,I-Hub Southern Cross Station - Bourke Street Entrance - South,Spen161_T,-37.8172861,144.95319102,Outdoor,A,260350,88566,25.383186784211674,False
2025-10-01,136,Matched,127260,206.5909090909091,616,"COM Pole 1120 - Towards the City, Near Federation Square Bridge",BirFed1120_T,-37.8184141,144.97357915,Outdoor,A,77647,49613,38.98554141128399,False
2025-10-01,137,Matched,50623,82.04700162074555,617,"COM Pole 2353 - Towards the city, NAB Building",BouHbr2353_T,-37.81894815,144.94612292,Outdoor,A,45427,5196,10.264109199375778,False
2025-10-01,138,Matched,5516,11.786324786324787,468,"COM Pole 1671 - Enterprize Park, Queens Bridge",EntPark1671_T,-37.81996544,144.95981454,Outdoor,A,4264,1252,22.69760696156635,False
2025-10-01,139,Matched,70297,99.71205673758865,705,COM Pole 1647 - Sandridge Bridge Signal Box,Signal1647_T,-37.81959923,144.9632832,Outdoor,A,59350,10947,15.57249953767586,False
2025-10-01,140,Matched,71816,157.49122807017545,456,COM Pole 2837 - Boyd Park,Boyd2837_T,-37.82590962,144.96185972,Outdoor,A,53705,18111,25.218614236381864,False
2025-10-01,141,Matched,133284,179.38627187079408,743,Awning of Nationwide Parking 474 Flinders Street,474Fl_T,-37.81997273,144.95834911,Outdoor,A,97287,35997,27.007742864859996,False
2025-10-01,142,Matched,297181,505.40986394557825,588,Hamer Hall Entrance (COM Pole 1584),Hammer1584_T,-37.81970749,144.96795734,Outdoor,A,206856,90325,30.393935009304094,False
2025-10-01,143,Matched,224548,302.2180349932705,743,"Mounted on Toilet - Spencer Street, Batman Park",Spencer_T,-37.821728,144.95557015,Outdoor,A,152804,71744,31.950407039920197,False
2025-10-01,161,Matched,180049,274.8839694656489,655,Birrarung Marr - COM - Pole 1109,BirArt1109_T,-37.81851276,144.97131336,Outdoor,A,114647,65402,36.324556093063556,False
2025-10-01,162,Matched,429800,578.4656796769852,743,iHub 489 Elizabeth Street,Eli489_T,-37.80740397,144.95987909,Outdoor,A,298006,131794,30.66402978129362,False
2025-10-01,164,Matched,89262,122.78129298486932,727,I-Hub 526 La Trobe Street (Footpath),Lat526_T,-37.813005,144.95160411,Outdoor,A,68981,20281,22.720754632430374,False
2025-10-01,165,Matched,34777,48.84410112359551,712,475 Spencer Street,Spen475_T,-37.80953359,144.94939004,Outdoor,A,27339,7438,21.387698766426087,False
2025-10-01,166,Matched,44119,63.027142857142856,700,484 Spencer Street,Spen484_T,-37.80896733,144.94931703,Outdoor,A,32771,11348,25.72134454543394,False
2025-10-01,167,Matched,46287,64.19833564493759,721,I-Hub 526 La Trobe Street (Crossing),Lat526_T,-37.81304149,144.95155955,Outdoor,A,35858,10429,22.53116425778296,False
2025-10-01,179,Matched,56819,76.78243243243243,740,61-67 Power Street Southbank,Pow61_T,-37.82392385,144.96299677,Outdoor,A,42277,14542,25.59355145285908,False
2025-10-01,180,Matched,35190,56.21405750798722,626,"Pumping Station No.2, 330 Macaulay Road",Mac330_T,-37.79497059,144.93530329,Outdoor,A,27351,7839,22.276214833759592,False
2025-10-01,181,Matched,814024,1095.5908479138627,743,368 Elizabeth Street,Eli368_T,-37.81009465,144.96143149,Outdoor,A,606210,207814,25.52922272561988,False
2025-10-01,182,Matched,231346,311.3674293405114,743,163 King Street,King163_T,-37.81627451,144.95550503,Outdoor,A,171896,59450,25.697440197798965,False
2025-10-01,184,Matched,738607,994.0874831763123,743,124 Elizabeth Street,Eli124_T,-37.81512416,144.96371988,Outdoor,A,547816,190791,25.831193043120358,False
2025-10-01,185,Matched,628023,845.2530282637954,743,197 Elizabeth Street,Eli197_T,-37.81374643,144.96276183,Outdoor,A,472883,155140,24.70291693138627,False
2025-10-01,187,Matched,86363,264.9171779141104,326,RMIT Building 22 - 330 Swanston Street,Swa330_T,-37.80942561,144.96395473,Outdoor,A,68904,17459,20.21583316929704,False
2025-10-01,188,Matched,34334,121.7517730496454,282,RMIT Building 51 - 80-92 Victoria Street,RMIT51_T,-37.80663222,144.96456557,Outdoor,A,31003,3331,9.70175336401235,False
2025-10-01,209,Matched,509676,685.9703903095559,743,Flinders Underpass - Walkway,FliS_T,-37.81909037,144.96549709,Outdoor,A,379159,130517,25.607837135748984,False
2025-11-01,1,Matched,219485,984.237668161435,223,Bourke Street Mall (North),Bou292_T,-37.81349441,144.96515323,Outdoor,A,115336,104149,47.45153427341276,False
2025-11-01,2,Matched,581544,807.7,720,Bourke Street Mall (South),Bou283_T,-37.81380668,144.96516718,Outdoor,A,370180,211364,36.34531522980205,False
2025-11-01,3,Matched,800050,1111.1805555555557,720,Melbourne Central,Swa295_T,-37.81101524,144.96429485,Outdoor,A,519509,280541,35.06543341041185,False
2025-11-01,4,Matched,1135231,1576.7097222222221,720,Town Hall (West),Swa123_T,-37.81487988,144.9660878,Outdoor,A,738657,396574,34.93333074942457,False
2025-11-01,5,Matched,712445,990.8831710709319,719,Princes Bridge,PriNW_T,-37.81874249,144.96787656,Outdoor,A,430684,281761,39.54845637207083,False
2025-11-01,6,Matched,287255,399.5201668984701,719,Flinders Underpass - Myki Barriers,FliS_T,-37.81907439,144.96557866,Outdoor,A,223389,63866,22.233207428939444,False
2025-11-01,8,Matched,172076,262.3109756097561,656,Webb Bridge,WebBN_T,-37.82293543,144.9471751,Outdoor,A,123478,48598,28.24217206350682,False
2025-11-01,9,Matched,368142,512.7325905292479,718,Southern Cross Station,Col700_T,-37.81982992,144.95102555,Outdoor,A,340589,27553,7.484340281739112,False
2025-11-01,10,Matched,71960,102.65335235378032,701,Victoria Point,BouHbr_T,-37.81876474,144.94710545,Outdoor,A,52916,19044,26.464702612562537,False
2025-11-01,11,Matched,88800,128.32369942196533,692,Docklands Waterfront City Building Side,WatCit_T,-37.81566651,144.93974366,Outdoor,A,56442,32358,36.43918918918919,False
2025-11-01,12,Matched,143753,215.19910179640718,668,New Quay,NewQ_T,-37.81457988,144.94292398,Outdoor,A,93062,50691,35.26256843335444,False
2025-11-01,14,Matched,258814,359.9638386648122,719,Sandridge Bridge,SanBri_T,-37.82011242,144.96291897,Outdoor,A,183507,75307,29.096957660713873,False
2025-11-01,17,Matched,265678,370.54114365411436,717,Collins Place (South),Col15_T,-37.81362543,144.97323591,Outdoor,A,227983,37695,14.188227854771565,False
2025-11-01,18,Matched,162310,238.34067547723936,681,Collins Place (North),Col12_T,-37.81344862,144.97305353,Outdoor,A,146528,15782,9.723368862054095,False
2025-11-01,19,Matched,389192,540.5444444444445,720,Chinatown-Swanston St (North),LtB210_T,-37.81237202,144.96550671,Outdoor,A,241340,147852,37.989475631564886,False
2025-11-01,20,Matched,259166,359.9527777777778,720,Chinatown-Lt Bourke St (South),LtB170_T,-37.81172914,144.9682466,Outdoor,A,153709,105457,40.69090852966825,False
2025-11-01,21,Matched,287781,399.6958333333333,720,155-161 Russell Street,Bourke155_T,-37.81267313,144.96788288,Outdoor,A,184858,102923,35.76434858451392,False
2025-11-01,23,Matched,266296,369.85555555555555,720,Spencer St-Collins St (South),Col623_T,-37.81909256,144.95452748,Outdoor,A,213824,52472,19.704389100850182,False
2025-11-01,24,Matched,648006,900.0083333333333,720,Spencer St-Collins St (North),Col620_T,-37.81887963,144.95449198,Outdoor,A,484964,163042,25.160569500899683,False
2025-11-01,25,Matched,645733,896.8513888888889,720,Melbourne Convention Exhibition Centre,MCEC_T,-37.82401776,144.95604426,Outdoor,A,408416,237317,36.7515675983727,False
2025-11-01,27,Matched,105419,147.2332402234637,716,QV Market-Peel St,Vic_T,-37.80606888,144.95644692,Outdoor,A,62092,43327,41.09980174351872,False
2025-11-01,28,Unmatched,247743,554.2348993288591,447,,,,,,,177194,70549,28.47668753506658,False
2025-11-01,29,Matched,294871,410.68384401114207,718,St Kilda Rd-Alexandra Gardens,AG_T,-37.8199817,144.96872865,Outdoor,A,202177,92694,31.435441260754704,False
2025-11-01,30,Matched,326882,454.0027777777778,720,Lonsdale St (South),Lon189_T,-37.8112185,144.96656806,Outdoor,A,195729,131153,40.12242950055372,False
2025-11-01,31,Matched,151620,211.1699164345404,718,Lygon St (West),Lyg161_T,-37.80169681,144.96658911,Outdoor,A,88950,62670,41.333597150771666,False
2025-11-01,35,Matched,921709,1280.151388888889,720,Southbank Promenade,SouthB_T,-37.82018685,144.96508508,Outdoor,A,605046,316663,34.35607116779808,False
2025-11-01,36,Matched,163728,227.4,720,Queen St (West),Que85_T,-37.81652527,144.96121062,Outdoor,A,118663,45065,27.52430860940096,False
2025-11-01,37,Matched,27984,64.03661327231121,437,Lygon St (East),Lyg260_T,-37.80107122,144.96704554,Outdoor,A,18051,9933,35.49528301886792,False
2025-11-01,39,Matched,68872,108.9746835443038,632,Alfred Place,AlfPl_T,-37.81379749,144.96995745,Outdoor,A,56569,12303,17.863573004994773,False
2025-11-01,40,Matched,134768,191.16028368794326,705,Lonsdale St-Spring St (West),Spr201_T,-37.80999341,144.97227587,Outdoor,A,104906,29862,22.158079069215244,False
2025-11-01,41,Matched,1151677,1599.5513888888888,720,Flinders La-Swanston St (West),Swa31,-37.81668634,144.96689733,Outdoor,A,777390,374287,32.49930319004374,False
2025-11-01,42,Matched,85730,123.7085137085137,693,Grattan St-Swanston St (West),UM1_T,-37.80008566,144.96386412,Outdoor,A,71851,13879,16.189198646914733,False
2025-11-01,43,Matched,92054,130.2036775106082,707,Monash Rd-Swanston St (West),UM2_T,-37.79844526,144.96411782,Outdoor,A,75525,16529,17.955765094401112,False
2025-11-01,44,Matched,49875,70.84517045454545,704,Tin Alley-Swanston St (West),UM3_T,-37.79698741,144.96441306,Outdoor,A,39197,10678,21.409523809523808,False
2025-11-01,45,Matched,483170,850.6514084507043,568,Little Collins St-Swanston St (East),Swa148_T,-37.81414075,144.96609379,Outdoor,A,316052,167118,34.58782623093321,False
2025-11-01,46,Matched,51153,85.68341708542714,597,Pelham St (South),Pel147_T,-37.80240719,144.9615673,Outdoor,A,41137,10016,19.580474263484057,False
2025-11-01,47,Matched,654701,909.3069444444444,720,Melbourne Central-Elizabeth St (East),Eli250_T,-37.81258467,144.9625775,Outdoor,A,428682,226019,34.522476672557396,False
2025-11-01,48,Matched,168904,360.136460554371,469,QVM-Queen St (East),QVMQ_T,-37.80631581,144.95866697,Outdoor,A,96802,72102,42.688154217780514,False
2025-11-01,49,Matched,262744,364.9222222222222,720,QVM-Therry St (South),Eli501_T,-37.80730068,144.95956055,Outdoor,A,160206,102538,39.02581980939622,False
2025-11-01,50,Matched,162202,226.85594405594406,715,Faraday St-Lygon St (West),Lyg309_T,-37.79808192,144.96721013,Outdoor,A,100294,61908,38.16722358540585,False
2025-11-01,51,Matched,88944,123.70514603616134,719,QVM-Franklin St (North),Fra118_T,-37.80841815,144.95906316,Outdoor,A,56981,31963,35.936094621334775,False
2025-11-01,52,Matched,274824,381.7,720,Elizabeth St-Lonsdale St (South),Eli263_T,-37.81252157,144.9619401,Outdoor,A,179758,95066,34.5915931650802,False
2025-11-01,53,Matched,417328,579.6222222222223,720,Collins Street (North),Col254_T,-37.81564191,144.965499,Outdoor,A,292883,124445,29.819470536364683,False
2025-11-01,54,Matched,110578,153.58055555555555,720,Lincoln-Swanston (West),Swa607_T,-37.804024,144.96308399,Outdoor,A,81031,29547,26.720504982907993,False
2025-11-01,56,Matched,310362,438.98444130127297,707,Lonsdale St - Elizabeth St (North),Lon364_T,-37.81234775,144.96153311,Outdoor,A,203115,107247,34.555454598178905,False
2025-11-01,58,Matched,508479,706.2208333333333,720,Bourke St - Spencer St (North),Bou688_T,-37.81686075,144.95358075,Outdoor,A,365564,142915,28.106372141229034,False
2025-11-01,59,Matched,435858,605.3583333333333,720,Building 80 RMIT,RMIT_T,-37.80825648,144.96304859,Outdoor,A,317885,117973,27.066842870843256,False
2025-11-01,61,Matched,278619,388.0487465181059,718,RMIT Building 14,RMIT14_T,-37.80767455,144.96309114,Outdoor,A,203620,74999,26.918121161873383,False
2025-11-01,62,Matched,192214,266.9638888888889,720,La Trobe St (North),Lat224_T,-37.80996494,144.96216521,Outdoor,A,128348,63866,33.22650795467552,False
2025-11-01,63,Matched,375741,521.8625,720,231 Bourke St,Bou231_T,-37.81333081,144.96675571,Outdoor,A,248446,127295,33.87838963541376,False
2025-11-01,66,Matched,807746,1121.8694444444445,720,"QV2 Apartments, 300 Swanston Street",QVN_T,-37.81057846,144.96444294,Outdoor,A,534415,273331,33.83873148242145,False
2025-11-01,67,Matched,354149,491.87361111111113,720,Flinders Ln -Degraves St (South),FLDegS_T,-37.81688755,144.96562569,Outdoor,A,252132,102017,28.806236922877094,False
2025-11-01,68,Matched,228460,334.00584795321635,684,Flinders Ln -Degraves St (North),FLDegN_T,-37.8168479,144.96559789,Outdoor,A,156781,71679,31.374857743149786,False
2025-11-01,69,Matched,161078,236.18475073313783,682,Flinders Ln -Degraves St (Crossing),FLDegC_T,-37.81687226,144.96559144,Outdoor,A,110002,51076,31.708861545338284,False
2025-11-01,70,Matched,119650,171.41833810888252,698,Errol Street (East),Errol20_T,-37.80456984,144.94946228,Outdoor,A,79536,40114,33.52611784371082,False
2025-11-01,71,Matched,15060,21.514285714285716,700,Westwood Place,WestWP_T,-37.81235775,144.97136962,Outdoor,A,12708,2352,15.617529880478088,False
2025-11-01,72,Matched,237240,329.9582753824757,719,Flinders St- ACMI,ACMI_T,-37.81726338,144.96872809,Outdoor,A,168816,68424,28.841679312089024,False
2025-11-01,75,Matched,44518,66.84384384384384,666,Spring St- Flinders st (West),SprFli_T,-37.81515276,144.97467661,Outdoor,A,33175,11343,25.47958129296015,False
2025-11-01,76,Matched,41918,64.9891472868217,645,Macaulay Rd- Bellair St,KenMac_T,-37.79453803,144.93036194,Outdoor,A,30246,11672,27.84483992556897,False
2025-11-01,77,Matched,144788,203.06872370266478,713,Harbour Esplanade (West) - Pedestrian path,HarEsP_T,-37.81441438,144.94433026,Outdoor,A,94892,49896,34.46141945465094,False
2025-11-01,78,Unmatched,48430,69.0870185449358,701,,,,,,,33518,14912,30.790832128845757,False
2025-11-01,79,Matched,371236,515.6055555555556,720,Flinders St (South),FliSS_T,-37.81794046,144.96616678,Outdoor,A,244774,126462,34.06512299453717,False
2025-11-01,84,Matched,875659,1216.1930555555555,720,Elizabeth St - Flinders St (East) - New footpath,ElFi_T,-37.81798049,144.96503383,Outdoor,A,605054,270605,30.903011332036783,False
2025-11-01,85,Matched,63511,97.40950920245399,652,Macaulay Rd (North),488Mac_T,-37.79432415,144.92973378,Outdoor,A,43532,19979,31.457542787863517,False
2025-11-01,86,Matched,43000,64.37125748502994,668,Queensberry St - Errol St (South),574Qub_T,-37.80309992,144.94908064,Outdoor,A,29639,13361,31.072093023255814,False
2025-11-01,87,Matched,82679,118.28183118741059,699,Errol St (West),Errol23_T,-37.80454949,144.94921863,Outdoor,A,56802,25877,31.29815309812649,False
2025-11-01,107,Matched,117653,163.40694444444443,720,Royal Mint 280 William St,280Will_T,-37.81246271,144.95690188,Outdoor,A,85648,32005,27.202876254749135,False
2025-11-01,108,Matched,323761,450.29346314325454,719,William St - Little Lonsdale St (West),261Will_T,-37.81295822,144.95678789,Outdoor,A,281784,41977,12.965428201667278,False
2025-11-01,109,Matched,129679,180.36022253129346,719,La Trobe St- William St (South),LatWill_T,-37.81193681,144.95621105,Outdoor,A,102439,27240,21.005714109454885,False
2025-11-01,117,Matched,164979,230.73986013986013,715,114 Flinders Street Car Park Footpath,Fli114F_T,-37.81629332,144.97090877,Outdoor,A,115991,48988,29.693476139387435,False
2025-11-01,118,Matched,18223,29.391935483870967,620,114 Flinders Street Car Park Crossing,Fli114C_T,-37.81632783,144.97090512,Outdoor,A,11855,6368,34.94484991494266,False
2025-11-01,123,Matched,29755,57.5531914893617,517,Birrarung Marr East - Batman Ave Bridge Entry,BirBridge_T,-37.81753741,144.97329734,Outdoor,A,22318,7437,24.994118635523442,False
2025-11-01,124,Matched,2404,6.829545454545454,352,Birrarung Marr East - Batman Ave Bridge Entry,BirBridge_T,-37.81757416,144.97329934,Outdoor,A,1772,632,26.28951747088186,False
2025-11-01,130,Matched,43976,69.69255150554675,631,I-Hub 892 Bourke Street,Bou892T,-37.8204637,144.94126826,Outdoor,A,32172,11804,26.841913771147897,False
2025-11-01,131,Matched,63851,161.6481012658228,395,I-Hub Corner of King Street and Flinders Street (2-6 King),King2_T,-37.82009057,144.95758725,Outdoor,A,37556,26295,41.18181391051041,False
2025-11-01,132,Matched,127484,177.0611111111111,720,I-Hub Corner of King Street and Latrobe Street (317-335 King),King335_T,-37.81267639,144.95386444,Outdoor,A,87205,40279,31.59533745411189,False
2025-11-01,133,Matched,482979,670.8041666666667,720,I-Hub Southern Cross Station - Lonsdale Street Entrance - South,Spen229_T,-37.81531435,144.95227769,Outdoor,A,337026,145953,30.219326306112688,False
2025-11-01,134,Matched,364802,506.6694444444444,720,I-Hub Southern Cross Station - Bourke Street Entrance - North,Spen201_T,-37.81694221,144.95303935,Outdoor,A,251480,113322,31.06397442996475,False
2025-11-01,135,Matched,354491,492.3486111111111,720,I-Hub Southern Cross Station - Bourke Street Entrance - South,Spen161_T,-37.8172861,144.95319102,Outdoor,A,240844,113647,32.05920601651382,False
2025-11-01,136,Matched,105468,170.6601941747573,618,"COM Pole 1120 - Towards the City, Near Federation Square Bridge",BirFed1120_T,-37.8184141,144.97357915,Outdoor,A,68595,36873,34.96131528046422,False
2025-11-01,137,Matched,53395,87.82072368421052,608,"COM Pole 2353 - Towards the city, NAB Building",BouHbr2353_T,-37.81894815,144.94612292,Outdoor,A,46120,7275,13.624871242625714,False
2025-11-01,138,Matched,5170,11.75,440,"COM Pole 1671 - Enterprize Park, Queens Bridge",EntPark1671_T,-37.81996544,144.95981454,Outdoor,A,3917,1253,24.23597678916828,False
2025-11-01,139,Matched,64134,93.08272859216255,689,COM Pole 1647 - Sandridge Bridge Signal Box,Signal1647_T,-37.81959923,144.9632832,Outdoor,A,50493,13641,21.269529422771072,False
2025-11-01,140,Matched,69912,147.18315789473684,475,COM Pole 2837 - Boyd Park,Boyd2837_T,-37.82590962,144.96185972,Outdoor,A,47807,22105,31.618320173932947,False
2025-11-01,141,Matched,144095,200.13194444444446,720,Awning of Nationwide Parking 474 Flinders Street,474Fl_T,-37.81997273,144.95834911,Outdoor,A,94394,49701,34.49182830771366,False
2025-11-01,142,Matched,266067,525.8241106719368,506,Hamer Hall Entrance (COM Pole 1584),Hammer1584_T,-37.81970749,144.96795734,Outdoor,A,153047,113020,42.47802245299116,False
2025-11-01,143,Matched,228166,316.89722222222224,720,"Mounted on Toilet - Spencer Street, Batman Park",Spencer_T,-37.821728,144.95557015,Outdoor,A,141114,87052,38.1529237484989,False
2025-11-01,161,Matched,161468,231.99425287356323,696,Birrarung Marr - COM - Pole 1109,BirArt1109_T,-37.81851276,144.97131336,Outdoor,A,103305,58163,36.02137884905988,False
2025-11-01,162,Matched,350205,486.3958333333333,720,iHub 489 Elizabeth Street,Eli489_T,-37.80740397,144.95987909,Outdoor,A,213287,136918,39.09652917576848,False
2025-11-01,164,Matched,83378,118.26666666666667,705,I-Hub 526 La Trobe Street (Footpath),Lat526_T,-37.813005,144.95160411,Outdoor,A,58540,24838,29.789632756842334,False
2025-11-01,165,Matched,36125,51.607142857142854,700,475 Spencer Street,Spen475_T,-37.80953359,144.94939004,Outdoor,A,26049,10076,27.89204152249135,False
2025-11-01,166,Matched,41636,61.049853372434015,682,484 Spencer Street,Spen484_T,-37.80896733,144.94931703,Outdoor,A,28296,13340,32.03958113171294,False
2025-11-01,167,Matched,35208,50.36909871244635,699,I-Hub 526 La Trobe Street (Crossing),Lat526_T,-37.81304149,144.95155955,Outdoor,A,25103,10105,28.700863440127243,False
2025-11-01,179,Matched,55148,76.80779944289694,718,61-67 Power Street Southbank,Pow61_T,-37.82392385,144.96299677,Outdoor,A,36841,18307,33.19612678610285,False
2025-11-01,180,Matched,32653,53.35457516339869,612,"Pumping Station No.2, 330 Macaulay Road",Mac330_T,-37.79497059,144.93530329,Outdoor,A,23734,8919,27.31448871466634,False
2025-11-01,181,Matched,694496,964.5777777777778,720,368 Elizabeth Street,Eli368_T,-37.81009465,144.96143149,Outdoor,A,463083,231413,33.32099824908999,False
2025-11-01,182,Matched,225206,312.7861111111111,720,163 King Street,King163_T,-37.81627451,144.95550503,Outdoor,A,147957,77249,34.301483974672074,False
2025-11-01,184,Matched,711809,988.6236111111111,720,124 Elizabeth Street,Eli124_T,-37.81512416,144.96371988,Outdoor,A,475285,236524,33.22857676708218,False
2025-11-01,185,Matched,543153,754.3791666666667,720,197 Elizabeth Street,Eli197_T,-37.81374643,144.96276183,Outdoor,A,369842,173311,31.90832049164784,False
2025-11-01,187,Matched,156838,225.34195402298852,696,RMIT Building 22 - 330 Swanston Street,Swa330_T,-37.80942561,144.96395473,Outdoor,A,116342,40496,25.82027314808911,False
2025-11-01,188,Matched,44846,78.95422535211267,568,RMIT Building 51 - 80-92 Victoria Street,RMIT51_T,-37.80663222,144.96456557,Outdoor,A,37219,7627,17.00709093341658,False
2025-11-01,209,Matched,529775,735.7986111111111,720,Flinders Underpass - Walkway,FliS_T,-37.81909037,144.96549709,Outdoor,A,350534,179241,33.8334198480487,False
2025-12-01,2,Matched,800635,1076.122311827957,744,Bourke Street Mall (South),Bou283_T,-37.81380668,144.96516718,Outdoor,A,554805,245830,30.704378399645282,False
2025-12-01,3,Matched,910272,1223.483870967742,744,Melbourne Central,Swa295_T,-37.81101524,144.96429485,Outdoor,A,652548,257724,28.31285593756591,False
2025-12-01,4,Matched,1410531,1895.875,744,Town Hall (West),Swa123_T,-37.81487988,144.9660878,Outdoor,A,1012347,398184,28.22936893978225,False
2025-12-01,5,Matched,1095188,1472.02688172043,744,Princes Bridge,PriNW_T,-37.81874249,144.96787656,Outdoor,A,762193,332995,30.40528201550784,False
2025-12-01,6,Matched,352364,476.1675675675676,740,Flinders Underpass - Myki Barriers,FliS_T,-37.81907439,144.96557866,Outdoor,A,265350,87014,24.694350160629348,False
2025-12-01,8,Matched,184568,261.05799151343706,707,Webb Bridge,WebBN_T,-37.82293543,144.9471751,Outdoor,A,143657,40911,22.16581422565125,False
2025-12-01,9,Matched,322797,434.45087483176314,743,Southern Cross Station,Col700_T,-37.81982992,144.95102555,Outdoor,A,302715,20082,6.22124740936254,False
2025-12-01,10,Matched,77724,107.8002773925104,721,Victoria Point,BouHbr_T,-37.81876474,144.94710545,Outdoor,A,64658,13066,16.810766301271165,False
2025-12-01,11,Matched,128386,175.63064295485637,731,Docklands Waterfront City Building Side,WatCit_T,-37.81566651,144.93974366,Outdoor,A,97433,30953,24.10932656208621,False
2025-12-01,12,Matched,183004,257.3895921237693,711,New Quay,NewQ_T,-37.81457988,144.94292398,Outdoor,A,136552,46452,25.383051736574064,False
2025-12-01,14,Matched,374039,505.4581081081081,740,Sandridge Bridge,SanBri_T,-37.82011242,144.96291897,Outdoor,A,268188,105851,28.299455404382968,False
2025-12-01,17,Matched,268351,360.68682795698925,744,Collins Place (South),Col15_T,-37.81362543,144.97323591,Outdoor,A,234313,34038,12.684133839635404,False
2025-12-01,18,Matched,161908,227.3988764044944,712,Collins Place (North),Col12_T,-37.81344862,144.97305353,Outdoor,A,146634,15274,9.43375250142056,False
2025-12-01,19,Matched,439537,590.7755376344086,744,Chinatown-Swanston St (North),LtB210_T,-37.81237202,144.96550671,Outdoor,A,308663,130874,29.775422774419447,False
2025-12-01,20,Matched,280513,380.0989159891599,738,Chinatown-Lt Bourke St (South),LtB170_T,-37.81172914,144.9682466,Outdoor,A,188490,92023,32.80525323247051,False
2025-12-01,21,Matched,356885,479.68413978494624,744,155-161 Russell Street,Bourke155_T,-37.81267313,144.96788288,Outdoor,A,253209,103676,29.050254283592754,False
2025-12-01,23,Matched,259523,348.8212365591398,744,Spencer St-Collins St (South),Col623_T,-37.81909256,144.95452748,Outdoor,A,215397,44126,17.002731935127137,False
2025-12-01,24,Matched,622123,836.1868279569892,744,Spencer St-Collins St (North),Col620_T,-37.81887963,144.95449198,Outdoor,A,495760,126363,20.31157825703277,False
2025-12-01,25,Matched,687799,924.4610215053764,744,Melbourne Convention Exhibition Centre,MCEC_T,-37.82401776,144.95604426,Outdoor,A,474713,213086,30.98085341793169,False
2025-12-01,27,Matched,104765,140.81317204301075,744,QV Market-Peel St,Vic_T,-37.80606888,144.95644692,Outdoor,A,71768,32997,31.496205793919724,False
2025-12-01,29,Matched,345636,465.1897711978466,743,St Kilda Rd-Alexandra Gardens,AG_T,-37.8199817,144.96872865,Outdoor,A,232337,113299,32.77986089411983,False
2025-12-01,30,Matched,341074,458.43279569892474,744,Lonsdale St (South),Lon189_T,-37.8112185,144.96656806,Outdoor,A,233643,107431,31.497856770085086,False
2025-12-01,31,Matched,163344,220.14016172506737,742,Lygon St (West),Lyg161_T,-37.80169681,144.96658911,Outdoor,A,109188,54156,33.15456949750221,False
2025-12-01,35,Matched,1325678,1781.8252688172042,744,Southbank Promenade,SouthB_T,-37.82018685,144.96508508,Outdoor,A,959975,365703,27.58611065432179,False
2025-12-01,36,Matched,162454,218.3521505376344,744,Queen St (West),Que85_T,-37.81652527,144.96121062,Outdoor,A,126550,35904,22.10102552107058,False
2025-12-01,37,Matched,28917,63.55384615384615,455,Lygon St (East),Lyg260_T,-37.80107122,144.96704554,Outdoor,A,20912,8005,27.6826780094754,False
2025-12-01,39,Matched,70773,102.42112879884226,691,Alfred Place,AlfPl_T,-37.81379749,144.96995745,Outdoor,A,60343,10430,14.737258559055007,False
2025-12-01,40,Matched,155356,209.94054054054055,740,Lonsdale St-Spring St (West),Spr201_T,-37.80999341,144.97227587,Outdoor,A,121330,34026,21.901954221272433,False
2025-12-01,41,Matched,1333066,1791.755376344086,744,Flinders La-Swanston St (West),Swa31,-37.81668634,144.96689733,Outdoor,A,974796,358270,26.87563856553239,False
2025-12-01,42,Matched,50954,78.75425038639877,647,Grattan St-Swanston St (West),UM1_T,-37.80008566,144.96386412,Outdoor,A,42839,8115,15.92612945009224,False
2025-12-01,43,Matched,49922,76.56748466257669,652,Monash Rd-Swanston St (West),UM2_T,-37.79844526,144.96411782,Outdoor,A,42538,7384,14.79107407555787,False
2025-12-01,44,Matched,26583,38.638081395348834,688,Tin Alley-Swanston St (West),UM3_T,-37.79698741,144.96441306,Outdoor,A,22303,4280,16.10051536696385,False
2025-12-01,45,Matched,698610,1291.3308687615527,541,Little Collins St-Swanston St (East),Swa148_T,-37.81414075,144.96609379,Outdoor,A,491341,207269,29.66877084496357,False
2025-12-01,46,Matched,35413,57.7699836867863,613,Pelham St (South),Pel147_T,-37.80240719,144.9615673,Outdoor,A,29849,5564,15.711744274701381,False
2025-12-01,47,Matched,752008,1010.763440860215,744,Melbourne Central-Elizabeth St (East),Eli250_T,-37.81258467,144.9625775,Outdoor,A,551107,200901,26.715274305592494,False
2025-12-01,48,Matched,172594,357.3374741200828,483,QVM-Queen St (East),QVMQ_T,-37.80631581,144.95866697,Outdoor,A,113947,58647,33.97974437118324,False
2025-12-01,49,Matched,250353,336.4959677419355,744,QVM-Therry St (South),Eli501_T,-37.80730068,144.95956055,Outdoor,A,172372,77981,31.14841843317236,False
2025-12-01,50,Matched,175778,238.8288043478261,736,Faraday St-Lygon St (West),Lyg309_T,-37.79808192,144.96721013,Outdoor,A,126257,49521,28.17246754428882,False
2025-12-01,51,Matched,91316,122.73655913978494,744,QVM-Franklin St (North),Fra118_T,-37.80841815,144.95906316,Outdoor,A,66294,25022,27.401550659249203,False
2025-12-01,52,Matched,303176,409.14439946018894,741,Elizabeth St-Lonsdale St (South),Eli263_T,-37.81252157,144.9619401,Outdoor,A,221593,81583,26.90945193550941,False
2025-12-01,53,Matched,501774,675.3351278600269,743,Collins Street (North),Col254_T,-37.81564191,144.965499,Outdoor,A,377355,124419,24.795824414975666,False
2025-12-01,54,Matched,75236,103.9171270718232,724,Lincoln-Swanston (West),Swa607_T,-37.804024,144.96308399,Outdoor,A,61415,13821,18.370195119357753,False
2025-12-01,56,Matched,335572,470.6479663394109,713,Lonsdale St - Elizabeth St (North),Lon364_T,-37.81234775,144.96153311,Outdoor,A,243604,91968,27.406339027094035,False
2025-12-01,58,Matched,498449,669.9583333333334,744,Bourke St - Spencer St (North),Bou688_T,-37.81686075,144.95358075,Outdoor,A,389462,108987,21.865225930837457,False
2025-12-01,59,Matched,381730,513.0779569892474,744,Building 80 RMIT,RMIT_T,-37.80825648,144.96304859,Outdoor,A,295600,86130,22.56306813716501,False
2025-12-01,61,Matched,251404,337.90860215053766,744,RMIT Building 14,RMIT14_T,-37.80767455,144.96309114,Outdoor,A,192570,58834,23.40217339421807,False
2025-12-01,62,Matched,199995,268.81048387096774,744,La Trobe St (North),Lat224_T,-37.80996494,144.96216521,Outdoor,A,146149,53846,26.923673091827293,False
2025-12-01,63,Matched,419592,567.0162162162162,740,231 Bourke St,Bou231_T,-37.81333081,144.96675571,Outdoor,A,305217,114375,27.25862266201453,False
2025-12-01,66,Matched,893828,1201.3817204301076,744,"QV2 Apartments, 300 Swanston Street",QVN_T,-37.81057846,144.96444294,Outdoor,A,650870,242958,27.181739663559433,False
2025-12-01,67,Matched,396121,533.1372812920592,743,Flinders Ln -Degraves St (South),FLDegS_T,-37.81688755,144.96562569,Outdoor,A,298276,97845,24.700785870983864,False
2025-12-01,68,Matched,261764,366.6162464985994,714,Flinders Ln -Degraves St (North),FLDegN_T,-37.8168479,144.96559789,Outdoor,A,191598,70166,26.805061047355633,False
2025-12-01,69,Matched,194559,278.7378223495702,698,Flinders Ln -Degraves St (Crossing),FLDegC_T,-37.81687226,144.96559144,Outdoor,A,142519,52040,26.747670372483412,False
2025-12-01,70,Matched,116461,159.53561643835616,730,Errol Street (East),Errol20_T,-37.80456984,144.94946228,Outdoor,A,87437,29024,24.921647590180402,False
2025-12-01,71,Matched,15895,22.199720670391063,716,Westwood Place,WestWP_T,-37.81235775,144.97136962,Outdoor,A,13720,2175,13.683548285624411,False
2025-12-01,72,Matched,273961,370.2175675675676,740,Flinders St- ACMI,ACMI_T,-37.81726338,144.96872809,Outdoor,A,204052,69909,25.517865681611617,False
2025-12-01,75,Matched,45774,66.92105263157895,684,Spring St- Flinders st (West),SprFli_T,-37.81515276,144.97467661,Outdoor,A,36239,9535,20.83060252545113,False
2025-12-01,76,Matched,42830,62.52554744525548,685,Macaulay Rd- Bellair St,KenMac_T,-37.79453803,144.93036194,Outdoor,A,33073,9757,22.780761148727528,False
2025-12-01,77,Matched,171617,231.60188933873144,741,Harbour Esplanade (West) - Pedestrian path,HarEsP_T,-37.81441438,144.94433026,Outdoor,A,132094,39523,23.02976977805229,False
2025-12-01,78,Unmatched,65551,90.4151724137931,725,,,,,,,50334,15217,23.213986056658175,False
2025-12-01,79,Matched,441933,593.9959677419355,744,Flinders St (South),FliSS_T,-37.81794046,144.96616678,Outdoor,A,317905,124028,28.064887663967163,False
2025-12-01,84,Matched,1009106,1356.3252688172042,744,Elizabeth St - Flinders St (East) - New footpath,ElFi_T,-37.81798049,144.96503383,Outdoor,A,754082,255024,25.272270702978677,False
2025-12-01,85,Matched,64630,96.03268945022289,673,Macaulay Rd (North),488Mac_T,-37.79432415,144.92973378,Outdoor,A,48562,16068,24.86151941822683,False
2025-12-01,86,Matched,41434,59.61726618705036,695,Queensberry St - Errol St (South),574Qub_T,-37.80309992,144.94908064,Outdoor,A,32151,9283,22.404305642708884,False
2025-12-01,87,Matched,80712,110.86813186813187,728,Errol St (West),Errol23_T,-37.80454949,144.94921863,Outdoor,A,61796,18916,23.43641589850332,False
2025-12-01,107,Matched,119180,160.18817204301075,744,Royal Mint 280 William St,280Will_T,-37.81246271,144.95690188,Outdoor,A,94484,24696,20.72159758348716,False
2025-12-01,108,Matched,314344,422.505376344086,744,William St - Little Lonsdale St (West),261Will_T,-37.81295822,144.95678789,Outdoor,A,279516,34828,11.079581604866007,False
2025-12-01,109,Matched,117808,158.34408602150538,744,La Trobe St- William St (South),LatWill_T,-37.81193681,144.95621105,Outdoor,A,96743,21065,17.880789080537824,False
2025-12-01,117,Matched,179108,241.38544474393532,742,114 Flinders Street Car Park Footpath,Fli114F_T,-37.81629332,144.97090877,Outdoor,A,137500,41608,23.230676463362887,False
2025-12-01,118,Matched,19658,30.524844720496894,644,114 Flinders Street Car Park Crossing,Fli114C_T,-37.81632783,144.97090512,Outdoor,A,14518,5140,26.147115678095435,False
2025-12-01,123,Matched,29551,51.39304347826087,575,Birrarung Marr East - Batman Ave Bridge Entry,BirBridge_T,-37.81753741,144.97329734,Outdoor,A,23001,6550,22.165070555987953,False
2025-12-01,124,Matched,1867,4.6675,400,Birrarung Marr East - Batman Ave Bridge Entry,BirBridge_T,-37.81757416,144.97329934,Outdoor,A,1548,319,17.086234600964115,False
2025-12-01,130,Matched,43191,65.34190620272315,661,I-Hub 892 Bourke Street,Bou892T,-37.8204637,144.94126826,Outdoor,A,34407,8784,20.337570327151493,False
2025-12-01,131,Matched,41831,205.05392156862746,204,I-Hub Corner of King Street and Flinders Street (2-6 King),King2_T,-37.82009057,144.95758725,Outdoor,A,30873,10958,26.195883435729485,False
2025-12-01,132,Matched,132121,177.58198924731184,744,I-Hub Corner of King Street and Latrobe Street (317-335 King),King335_T,-37.81267639,144.95386444,Outdoor,A,100328,31793,24.063547808448316,False
2025-12-01,133,Matched,495029,665.361559139785,744,I-Hub Southern Cross Station - Lonsdale Street Entrance - South,Spen229_T,-37.81531435,144.95227769,Outdoor,A,379670,115359,23.303483230275397,False
2025-12-01,134,Matched,381399,512.633064516129,744,I-Hub Southern Cross Station - Bourke Street Entrance - North,Spen201_T,-37.81694221,144.95303935,Outdoor,A,288156,93243,24.44762571480261,False
2025-12-01,135,Matched,376738,506.3682795698925,744,I-Hub Southern Cross Station - Bourke Street Entrance - South,Spen161_T,-37.8172861,144.95319102,Outdoor,A,283775,92963,24.675769367571096,False
2025-12-01,136,Matched,139971,216.00462962962962,648,"COM Pole 1120 - Towards the City, Near Federation Square Bridge",BirFed1120_T,-37.8184141,144.97357915,Outdoor,A,94996,44975,32.13165584299605,False
2025-12-01,137,Matched,64446,98.69218989280245,653,"COM Pole 2353 - Towards the city, NAB Building",BouHbr2353_T,-37.81894815,144.94612292,Outdoor,A,58519,5927,9.196846972659282,False
2025-12-01,138,Matched,6050,12.321792260692463,491,"COM Pole 1671 - Enterprize Park, Queens Bridge",EntPark1671_T,-37.81996544,144.95981454,Outdoor,A,4547,1503,24.84297520661157,False
2025-12-01,139,Matched,81835,113.65972222222223,720,COM Pole 1647 - Sandridge Bridge Signal Box,Signal1647_T,-37.81959923,144.9632832,Outdoor,A,64813,17022,20.80039103073257,False
2025-12-01,140,Matched,71064,140.7207920792079,505,COM Pole 2837 - Boyd Park,Boyd2837_T,-37.82590962,144.96185972,Outdoor,A,53050,18014,25.348981200045028,False
2025-12-01,141,Matched,171000,229.83870967741936,744,Awning of Nationwide Parking 474 Flinders Street,474Fl_T,-37.81997273,144.95834911,Outdoor,A,123105,47895,28.00877192982456,False
2025-12-01,142,Matched,435366,666.7166921898928,653,Hamer Hall Entrance (COM Pole 1584),Hammer1584_T,-37.81970749,144.96795734,Outdoor,A,299530,135836,31.200415282773577,False
2025-12-01,143,Matched,286315,384.8319892473118,744,"Mounted on Toilet - Spencer Street, Batman Park",Spencer_T,-37.821728,144.95557015,Outdoor,A,195803,90512,31.612734226289223,False
2025-12-01,161,Matched,169737,233.15521978021977,728,Birrarung Marr - COM - Pole 1109,BirArt1109_T,-37.81851276,144.97131336,Outdoor,A,120255,49482,29.152158928224253,False
2025-12-01,162,Matched,362938,487.8198924731183,744,iHub 489 Elizabeth Street,Eli489_T,-37.80740397,144.95987909,Outdoor,A,250504,112434,30.978844871575863,False
2025-12-01,164,Matched,84566,114.89945652173913,736,I-Hub 526 La Trobe Street (Footpath),Lat526_T,-37.813005,144.95160411,Outdoor,A,65864,18702,22.115270912659934,False
2025-12-01,165,Matched,33457,45.89437585733882,729,475 Spencer Street,Spen475_T,-37.80953359,144.94939004,Outdoor,A,26046,7411,22.15082045610784,False
2025-12-01,166,Matched,40433,56.15694444444444,720,484 Spencer Street,Spen484_T,-37.80896733,144.94931703,Outdoor,A,30773,9660,23.89137585635496,False
2025-12-01,167,Matched,39657,53.808683853459975,737,I-Hub 526 La Trobe Street (Crossing),Lat526_T,-37.81304149,144.95155955,Outdoor,A,31240,8417,21.2245000882568,False
2025-12-01,179,Matched,58399,78.70485175202157,742,61-67 Power Street Southbank,Pow61_T,-37.82392385,144.96299677,Outdoor,A,43840,14559,24.93022140790082,False
2025-12-01,180,Matched,33746,53.05974842767296,636,"Pumping Station No.2, 330 Macaulay Road",Mac330_T,-37.79497059,144.93530329,Outdoor,A,26515,7231,21.42772476737984,False
2025-12-01,181,Matched,696824,936.5913978494624,744,368 Elizabeth Street,Eli368_T,-37.81009465,144.96143149,Outdoor,A,512338,184486,26.47526491624858,False
2025-12-01,182,Matched,250151,336.2244623655914,744,163 King Street,King163_T,-37.81627451,144.95550503,Outdoor,A,183608,66543,26.601132915718907,False
2025-12-01,184,Matched,870230,1169.6639784946237,744,124 Elizabeth Street,Eli124_T,-37.81512416,144.96371988,Outdoor,A,641951,228279,26.232030612596667,False
2025-12-01,185,Matched,628743,845.0846774193549,744,197 Elizabeth Street,Eli197_T,-37.81374643,144.96276183,Outdoor,A,472514,156229,24.847831307863466,False
2025-12-01,187,Matched,152714,206.37027027027028,740,RMIT Building 22 - 330 Swanston Street,Swa330_T,-37.80942561,144.96395473,Outdoor,A,119800,32914,21.552706366148485,False
2025-12-01,188,Matched,35767,61.88062283737024,578,RMIT Building 51 - 80-92 Victoria Street,RMIT51_T,-37.80663222,144.96456557,Outdoor,A,30290,5477,15.312998014929963,False
2025-12-01,209,Matched,687721,924.3561827956989,744,Flinders Underpass - Walkway,FliS_T,-37.81909037,144.96549709,Outdoor,A,511673,176048,25.59875298267757,False
2026-01-01,2,Matched,503539,676.7997311827957,744,Bourke Street Mall (South),Bou283_T,-37.81380668,144.96516718,Outdoor,A,346328,157211,31.22121623151335,False
2026-01-01,3,Matched,795836,1069.6720430107528,744,Melbourne Central,Swa295_T,-37.81101524,144.96429485,Outdoor,A,527460,268376,33.72252574651059,False
2026-01-01,4,Matched,1176427,1581.2190860215053,744,Town Hall (West),Swa123_T,-37.81487988,144.9660878,Outdoor,A,802028,374399,31.825094119737134,False
2026-01-01,5,Matched,963725,1295.3293010752689,744,Princes Bridge,PriNW_T,-37.81874249,144.96787656,Outdoor,A,638313,325412,33.766063970531015,False
2026-01-01,6,Matched,297369,401.3076923076923,741,Flinders Underpass - Myki Barriers,FliS_T,-37.81907439,144.96557866,Outdoor,A,217981,79388,26.69679758145604,False
2026-01-01,8,Matched,164938,233.954609929078,705,Webb Bridge,WebBN_T,-37.82293543,144.9471751,Outdoor,A,123207,41731,25.30102220228207,False
2026-01-01,9,Matched,299117,403.12264150943395,742,Southern Cross Station,Col700_T,-37.81982992,144.95102555,Outdoor,A,280816,18301,6.118341652263161,False
2026-01-01,10,Matched,63513,87.72513812154696,724,Victoria Point,BouHbr_T,-37.81876474,144.94710545,Outdoor,A,51573,11940,18.79930093051816,False
2026-01-01,11,Matched,104573,143.25068493150684,730,Docklands Waterfront City Building Side,WatCit_T,-37.81566651,144.93974366,Outdoor,A,73022,31551,30.171267918105055,False
2026-01-01,12,Matched,161703,226.79242636746142,713,New Quay,NewQ_T,-37.81457988,144.94292398,Outdoor,A,111890,49813,30.805241708564466,False
2026-01-01,14,Matched,272712,367.5363881401617,742,Sandridge Bridge,SanBri_T,-37.82011242,144.96291897,Outdoor,A,197668,75044,27.517674323095427,False
2026-01-01,17,Matched,254506,342.53835800807536,743,Collins Place (South),Col15_T,-37.81362543,144.97323591,Outdoor,A,217579,36927,14.509284653406992,False
2026-01-01,18,Matched,150147,210.28991596638656,714,Collins Place (North),Col12_T,-37.81344862,144.97305353,Outdoor,A,134240,15907,10.594284268083944,False
2026-01-01,19,Matched,385288,517.8602150537635,744,Chinatown-Swanston St (North),LtB210_T,-37.81237202,144.96550671,Outdoor,A,251524,133764,34.717925292248914,False
2026-01-01,20,Matched,235827,317.3983849259758,743,Chinatown-Lt Bourke St (South),LtB170_T,-37.81172914,144.9682466,Outdoor,A,145907,89920,38.12964588448312,False
2026-01-01,21,Matched,344010,462.3790322580645,744,155-161 Russell Street,Bourke155_T,-37.81267313,144.96788288,Outdoor,A,229964,114046,33.151943257463444,False
2026-01-01,23,Matched,229965,309.09274193548384,744,Spencer St-Collins St (South),Col623_T,-37.81909256,144.95452748,Outdoor,A,185877,44088,19.171613071554365,False
2026-01-01,24,Matched,547058,735.2930107526881,744,Spencer St-Collins St (North),Col620_T,-37.81887963,144.95449198,Outdoor,A,421017,126041,23.039787371722927,False
2026-01-01,25,Matched,516352,694.0215053763441,744,Melbourne Convention Exhibition Centre,MCEC_T,-37.82401776,144.95604426,Outdoor,A,340121,176231,34.13001208477937,False
2026-01-01,27,Matched,98640,132.93800539083557,742,QV Market-Peel St,Vic_T,-37.80606888,144.95644692,Outdoor,A,63009,35631,36.12226277372263,False
2026-01-01,29,Matched,367547,494.67967698519516,743,St Kilda Rd-Alexandra Gardens,AG_T,-37.8199817,144.96872865,Outdoor,A,226283,141264,38.434268270452485,False
2026-01-01,30,Matched,311073,418.10887096774195,744,Lonsdale St (South),Lon189_T,-37.8112185,144.96656806,Outdoor,A,200094,110979,35.67619176206228,False
2026-01-01,31,Matched,170152,229.93513513513514,740,Lygon St (West),Lyg161_T,-37.80169681,144.96658911,Outdoor,A,105530,64622,37.978983497108466,False
2026-01-01,35,Matched,1135962,1526.8306451612902,744,Southbank Promenade,SouthB_T,-37.82018685,144.96508508,Outdoor,A,780744,355218,31.270236152265657,False
2026-01-01,36,Matched,147123,198.81486486486486,740,Queen St (West),Que85_T,-37.81652527,144.96121062,Outdoor,A,110864,36259,24.645364762817508,False
2026-01-01,37,Matched,31567,68.62391304347825,460,Lygon St (East),Lyg260_T,-37.80107122,144.96704554,Outdoor,A,21914,9653,30.57940254062787,False
2026-01-01,39,Matched,68704,102.23809523809524,672,Alfred Place,AlfPl_T,-37.81379749,144.96995745,Outdoor,A,55975,12729,18.527305542617604,False
2026-01-01,40,Matched,132151,178.34143049932524,741,Lonsdale St-Spring St (West),Spr201_T,-37.80999341,144.97227587,Outdoor,A,101176,30975,23.439096185424248,False
2026-01-01,41,Matched,1218592,1637.8924731182797,744,Flinders La-Swanston St (West),Swa31,-37.81668634,144.96689733,Outdoor,A,850054,368538,30.242936109871067,False
2026-01-01,42,Matched,59350,82.43055555555556,720,Grattan St-Swanston St (West),UM1_T,-37.80008566,144.96386412,Outdoor,A,50185,9165,15.442291491154169,False
2026-01-01,43,Matched,34980,95.05434782608695,368,Monash Rd-Swanston St (West),UM2_T,-37.79844526,144.96411782,Outdoor,A,30641,4339,12.40423098913665,False
2026-01-01,44,Matched,28308,41.02608695652174,690,Tin Alley-Swanston St (West),UM3_T,-37.79698741,144.96441306,Outdoor,A,23066,5242,18.517733502896707,False
2026-01-01,45,Matched,593038,817.9834482758621,725,Little Collins St-Swanston St (East),Swa148_T,-37.81414075,144.96609379,Outdoor,A,398853,194185,32.744107460230204,False
2026-01-01,46,Matched,32006,52.81518151815182,606,Pelham St (South),Pel147_T,-37.80240719,144.9615673,Outdoor,A,25541,6465,20.19933762419546,False
2026-01-01,47,Matched,613578,833.6657608695652,736,Melbourne Central-Elizabeth St (East),Eli250_T,-37.81258467,144.9625775,Outdoor,A,420898,192680,31.402690448484137,False
2026-01-01,48,Matched,175194,295.43676222596963,593,QVM-Queen St (East),QVMQ_T,-37.80631581,144.95866697,Outdoor,A,113051,62143,35.47096361747548,False
2026-01-01,49,Matched,229626,309.05248990578735,743,QVM-Therry St (South),Eli501_T,-37.80730068,144.95956055,Outdoor,A,147126,82500,35.9279872488307,False
2026-01-01,50,Matched,158100,214.22764227642276,738,Faraday St-Lygon St (West),Lyg309_T,-37.79808192,144.96721013,Outdoor,A,105384,52716,33.34345351043643,False
2026-01-01,51,Matched,84777,113.9475806451613,744,QVM-Franklin St (North),Fra118_T,-37.80841815,144.95906316,Outdoor,A,58442,26335,31.063849864939787,False
2026-01-01,52,Matched,265285,359.46476964769647,738,Elizabeth St-Lonsdale St (South),Eli263_T,-37.81252157,144.9619401,Outdoor,A,181849,83436,31.451457866068566,False
2026-01-01,53,Matched,432069,582.3032345013477,742,Collins Street (North),Col254_T,-37.81564191,144.965499,Outdoor,A,312477,119592,27.678912395936763,False
2026-01-01,54,Matched,71496,99.43810848400557,719,Lincoln-Swanston (West),Swa607_T,-37.804024,144.96308399,Outdoor,A,54018,17478,24.446122860020143,False
2026-01-01,56,Matched,317317,428.2280701754386,741,Lonsdale St - Elizabeth St (North),Lon364_T,-37.81234775,144.96153311,Outdoor,A,217104,100213,31.581352401541672,False
2026-01-01,58,Matched,414417,557.0120967741935,744,Bourke St - Spencer St (North),Bou688_T,-37.81686075,144.95358075,Outdoor,A,314622,99795,24.080817147945186,False
2026-01-01,59,Matched,361306,485.6263440860215,744,Building 80 RMIT,RMIT_T,-37.80825648,144.96304859,Outdoor,A,268292,93014,25.74382933026299,False
2026-01-01,61,Matched,233020,313.1989247311828,744,RMIT Building 14,RMIT14_T,-37.80767455,144.96309114,Outdoor,A,170284,62736,26.9230109003519,False
2026-01-01,62,Matched,182973,245.93145161290323,744,La Trobe St (North),Lat224_T,-37.80996494,144.96216521,Outdoor,A,125292,57681,31.524323260808973,False
2026-01-01,63,Matched,358867,482.3481182795699,744,231 Bourke St,Bou231_T,-37.81333081,144.96675571,Outdoor,A,249526,109341,30.468390796590377,False
2026-01-01,66,Matched,788510,1059.8252688172042,744,"QV2 Apartments, 300 Swanston Street",QVN_T,-37.81057846,144.96444294,Outdoor,A,533064,255446,32.39603809717062,False
2026-01-01,67,Matched,360175,488.70420624151967,737,Flinders Ln -Degraves St (South),FLDegS_T,-37.81688755,144.96562569,Outdoor,A,253475,106700,29.62448809606441,False
2026-01-01,68,Matched,243860,344.92220650636494,707,Flinders Ln -Degraves St (North),FLDegN_T,-37.8168479,144.96559789,Outdoor,A,168386,75474,30.949725252193883,False
2026-01-01,69,Matched,192343,275.9583931133429,697,Flinders Ln -Degraves St (Crossing),FLDegC_T,-37.81687226,144.96559144,Outdoor,A,132070,60273,31.336206672454935,False
2026-01-01,70,Matched,111363,152.76131687242798,729,Errol Street (East),Errol20_T,-37.80456984,144.94946228,Outdoor,A,80205,31158,27.978772123595807,False
2026-01-01,71,Matched,15457,21.497913769123784,719,Westwood Place,WestWP_T,-37.81235775,144.97136962,Outdoor,A,13224,2233,14.446529080675422,False
2026-01-01,72,Matched,230028,309.5935397039031,743,Flinders St- ACMI,ACMI_T,-37.81726338,144.96872809,Outdoor,A,166384,63644,27.667936077347104,False
2026-01-01,75,Matched,49427,70.509272467903,701,Spring St- Flinders st (West),SprFli_T,-37.81515276,144.97467661,Outdoor,A,37111,12316,24.917555182390192,False
2026-01-01,76,Matched,40660,59.97050147492625,678,Macaulay Rd- Bellair St,KenMac_T,-37.79453803,144.93036194,Outdoor,A,30203,10457,25.71815051647811,False
2026-01-01,77,Matched,152487,205.2314939434724,743,Harbour Esplanade (West) - Pedestrian path,HarEsP_T,-37.81441438,144.94433026,Outdoor,A,109740,42747,28.0332093883413,False
2026-01-01,78,Unmatched,61101,83.92994505494505,728,,,,,,,44490,16611,27.186134433151665,False
2026-01-01,79,Matched,440024,591.4301075268817,744,Flinders St (South),FliSS_T,-37.81794046,144.96616678,Outdoor,A,305286,134738,30.620602512590224,False
2026-01-01,84,Matched,930491,1250.659946236559,744,Elizabeth St - Flinders St (East) - New footpath,ElFi_T,-37.81798049,144.96503383,Outdoor,A,670371,260120,27.955133365072847,False
2026-01-01,85,Matched,63236,92.58565153733528,683,Macaulay Rd (North),488Mac_T,-37.79432415,144.92973378,Outdoor,A,45013,18223,28.81744575874502,False
2026-01-01,86,Matched,39467,56.38142857142857,700,Queensberry St - Errol St (South),574Qub_T,-37.80309992,144.94908064,Outdoor,A,29218,10249,25.96853067119366,False
2026-01-01,87,Matched,77322,105.92054794520548,730,Errol St (West),Errol23_T,-37.80454949,144.94921863,Outdoor,A,56467,20855,26.971625151961927,False
2026-01-01,107,Matched,104784,141.21832884097034,742,Royal Mint 280 William St,280Will_T,-37.81246271,144.95690188,Outdoor,A,79110,25674,24.50183234081539,False
2026-01-01,108,Matched,292673,393.377688172043,744,William St - Little Lonsdale St (West),261Will_T,-37.81295822,144.95678789,Outdoor,A,254863,37810,12.91885483115969,False
2026-01-01,109,Matched,104841,140.91532258064515,744,La Trobe St- William St (South),LatWill_T,-37.81193681,144.95621105,Outdoor,A,85544,19297,18.405967131179597,False
2026-01-01,117,Matched,177010,238.55795148247978,742,114 Flinders Street Car Park Footpath,Fli114F_T,-37.81629332,144.97090877,Outdoor,A,130384,46626,26.3408846957799,False
2026-01-01,118,Matched,24781,37.94946401225115,653,114 Flinders Street Car Park Crossing,Fli114C_T,-37.81632783,144.97090512,Outdoor,A,17525,7256,29.28049715507849,False
2026-01-01,123,Matched,36659,57.913112164297,633,Birrarung Marr East - Batman Ave Bridge Entry,BirBridge_T,-37.81753741,144.97329734,Outdoor,A,26931,9728,26.536457622957528,False
2026-01-01,124,Matched,3196,7.664268585131895,417,Birrarung Marr East - Batman Ave Bridge Entry,BirBridge_T,-37.81757416,144.97329934,Outdoor,A,2424,772,24.155193992490613,False
2026-01-01,130,Matched,43616,68.90363349131121,633,I-Hub 892 Bourke Street,Bou892T,-37.8204637,144.94126826,Outdoor,A,32983,10633,24.378668378576666,False
2026-01-01,131,Matched,114450,188.86138613861385,606,I-Hub Corner of King Street and Flinders Street (2-6 King),King2_T,-37.82009057,144.95758725,Outdoor,A,80827,33623,29.377894276976846,False
2026-01-01,132,Matched,124660,167.7792732166891,743,I-Hub Corner of King Street and Latrobe Street (317-335 King),King335_T,-37.81267639,144.95386444,Outdoor,A,89255,35405,28.401251403818385,False
2026-01-01,133,Matched,459248,617.2688172043011,744,I-Hub Southern Cross Station - Lonsdale Street Entrance - South,Spen229_T,-37.81531435,144.95227769,Outdoor,A,337300,121948,26.553844545866284,False
2026-01-01,134,Matched,344169,462.59274193548384,744,I-Hub Southern Cross Station - Bourke Street Entrance - North,Spen201_T,-37.81694221,144.95303935,Outdoor,A,251756,92413,26.85105282579198,False
2026-01-01,135,Matched,331212,445.1774193548387,744,I-Hub Southern Cross Station - Bourke Street Entrance - South,Spen161_T,-37.8172861,144.95319102,Outdoor,A,239401,91811,27.71970822313201,False
2026-01-01,136,Matched,140072,197.0070323488045,711,"COM Pole 1120 - Towards the City, Near Federation Square Bridge",BirFed1120_T,-37.8184141,144.97357915,Outdoor,A,93300,46772,33.39139870923525,False
2026-01-01,137,Matched,52387,80.22511485451761,653,"COM Pole 2353 - Towards the city, NAB Building",BouHbr2353_T,-37.81894815,144.94612292,Outdoor,A,45883,6504,12.415293870616756,False
2026-01-01,138,Matched,6128,12.820083682008368,478,"COM Pole 1671 - Enterprize Park, Queens Bridge",EntPark1671_T,-37.81996544,144.95981454,Outdoor,A,4517,1611,26.289164490861616,False
2026-01-01,139,Matched,74680,102.3013698630137,730,COM Pole 1647 - Sandridge Bridge Signal Box,Signal1647_T,-37.81959923,144.9632832,Outdoor,A,58394,16286,21.80771290840921,False
2026-01-01,140,Matched,70620,143.24543610547667,493,COM Pole 2837 - Boyd Park,Boyd2837_T,-37.82590962,144.96185972,Outdoor,A,50032,20588,29.153214386859243,False
2026-01-01,141,Matched,161011,216.41263440860214,744,Awning of Nationwide Parking 474 Flinders Street,474Fl_T,-37.81997273,144.95834911,Outdoor,A,110492,50519,31.376117159697163,False
2026-01-01,142,Matched,474619,642.2449255751014,739,Hamer Hall Entrance (COM Pole 1584),Hammer1584_T,-37.81970749,144.96795734,Outdoor,A,313216,161403,34.00685602556998,False
2026-01-01,143,Matched,243823,336.7720994475138,724,"Mounted on Toilet - Spencer Street, Batman Park",Spencer_T,-37.821728,144.95557015,Outdoor,A,163826,79997,32.80945603983218,False
2026-01-01,161,Matched,410273,553.6747638326585,741,Birrarung Marr - COM - Pole 1109,BirArt1109_T,-37.81851276,144.97131336,Outdoor,A,290229,120044,29.25954181727776,False
2026-01-01,162,Matched,346389,465.5766129032258,744,iHub 489 Elizabeth Street,Eli489_T,-37.80740397,144.95987909,Outdoor,A,223133,123256,35.58311609202371,False
2026-01-01,164,Matched,76337,104.14324693042292,733,I-Hub 526 La Trobe Street (Footpath),Lat526_T,-37.813005,144.95160411,Outdoor,A,56687,19650,25.7411216055124,False
2026-01-01,165,Matched,34072,46.54644808743169,732,475 Spencer Street,Spen475_T,-37.80953359,144.94939004,Outdoor,A,25093,8979,26.35301714017375,False
2026-01-01,166,Matched,40654,56.22959889349931,723,484 Spencer Street,Spen484_T,-37.80896733,144.94931703,Outdoor,A,29867,10787,26.53367442318099,False
2026-01-01,167,Matched,33507,45.64986376021798,734,I-Hub 526 La Trobe Street (Crossing),Lat526_T,-37.81304149,144.95155955,Outdoor,A,24751,8756,26.13185304563226,False
2026-01-01,179,Matched,56845,76.92151556156969,739,61-67 Power Street Southbank,Pow61_T,-37.82392385,144.96299677,Outdoor,A,40663,16182,28.466883630926205,False
2026-01-01,180,Matched,36255,55.098784194528875,658,"Pumping Station No.2, 330 Macaulay Road",Mac330_T,-37.79497059,144.93530329,Outdoor,A,26309,9946,27.433457454144257,False
2026-01-01,181,Matched,637487,856.8373655913979,744,368 Elizabeth Street,Eli368_T,-37.81009465,144.96143149,Outdoor,A,442343,195144,30.611447762856344,False
2026-01-01,182,Matched,242921,326.5067204301075,744,163 King Street,King163_T,-37.81627451,144.95550503,Outdoor,A,172458,70463,29.006549454349358,False
2026-01-01,184,Matched,703567,945.6545698924731,744,124 Elizabeth Street,Eli124_T,-37.81512416,144.96371988,Outdoor,A,500467,203100,28.867186778231495,False
2026-01-01,185,Matched,569020,764.8118279569892,744,197 Elizabeth Street,Eli197_T,-37.81374643,144.96276183,Outdoor,A,406209,162811,28.612526800463954,False
2026-01-01,187,Matched,137694,186.07297297297296,740,RMIT Building 22 - 330 Swanston Street,Swa330_T,-37.80942561,144.96395473,Outdoor,A,100457,37237,27.043298909175416,False
2026-01-01,188,Matched,33761,59.648409893992934,566,RMIT Building 51 - 80-92 Victoria Street,RMIT51_T,-37.80663222,144.96456557,Outdoor,A,27591,6170,18.275525014069487,False
2026-01-01,209,Matched,555953,747.2486559139785,744,Flinders Underpass - Walkway,FliS_T,-37.81909037,144.96549709,Outdoor,A,395874,160079,28.793621043505475,False
2026-02-01,2,Matched,440919,656.1294642857143,672,Bourke Street Mall (South),Bou283_T,-37.81380668,144.96516718,Outdoor,A,303363,137556,31.197566900042865,False
2026-02-01,3,Matched,797386,1186.5863095238096,672,Melbourne Central,Swa295_T,-37.81101524,144.96429485,Outdoor,A,540688,256698,32.192438793758605,False
2026-02-01,4,Matched,1041245,1549.4717261904761,672,Town Hall (West),Swa123_T,-37.81487988,144.9660878,Outdoor,A,712965,328280,31.527642389639325,False
2026-02-01,5,Matched,681021,1013.4241071428571,672,Princes Bridge,PriNW_T,-37.81874249,144.96787656,Outdoor,A,432371,248650,36.51135574380232,False
2026-02-01,6,Matched,259084,389.6,665,Flinders Underpass - Myki Barriers,FliS_T,-37.81907439,144.96557866,Outdoor,A,212863,46221,17.84015994812493,False
2026-02-01,8,Matched,152981,247.1421647819063,619,Webb Bridge,WebBN_T,-37.82293543,144.9471751,Outdoor,A,116974,36007,23.536909812329636,False
2026-02-01,9,Matched,364203,541.96875,672,Southern Cross Station,Col700_T,-37.81982992,144.95102555,Outdoor,A,344660,19543,5.365963487395765,False
2026-02-01,10,Matched,66089,102.14683153013911,647,Victoria Point,BouHbr_T,-37.81876474,144.94710545,Outdoor,A,53648,12441,18.824615291500855,False
2026-02-01,11,Matched,86413,130.5332326283988,662,Docklands Waterfront City Building Side,WatCit_T,-37.81566651,144.93974366,Outdoor,A,56424,29989,34.70426903359448,False
2026-02-01,12,Matched,140920,216.8,650,New Quay,NewQ_T,-37.81457988,144.94292398,Outdoor,A,96796,44124,31.311382344592676,False
2026-02-01,14,Matched,205832,309.5218045112782,665,Sandridge Bridge,SanBri_T,-37.82011242,144.96291897,Outdoor,A,154630,51202,24.875626724707526,False
2026-02-01,17,Matched,294934,439.5439642324888,671,Collins Place (South),Col15_T,-37.81362543,144.97323591,Outdoor,A,256597,38337,12.998501359626221,False
2026-02-01,18,Matched,170467,267.1896551724138,638,Collins Place (North),Col12_T,-37.81344862,144.97305353,Outdoor,A,154617,15850,9.297987293728404,False
2026-02-01,19,Matched,381846,568.2232142857143,672,Chinatown-Swanston St (North),LtB210_T,-37.81237202,144.96550671,Outdoor,A,246901,134945,35.340163311911084,False
2026-02-01,20,Matched,253196,376.7797619047619,672,Chinatown-Lt Bourke St (South),LtB170_T,-37.81172914,144.9682466,Outdoor,A,154501,98695,38.97968372328157,False
2026-02-01,21,Matched,333705,497.32488822652755,671,155-161 Russell Street,Bourke155_T,-37.81267313,144.96788288,Outdoor,A,216426,117279,35.14451386703825,False
2026-02-01,23,Matched,272405,405.3645833333333,672,Spencer St-Collins St (South),Col623_T,-37.81909256,144.95452748,Outdoor,A,226466,45939,16.86422789596373,False
2026-02-01,24,Matched,649287,966.2008928571429,672,Spencer St-Collins St (North),Col620_T,-37.81887963,144.95449198,Outdoor,A,516764,132523,20.41054264138971,False
2026-02-01,25,Matched,406080,605.1862891207154,671,Melbourne Convention Exhibition Centre,MCEC_T,-37.82401776,144.95604426,Outdoor,A,261654,144426,35.56589834515366,False
2026-02-01,27,Matched,97448,149.46012269938652,652,QV Market-Peel St,Vic_T,-37.80606888,144.95644692,Outdoor,A,62085,35363,36.28909777522371,False
2026-02-01,29,Matched,297587,443.4977645305514,671,St Kilda Rd-Alexandra Gardens,AG_T,-37.8199817,144.96872865,Outdoor,A,206682,90905,30.54736934073061,False
2026-02-01,30,Matched,305250,454.24107142857144,672,Lonsdale St (South),Lon189_T,-37.8112185,144.96656806,Outdoor,A,189785,115465,37.826371826371826,False
2026-02-01,31,Matched,149689,223.75037369207772,669,Lygon St (West),Lyg161_T,-37.80169681,144.96658911,Outdoor,A,89154,60535,40.440513330972884,False
2026-02-01,35,Matched,917235,1364.9330357142858,672,Southbank Promenade,SouthB_T,-37.82018685,144.96508508,Outdoor,A,640919,276316,30.124886206915345,False
2026-02-01,36,Matched,160562,238.93154761904762,672,Queen St (West),Que85_T,-37.81652527,144.96121062,Outdoor,A,123936,36626,22.81112592020528,False
2026-02-01,37,Matched,28892,70.81372549019608,408,Lygon St (East),Lyg260_T,-37.80107122,144.96704554,Outdoor,A,19054,9838,34.05094835940744,False
2026-02-01,39,Matched,74159,121.9720394736842,608,Alfred Place,AlfPl_T,-37.81379749,144.96995745,Outdoor,A,62953,11206,15.110775495893957,False
2026-02-01,40,Matched,159300,238.47305389221557,668,Lonsdale St-Spring St (West),Spr201_T,-37.80999341,144.97227587,Outdoor,A,120883,38417,24.11613308223478,False
2026-02-01,41,Matched,923165,1538.6083333333333,600,Flinders La-Swanston St (West),Swa31,-37.81668634,144.96689733,Outdoor,A,614071,309094,33.48198859358836,False
2026-02-01,42,Matched,101483,153.52950075642966,661,Grattan St-Swanston St (West),UM1_T,-37.80008566,144.96386412,Outdoor,A,90181,11302,11.136840653114314,False
2026-02-01,43,Matched,83151,129.1164596273292,644,Monash Rd-Swanston St (West),UM2_T,-37.79844526,144.96411782,Outdoor,A,71964,11187,13.453836995345817,False
2026-02-01,44,Matched,46682,73.3993710691824,636,Tin Alley-Swanston St (West),UM3_T,-37.79698741,144.96441306,Outdoor,A,39470,7212,15.449209545435071,False
2026-02-01,45,Matched,571854,850.9732142857143,672,Little Collins St-Swanston St (East),Swa148_T,-37.81414075,144.96609379,Outdoor,A,389675,182179,31.85760701157988,False
2026-02-01,46,Matched,40233,74.36783733826248,541,Pelham St (South),Pel147_T,-37.80240719,144.9615673,Outdoor,A,34214,6019,14.960355926726814,False
2026-02-01,47,Matched,580411,863.7068452380952,672,Melbourne Central-Elizabeth St (East),Eli250_T,-37.81258467,144.9625775,Outdoor,A,399319,181092,31.200649195139306,False
2026-02-01,48,Matched,184247,343.7444029850746,536,QVM-Queen St (East),QVMQ_T,-37.80631581,144.95866697,Outdoor,A,120982,63265,34.3370584052929,False
2026-02-01,49,Matched,171636,261.2420091324201,657,QVM-Therry St (South),Eli501_T,-37.80730068,144.95956055,Outdoor,A,104290,67346,39.23768906290056,False
2026-02-01,50,Matched,144402,217.14586466165414,665,Faraday St-Lygon St (West),Lyg309_T,-37.79808192,144.96721013,Outdoor,A,93416,50986,35.30837523025997,False
2026-02-01,51,Matched,89378,133.0029761904762,672,QVM-Franklin St (North),Fra118_T,-37.80841815,144.95906316,Outdoor,A,62114,27264,30.504150909619813,False
2026-02-01,52,Matched,271298,406.743628185907,667,Elizabeth St-Lonsdale St (South),Eli263_T,-37.81252157,144.9619401,Outdoor,A,190558,80740,29.76063221992053,False
2026-02-01,53,Matched,426221,634.2574404761905,672,Collins Street (North),Col254_T,-37.81564191,144.965499,Outdoor,A,317882,108339,25.418503546282327,False
2026-02-01,54,Matched,97289,144.77529761904762,672,Lincoln-Swanston (West),Swa607_T,-37.804024,144.96308399,Outdoor,A,76220,21069,21.656096783809065,False
2026-02-01,56,Matched,308546,459.1458333333333,672,Lonsdale St - Elizabeth St (North),Lon364_T,-37.81234775,144.96153311,Outdoor,A,208860,99686,32.30831059226177,False
2026-02-01,58,Matched,380139,577.7188449848024,658,Bourke St - Spencer St (North),Bou688_T,-37.81686075,144.95358075,Outdoor,A,290920,89219,23.47009909533092,False
2026-02-01,59,Matched,495703,737.6532738095239,672,Building 80 RMIT,RMIT_T,-37.80825648,144.96304859,Outdoor,A,396576,99127,19.997256421687986,False
2026-02-01,61,Matched,318596,474.1011904761905,672,RMIT Building 14,RMIT14_T,-37.80767455,144.96309114,Outdoor,A,252583,66013,20.7199713744052,False
2026-02-01,62,Matched,205370,305.61011904761904,672,La Trobe St (North),Lat224_T,-37.80996494,144.96216521,Outdoor,A,145375,59995,29.21312752592881,False
2026-02-01,63,Matched,339715,505.5282738095238,672,231 Bourke St,Bou231_T,-37.81333081,144.96675571,Outdoor,A,234330,105385,31.021591628276646,False
2026-02-01,66,Matched,806645,1200.3645833333333,672,"QV2 Apartments, 300 Swanston Street",QVN_T,-37.81057846,144.96444294,Outdoor,A,557409,249236,30.89785469444427,False
2026-02-01,67,Matched,372205,553.8764880952381,672,Flinders Ln -Degraves St (South),FLDegS_T,-37.81688755,144.96562569,Outdoor,A,280551,91654,24.624602033825447,False
2026-02-01,68,Matched,229763,350.78320610687024,655,Flinders Ln -Degraves St (North),FLDegN_T,-37.8168479,144.96559789,Outdoor,A,170291,59472,25.884063143325946,False
2026-02-01,69,Matched,162430,253.4009360374415,641,Flinders Ln -Degraves St (Crossing),FLDegC_T,-37.81687226,144.96559144,Outdoor,A,116786,45644,28.100720310287507,False
2026-02-01,70,Matched,114315,174.79357798165137,654,Errol Street (East),Errol20_T,-37.80456984,144.94946228,Outdoor,A,80937,33378,29.19826794383939,False
2026-02-01,71,Matched,16358,24.898021308980212,657,Westwood Place,WestWP_T,-37.81235775,144.97136962,Outdoor,A,14500,1858,11.358356767330969,False
2026-02-01,72,Matched,193881,295.5503048780488,656,Flinders St- ACMI,ACMI_T,-37.81726338,144.96872809,Outdoor,A,140529,53352,27.51791047085583,False
2026-02-01,75,Matched,43380,68.85714285714286,630,Spring St- Flinders st (West),SprFli_T,-37.81515276,144.97467661,Outdoor,A,32518,10862,25.03918856615952,False
2026-02-01,76,Matched,41903,67.8042071197411,618,Macaulay Rd- Bellair St,KenMac_T,-37.79453803,144.93036194,Outdoor,A,31588,10315,24.616375915805552,False
2026-02-01,77,Matched,148328,221.05514157973175,671,Harbour Esplanade (West) - Pedestrian path,HarEsP_T,-37.81441438,144.94433026,Outdoor,A,105839,42489,28.64529960627798,False
2026-02-01,78,Unmatched,23274,80.53287197231833,289,,,,,,,18127,5147,22.11480622153476,False
2026-02-01,79,Matched,352594,524.6934523809524,672,Flinders St (South),FliSS_T,-37.81794046,144.96616678,Outdoor,A,246438,106156,30.107148731969346,False
2026-02-01,84,Matched,792499,1179.313988095238,672,Elizabeth St - Flinders St (East) - New footpath,ElFi_T,-37.81798049,144.96503383,Outdoor,A,573007,219492,27.696186367427593,False
2026-02-01,85,Matched,63100,101.28410914927768,623,Macaulay Rd (North),488Mac_T,-37.79432415,144.92973378,Outdoor,A,46000,17100,27.099841521394612,False
2026-02-01,86,Matched,39524,64.16233766233766,616,Queensberry St - Errol St (South),574Qub_T,-37.80309992,144.94908064,Outdoor,A,28941,10583,26.7761360186216,False
2026-02-01,87,Matched,74977,114.64373088685015,654,Errol St (West),Errol23_T,-37.80454949,144.94921863,Outdoor,A,54262,20715,27.628472731637704,False
2026-02-01,107,Matched,117863,176.1778774289985,669,Royal Mint 280 William St,280Will_T,-37.81246271,144.95690188,Outdoor,A,92251,25612,21.730314008637148,False
2026-02-01,108,Matched,339609,505.3705357142857,672,William St - Little Lonsdale St (West),261Will_T,-37.81295822,144.95678789,Outdoor,A,304387,35222,10.371338804330863,False
2026-02-01,109,Matched,121644,181.01785714285714,672,La Trobe St- William St (South),LatWill_T,-37.81193681,144.95621105,Outdoor,A,102392,19252,15.82651014435566,False
2026-02-01,117,Matched,151954,226.45901639344262,671,114 Flinders Street Car Park Footpath,Fli114F_T,-37.81629332,144.97090877,Outdoor,A,112697,39257,25.83479210813799,False
2026-02-01,118,Matched,16679,29.108202443280977,573,114 Flinders Street Car Park Crossing,Fli114C_T,-37.81632783,144.97090512,Outdoor,A,11417,5262,31.54865399604293,False
2026-02-01,123,Matched,19078,38.156,500,Birrarung Marr East - Batman Ave Bridge Entry,BirBridge_T,-37.81753741,144.97329734,Outdoor,A,13010,6068,31.806269000943495,False
2026-02-01,124,Matched,1295,4.0092879256965945,323,Birrarung Marr East - Batman Ave Bridge Entry,BirBridge_T,-37.81757416,144.97329934,Outdoor,A,894,401,30.965250965250966,False
2026-02-01,130,Matched,48574,83.03247863247863,585,I-Hub 892 Bourke Street,Bou892T,-37.8204637,144.94126826,Outdoor,A,36970,11604,23.8893235064026,False
2026-02-01,131,Matched,109121,162.38244047619048,672,I-Hub Corner of King Street and Flinders Street (2-6 King),King2_T,-37.82009057,144.95758725,Outdoor,A,74629,34492,31.608947865213842,False
2026-02-01,132,Matched,132503,197.17708333333334,672,I-Hub Corner of King Street and Latrobe Street (317-335 King),King335_T,-37.81267639,144.95386444,Outdoor,A,97023,35480,26.776752224477935,False
2026-02-01,133,Matched,464097,690.6205357142857,672,I-Hub Southern Cross Station - Lonsdale Street Entrance - South,Spen229_T,-37.81531435,144.95227769,Outdoor,A,346378,117719,25.365171505094843,False
2026-02-01,134,Matched,349553,520.1681547619048,672,I-Hub Southern Cross Station - Bourke Street Entrance - North,Spen201_T,-37.81694221,144.95303935,Outdoor,A,261217,88336,25.271131988568257,False
2026-02-01,135,Matched,391788,583.0178571428571,672,I-Hub Southern Cross Station - Bourke Street Entrance - South,Spen161_T,-37.8172861,144.95319102,Outdoor,A,289992,101796,25.982419063371008,False
2026-02-01,136,Matched,64017,104.77414075286416,611,"COM Pole 1120 - Towards the City, Near Federation Square Bridge",BirFed1120_T,-37.8184141,144.97357915,Outdoor,A,45072,18945,29.593701672993113,False
2026-02-01,137,Matched,55331,94.9073756432247,583,"COM Pole 2353 - Towards the city, NAB Building",BouHbr2353_T,-37.81894815,144.94612292,Outdoor,A,48951,6380,11.530606712331243,False
2026-02-01,138,Matched,5192,12.48076923076923,416,"COM Pole 1671 - Enterprize Park, Queens Bridge",EntPark1671_T,-37.81996544,144.95981454,Outdoor,A,3863,1329,25.597072419106315,False
2026-02-01,139,Matched,58229,89.9984544049459,647,COM Pole 1647 - Sandridge Bridge Signal Box,Signal1647_T,-37.81959923,144.9632832,Outdoor,A,46675,11554,19.842346597056448,False
2026-02-01,140,Matched,70774,168.10926365795726,421,COM Pole 2837 - Boyd Park,Boyd2837_T,-37.82590962,144.96185972,Outdoor,A,50535,20239,28.59665979031848,False
2026-02-01,141,Matched,86770,210.09685230024212,413,Awning of Nationwide Parking 474 Flinders Street,474Fl_T,-37.81997273,144.95834911,Outdoor,A,65049,21721,25.032845453497753,False
2026-02-01,142,Matched,328056,491.10179640718565,668,Hamer Hall Entrance (COM Pole 1584),Hammer1584_T,-37.81970749,144.96795734,Outdoor,A,212647,115409,35.17966444753335,False
2026-02-01,143,Matched,251256,377.8285714285714,665,"Mounted on Toilet - Spencer Street, Batman Park",Spencer_T,-37.821728,144.95557015,Outdoor,A,167712,83544,33.25054924061515,False
2026-02-01,161,Matched,98664,149.71775417298937,659,Birrarung Marr - COM - Pole 1109,BirArt1109_T,-37.81851276,144.97131336,Outdoor,A,55563,43101,43.68462661153004,False
2026-02-01,162,Matched,332238,498.1079460269865,667,iHub 489 Elizabeth Street,Eli489_T,-37.80740397,144.95987909,Outdoor,A,214439,117799,35.456209103112826,False
2026-02-01,164,Matched,80683,121.32781954887218,665,I-Hub 526 La Trobe Street (Footpath),Lat526_T,-37.813005,144.95160411,Outdoor,A,60433,20250,25.09822391333986,False
2026-02-01,165,Matched,31778,48.59021406727829,654,475 Spencer Street,Spen475_T,-37.80953359,144.94939004,Outdoor,A,23204,8574,26.98093020328529,False
2026-02-01,166,Matched,37690,57.98461538461538,650,484 Spencer Street,Spen484_T,-37.80896733,144.94931703,Outdoor,A,27197,10493,27.840275935261342,False
2026-02-01,167,Matched,31042,47.464831804281346,654,I-Hub 526 La Trobe Street (Crossing),Lat526_T,-37.81304149,144.95155955,Outdoor,A,22196,8846,28.49687520134012,False
2026-02-01,179,Matched,52655,78.70702541106128,669,61-67 Power Street Southbank,Pow61_T,-37.82392385,144.96299677,Outdoor,A,37809,14846,28.19485329028582,False
2026-02-01,180,Matched,39916,66.8609715242881,597,"Pumping Station No.2, 330 Macaulay Road",Mac330_T,-37.79497059,144.93530329,Outdoor,A,29489,10427,26.12235694959415,False
2026-02-01,181,Matched,615646,916.139880952381,672,368 Elizabeth Street,Eli368_T,-37.81009465,144.96143149,Outdoor,A,429632,186014,30.214441416008555,False
2026-02-01,182,Matched,236725,352.26934523809524,672,163 King Street,King163_T,-37.81627451,144.95550503,Outdoor,A,171051,65674,27.742739465624673,False
2026-02-01,184,Matched,630198,937.7946428571429,672,124 Elizabeth Street,Eli124_T,-37.81512416,144.96371988,Outdoor,A,446087,184111,29.214786463936733,False
2026-02-01,185,Matched,530259,789.0758928571429,672,197 Elizabeth Street,Eli197_T,-37.81374643,144.96276183,Outdoor,A,379570,150689,28.417999505901832,False
2026-02-01,187,Matched,185158,275.94336810730255,671,RMIT Building 22 - 330 Swanston Street,Swa330_T,-37.80942561,144.96395473,Outdoor,A,149830,35328,19.079920932392874,False
2026-02-01,188,Matched,79839,159.678,500,RMIT Building 51 - 80-92 Victoria Street,RMIT51_T,-37.80663222,144.96456557,Outdoor,A,73349,6490,8.128859329400418,False
2026-02-01,209,Matched,495674,737.610119047619,672,Flinders Underpass - Walkway,FliS_T,-37.81909037,144.96549709,Outdoor,A,350797,144877,29.228283105428165,False
2026-03-01,2,Matched,472715,635.369623655914,744,Bourke Street Mall (South),Bou283_T,-37.81380668,144.96516718,Outdoor,A,316739,155976,32.995779698126775,False
2026-03-01,3,Matched,1005041,1350.861559139785,744,Melbourne Central,Swa295_T,-37.81101524,144.96429485,Outdoor,A,675316,329725,32.80711931155047,False
2026-03-01,4,Matched,1203992,1618.268817204301,744,Town Hall (West),Swa123_T,-37.81487988,144.9660878,Outdoor,A,805150,398842,33.12663207064499,False
2026-03-01,5,Matched,877522,1179.465053763441,744,Princes Bridge,PriNW_T,-37.81874249,144.96787656,Outdoor,A,560995,316527,36.070548658609134,False
2026-03-01,6,Matched,290086,390.9514824797844,742,Flinders Underpass - Myki Barriers,FliS_T,-37.81907439,144.96557866,Outdoor,A,234013,56073,19.32978496032211,False
2026-03-01,8,Matched,157881,228.4819102749638,691,Webb Bridge,WebBN_T,-37.82293543,144.9471751,Outdoor,A,113732,44149,27.96346615488881,False
2026-03-01,9,Matched,436009,586.0336021505376,744,Southern Cross Station,Col700_T,-37.81982992,144.95102555,Outdoor,A,400977,35032,8.034696531493616,False
2026-03-01,10,Matched,71432,98.52689655172414,725,Victoria Point,BouHbr_T,-37.81876474,144.94710545,Outdoor,A,52940,18492,25.887557397244933,False
2026-03-01,11,Matched,98575,134.6653005464481,732,Docklands Waterfront City Building Side,WatCit_T,-37.81566651,144.93974366,Outdoor,A,60808,37767,38.31295967537408,False
2026-03-01,12,Matched,141898,203.0014306151645,699,New Quay,NewQ_T,-37.81457988,144.94292398,Outdoor,A,86408,55490,39.10555469421697,False
2026-03-01,14,Matched,206420,289.10364145658264,714,Sandridge Bridge,SanBri_T,-37.82011242,144.96291897,Outdoor,A,147188,59232,28.6948939056293,False
2026-03-01,17,Matched,320175,430.34274193548384,744,Collins Place (South),Col15_T,-37.81362543,144.97323591,Outdoor,A,273494,46681,14.57983915046459,False
2026-03-01,18,Matched,179668,256.30242510699003,701,Collins Place (North),Col12_T,-37.81344862,144.97305353,Outdoor,A,161137,18531,10.314023643609325,False
2026-03-01,19,Matched,422410,567.755376344086,744,Chinatown-Swanston St (North),LtB210_T,-37.81237202,144.96550671,Outdoor,A,270108,152302,36.05549111053242,False
2026-03-01,20,Matched,261193,351.53835800807536,743,Chinatown-Lt Bourke St (South),LtB170_T,-37.81172914,144.9682466,Outdoor,A,153971,107222,41.050870429146265,False
2026-03-01,21,Matched,349919,470.3212365591398,744,155-161 Russell Street,Bourke155_T,-37.81267313,144.96788288,Outdoor,A,226659,123260,35.22529499684212,False
2026-03-01,23,Matched,295935,397.76209677419354,744,Spencer St-Collins St (South),Col623_T,-37.81909256,144.95452748,Outdoor,A,232803,63132,21.333063003700136,False
2026-03-01,24,Matched,707831,951.385752688172,744,Spencer St-Collins St (North),Col620_T,-37.81887963,144.95449198,Outdoor,A,547997,159834,22.5808137818208,False
2026-03-01,25,Matched,456302,613.3091397849462,744,Melbourne Convention Exhibition Centre,MCEC_T,-37.82401776,144.95604426,Outdoor,A,278248,178054,39.02108691173828,False
2026-03-01,27,Matched,108108,145.30645161290323,744,QV Market-Peel St,Vic_T,-37.80606888,144.95644692,Outdoor,A,68233,39875,36.88441188441188,False
2026-03-01,29,Matched,437387,587.885752688172,744,St Kilda Rd-Alexandra Gardens,AG_T,-37.8199817,144.96872865,Outdoor,A,238523,198864,45.46637188576707,False
2026-03-01,30,Matched,334592,449.7204301075269,744,Lonsdale St (South),Lon189_T,-37.8112185,144.96656806,Outdoor,A,211422,123170,36.81199789594491,False
2026-03-01,31,Matched,171064,230.544474393531,742,Lygon St (West),Lyg161_T,-37.80169681,144.96658911,Outdoor,A,102241,68823,40.23231071411869,False
2026-03-01,35,Matched,1042538,1401.260752688172,744,Southbank Promenade,SouthB_T,-37.82018685,144.96508508,Outdoor,A,690317,352221,33.78495556037286,False
2026-03-01,36,Matched,174123,234.03629032258064,744,Queen St (West),Que85_T,-37.81652527,144.96121062,Outdoor,A,131589,42534,24.427559828397165,False
2026-03-01,37,Matched,32874,74.04054054054055,444,Lygon St (East),Lyg260_T,-37.80107122,144.96704554,Outdoor,A,22564,10310,31.362170712417107,False
2026-03-01,39,Matched,76361,113.46359583952452,673,Alfred Place,AlfPl_T,-37.81379749,144.96995745,Outdoor,A,64622,11739,15.37303073558492,False
2026-03-01,40,Matched,181561,245.35270270270271,740,Lonsdale St-Spring St (West),Spr201_T,-37.80999341,144.97227587,Outdoor,A,137702,43859,24.156619538336976,False
2026-03-01,41,Matched,1223238,1644.1370967741937,744,Flinders La-Swanston St (West),Swa31,-37.81668634,144.96689733,Outdoor,A,833629,389609,31.850629231596795,False
2026-03-01,42,Matched,207131,283.3529411764706,731,Grattan St-Swanston St (West),UM1_T,-37.80008566,144.96386412,Outdoor,A,189010,18121,8.748569745716479,False
2026-03-01,43,Matched,180632,249.14758620689656,725,Monash Rd-Swanston St (West),UM2_T,-37.79844526,144.96411782,Outdoor,A,160720,19912,11.023517427698303,False
2026-03-01,44,Matched,85621,118.91805555555555,720,Tin Alley-Swanston St (West),UM3_T,-37.79698741,144.96441306,Outdoor,A,72240,13381,15.628175330818376,False
2026-03-01,45,Matched,676889,909.7970430107526,744,Little Collins St-Swanston St (East),Swa148_T,-37.81414075,144.96609379,Outdoor,A,444721,232168,34.29927211108468,False
2026-03-01,46,Matched,74815,123.8658940397351,604,Pelham St (South),Pel147_T,-37.80240719,144.9615673,Outdoor,A,65405,9410,12.57769163937713,False
2026-03-01,47,Matched,672479,903.869623655914,744,Melbourne Central-Elizabeth St (East),Eli250_T,-37.81258467,144.9625775,Outdoor,A,450599,221880,32.99433885667805,False
2026-03-01,48,Matched,192936,334.3778162911612,577,QVM-Queen St (East),QVMQ_T,-37.80631581,144.95866697,Outdoor,A,122416,70520,36.550980636065844,False
2026-03-01,49,Matched,287116,385.90860215053766,744,QVM-Therry St (South),Eli501_T,-37.80730068,144.95956055,Outdoor,A,188525,98591,34.33838587887823,False
2026-03-01,50,Matched,168064,228.03799185888738,737,Faraday St-Lygon St (West),Lyg309_T,-37.79808192,144.96721013,Outdoor,A,109436,58628,34.88432977913176,False
2026-03-01,51,Matched,108257,145.50672043010752,744,QVM-Franklin St (North),Fra118_T,-37.80841815,144.95906316,Outdoor,A,74784,33473,30.919940511929944,False
2026-03-01,52,Matched,291970,396.16010854816824,737,Elizabeth St-Lonsdale St (South),Eli263_T,-37.81252157,144.9619401,Outdoor,A,200533,91437,31.317258622461214,False
2026-03-01,53,Matched,468710,629.986559139785,744,Collins Street (North),Col254_T,-37.81564191,144.965499,Outdoor,A,345134,123576,26.36512982441168,False
2026-03-01,54,Matched,164053,220.79811574697175,743,Lincoln-Swanston (West),Swa607_T,-37.804024,144.96308399,Outdoor,A,133254,30799,18.773810902574166,False
2026-03-01,56,Matched,360037,486.53648648648647,740,Lonsdale St - Elizabeth St (North),Lon364_T,-37.81234775,144.96153311,Outdoor,A,237056,122981,34.15787821807203,False
2026-03-01,58,Matched,486019,653.2513440860215,744,Bourke St - Spencer St (North),Bou688_T,-37.81686075,144.95358075,Outdoor,A,360042,125977,25.920180075264547,False
2026-03-01,59,Matched,1007236,1353.8118279569892,744,Building 80 RMIT,RMIT_T,-37.80825648,144.96304859,Outdoor,A,860307,146929,14.587345964600154,False
2026-03-01,61,Matched,487104,654.7096774193549,744,RMIT Building 14,RMIT14_T,-37.80767455,144.96309114,Outdoor,A,394060,93044,19.10146498489029,False
2026-03-01,62,Matched,312715,420.31586021505376,744,La Trobe St (North),Lat224_T,-37.80996494,144.96216521,Outdoor,A,224961,87754,28.061973362326718,False
2026-03-01,63,Matched,376497,506.0443548387097,744,231 Bourke St,Bou231_T,-37.81333081,144.96675571,Outdoor,A,253301,123196,32.7216418723124,False
2026-03-01,66,Matched,1038014,1395.1801075268818,744,"QV2 Apartments, 300 Swanston Street",QVN_T,-37.81057846,144.96444294,Outdoor,A,713620,324394,31.25140894053452,False
2026-03-01,67,Matched,411650,553.2930107526881,744,Flinders Ln -Degraves St (South),FLDegS_T,-37.81688755,144.96562569,Outdoor,A,303689,107961,26.22640592736548,False
2026-03-01,68,Matched,258505,360.53695955369597,717,Flinders Ln -Degraves St (North),FLDegN_T,-37.8168479,144.96559789,Outdoor,A,185393,73112,28.28262509429218,False
2026-03-01,69,Matched,176332,251.1851851851852,702,Flinders Ln -Degraves St (Crossing),FLDegC_T,-37.81687226,144.96559144,Outdoor,A,123036,53296,30.224803212122588,False
2026-03-01,70,Matched,126004,173.79862068965517,725,Errol Street (East),Errol20_T,-37.80456984,144.94946228,Outdoor,A,88398,37606,29.84508428303863,False
2026-03-01,71,Matched,18228,25.004115226337447,729,Westwood Place,WestWP_T,-37.81235775,144.97136962,Outdoor,A,15771,2457,13.47926267281106,False
2026-03-01,72,Matched,241698,325.300134589502,743,Flinders St- ACMI,ACMI_T,-37.81726338,144.96872809,Outdoor,A,165531,76167,31.51329344884939,False
2026-03-01,75,Matched,42100,73.09027777777777,576,Spring St- Flinders st (West),SprFli_T,-37.81515276,144.97467661,Outdoor,A,30973,11127,26.429928741092635,False
2026-03-01,76,Matched,45437,68.12143928035982,667,Macaulay Rd- Bellair St,KenMac_T,-37.79453803,144.93036194,Outdoor,A,33194,12243,26.945000770297334,False
2026-03-01,77,Matched,158642,213.8032345013477,742,Harbour Esplanade (West) - Pedestrian path,HarEsP_T,-37.81441438,144.94433026,Outdoor,A,100119,58523,36.88997869416674,False
2026-03-01,79,Matched,419435,563.7567204301075,744,Flinders St (South),FliSS_T,-37.81794046,144.96616678,Outdoor,A,278087,141348,33.69961972653689,False
2026-03-01,84,Matched,894892,1202.8118279569892,744,Elizabeth St - Flinders St (East) - New footpath,ElFi_T,-37.81798049,144.96503383,Outdoor,A,633655,261237,29.192014231884965,False
2026-03-01,85,Matched,68811,100.74816983894583,683,Macaulay Rd (North),488Mac_T,-37.79432415,144.92973378,Outdoor,A,49192,19619,28.51142985859819,False
2026-03-01,86,Matched,42939,62.86822840409956,683,Queensberry St - Errol St (South),574Qub_T,-37.80309992,144.94908064,Outdoor,A,30855,12084,28.142248305736047,False
2026-03-01,87,Matched,83567,115.42403314917127,724,Errol St (West),Errol23_T,-37.80454949,144.94921863,Outdoor,A,60597,22970,27.486926657651946,False
2026-03-01,107,Matched,113901,153.5053908355795,742,Royal Mint 280 William St,280Will_T,-37.81246271,144.95690188,Outdoor,A,85085,28816,25.299163308487195,False
2026-03-01,108,Matched,357740,480.8333333333333,744,William St - Little Lonsdale St (West),261Will_T,-37.81295822,144.95678789,Outdoor,A,314899,42841,11.975457035836081,False
2026-03-01,109,Matched,143649,193.3364737550471,743,La Trobe St- William St (South),LatWill_T,-37.81193681,144.95621105,Outdoor,A,116256,27393,19.06939832508406,False
2026-03-01,117,Matched,178698,241.8105548037889,739,114 Flinders Street Car Park Footpath,Fli114F_T,-37.81629332,144.97090877,Outdoor,A,125710,52988,29.65226247635676,False
2026-03-01,118,Matched,19913,31.017133956386292,642,114 Flinders Street Car Park Crossing,Fli114C_T,-37.81632783,144.97090512,Outdoor,A,13331,6582,33.05378396022699,False
2026-03-01,123,Matched,39509,73.71082089552239,536,Birrarung Marr East - Batman Ave Bridge Entry,BirBridge_T,-37.81753741,144.97329734,Outdoor,A,22730,16779,42.468804576172516,False
2026-03-01,124,Matched,2209,6.817901234567901,324,Birrarung Marr East - Batman Ave Bridge Entry,BirBridge_T,-37.81757416,144.97329934,Outdoor,A,1174,1035,46.85377999094613,False
2026-03-01,130,Matched,51320,80.5651491365777,637,I-Hub 892 Bourke Street,Bou892T,-37.8204637,144.94126826,Outdoor,A,38505,12815,24.970771628994544,False
2026-03-01,131,Matched,119088,160.06451612903226,744,I-Hub Corner of King Street and Flinders Street (2-6 King),King2_T,-37.82009057,144.95758725,Outdoor,A,77948,41140,34.54588203681311,False
2026-03-01,132,Matched,152820,205.40322580645162,744,I-Hub Corner of King Street and Latrobe Street (317-335 King),King335_T,-37.81267639,144.95386444,Outdoor,A,107845,44975,29.430048422981287,False
2026-03-01,133,Matched,517142,695.0833333333334,744,I-Hub Southern Cross Station - Lonsdale Street Entrance - South,Spen229_T,-37.81531435,144.95227769,Outdoor,A,377621,139521,26.979243612005988,False
2026-03-01,134,Matched,391346,526.002688172043,744,I-Hub Southern Cross Station - Bourke Street Entrance - North,Spen201_T,-37.81694221,144.95303935,Outdoor,A,276570,114776,29.328522586151383,False
2026-03-01,135,Matched,382632,514.2903225806451,744,I-Hub Southern Cross Station - Bourke Street Entrance - South,Spen161_T,-37.8172861,144.95319102,Outdoor,A,263164,119468,31.222689163478222,False
2026-03-01,136,Matched,133933,199.00891530460623,673,"COM Pole 1120 - Towards the City, Near Federation Square Bridge",BirFed1120_T,-37.8184141,144.97357915,Outdoor,A,71284,62649,46.77637326125749,False
2026-03-01,137,Matched,59114,91.2253086419753,648,"COM Pole 2353 - Towards the city, NAB Building",BouHbr2353_T,-37.81894815,144.94612292,Outdoor,A,50555,8559,14.478803667489935,False
2026-03-01,138,Matched,5821,13.992788461538462,416,"COM Pole 1671 - Enterprize Park, Queens Bridge",EntPark1671_T,-37.81996544,144.95981454,Outdoor,A,4337,1484,25.493901391513486,False
2026-03-01,139,Matched,60099,84.40870786516854,712,COM Pole 1647 - Sandridge Bridge Signal Box,Signal1647_T,-37.81959923,144.9632832,Outdoor,A,45858,14241,23.695901762092547,False
2026-03-01,140,Matched,77450,178.45622119815667,434,COM Pole 2837 - Boyd Park,Boyd2837_T,-37.82590962,144.96185972,Outdoor,A,53557,23893,30.84958037443512,False
2026-03-01,141,Matched,155077,208.43682795698925,744,Awning of Nationwide Parking 474 Flinders Street,474Fl_T,-37.81997273,144.95834911,Outdoor,A,102330,52747,34.01342558857858,False
2026-03-01,142,Matched,427850,582.1088435374149,735,Hamer Hall Entrance (COM Pole 1584),Hammer1584_T,-37.81970749,144.96795734,Outdoor,A,249364,178486,41.716956877410304,False
2026-03-01,143,Matched,324770,436.51881720430106,744,"Mounted on Toilet - Spencer Street, Batman Park",Spencer_T,-37.821728,144.95557015,Outdoor,A,188091,136679,42.08486005480802,False
2026-03-01,161,Matched,310164,425.4650205761317,729,Birrarung Marr - COM - Pole 1109,BirArt1109_T,-37.81851276,144.97131336,Outdoor,A,161091,149073,48.06263783030913,False
2026-03-01,162,Matched,424452,570.5,744,iHub 489 Elizabeth Street,Eli489_T,-37.80740397,144.95987909,Outdoor,A,274029,150423,35.4393429645755,False
2026-03-01,164,Matched,104857,141.50742240215925,741,I-Hub 526 La Trobe Street (Footpath),Lat526_T,-37.813005,144.95160411,Outdoor,A,73363,31494,30.035190783638672,False
2026-03-01,165,Matched,33513,46.35269709543569,723,475 Spencer Street,Spen475_T,-37.80953359,144.94939004,Outdoor,A,23877,9636,28.75302121564766,False
2026-03-01,166,Matched,44018,61.13611111111111,720,484 Spencer Street,Spen484_T,-37.80896733,144.94931703,Outdoor,A,30341,13677,31.07137989004498,False
2026-03-01,167,Matched,33108,45.603305785123965,726,I-Hub 526 La Trobe Street (Crossing),Lat526_T,-37.81304149,144.95155955,Outdoor,A,23194,9914,29.944424308324276,False
2026-03-01,179,Matched,60109,81.11875843454791,741,61-67 Power Street Southbank,Pow61_T,-37.82392385,144.96299677,Outdoor,A,41783,18326,30.487946896471414,False
2026-03-01,180,Matched,46509,72.21894409937889,644,"Pumping Station No.2, 330 Macaulay Road",Mac330_T,-37.79497059,144.93530329,Outdoor,A,33937,12572,27.031327269990758,False
2026-03-01,181,Matched,824618,1108.3575268817203,744,368 Elizabeth Street,Eli368_T,-37.81009465,144.96143149,Outdoor,A,566657,257961,31.282484738387957,False
2026-03-01,182,Matched,232584,312.61290322580646,744,163 King Street,King163_T,-37.81627451,144.95550503,Outdoor,A,158518,74066,31.844838853919445,False
2026-03-01,184,Matched,707872,951.4408602150538,744,124 Elizabeth Street,Eli124_T,-37.81512416,144.96371988,Outdoor,A,490737,217135,30.67433095248859,False
2026-03-01,185,Matched,595292,800.1236559139785,744,197 Elizabeth Street,Eli197_T,-37.81374643,144.96276183,Outdoor,A,414682,180610,30.33973243383079,False
2026-03-01,187,Matched,278801,376.7581081081081,740,RMIT Building 22 - 330 Swanston Street,Swa330_T,-37.80942561,144.96395473,Outdoor,A,231060,47741,17.123683200562407,False
2026-03-01,188,Matched,120298,217.5370705244123,553,RMIT Building 51 - 80-92 Victoria Street,RMIT51_T,-37.80663222,144.96456557,Outdoor,A,112295,8003,6.652645929275631,False
2026-03-01,209,Matched,542304,728.9032258064516,744,Flinders Underpass - Walkway,FliS_T,-37.81909037,144.96549709,Outdoor,A,372135,170169,31.37889449460081,False
2026-04-01,2,Matched,534792,742.7666666666667,720,Bourke Street Mall (South),Bou283_T,-37.81380668,144.96516718,Outdoor,A,375989,158803,29.69434845697019,False
2026-04-01,3,Matched,1066037,1480.6069444444445,720,Melbourne Central,Swa295_T,-37.81101524,144.96429485,Outdoor,A,742675,323362,30.333093504259235,False
2026-04-01,4,Matched,1295924,1799.8944444444444,720,Town Hall (West),Swa123_T,-37.81487988,144.9660878,Outdoor,A,897752,398172,30.724949919902713,False
2026-04-01,5,Matched,820970,1141.8219749652294,719,Princes Bridge,PriNW_T,-37.81874249,144.96787656,Outdoor,A,520105,300865,36.64750234478726,False
2026-04-01,6,Matched,328799,457.30041724617524,719,Flinders Underpass - Myki Barriers,FliS_T,-37.81907439,144.96557866,Outdoor,A,255324,73475,22.346479155958505,False
2026-04-01,8,Matched,157355,241.34202453987731,652,Webb Bridge,WebBN_T,-37.82293543,144.9471751,Outdoor,A,115559,41796,26.5615963903276,False
2026-04-01,9,Matched,389994,542.4116828929068,719,Southern Cross Station,Col700_T,-37.81982992,144.95102555,Outdoor,A,369445,20549,5.269055421365457,False
2026-04-01,10,Matched,63902,90.64113475177305,705,Victoria Point,BouHbr_T,-37.81876474,144.94710545,Outdoor,A,53066,10836,16.957215736596666,False
2026-04-01,11,Matched,99584,140.65536723163842,708,Docklands Waterfront City Building Side,WatCit_T,-37.81566651,144.93974366,Outdoor,A,67000,32584,32.720115681233935,False
2026-04-01,12,Matched,131247,197.95927601809956,663,New Quay,NewQ_T,-37.81457988,144.94292398,Outdoor,A,87883,43364,33.03999329508484,False
2026-04-01,14,Matched,180687,320.3670212765957,564,Sandridge Bridge,SanBri_T,-37.82011242,144.96291897,Outdoor,A,134353,46334,25.64323941401429,False
2026-04-01,17,Matched,305958,424.94166666666666,720,Collins Place (South),Col15_T,-37.81362543,144.97323591,Outdoor,A,267720,38238,12.497793814837332,False
2026-04-01,18,Matched,163535,245.54804804804806,666,Collins Place (North),Col12_T,-37.81344862,144.97305353,Outdoor,A,149118,14417,8.815849818081755,False
2026-04-01,19,Matched,446089,619.5680555555556,720,Chinatown-Swanston St (North),LtB210_T,-37.81237202,144.96550671,Outdoor,A,298452,147637,33.09586203649944,False
2026-04-01,20,Matched,290394,403.88595271210016,719,Chinatown-Lt Bourke St (South),LtB170_T,-37.81172914,144.9682466,Outdoor,A,184583,105811,36.43704759740215,False
2026-04-01,21,Matched,366116,508.49444444444447,720,155-161 Russell Street,Bourke155_T,-37.81267313,144.96788288,Outdoor,A,247187,118929,32.48396683018497,False
2026-04-01,23,Matched,273412,379.7388888888889,720,Spencer St-Collins St (South),Col623_T,-37.81909256,144.95452748,Outdoor,A,225059,48353,17.685032112709028,False
2026-04-01,24,Matched,662596,920.2722222222222,720,Spencer St-Collins St (North),Col620_T,-37.81887963,144.95449198,Outdoor,A,525933,136663,20.62538862293162,False
2026-04-01,25,Matched,536498,745.1361111111111,720,Melbourne Convention Exhibition Centre,MCEC_T,-37.82401776,144.95604426,Outdoor,A,337804,198694,37.03536639465571,False
2026-04-01,27,Matched,102224,142.7709497206704,716,QV Market-Peel St,Vic_T,-37.80606888,144.95644692,Outdoor,A,65657,36567,35.7714431053373,False
2026-04-01,29,Matched,263611,366.12638888888887,720,St Kilda Rd-Alexandra Gardens,AG_T,-37.8199817,144.96872865,Outdoor,A,177731,85880,32.57830667157289,False
2026-04-01,30,Matched,361612,502.2388888888889,720,Lonsdale St (South),Lon189_T,-37.8112185,144.96656806,Outdoor,A,238537,123075,34.03509839275245,False
2026-04-01,31,Matched,159748,223.42377622377623,715,Lygon St (West),Lyg161_T,-37.80169681,144.96658911,Outdoor,A,100058,59690,37.36510003255127,False
2026-04-01,35,Matched,916722,1273.225,720,Southbank Promenade,SouthB_T,-37.82018685,144.96508508,Outdoor,A,639984,276738,30.187777755960916,False
2026-04-01,36,Matched,161001,224.23537604456826,718,Queen St (West),Que85_T,-37.81652527,144.96121062,Outdoor,A,125537,35464,22.027192377687097,False
2026-04-01,37,Matched,59585,106.21212121212122,561,Lygon St (East),Lyg260_T,-37.80107122,144.96704554,Outdoor,A,41327,18258,30.64194008559201,False
2026-04-01,39,Matched,65586,104.9376,625,Alfred Place,AlfPl_T,-37.81379749,144.96995745,Outdoor,A,56550,9036,13.777330527856554,False
2026-04-01,40,Matched,175806,245.5391061452514,716,Lonsdale St-Spring St (West),Spr201_T,-37.80999341,144.97227587,Outdoor,A,138177,37629,21.403706358144774,False
2026-04-01,41,Matched,1285836,1785.8833333333334,720,Flinders La-Swanston St (West),Swa31,-37.81668634,144.96689733,Outdoor,A,906823,379013,29.47599849436476,False
2026-04-01,42,Matched,137221,192.7261235955056,712,Grattan St-Swanston St (West),UM1_T,-37.80008566,144.96386412,Outdoor,A,123929,13292,9.686564009881868,False
2026-04-01,43,Matched,141261,200.37021276595743,705,Monash Rd-Swanston St (West),UM2_T,-37.79844526,144.96411782,Outdoor,A,126078,15183,10.748189521523987,False
2026-04-01,44,Matched,68193,98.68740955137481,691,Tin Alley-Swanston St (West),UM3_T,-37.79698741,144.96441306,Outdoor,A,57978,10215,14.979543354889799,False
2026-04-01,45,Matched,719989,999.9847222222222,720,Little Collins St-Swanston St (East),Swa148_T,-37.81414075,144.96609379,Outdoor,A,491154,228835,31.783124464401542,False
2026-04-01,46,Matched,61574,107.08521739130435,575,Pelham St (South),Pel147_T,-37.80240719,144.9615673,Outdoor,A,53637,7937,12.890180920518402,False
2026-04-01,47,Matched,674046,937.4770514603616,719,Melbourne Central-Elizabeth St (East),Eli250_T,-37.81258467,144.9625775,Outdoor,A,466483,207563,30.793595689314973,False
2026-04-01,48,Matched,168273,373.94,450,QVM-Queen St (East),QVMQ_T,-37.80631581,144.95866697,Outdoor,A,100471,67802,40.29285743999335,False
2026-04-01,49,Matched,281390,390.81944444444446,720,QVM-Therry St (South),Eli501_T,-37.80730068,144.95956055,Outdoor,A,191535,89855,31.932549131099186,False
2026-04-01,50,Matched,159848,225.45557122708038,709,Faraday St-Lygon St (West),Lyg309_T,-37.79808192,144.96721013,Outdoor,A,110426,49422,30.9181222161053,False
2026-04-01,51,Matched,99980,138.86111111111111,720,QVM-Franklin St (North),Fra118_T,-37.80841815,144.95906316,Outdoor,A,69585,30395,30.40108021604321,False
2026-04-01,52,Matched,278167,390.68398876404495,712,Elizabeth St-Lonsdale St (South),Eli263_T,-37.81252157,144.9619401,Outdoor,A,198631,79536,28.592895634636744,False
2026-04-01,53,Matched,489203,679.4486111111111,720,Collins Street (North),Col254_T,-37.81564191,144.965499,Outdoor,A,363547,125656,25.68586047101101,False
2026-04-01,54,Matched,121157,172.58831908831908,702,Lincoln-Swanston (West),Swa607_T,-37.804024,144.96308399,Outdoor,A,99055,22102,18.242445752205818,False
2026-04-01,56,Matched,349726,493.26657263751764,709,Lonsdale St - Elizabeth St (North),Lon364_T,-37.81234775,144.96153311,Outdoor,A,252028,97698,27.935583857076686,False
2026-04-01,58,Matched,492438,683.9416666666667,720,Bourke St - Spencer St (North),Bou688_T,-37.81686075,144.95358075,Outdoor,A,373180,119258,24.217871082247918,False
2026-04-01,59,Matched,757480,1052.0555555555557,720,Building 80 RMIT,RMIT_T,-37.80825648,144.96304859,Outdoor,A,638811,118669,15.666288218830859,False
2026-04-01,61,Matched,395726,549.6194444444444,720,RMIT Building 14,RMIT14_T,-37.80767455,144.96309114,Outdoor,A,321428,74298,18.775112072494604,False
2026-04-01,62,Matched,250211,347.5152777777778,720,La Trobe St (North),Lat224_T,-37.80996494,144.96216521,Outdoor,A,179925,70286,28.090691456410788,False
2026-04-01,63,Matched,410278,569.8305555555555,720,231 Bourke St,Bou231_T,-37.81333081,144.96675571,Outdoor,A,281956,128322,31.276841556213103,False
2026-04-01,66,Matched,1046175,1453.0208333333333,720,"QV2 Apartments, 300 Swanston Street",QVN_T,-37.81057846,144.96444294,Outdoor,A,746050,300125,28.687839032666616,False
2026-04-01,67,Matched,410980,570.8055555555555,720,Flinders Ln -Degraves St (South),FLDegS_T,-37.81688755,144.96562569,Outdoor,A,304612,106368,25.881551413694098,False
2026-04-01,68,Matched,267702,390.8058394160584,685,Flinders Ln -Degraves St (North),FLDegN_T,-37.8168479,144.96559789,Outdoor,A,196616,71086,26.554153499039977,False
2026-04-01,69,Matched,200340,286.6094420600858,699,Flinders Ln -Degraves St (Crossing),FLDegC_T,-37.81687226,144.96559144,Outdoor,A,143472,56868,28.385744234800836,False
2026-04-01,70,Matched,124640,179.33812949640287,695,Errol Street (East),Errol20_T,-37.80456984,144.94946228,Outdoor,A,91225,33415,26.80921052631579,False
2026-04-01,71,Matched,16662,24.078034682080926,692,Westwood Place,WestWP_T,-37.81235775,144.97136962,Outdoor,A,14574,2088,12.531508822470292,False
2026-04-01,72,Matched,241360,335.6884561891516,719,Flinders St- ACMI,ACMI_T,-37.81726338,144.96872809,Outdoor,A,171418,69942,28.978289691746767,False
2026-04-01,75,Matched,34683,68.40828402366864,507,Spring St- Flinders st (West),SprFli_T,-37.81515276,144.97467661,Outdoor,A,26887,7796,22.477871003085085,False
2026-04-01,76,Matched,45772,71.1850699844479,643,Macaulay Rd- Bellair St,KenMac_T,-37.79453803,144.93036194,Outdoor,A,35102,10670,23.311194616796293,False
2026-04-01,77,Matched,100828,213.16701902748414,473,Harbour Esplanade (West) - Pedestrian path,HarEsP_T,-37.81441438,144.94433026,Outdoor,A,67816,33012,32.740905304082204,False
2026-04-01,79,Matched,395094,548.7416666666667,720,Flinders St (South),FliSS_T,-37.81794046,144.96616678,Outdoor,A,271661,123433,31.24142609100619,False
2026-04-01,84,Matched,860639,1195.3319444444444,720,Elizabeth St - Flinders St (East) - New footpath,ElFi_T,-37.81798049,144.96503383,Outdoor,A,626633,234006,27.189797348249385,False
2026-04-01,85,Matched,70734,106.68778280542986,663,Macaulay Rd (North),488Mac_T,-37.79432415,144.92973378,Outdoor,A,52346,18388,25.995984957728957,False
2026-04-01,86,Matched,40844,62.26219512195122,656,Queensberry St - Errol St (South),574Qub_T,-37.80309992,144.94908064,Outdoor,A,30637,10207,24.990206639898148,False
2026-04-01,87,Matched,79054,114.90406976744185,688,Errol St (West),Errol23_T,-37.80454949,144.94921863,Outdoor,A,60176,18878,23.879879575986035,False
2026-04-01,107,Matched,109590,152.20833333333334,720,Royal Mint 280 William St,280Will_T,-37.81246271,144.95690188,Outdoor,A,85376,24214,22.095081668035405,False
2026-04-01,108,Matched,344461,478.41805555555555,720,William St - Little Lonsdale St (West),261Will_T,-37.81295822,144.95678789,Outdoor,A,306258,38203,11.090660481157519,False
2026-04-01,109,Matched,134586,186.925,720,La Trobe St- William St (South),LatWill_T,-37.81193681,144.95621105,Outdoor,A,111731,22855,16.9817068640126,False
2026-04-01,117,Matched,152833,219.90359712230216,695,114 Flinders Street Car Park Footpath,Fli114F_T,-37.81629332,144.97090877,Outdoor,A,115434,37399,24.470500480917078,False
2026-04-01,118,Matched,15686,25.927272727272726,605,114 Flinders Street Car Park Crossing,Fli114C_T,-37.81632783,144.97090512,Outdoor,A,11182,4504,28.713502486293514,False
2026-04-01,123,Matched,22989,46.916326530612245,490,Birrarung Marr East - Batman Ave Bridge Entry,BirBridge_T,-37.81753741,144.97329734,Outdoor,A,16774,6215,27.034668754621777,False
2026-04-01,124,Matched,895,3.4423076923076925,260,Birrarung Marr East - Batman Ave Bridge Entry,BirBridge_T,-37.81757416,144.97329934,Outdoor,A,584,311,34.74860335195531,False
2026-04-01,130,Matched,45590,75.60530679933665,603,I-Hub 892 Bourke Street,Bou892T,-37.8204637,144.94126826,Outdoor,A,36909,8681,19.041456459749945,False
2026-04-01,131,Matched,112260,155.91666666666666,720,I-Hub Corner of King Street and Flinders Street (2-6 King),King2_T,-37.82009057,144.95758725,Outdoor,A,77366,34894,31.083199714947447,False
2026-04-01,132,Matched,139044,193.11666666666667,720,I-Hub Corner of King Street and Latrobe Street (317-335 King),King335_T,-37.81267639,144.95386444,Outdoor,A,101962,37082,26.66925577515031,False
2026-04-01,133,Matched,504353,700.4902777777778,720,I-Hub Southern Cross Station - Lonsdale Street Entrance - South,Spen229_T,-37.81531435,144.95227769,Outdoor,A,379311,125042,24.79255600739958,False
2026-04-01,134,Matched,386330,536.5694444444445,720,I-Hub Southern Cross Station - Bourke Street Entrance - North,Spen201_T,-37.81694221,144.95303935,Outdoor,A,284209,102121,26.433618926824217,False
2026-04-01,135,Matched,358529,497.95694444444445,720,I-Hub Southern Cross Station - Bourke Street Entrance - South,Spen161_T,-37.8172861,144.95319102,Outdoor,A,259354,99175,27.661639644212883,False
2026-04-01,136,Matched,102393,165.95299837925447,617,"COM Pole 1120 - Towards the City, Near Federation Square Bridge",BirFed1120_T,-37.8184141,144.97357915,Outdoor,A,60386,42007,41.02526539900189,False
2026-04-01,137,Matched,53504,86.15780998389694,621,"COM Pole 2353 - Towards the city, NAB Building",BouHbr2353_T,-37.81894815,144.94612292,Outdoor,A,47624,5880,10.989832535885167,False
2026-04-01,138,Matched,4967,13.797222222222222,360,"COM Pole 1671 - Enterprize Park, Queens Bridge",EntPark1671_T,-37.81996544,144.95981454,Outdoor,A,3665,1302,26.213005838534325,False
2026-04-01,139,Matched,58769,85.17246376811595,690,COM Pole 1647 - Sandridge Bridge Signal Box,Signal1647_T,-37.81959923,144.9632832,Outdoor,A,45669,13100,22.29066344501353,False
2026-04-01,140,Matched,64224,163.83673469387756,392,COM Pole 2837 - Boyd Park,Boyd2837_T,-37.82590962,144.96185972,Outdoor,A,45196,19028,29.62755356253114,False
2026-04-01,141,Matched,147647,205.06527777777777,720,Awning of Nationwide Parking 474 Flinders Street,474Fl_T,-37.81997273,144.95834911,Outdoor,A,100603,47044,31.862482813738175,False
2026-04-01,142,Matched,373862,523.6162464985995,714,Hamer Hall Entrance (COM Pole 1584),Hammer1584_T,-37.81970749,144.96795734,Outdoor,A,238829,135033,36.11840732676763,False
2026-04-01,143,Matched,274395,381.1041666666667,720,"Mounted on Toilet - Spencer Street, Batman Park",Spencer_T,-37.821728,144.95557015,Outdoor,A,173337,101058,36.829388290602964,False
2026-04-01,161,Matched,178238,251.74858757062148,708,Birrarung Marr - COM - Pole 1109,BirArt1109_T,-37.81851276,144.97131336,Outdoor,A,111096,67142,37.669857157284085,False
2026-04-01,162,Matched,389255,540.6319444444445,720,iHub 489 Elizabeth Street,Eli489_T,-37.80740397,144.95987909,Outdoor,A,258607,130648,33.56360226586685,False
2026-04-01,164,Matched,91144,127.29608938547486,716,I-Hub 526 La Trobe Street (Footpath),Lat526_T,-37.813005,144.95160411,Outdoor,A,67566,23578,25.868954621258666,False
2026-04-01,165,Matched,29624,42.624460431654676,695,475 Spencer Street,Spen475_T,-37.80953359,144.94939004,Outdoor,A,22309,7315,24.692816635160682,False
2026-04-01,166,Matched,39685,57.51449275362319,690,484 Spencer Street,Spen484_T,-37.80896733,144.94931703,Outdoor,A,28417,11268,28.393599596825,False
2026-04-01,167,Matched,23836,33.61918194640339,709,I-Hub 526 La Trobe Street (Crossing),Lat526_T,-37.81304149,144.95155955,Outdoor,A,17261,6575,27.584326229233092,False
2026-04-01,179,Matched,57092,79.62622036262204,717,61-67 Power Street Southbank,Pow61_T,-37.82392385,144.96299677,Outdoor,A,41500,15592,27.31030617249352,False
2026-04-01,180,Matched,45440,73.76623376623377,616,"Pumping Station No.2, 330 Macaulay Road",Mac330_T,-37.79497059,144.93530329,Outdoor,A,34296,11144,24.524647887323944,False
2026-04-01,181,Matched,797805,1108.0625,720,368 Elizabeth Street,Eli368_T,-37.81009465,144.96143149,Outdoor,A,566517,231288,28.990542801812474,False
2026-04-01,182,Matched,235190,326.65277777777777,720,163 King Street,King163_T,-37.81627451,144.95550503,Outdoor,A,166970,68220,29.006335303371745,False
2026-04-01,184,Matched,686000,952.7777777777778,720,124 Elizabeth Street,Eli124_T,-37.81512416,144.96371988,Outdoor,A,490905,195095,28.439504373177844,False
2026-04-01,185,Matched,594803,826.1152777777778,720,197 Elizabeth Street,Eli197_T,-37.81374643,144.96276183,Outdoor,A,429697,165106,27.758098059357465,False
2026-04-01,187,Matched,222466,309.41029207232265,719,RMIT Building 22 - 330 Swanston Street,Swa330_T,-37.80942561,144.96395473,Outdoor,A,182627,39839,17.907905028184082,False
2026-04-01,188,Matched,79158,145.77900552486187,543,RMIT Building 51 - 80-92 Victoria Street,RMIT51_T,-37.80663222,144.96456557,Outdoor,A,73928,5230,6.6070390863841935,False
2026-04-01,209,Matched,455748,632.9833333333333,720,Flinders Underpass - Walkway,FliS_T,-37.81909037,144.96549709,Outdoor,A,322480,133268,29.241598427200998,False
2026-05-01,2,Matched,440787,592.4556451612904,744,Bourke Street Mall (South),Bou283_T,-37.81380668,144.96516718,Outdoor,A,281465,159322,36.1448953803084,False
2026-05-01,3,Matched,951982,1279.5456989247311,744,Melbourne Central,Swa295_T,-37.81101524,144.96429485,Outdoor,A,614687,337295,35.43081696922841,False
2026-05-01,4,Matched,1132758,1522.524193548387,744,Town Hall (West),Swa123_T,-37.81487988,144.9660878,Outdoor,A,718893,413865,36.536047417012284,False
2026-05-01,5,Matched,672437,903.8131720430108,744,Princes Bridge,PriNW_T,-37.81874249,144.96787656,Outdoor,A,403013,269424,40.06680179704567,False
2026-05-01,6,Matched,320352,431.7412398921833,742,Flinders Underpass - Myki Barriers,FliS_T,-37.81907439,144.96557866,Outdoor,A,244010,76342,23.83066127260014,False
2026-05-01,8,Matched,135918,213.70754716981133,636,Webb Bridge,WebBN_T,-37.82293543,144.9471751,Outdoor,A,93480,42438,31.22323754028164,False
2026-05-01,9,Matched,421843,567.7563930013459,743,Southern Cross Station,Col700_T,-37.81982992,144.95102555,Outdoor,A,397044,24799,5.878727393840837,False
2026-05-01,10,Matched,67098,93.581589958159,717,Victoria Point,BouHbr_T,-37.81876474,144.94710545,Outdoor,A,52318,14780,22.027482190229218,False
2026-05-01,11,Matched,88473,123.0500695410292,719,Docklands Waterfront City Building Side,WatCit_T,-37.81566651,144.93974366,Outdoor,A,52561,35912,40.590914742350776,False
2026-05-01,12,Matched,107984,161.65269461077844,668,New Quay,NewQ_T,-37.81457988,144.94292398,Outdoor,A,61661,46323,42.89802192917469,False
2026-05-01,14,Matched,163394,242.42433234421364,674,Sandridge Bridge,SanBri_T,-37.82011242,144.96291897,Outdoor,A,117012,46382,28.386599263130837,False
2026-05-01,17,Matched,299173,402.11424731182797,744,Collins Place (South),Col15_T,-37.81362543,144.97323591,Outdoor,A,255370,43803,14.641361352795872,False
2026-05-01,18,Matched,131373,212.57766990291262,618,Collins Place (North),Col12_T,-37.81344862,144.97305353,Outdoor,A,115063,16310,12.415032008099077,False
2026-05-01,19,Matched,411376,552.9247311827957,744,Chinatown-Swanston St (North),LtB210_T,-37.81237202,144.96550671,Outdoor,A,248902,162474,39.49525494924352,False
2026-05-01,20,Matched,263562,354.25,744,Chinatown-Lt Bourke St (South),LtB170_T,-37.81172914,144.9682466,Outdoor,A,148188,115374,43.77489926468915,False
2026-05-01,21,Matched,317900,427.28494623655916,744,155-161 Russell Street,Bourke155_T,-37.81267313,144.96788288,Outdoor,A,196942,120958,38.049072035231205,False
2026-05-01,23,Matched,248023,333.36424731182797,744,Spencer St-Collins St (South),Col623_T,-37.81909256,144.95452748,Outdoor,A,199669,48354,19.495772569479445,False
2026-05-01,24,Matched,667694,897.4381720430108,744,Spencer St-Collins St (North),Col620_T,-37.81887963,144.95449198,Outdoor,A,496105,171589,25.698748228979145,False
2026-05-01,25,Matched,460217,618.5712365591398,744,Melbourne Convention Exhibition Centre,MCEC_T,-37.82401776,144.95604426,Outdoor,A,281781,178436,38.77214444490317,False
2026-05-01,27,Matched,106078,142.7698519515478,743,QV Market-Peel St,Vic_T,-37.80606888,144.95644692,Outdoor,A,59702,46376,43.7187729783744,False
2026-05-01,29,Matched,213664,288.34547908232116,741,St Kilda Rd-Alexandra Gardens,AG_T,-37.8199817,144.96872865,Outdoor,A,126120,87544,40.97274224951325,False
2026-05-01,30,Matched,343975,462.3319892473118,744,Lonsdale St (South),Lon189_T,-37.8112185,144.96656806,Outdoor,A,203237,140738,40.91518278944691,False
2026-05-01,31,Matched,142169,192.12027027027028,740,Lygon St (West),Lyg161_T,-37.80169681,144.96658911,Outdoor,A,79063,63106,44.388017078266,False
2026-05-01,35,Matched,771425,1036.861559139785,744,Southbank Promenade,SouthB_T,-37.82018685,144.96508508,Outdoor,A,509241,262184,33.986972161908156,False
2026-05-01,36,Matched,170978,230.1184387617766,743,Queen St (West),Que85_T,-37.81652527,144.96121062,Outdoor,A,125196,45782,26.776544350735183,False
2026-05-01,37,Matched,55952,95.64444444444445,585,Lygon St (East),Lyg260_T,-37.80107122,144.96704554,Outdoor,A,39403,16549,29.5771375464684,False
2026-05-01,39,Matched,58461,93.5376,625,Alfred Place,AlfPl_T,-37.81379749,144.96995745,Outdoor,A,48323,10138,17.341475513590257,False
2026-05-01,40,Matched,175749,238.4654002713704,737,Lonsdale St-Spring St (West),Spr201_T,-37.80999341,144.97227587,Outdoor,A,131704,44045,25.061309025940403,False
2026-05-01,41,Matched,1075338,1508.1879382889201,713,Flinders La-Swanston St (West),Swa31,-37.81668634,144.96689733,Outdoor,A,680586,394752,36.709574106002016,False
2026-05-01,42,Matched,130599,179.64099037138928,727,Grattan St-Swanston St (West),UM1_T,-37.80008566,144.96386412,Outdoor,A,113436,17163,13.141754531045413,False
2026-05-01,43,Matched,153519,212.33609958506224,723,Monash Rd-Swanston St (West),UM2_T,-37.79844526,144.96411782,Outdoor,A,131724,21795,14.196939792468685,False
2026-05-01,44,Matched,73167,102.90717299578058,711,Tin Alley-Swanston St (West),UM3_T,-37.79698741,144.96441306,Outdoor,A,58143,15024,20.533847226208536,False
2026-05-01,45,Matched,598282,804.1424731182796,744,Little Collins St-Swanston St (East),Swa148_T,-37.81414075,144.96609379,Outdoor,A,385055,213227,35.63988219602127,False
2026-05-01,46,Matched,59697,101.35314091680814,589,Pelham St (South),Pel147_T,-37.80240719,144.9615673,Outdoor,A,50218,9479,15.878519858619361,False
2026-05-01,47,Matched,602434,809.7231182795699,744,Melbourne Central-Elizabeth St (East),Eli250_T,-37.81258467,144.9625775,Outdoor,A,374088,228346,37.90390316615596,False
2026-05-01,48,Matched,159140,390.04901960784315,408,QVM-Queen St (East),QVMQ_T,-37.80631581,144.95866697,Outdoor,A,83587,75553,47.475807465125044,False
2026-05-01,49,Matched,296323,398.28360215053766,744,QVM-Therry St (South),Eli501_T,-37.80730068,144.95956055,Outdoor,A,180296,116027,39.15558360302778,False
2026-05-01,50,Matched,174010,237.39427012278307,733,Faraday St-Lygon St (West),Lyg309_T,-37.79808192,144.96721013,Outdoor,A,106108,67902,39.021895293373944,False
2026-05-01,51,Matched,89200,119.89247311827957,744,QVM-Franklin St (North),Fra118_T,-37.80841815,144.95906316,Outdoor,A,59068,30132,33.780269058295964,False
2026-05-01,52,Matched,267765,361.8445945945946,740,Elizabeth St-Lonsdale St (South),Eli263_T,-37.81252157,144.9619401,Outdoor,A,179261,88504,33.05286351838366,False
2026-05-01,53,Matched,467734,628.6747311827957,744,Collins Street (North),Col254_T,-37.81564191,144.965499,Outdoor,A,326479,141255,30.199857183783944,False
2026-05-01,54,Matched,124734,167.65322580645162,744,Lincoln-Swanston (West),Swa607_T,-37.804024,144.96308399,Outdoor,A,96046,28688,22.999342601055044,False
2026-05-01,56,Matched,342732,460.66129032258067,744,Lonsdale St - Elizabeth St (North),Lon364_T,-37.81234775,144.96153311,Outdoor,A,223768,118964,34.71050266680672,False
2026-05-01,58,Matched,486135,653.4072580645161,744,Bourke St - Spencer St (North),Bou688_T,-37.81686075,144.95358075,Outdoor,A,340687,145448,29.91926111059685,False
2026-05-01,59,Matched,762436,1027.5417789757412,742,Building 80 RMIT,RMIT_T,-37.80825648,144.96304859,Outdoor,A,627793,134643,17.659580607421475,False
2026-05-01,61,Matched,391031,529.8523035230352,738,RMIT Building 14,RMIT14_T,-37.80767455,144.96309114,Outdoor,A,306709,84322,21.56401922098248,False
2026-05-01,62,Matched,226506,304.44354838709677,744,La Trobe St (North),Lat224_T,-37.80996494,144.96216521,Outdoor,A,148892,77614,34.26575896444245,False
2026-05-01,63,Matched,357962,481.1317204301075,744,231 Bourke St,Bou231_T,-37.81333081,144.96675571,Outdoor,A,228985,128977,36.03091948307362,False
2026-05-01,66,Matched,894064,1293.8697539797395,691,"QV2 Apartments, 300 Swanston Street",QVN_T,-37.81057846,144.96444294,Outdoor,A,633737,260327,29.117266772848478,False
2026-05-01,67,Matched,386470,519.4489247311828,744,Flinders Ln -Degraves St (South),FLDegS_T,-37.81688755,144.96562569,Outdoor,A,274067,112403,29.084534375242583,False
2026-05-01,68,Matched,233212,323.90555555555557,720,Flinders Ln -Degraves St (North),FLDegN_T,-37.8168479,144.96559789,Outdoor,A,162220,70992,30.440972162667446,False
2026-05-01,69,Matched,177545,247.62203626220364,717,Flinders Ln -Degraves St (Crossing),FLDegC_T,-37.81687226,144.96559144,Outdoor,A,119733,57812,32.56188571911346,False
2026-05-01,70,Matched,120083,169.13098591549297,710,Errol Street (East),Errol20_T,-37.80456984,144.94946228,Outdoor,A,81930,38153,31.772190901293275,False
2026-05-01,71,Matched,17598,24.47566063977747,719,Westwood Place,WestWP_T,-37.81235775,144.97136962,Outdoor,A,14780,2818,16.013183316285943,False
2026-05-01,72,Matched,210625,283.8611859838275,742,Flinders St- ACMI,ACMI_T,-37.81726338,144.96872809,Outdoor,A,141119,69506,32.999881305637984,False
2026-05-01,75,Matched,42325,60.987031700288185,694,Spring St- Flinders st (West),SprFli_T,-37.81515276,144.97467661,Outdoor,A,30551,11774,27.818074424099233,False
2026-05-01,76,Matched,48590,71.77252584933531,677,Macaulay Rd- Bellair St,KenMac_T,-37.79453803,144.93036194,Outdoor,A,34945,13645,28.081909857995473,False
2026-05-01,77,Matched,153162,206.4177897574124,742,Harbour Esplanade (West) - Pedestrian path,HarEsP_T,-37.81441438,144.94433026,Outdoor,A,93950,59212,38.65971977383424,False
2026-05-01,79,Matched,358145,481.377688172043,744,Flinders St (South),FliSS_T,-37.81794046,144.96616678,Outdoor,A,223683,134462,37.54401150372056,False
2026-05-01,84,Matched,800305,1075.6787634408602,744,Elizabeth St - Flinders St (East) - New footpath,ElFi_T,-37.81798049,144.96503383,Outdoor,A,542222,258083,32.24808041934013,False
2026-05-01,85,Matched,74552,107.42363112391931,694,Macaulay Rd (North),488Mac_T,-37.79432415,144.92973378,Outdoor,A,51294,23258,31.197016847301214,False
2026-05-01,86,Matched,41262,61.58507462686567,670,Queensberry St - Errol St (South),574Qub_T,-37.80309992,144.94908064,Outdoor,A,28347,12915,31.29998545877563,False
2026-05-01,87,Matched,82749,116.22050561797752,712,Errol St (West),Errol23_T,-37.80454949,144.94921863,Outdoor,A,57563,25186,30.436621590593237,False
2026-05-01,107,Matched,114460,153.84408602150538,744,Royal Mint 280 William St,280Will_T,-37.81246271,144.95690188,Outdoor,A,84496,29964,26.178577669054693,False
2026-05-01,108,Matched,357032,479.8817204301075,744,William St - Little Lonsdale St (West),261Will_T,-37.81295822,144.95678789,Outdoor,A,313162,43870,12.287414013309732,False
2026-05-01,109,Matched,138862,186.89367429340513,743,La Trobe St- William St (South),LatWill_T,-37.81193681,144.95621105,Outdoor,A,112430,26432,19.034725122783772,False
2026-05-01,117,Matched,146918,198.8064952638701,739,114 Flinders Street Car Park Footpath,Fli114F_T,-37.81629332,144.97090877,Outdoor,A,100209,46709,31.792564559822484,False
2026-05-01,118,Matched,15873,24.8015625,640,114 Flinders Street Car Park Crossing,Fli114C_T,-37.81632783,144.97090512,Outdoor,A,9757,6116,38.53083853083853,False
2026-05-01,123,Matched,19663,42.745652173913044,460,Birrarung Marr East - Batman Ave Bridge Entry,BirBridge_T,-37.81753741,144.97329734,Outdoor,A,14188,5475,27.844174337588363,False
2026-05-01,124,Matched,666,3.297029702970297,202,Birrarung Marr East - Batman Ave Bridge Entry,BirBridge_T,-37.81757416,144.97329934,Outdoor,A,479,187,28.07807807807808,False
2026-05-01,130,Matched,44946,72.84602917341978,617,I-Hub 892 Bourke Street,Bou892T,-37.8204637,144.94126826,Outdoor,A,32395,12551,27.92462065589819,False
2026-05-01,131,Matched,110906,149.06720430107526,744,I-Hub Corner of King Street and Flinders Street (2-6 King),King2_T,-37.82009057,144.95758725,Outdoor,A,69548,41358,37.29103925847114,False
2026-05-01,132,Matched,137070,184.23387096774192,744,I-Hub Corner of King Street and Latrobe Street (317-335 King),King335_T,-37.81267639,144.95386444,Outdoor,A,94843,42227,30.80688699204786,False
2026-05-01,133,Matched,477233,641.4422043010753,744,I-Hub Southern Cross Station - Lonsdale Street Entrance - South,Spen229_T,-37.81531435,144.95227769,Outdoor,A,333787,143446,30.057854339494543,False
2026-05-01,134,Matched,349863,478.608755129959,731,I-Hub Southern Cross Station - Bourke Street Entrance - North,Spen201_T,-37.81694221,144.95303935,Outdoor,A,234032,115831,33.107530662001984,False
2026-05-01,135,Matched,328512,441.5483870967742,744,I-Hub Southern Cross Station - Bourke Street Entrance - South,Spen161_T,-37.8172861,144.95319102,Outdoor,A,213447,115065,35.0261177673875,False
2026-05-01,136,Matched,58935,124.33544303797468,474,"COM Pole 1120 - Towards the City, Near Federation Square Bridge",BirFed1120_T,-37.8184141,144.97357915,Outdoor,A,27551,31384,53.25188767285993,False
2026-05-01,137,Matched,53672,85.19365079365079,630,"COM Pole 2353 - Towards the city, NAB Building",BouHbr2353_T,-37.81894815,144.94612292,Outdoor,A,46279,7393,13.774407512296916,False
2026-05-01,138,Matched,4570,13.480825958702065,339,"COM Pole 1671 - Enterprize Park, Queens Bridge",EntPark1671_T,-37.81996544,144.95981454,Outdoor,A,3343,1227,26.84901531728665,False
2026-05-01,139,Matched,52873,74.05182072829132,714,COM Pole 1647 - Sandridge Bridge Signal Box,Signal1647_T,-37.81959923,144.9632832,Outdoor,A,40031,12842,24.288389158928,False
2026-05-01,140,Matched,53025,148.1145251396648,358,COM Pole 2837 - Boyd Park,Boyd2837_T,-37.82590962,144.96185972,Outdoor,A,34994,18031,34.00471475719,False
2026-05-01,141,Matched,143101,192.34005376344086,744,Awning of Nationwide Parking 474 Flinders Street,474Fl_T,-37.81997273,144.95834911,Outdoor,A,90878,52223,36.49380507473742,False
2026-05-01,142,Matched,295423,400.8453188602442,737,Hamer Hall Entrance (COM Pole 1584),Hammer1584_T,-37.81970749,144.96795734,Outdoor,A,170578,124845,42.25974280946304,False
2026-05-01,143,Matched,255279,343.116935483871,744,"Mounted on Toilet - Spencer Street, Batman Park",Spencer_T,-37.821728,144.95557015,Outdoor,A,155303,99976,39.163425115266044,False
2026-05-01,161,Matched,169107,232.9297520661157,726,Birrarung Marr - COM - Pole 1109,BirArt1109_T,-37.81851276,144.97131336,Outdoor,A,86124,82983,49.07129805389487,False
2026-05-01,162,Matched,383733,515.7701612903226,744,iHub 489 Elizabeth Street,Eli489_T,-37.80740397,144.95987909,Outdoor,A,235024,148709,38.75324770087535,False
2026-05-01,164,Matched,91019,123.66711956521739,736,I-Hub 526 La Trobe Street (Footpath),Lat526_T,-37.813005,144.95160411,Outdoor,A,62741,28278,31.068238499653916,False
2026-05-01,165,Matched,29119,41.71776504297994,698,475 Spencer Street,Spen475_T,-37.80953359,144.94939004,Outdoor,A,19334,9785,33.603489130808065,False
2026-05-01,166,Matched,38548,53.83798882681564,716,484 Spencer Street,Spen484_T,-37.80896733,144.94931703,Outdoor,A,25266,13282,34.455743488637545,False
2026-05-01,167,Matched,17708,25.046676096181045,707,I-Hub 526 La Trobe Street (Crossing),Lat526_T,-37.81304149,144.95155955,Outdoor,A,11348,6360,35.91597018296815,False
2026-05-01,179,Matched,54634,74.23097826086956,736,61-67 Power Street Southbank,Pow61_T,-37.82392385,144.96299677,Outdoor,A,36414,18220,33.34919647106197,False
2026-05-01,180,Matched,42204,69.75867768595042,605,"Pumping Station No.2, 330 Macaulay Road",Mac330_T,-37.79497059,144.93530329,Outdoor,A,29794,12410,29.404795753956968,False
2026-05-01,181,Matched,755576,1018.2964959568733,742,368 Elizabeth Street,Eli368_T,-37.81009465,144.96143149,Outdoor,A,494944,260632,34.49447838470253,False
2026-05-01,182,Matched,223763,300.7567204301075,744,163 King Street,King163_T,-37.81627451,144.95550503,Outdoor,A,146184,77579,34.670164415028395,False
2026-05-01,184,Matched,621641,835.5389784946236,744,124 Elizabeth Street,Eli124_T,-37.81512416,144.96371988,Outdoor,A,408747,212894,34.247097601348685,False
2026-05-01,185,Matched,415050,721.8260869565217,575,197 Elizabeth Street,Eli197_T,-37.81374643,144.96276183,Outdoor,A,273476,141574,34.11010721599807,False
2026-05-01,187,Matched,206206,279.4119241192412,738,RMIT Building 22 - 330 Swanston Street,Swa330_T,-37.80942561,144.96395473,Outdoor,A,166394,39812,19.30690668554746,False
2026-05-01,188,Matched,79877,143.40574506283662,557,RMIT Building 51 - 80-92 Victoria Street,RMIT51_T,-37.80663222,144.96456557,Outdoor,A,74003,5874,7.353806477459093,False
2026-05-01,209,Matched,407037,547.0927419354839,744,Flinders Underpass - Walkway,FliS_T,-37.81909037,144.96549709,Outdoor,A,273858,133179,32.719138554971664,False
2026-06-01,1,Matched,15487,1032.4666666666667,15,Bourke Street Mall (North),Bou292_T,-37.81349441,144.96515323,Outdoor,A,15487,0,0.0,False
2026-06-01,2,Matched,408373,567.1847222222223,720,Bourke Street Mall (South),Bou283_T,-37.81380668,144.96516718,Outdoor,A,288118,120255,29.447343482551492,False
2026-06-01,3,Matched,794918,1104.0527777777777,720,Melbourne Central,Swa295_T,-37.81101524,144.96429485,Outdoor,A,554832,240086,30.202612093322834,False
2026-06-01,4,Matched,858467,1341.3546875,640,Town Hall (West),Swa123_T,-37.81487988,144.9660878,Outdoor,A,625170,233297,27.176000941212653,False
2026-06-01,5,Matched,651223,904.4763888888889,720,Princes Bridge,PriNW_T,-37.81874249,144.96787656,Outdoor,A,439111,212112,32.57133117227125,False
2026-06-01,6,Matched,255747,357.6881118881119,715,Flinders Underpass - Myki Barriers,FliS_T,-37.81907439,144.96557866,Outdoor,A,211364,44383,17.354260265027545,False
2026-06-01,8,Matched,119896,207.4325259515571,578,Webb Bridge,WebBN_T,-37.82293543,144.9471751,Outdoor,A,87183,32713,27.284479882564888,False
2026-06-01,9,Matched,354397,494.2775453277545,717,Southern Cross Station,Col700_T,-37.81982992,144.95102555,Outdoor,A,337000,17397,4.908901599054168,False
2026-06-01,10,Matched,60347,87.08080808080808,693,Victoria Point,BouHbr_T,-37.81876474,144.94710545,Outdoor,A,50132,10215,16.92710490993753,False
2026-06-01,11,Matched,69216,99.02145922746782,699,Docklands Waterfront City Building Side,WatCit_T,-37.81566651,144.93974366,Outdoor,A,45132,24084,34.795423023578365,False
2026-06-01,12,Matched,84993,134.69572107765453,631,New Quay,NewQ_T,-37.81457988,144.94292398,Outdoor,A,53610,31383,36.92421728848258,False
2026-06-01,14,Matched,138951,209.26355421686748,664,Sandridge Bridge,SanBri_T,-37.82011242,144.96291897,Outdoor,A,105046,33905,24.400688012320888,False
2026-06-01,17,Matched,284200,394.72222222222223,720,Collins Place (South),Col15_T,-37.81362543,144.97323591,Outdoor,A,250750,33450,11.76988036593948,False
2026-06-01,18,Matched,126114,194.62037037037038,648,Collins Place (North),Col12_T,-37.81344862,144.97305353,Outdoor,A,115779,10335,8.194966458918122,False
2026-06-01,19,Matched,361537,502.1347222222222,720,Chinatown-Swanston St (North),LtB210_T,-37.81237202,144.96550671,Outdoor,A,240977,120560,33.3465177837953,False
2026-06-01,20,Matched,232333,322.6847222222222,720,Chinatown-Lt Bourke St (South),LtB170_T,-37.81172914,144.9682466,Outdoor,A,143309,89024,38.31741508954819,False
2026-06-01,21,Matched,278470,386.7638888888889,720,155-161 Russell Street,Bourke155_T,-37.81267313,144.96788288,Outdoor,A,191152,87318,31.35634000071821,False
2026-06-01,23,Matched,226789,314.9847222222222,720,Spencer St-Collins St (South),Col623_T,-37.81909256,144.95452748,Outdoor,A,190979,35810,15.790007451860541,False
2026-06-01,24,Matched,628849,880.7408963585434,714,Spencer St-Collins St (North),Col620_T,-37.81887963,144.95449198,Outdoor,A,507074,121775,19.364744159567717,False
2026-06-01,25,Matched,419922,584.849582172702,718,Melbourne Convention Exhibition Centre,MCEC_T,-37.82401776,144.95604426,Outdoor,A,259506,160416,38.201380256333316,False
2026-06-01,27,Matched,101584,141.67921896792188,717,QV Market-Peel St,Vic_T,-37.80606888,144.95644692,Outdoor,A,62901,38683,38.07981571901087,False
2026-06-01,29,Matched,150813,209.7538247566064,719,St Kilda Rd-Alexandra Gardens,AG_T,-37.8199817,144.96872865,Outdoor,A,96915,53898,35.73829842254978,False
2026-06-01,30,Matched,298996,416.42896935933146,718,Lonsdale St (South),Lon189_T,-37.8112185,144.96656806,Outdoor,A,197463,101533,33.95797937096148,False
2026-06-01,31,Matched,132003,184.61958041958042,715,Lygon St (West),Lyg161_T,-37.80169681,144.96658911,Outdoor,A,82400,49603,37.577176276296754,False
2026-06-01,35,Matched,659506,915.9805555555556,720,Southbank Promenade,SouthB_T,-37.82018685,144.96508508,Outdoor,A,466129,193377,29.32149214715257,False
2026-06-01,36,Matched,161286,224.94560669456067,717,Queen St (West),Que85_T,-37.81652527,144.96121062,Outdoor,A,124310,36976,22.925734409682182,False
2026-06-01,37,Matched,52052,91.80246913580247,567,Lygon St (East),Lyg260_T,-37.80107122,144.96704554,Outdoor,A,40273,11779,22.629293783139936,False
2026-06-01,39,Matched,52126,85.17320261437908,612,Alfred Place,AlfPl_T,-37.81379749,144.96995745,Outdoor,A,45817,6309,12.103364923454706,False
2026-06-01,40,Matched,160660,223.44923504867873,719,Lonsdale St-Spring St (West),Spr201_T,-37.80999341,144.97227587,Outdoor,A,129277,31383,19.533798082908007,False
2026-06-01,41,Matched,1077479,1496.4986111111111,720,Flinders La-Swanston St (West),Swa31,-37.81668634,144.96689733,Outdoor,A,762448,315031,29.237785608814647,False
2026-06-01,42,Matched,88624,123.43175487465182,718,Grattan St-Swanston St (West),UM1_T,-37.80008566,144.96386412,Outdoor,A,74846,13778,15.546578804838418,False
2026-06-01,43,Matched,77655,109.83734087694484,707,Monash Rd-Swanston St (West),UM2_T,-37.79844526,144.96411782,Outdoor,A,65408,12247,15.771038568025238,False
2026-06-01,44,Matched,45793,65.32524964336662,701,Tin Alley-Swanston St (West),UM3_T,-37.79698741,144.96441306,Outdoor,A,37384,8409,18.363068591269407,False
2026-06-01,45,Matched,533687,741.2319444444445,720,Little Collins St-Swanston St (East),Swa148_T,-37.81414075,144.96609379,Outdoor,A,376759,156928,29.404501140181416,False
2026-06-01,46,Matched,38653,73.06805293005671,529,Pelham St (South),Pel147_T,-37.80240719,144.9615673,Outdoor,A,31458,7195,18.614337826300677,False
2026-06-01,47,Matched,572573,795.2402777777778,720,Melbourne Central-Elizabeth St (East),Eli250_T,-37.81258467,144.9625775,Outdoor,A,400237,172336,30.098520188692095,False
2026-06-01,48,Matched,141419,397.2443820224719,356,QVM-Queen St (East),QVMQ_T,-37.80631581,144.95866697,Outdoor,A,77673,63746,45.07597988954808,False
2026-06-01,49,Matched,279022,388.06954102920724,719,QVM-Therry St (South),Eli501_T,-37.80730068,144.95956055,Outdoor,A,185797,93225,33.41134390836565,False
2026-06-01,50,Matched,159327,228.91810344827587,696,Faraday St-Lygon St (West),Lyg309_T,-37.79808192,144.96721013,Outdoor,A,107674,51653,32.41948947761522,False
2026-06-01,51,Matched,74368,103.28888888888889,720,QVM-Franklin St (North),Fra118_T,-37.80841815,144.95906316,Outdoor,A,50929,23439,31.51758820998279,False
2026-06-01,52,Matched,242537,339.68767507002804,714,Elizabeth St-Lonsdale St (South),Eli263_T,-37.81252157,144.9619401,Outdoor,A,173115,69422,28.623261605445766,False
2026-06-01,53,Matched,418685,581.5069444444445,720,Collins Street (North),Col254_T,-37.81564191,144.965499,Outdoor,A,316302,102383,24.45346740389553,False
2026-06-01,54,Matched,94999,136.492816091954,696,Lincoln-Swanston (West),Swa607_T,-37.804024,144.96308399,Outdoor,A,72025,22974,24.18341245697323,False
2026-06-01,56,Matched,310250,430.90277777777777,720,Lonsdale St - Elizabeth St (North),Lon364_T,-37.81234775,144.96153311,Outdoor,A,218864,91386,29.455600322320706,False
2026-06-01,58,Matched,437734,607.9638888888888,720,Bourke St - Spencer St (North),Bou688_T,-37.81686075,144.95358075,Outdoor,A,336859,100875,23.044817172072538,False
2026-06-01,59,Matched,481566,668.8416666666667,720,Building 80 RMIT,RMIT_T,-37.80825648,144.96304859,Outdoor,A,384034,97532,20.25309095741809,False
2026-06-01,61,Matched,287550,399.375,720,RMIT Building 14,RMIT14_T,-37.80767455,144.96309114,Outdoor,A,223724,63826,22.196487567379585,False
2026-06-01,62,Matched,177196,246.10555555555555,720,La Trobe St (North),Lat224_T,-37.80996494,144.96216521,Outdoor,A,127011,50185,28.32174541186031,False
2026-06-01,63,Matched,318508,442.3722222222222,720,231 Bourke St,Bou231_T,-37.81333081,144.96675571,Outdoor,A,226075,92433,29.02062114609366,False
2026-06-01,66,Matched,815300,1132.361111111111,720,"QV2 Apartments, 300 Swanston Street",QVN_T,-37.81057846,144.96444294,Outdoor,A,585519,229781,28.183613393842755,False
2026-06-01,67,Matched,348048,484.0723226703755,719,Flinders Ln -Degraves St (South),FLDegS_T,-37.81688755,144.96562569,Outdoor,A,265937,82111,23.591860892750425,False
2026-06-01,68,Matched,204604,289.8073654390935,706,Flinders Ln -Degraves St (North),FLDegN_T,-37.8168479,144.96559789,Outdoor,A,151890,52714,25.763914683974896,False
2026-06-01,69,Matched,164888,240.3615160349854,686,Flinders Ln -Degraves St (Crossing),FLDegC_T,-37.81687226,144.96559144,Outdoor,A,121180,43708,26.50769006841007,False
2026-06-01,70,Matched,115367,166.71531791907515,692,Errol Street (East),Errol20_T,-37.80456984,144.94946228,Outdoor,A,82946,32421,28.1024903135212,False
2026-06-01,71,Matched,16843,24.410144927536233,690,Westwood Place,WestWP_T,-37.81235775,144.97136962,Outdoor,A,14777,2066,12.266223356884165,False
2026-06-01,72,Matched,183622,257.17366946778714,714,Flinders St- ACMI,ACMI_T,-37.81726338,144.96872809,Outdoor,A,135812,47810,26.03718508675431,False
2026-06-01,75,Matched,39929,60.31570996978852,662,Spring St- Flinders st (West),SprFli_T,-37.81515276,144.97467661,Outdoor,A,31039,8890,22.26451952215182,False
2026-06-01,76,Matched,41899,63.579666160849776,659,Macaulay Rd- Bellair St,KenMac_T,-37.79453803,144.93036194,Outdoor,A,31521,10378,24.76908756772238,False
2026-06-01,77,Matched,125391,175.61764705882354,714,Harbour Esplanade (West) - Pedestrian path,HarEsP_T,-37.81441438,144.94433026,Outdoor,A,82919,42472,33.87164948042523,False
2026-06-01,79,Matched,314648,437.0111111111111,720,Flinders St (South),FliSS_T,-37.81794046,144.96616678,Outdoor,A,217298,97350,30.939335384302456,False
2026-06-01,84,Matched,732143,1016.8652777777778,720,Elizabeth St - Flinders St (East) - New footpath,ElFi_T,-37.81798049,144.96503383,Outdoor,A,536647,195496,26.701887472802444,False
2026-06-01,85,Matched,65866,99.34539969834087,663,Macaulay Rd (North),488Mac_T,-37.79432415,144.92973378,Outdoor,A,48160,17706,26.881851030880878,False
2026-06-01,86,Matched,38361,60.032863849765256,639,Queensberry St - Errol St (South),574Qub_T,-37.80309992,144.94908064,Outdoor,A,27619,10742,28.002398269075364,False
2026-06-01,87,Matched,73132,107.2316715542522,682,Errol St (West),Errol23_T,-37.80454949,144.94921863,Outdoor,A,52654,20478,28.001422086090905,False
2026-06-01,107,Matched,104011,146.28832630098452,711,Royal Mint 280 William St,280Will_T,-37.81246271,144.95690188,Outdoor,A,80342,23669,22.756246935420293,False
2026-06-01,108,Matched,331234,460.0472222222222,720,William St - Little Lonsdale St (West),261Will_T,-37.81295822,144.95678789,Outdoor,A,297549,33685,10.169547812120737,False
2026-06-01,109,Matched,124134,172.40833333333333,720,La Trobe St- William St (South),LatWill_T,-37.81193681,144.95621105,Outdoor,A,104479,19655,15.833695844812864,False
2026-06-01,117,Matched,135355,197.5985401459854,685,114 Flinders Street Car Park Footpath,Fli114F_T,-37.81629332,144.97090877,Outdoor,A,100001,35354,26.11946363266965,False
2026-06-01,118,Matched,13596,22.927487352445194,593,114 Flinders Street Car Park Crossing,Fli114C_T,-37.81632783,144.97090512,Outdoor,A,9355,4241,31.192997940570756,False
2026-06-01,123,Matched,15889,40.12373737373738,396,Birrarung Marr East - Batman Ave Bridge Entry,BirBridge_T,-37.81753741,144.97329734,Outdoor,A,11879,4010,25.237585751148593,False
2026-06-01,124,Matched,466,2.5604395604395602,182,Birrarung Marr East - Batman Ave Bridge Entry,BirBridge_T,-37.81757416,144.97329934,Outdoor,A,290,176,37.76824034334764,False
2026-06-01,130,Matched,37064,65.71631205673759,564,I-Hub 892 Bourke Street,Bou892T,-37.8204637,144.94126826,Outdoor,A,28561,8503,22.94139866177423,False
2026-06-01,131,Matched,99703,138.4763888888889,720,I-Hub Corner of King Street and Flinders Street (2-6 King),King2_T,-37.82009057,144.95758725,Outdoor,A,68587,31116,31.208689808731933,False
2026-06-01,132,Matched,118297,164.30138888888888,720,I-Hub Corner of King Street and Latrobe Street (317-335 King),King335_T,-37.81267639,144.95386444,Outdoor,A,86703,31594,26.70735521610861,False
2026-06-01,133,Matched,408046,566.7305555555556,720,I-Hub Southern Cross Station - Lonsdale Street Entrance - South,Spen229_T,-37.81531435,144.95227769,Outdoor,A,309398,98648,24.175705680241933,False
2026-06-01,134,Matched,297753,413.54583333333335,720,I-Hub Southern Cross Station - Bourke Street Entrance - North,Spen201_T,-37.81694221,144.95303935,Outdoor,A,220248,77505,26.029964433607724,False
2026-06-01,135,Matched,277680,385.6666666666667,720,I-Hub Southern Cross Station - Bourke Street Entrance - South,Spen161_T,-37.8172861,144.95319102,Outdoor,A,200590,77090,27.762172284644194,False
2026-06-01,136,Matched,93257,159.96054888507717,583,"COM Pole 1120 - Towards the City, Near Federation Square Bridge",BirFed1120_T,-37.8184141,144.97357915,Outdoor,A,61208,32049,34.366321026839806,False
2026-06-01,137,Matched,50423,85.60780984719864,589,"COM Pole 2353 - Towards the city, NAB Building",BouHbr2353_T,-37.81894815,144.94612292,Outdoor,A,44714,5709,11.322214068976459,False
2026-06-01,138,Matched,3624,11.289719626168225,321,"COM Pole 1671 - Enterprize Park, Queens Bridge",EntPark1671_T,-37.81996544,144.95981454,Outdoor,A,2739,885,24.420529801324502,False
2026-06-01,139,Matched,46757,67.5679190751445,692,COM Pole 1647 - Sandridge Bridge Signal Box,Signal1647_T,-37.81959923,144.9632832,Outdoor,A,37589,9168,19.607759265992257,False
2026-06-01,140,Matched,43985,128.98826979472142,341,COM Pole 2837 - Boyd Park,Boyd2837_T,-37.82590962,144.96185972,Outdoor,A,31427,12558,28.55064226440832,False
2026-06-01,141,Matched,130250,180.90277777777777,720,Awning of Nationwide Parking 474 Flinders Street,474Fl_T,-37.81997273,144.95834911,Outdoor,A,89012,41238,31.660652591170823,False
2026-06-01,142,Matched,259299,366.7595473833098,707,Hamer Hall Entrance (COM Pole 1584),Hammer1584_T,-37.81970749,144.96795734,Outdoor,A,163086,96213,37.105040898730806,False
2026-06-01,143,Matched,224918,313.25626740947075,718,"Mounted on Toilet - Spencer Street, Batman Park",Spencer_T,-37.821728,144.95557015,Outdoor,A,142348,82570,36.711156954979145,False
2026-06-01,161,Matched,186792,263.087323943662,710,Birrarung Marr - COM - Pole 1109,BirArt1109_T,-37.81851276,144.97131336,Outdoor,A,116987,69805,37.370444130369606,False
2026-06-01,162,Matched,351414,488.075,720,iHub 489 Elizabeth Street,Eli489_T,-37.80740397,144.95987909,Outdoor,A,228409,123005,35.002874102909956,False
2026-06-01,164,Matched,81037,113.81601123595506,712,I-Hub 526 La Trobe Street (Footpath),Lat526_T,-37.813005,144.95160411,Outdoor,A,60270,20767,25.626565642854498,False
2026-06-01,165,Matched,23719,35.992412746585735,659,475 Spencer Street,Spen475_T,-37.80953359,144.94939004,Outdoor,A,17473,6246,26.33331927990219,False
2026-06-01,166,Matched,35356,51.24057971014493,690,484 Spencer Street,Spen484_T,-37.80896733,144.94931703,Outdoor,A,25253,10103,28.575065052607762,False
2026-06-01,167,Matched,11899,18.505443234836704,643,I-Hub 526 La Trobe Street (Crossing),Lat526_T,-37.81304149,144.95155955,Outdoor,A,9109,2790,23.447348516682073,False
2026-06-01,179,Matched,48797,68.05718270571828,717,61-67 Power Street Southbank,Pow61_T,-37.82392385,144.96299677,Outdoor,A,35437,13360,27.37873229911675,False
2026-06-01,180,Matched,38938,64.68106312292359,602,"Pumping Station No.2, 330 Macaulay Road",Mac330_T,-37.79497059,144.93530329,Outdoor,A,28954,9984,25.640762237403052,False
2026-06-01,181,Matched,641385,920.2080344332855,697,368 Elizabeth Street,Eli368_T,-37.81009465,144.96143149,Outdoor,A,446847,194538,30.330924483734417,False
2026-06-01,182,Matched,200947,279.09305555555557,720,163 King Street,King163_T,-37.81627451,144.95550503,Outdoor,A,143481,57466,28.59759040941144,False
2026-06-01,184,Matched,570021,791.6958333333333,720,124 Elizabeth Street,Eli124_T,-37.81512416,144.96371988,Outdoor,A,406299,163722,28.722099712115867,False
2026-06-01,185,Matched,503299,699.0263888888888,720,197 Elizabeth Street,Eli197_T,-37.81374643,144.96276183,Outdoor,A,368264,135035,26.829975819542657,False
2026-06-01,187,Matched,160042,222.58970792767732,719,RMIT Building 22 - 330 Swanston Street,Swa330_T,-37.80942561,144.96395473,Outdoor,A,132749,27293,17.05364841729046,False
2026-06-01,188,Matched,39951,76.09714285714286,525,RMIT Building 51 - 80-92 Victoria Street,RMIT51_T,-37.80663222,144.96456557,Outdoor,A,35245,4706,11.779429801506845,False
2026-06-01,209,Matched,397155,551.6041666666666,720,Flinders Underpass - Walkway,FliS_T,-37.81909037,144.96549709,Outdoor,A,286912,110243,27.75818005564578,False
2026-07-01,1,Matched,688726,925.7069892473119,744,Bourke Street Mall (North),Bou292_T,-37.81349441,144.96515323,Outdoor,A,492991,195735,28.41986508422798,False
2026-07-01,2,Matched,474118,637.255376344086,744,Bourke Street Mall (South),Bou283_T,-37.81380668,144.96516718,Outdoor,A,344434,129684,27.352684352840434,False
2026-07-01,3,Matched,905105,1216.5389784946237,744,Melbourne Central,Swa295_T,-37.81101524,144.96429485,Outdoor,A,651333,253772,28.037851961927068,False
2026-07-01,4,Matched,1094725,1471.404569892473,744,Town Hall (West),Swa123_T,-37.81487988,144.9660878,Outdoor,A,785911,308814,28.209276302267693,False
2026-07-01,5,Matched,748600,1006.1827956989247,744,Princes Bridge,PriNW_T,-37.81874249,144.96787656,Outdoor,A,521648,226952,30.316858135185683,False
2026-07-01,6,Matched,267038,360.8621621621622,740,Flinders Underpass - Myki Barriers,FliS_T,-37.81907439,144.96557866,Outdoor,A,222008,45030,16.862768594731836,False
2026-07-01,8,Matched,145263,246.62648556876061,589,Webb Bridge,WebBN_T,-37.82293543,144.9471751,Outdoor,A,101699,43564,29.989742742473997,False
2026-07-01,9,Matched,401186,540.6819407008086,742,Southern Cross Station,Col700_T,-37.81982992,144.95102555,Outdoor,A,372902,28284,7.050096463984287,False
2026-07-01,10,Matched,77837,108.7108938547486,716,Victoria Point,BouHbr_T,-37.81876474,144.94710545,Outdoor,A,56723,21114,27.125916980356386,False
2026-07-01,11,Matched,89530,125.56802244039271,713,Docklands Waterfront City Building Side,WatCit_T,-37.81566651,144.93974366,Outdoor,A,55207,34323,38.33687032279683,False
2026-07-01,12,Matched,118975,183.03846153846155,650,New Quay,NewQ_T,-37.81457988,144.94292398,Outdoor,A,69372,49603,41.691952090775374,False
2026-07-01,14,Matched,164465,244.013353115727,674,Sandridge Bridge,SanBri_T,-37.82011242,144.96291897,Outdoor,A,122608,41857,25.45039978110844,False
2026-07-01,17,Matched,307276,413.005376344086,744,Collins Place (South),Col15_T,-37.81362543,144.97323591,Outdoor,A,269798,37478,12.196852341217667,False
2026-07-01,18,Matched,140894,212.50980392156862,663,Collins Place (North),Col12_T,-37.81344862,144.97305353,Outdoor,A,128627,12267,8.706545346146749,False
2026-07-01,19,Matched,410095,551.9448183041723,743,Chinatown-Swanston St (North),LtB210_T,-37.81237202,144.96550671,Outdoor,A,284461,125634,30.635340591814092,False
2026-07-01,20,Matched,257942,347.1628532974428,743,Chinatown-Lt Bourke St (South),LtB170_T,-37.81172914,144.9682466,Outdoor,A,168957,88985,34.49806545657551,False
2026-07-01,21,Matched,314471,423.2449528936743,743,155-161 Russell Street,Bourke155_T,-37.81267313,144.96788288,Outdoor,A,221466,93005,29.575064155359314,False
2026-07-01,23,Matched,255975,345.44534412955466,741,Spencer St-Collins St (South),Col623_T,-37.81909256,144.95452748,Outdoor,A,215872,40103,15.666764332454342,False
2026-07-01,24,Matched,663257,891.4744623655914,744,Spencer St-Collins St (North),Col620_T,-37.81887963,144.95449198,Outdoor,A,537108,126149,19.019625876545593,False
2026-07-01,25,Matched,447632,602.4656796769852,743,Melbourne Convention Exhibition Centre,MCEC_T,-37.82401776,144.95604426,Outdoor,A,293189,154443,34.502225041998784,False
2026-07-01,27,Matched,113101,152.01747311827958,744,QV Market-Peel St,Vic_T,-37.80606888,144.95644692,Outdoor,A,75203,37898,33.508103376627965,False
2026-07-01,29,Matched,163414,234.79022988505747,696,St Kilda Rd-Alexandra Gardens,AG_T,-37.8199817,144.96872865,Outdoor,A,105074,58340,35.700735555093196,False
2026-07-01,30,Matched,304913,412.6021650879567,739,Lonsdale St (South),Lon189_T,-37.8112185,144.96656806,Outdoor,A,208312,96601,31.681496033294742,False
2026-07-01,31,Matched,145430,196.26180836707152,741,Lygon St (West),Lyg161_T,-37.80169681,144.96658911,Outdoor,A,94352,51078,35.12205184624905,False
2026-07-01,35,Matched,770603,1035.7567204301076,744,Southbank Promenade,SouthB_T,-37.82018685,144.96508508,Outdoor,A,523760,246843,32.0324473172308,False
2026-07-01,36,Matched,182013,244.97039030955585,743,Queen St (West),Que85_T,-37.81652527,144.96121062,Outdoor,A,142626,39387,21.639663100987292,False
2026-07-01,37,Matched,48000,87.91208791208791,546,Lygon St (East),Lyg260_T,-37.80107122,144.96704554,Outdoor,A,36334,11666,24.304166666666667,False
2026-07-01,39,Matched,64645,99.7608024691358,648,Alfred Place,AlfPl_T,-37.81379749,144.96995745,Outdoor,A,56624,8021,12.407765488436848,False
2026-07-01,40,Matched,166218,225.53324287652646,737,Lonsdale St-Spring St (West),Spr201_T,-37.80999341,144.97227587,Outdoor,A,132519,33699,20.273977547558026,False
2026-07-01,41,Matched,1130800,1519.8924731182797,744,Flinders La-Swanston St (West),Swa31,-37.81668634,144.96689733,Outdoor,A,828142,302658,26.764945171559955,False
2026-07-01,42,Matched,122136,167.3095890410959,730,Grattan St-Swanston St (West),UM1_T,-37.80008566,144.96386412,Outdoor,A,109569,12567,10.289349577520142,False
2026-07-01,43,Matched,98443,137.68251748251748,715,Monash Rd-Swanston St (West),UM2_T,-37.79844526,144.96411782,Outdoor,A,85771,12672,12.872423636012718,False
2026-07-01,44,Matched,53618,74.67688022284122,718,Tin Alley-Swanston St (West),UM3_T,-37.79698741,144.96441306,Outdoor,A,44877,8741,16.302361147375883,False
2026-07-01,45,Matched,624350,839.1801075268817,744,Little Collins St-Swanston St (East),Swa148_T,-37.81414075,144.96609379,Outdoor,A,448755,175595,28.124449427404503,False
2026-07-01,46,Matched,40961,77.72485768500948,527,Pelham St (South),Pel147_T,-37.80240719,144.9615673,Outdoor,A,35184,5777,14.103659578623567,False
2026-07-01,47,Matched,638086,857.6424731182796,744,Melbourne Central-Elizabeth St (East),Eli250_T,-37.81258467,144.9625775,Outdoor,A,458582,179504,28.13163115943619,False
2026-07-01,48,Matched,199467,276.65325936199724,721,QVM-Queen St (East),QVMQ_T,-37.80631581,144.95866697,Outdoor,A,134121,65346,32.760306216065814,False
2026-07-01,49,Matched,300029,403.26478494623655,744,QVM-Therry St (South),Eli501_T,-37.80730068,144.95956055,Outdoor,A,210665,89364,29.78512077165874,False
2026-07-01,50,Matched,171911,251.69985358711565,683,Faraday St-Lygon St (West),Lyg309_T,-37.79808192,144.96721013,Outdoor,A,118905,53006,30.83339635043714,False
2026-07-01,51,Matched,58967,79.25672043010752,744,QVM-Franklin St (North),Fra118_T,-37.80841815,144.95906316,Outdoor,A,41391,17576,29.806501941764036,False
2026-07-01,52,Matched,279153,376.72469635627533,741,Elizabeth St-Lonsdale St (South),Eli263_T,-37.81252157,144.9619401,Outdoor,A,202111,77042,27.598485418390634,False
2026-07-01,53,Matched,473710,637.563930013459,743,Collins Street (North),Col254_T,-37.81564191,144.965499,Outdoor,A,361872,111838,23.608959067784088,False
2026-07-01,54,Matched,102003,140.30674002751033,727,Lincoln-Swanston (West),Swa607_T,-37.804024,144.96308399,Outdoor,A,81965,20038,19.64452025920806,False
2026-07-01,56,Matched,337645,461.89466484268127,731,Lonsdale St - Elizabeth St (North),Lon364_T,-37.81234775,144.96153311,Outdoor,A,250059,87586,25.940262701950275,False
2026-07-01,58,Matched,495214,676.5218579234972,732,Bourke St - Spencer St (North),Bou688_T,-37.81686075,144.95358075,Outdoor,A,373293,121921,24.61986131248309,False
2026-07-01,59,Matched,668527,898.5577956989247,744,Building 80 RMIT,RMIT_T,-37.80825648,144.96304859,Outdoor,A,568779,99748,14.920564165695627,False
2026-07-01,61,Matched,371185,499.5760430686407,743,RMIT Building 14,RMIT14_T,-37.80767455,144.96309114,Outdoor,A,304641,66544,17.927448576855205,False
2026-07-01,62,Matched,191919,257.9556451612903,744,La Trobe St (North),Lat224_T,-37.80996494,144.96216521,Outdoor,A,139446,52473,27.34122207806418,False
2026-07-01,63,Matched,366606,492.75,744,231 Bourke St,Bou231_T,-37.81333081,144.96675571,Outdoor,A,264982,101624,27.720222800499716,False
2026-07-01,66,Matched,938279,1261.127688172043,744,"QV2 Apartments, 300 Swanston Street",QVN_T,-37.81057846,144.96444294,Outdoor,A,688870,249409,26.58153917971094,False
2026-07-01,67,Matched,380332,511.1989247311828,744,Flinders Ln -Degraves St (South),FLDegS_T,-37.81688755,144.96562569,Outdoor,A,291426,88906,23.37589264116614,False
2026-07-01,68,Matched,234315,327.7132867132867,715,Flinders Ln -Degraves St (North),FLDegN_T,-37.8168479,144.96559789,Outdoor,A,175567,58748,25.07223182468045,False
2026-07-01,69,Matched,189426,264.1924686192469,717,Flinders Ln -Degraves St (Crossing),FLDegC_T,-37.81687226,144.96559144,Outdoor,A,140964,48462,25.583605207310505,False
2026-07-01,70,Matched,118545,165.3347280334728,717,Errol Street (East),Errol20_T,-37.80456984,144.94946228,Outdoor,A,86660,31885,26.89695896073221,False
2026-07-01,71,Matched,19037,26.367036011080334,722,Westwood Place,WestWP_T,-37.81235775,144.97136962,Outdoor,A,16555,2482,13.037768555969953,False
2026-07-01,72,Matched,180204,245.50953678474116,734,Flinders St- ACMI,ACMI_T,-37.81726338,144.96872809,Outdoor,A,129103,51101,28.357306164125102,False
2026-07-01,75,Matched,44707,62.96760563380282,710,Spring St- Flinders st (West),SprFli_T,-37.81515276,144.97467661,Outdoor,A,33915,10792,24.13939651508712,False
2026-07-01,76,Matched,44492,65.91407407407408,675,Macaulay Rd- Bellair St,KenMac_T,-37.79453803,144.93036194,Outdoor,A,34478,10014,22.507417063741798,False
2026-07-01,77,Matched,188432,256.0217391304348,736,Harbour Esplanade (West) - Pedestrian path,HarEsP_T,-37.81441438,144.94433026,Outdoor,A,105658,82774,43.9277829667997,False
2026-07-01,79,Matched,344156,462.5752688172043,744,Flinders St (South),FliSS_T,-37.81794046,144.96616678,Outdoor,A,242560,101596,29.520333802112997,False
2026-07-01,84,Matched,777769,1045.388440860215,744,Elizabeth St - Flinders St (East) - New footpath,ElFi_T,-37.81798049,144.96503383,Outdoor,A,578792,198977,25.583045865803346,False
2026-07-01,85,Matched,70413,103.5485294117647,680,Macaulay Rd (North),488Mac_T,-37.79432415,144.92973378,Outdoor,A,52655,17758,25.219774757502165,False
2026-07-01,86,Matched,40937,61.838368580060425,662,Queensberry St - Errol St (South),574Qub_T,-37.80309992,144.94908064,Outdoor,A,30311,10626,25.956958252925226,False
2026-07-01,87,Matched,79438,110.33055555555555,720,Errol St (West),Errol23_T,-37.80454949,144.94921863,Outdoor,A,59690,19748,24.859638963720133,False
2026-07-01,107,Matched,112052,154.76795580110496,724,Royal Mint 280 William St,280Will_T,-37.81246271,144.95690188,Outdoor,A,88628,23424,20.904580016420947,False
2026-07-01,108,Matched,88578,473.67914438502675,187,William St - Little Lonsdale St (West),261Will_T,-37.81295822,144.95678789,Outdoor,A,79443,9135,10.31294452347084,False
2026-07-01,109,Matched,137719,185.1061827956989,744,La Trobe St- William St (South),LatWill_T,-37.81193681,144.95621105,Outdoor,A,116247,21472,15.591167522273617,False
2026-07-01,117,Matched,146711,199.60680272108843,735,114 Flinders Street Car Park Footpath,Fli114F_T,-37.81629332,144.97090877,Outdoor,A,107000,39711,27.067500051120913,False
2026-07-01,118,Matched,15646,24.914012738853504,628,114 Flinders Street Car Park Crossing,Fli114C_T,-37.81632783,144.97090512,Outdoor,A,10769,4877,31.170906301930206,False
2026-07-01,123,Matched,19173,47.34074074074074,405,Birrarung Marr East - Batman Ave Bridge Entry,BirBridge_T,-37.81753741,144.97329734,Outdoor,A,14056,5117,26.688572471705,False
2026-07-01,124,Matched,486,2.5051546391752577,194,Birrarung Marr East - Batman Ave Bridge Entry,BirBridge_T,-37.81757416,144.97329934,Outdoor,A,317,169,34.77366255144033,False
2026-07-01,130,Matched,39810,68.5197934595525,581,I-Hub 892 Bourke Street,Bou892T,-37.8204637,144.94126826,Outdoor,A,31256,8554,21.487063551871387,False
2026-07-01,131,Matched,110429,148.42607526881721,744,I-Hub Corner of King Street and Flinders Street (2-6 King),King2_T,-37.82009057,144.95758725,Outdoor,A,77672,32757,29.663403634914744,False
2026-07-01,132,Matched,134953,181.38844086021504,744,I-Hub Corner of King Street and Latrobe Street (317-335 King),King335_T,-37.81267639,144.95386444,Outdoor,A,100505,34448,25.525923840151755,False
2026-07-01,133,Matched,460393,618.8077956989247,744,I-Hub Southern Cross Station - Lonsdale Street Entrance - South,Spen229_T,-37.81531435,144.95227769,Outdoor,A,350152,110241,23.94497744318441,False
2026-07-01,134,Matched,335728,451.247311827957,744,I-Hub Southern Cross Station - Bourke Street Entrance - North,Spen201_T,-37.81694221,144.95303935,Outdoor,A,250986,84742,25.241266739741697,False
2026-07-01,135,Matched,315147,423.5846774193548,744,I-Hub Southern Cross Station - Bourke Street Entrance - South,Spen161_T,-37.8172861,144.95319102,Outdoor,A,228809,86338,27.396104040336734,False
2026-07-01,136,Matched,87244,146.62857142857143,595,"COM Pole 1120 - Towards the City, Near Federation Square Bridge",BirFed1120_T,-37.8184141,144.97357915,Outdoor,A,32209,55035,63.08170189353996,False
2026-07-01,137,Matched,70544,110.74411302982732,637,"COM Pole 2353 - Towards the city, NAB Building",BouHbr2353_T,-37.81894815,144.94612292,Outdoor,A,54584,15960,22.62417781809934,False
2026-07-01,138,Matched,4375,12.94378698224852,338,"COM Pole 1671 - Enterprize Park, Queens Bridge",EntPark1671_T,-37.81996544,144.95981454,Outdoor,A,3328,1047,23.93142857142857,False
2026-07-01,139,Matched,53085,75.19121813031161,706,COM Pole 1647 - Sandridge Bridge Signal Box,Signal1647_T,-37.81959923,144.9632832,Outdoor,A,41421,11664,21.972308561740604,False
2026-07-01,140,Matched,48339,139.30547550432277,347,COM Pole 2837 - Boyd Park,Boyd2837_T,-37.82590962,144.96185972,Outdoor,A,34968,13371,27.66089492955998,False
2026-07-01,141,Matched,145627,195.73521505376345,744,Awning of Nationwide Parking 474 Flinders Street,474Fl_T,-37.81997273,144.95834911,Outdoor,A,102041,43586,29.929889374909873,False
2026-07-01,142,Matched,323215,439.7482993197279,735,Hamer Hall Entrance (COM Pole 1584),Hammer1584_T,-37.81970749,144.96795734,Outdoor,A,198688,124527,38.52760546385533,False
2026-07-01,143,Matched,235957,317.14650537634407,744,"Mounted on Toilet - Spencer Street, Batman Park",Spencer_T,-37.821728,144.95557015,Outdoor,A,155652,80305,34.03374343630407,False
2026-07-01,161,Matched,163885,225.4264099037139,727,Birrarung Marr - COM - Pole 1109,BirArt1109_T,-37.81851276,144.97131336,Outdoor,A,87114,76771,46.84443359672941,False
2026-07-01,162,Matched,391746,526.5403225806451,744,iHub 489 Elizabeth Street,Eli489_T,-37.80740397,144.95987909,Outdoor,A,269273,122473,31.26336963236383,False
2026-07-01,164,Matched,94845,128.51626016260164,738,I-Hub 526 La Trobe Street (Footpath),Lat526_T,-37.813005,144.95160411,Outdoor,A,70719,24126,25.43729242448205,False
2026-07-01,165,Matched,25113,36.66131386861314,685,475 Spencer Street,Spen475_T,-37.80953359,144.94939004,Outdoor,A,18730,6383,25.417114641818976,False
2026-07-01,166,Matched,38621,55.015669515669515,702,484 Spencer Street,Spen484_T,-37.80896733,144.94931703,Outdoor,A,28259,10362,26.82996297351182,False
2026-07-01,167,Matched,23869,34.743813682678315,687,I-Hub 526 La Trobe Street (Crossing),Lat526_T,-37.81304149,144.95155955,Outdoor,A,17399,6470,27.10628849134861,False
2026-07-01,179,Matched,52953,72.34016393442623,732,61-67 Power Street Southbank,Pow61_T,-37.82392385,144.96299677,Outdoor,A,38941,14012,26.46120144278889,False
2026-07-01,180,Matched,41511,66.84541062801932,621,"Pumping Station No.2, 330 Macaulay Road",Mac330_T,-37.79497059,144.93530329,Outdoor,A,32269,9242,22.263978222639782,False
2026-07-01,181,Matched,727459,977.7674731182796,744,368 Elizabeth Street,Eli368_T,-37.81009465,144.96143149,Outdoor,A,529994,197465,27.14448511874896,False
2026-07-01,182,Matched,227095,305.23521505376345,744,163 King Street,King163_T,-37.81627451,144.95550503,Outdoor,A,165088,62007,27.304432065875517,False
2026-07-01,184,Matched,642423,863.4717741935484,744,124 Elizabeth Street,Eli124_T,-37.81512416,144.96371988,Outdoor,A,468336,174087,27.098500520684972,False
2026-07-01,185,Matched,557533,752.4062078272605,741,197 Elizabeth Street,Eli197_T,-37.81374643,144.96276183,Outdoor,A,415178,142355,25.533017776526236,False
2026-07-01,187,Matched,187982,258.92837465564736,726,RMIT Building 22 - 330 Swanston Street,Swa330_T,-37.80942561,144.96395473,Outdoor,A,157984,29998,15.95791086380611,False
2026-07-01,188,Matched,78074,144.31423290203327,541,RMIT Building 51 - 80-92 Victoria Street,RMIT51_T,-37.80663222,144.96456557,Outdoor,A,72961,5113,6.548915131798037,False
2026-07-01,209,Matched,440489,592.0551075268817,744,Flinders Underpass - Walkway,FliS_T,-37.81909037,144.96549709,Outdoor,A,319317,121172,27.50851894144916,False
2026-08-01,1,Matched,638583,858.3104838709677,744,Bourke Street Mall (North),Bou292_T,-37.81349441,144.96515323,Outdoor,A,399874,238709,37.381045220433364,False
2026-08-01,2,Matched,458341,616.0497311827957,744,Bourke Street Mall (South),Bou283_T,-37.81380668,144.96516718,Outdoor,A,293433,164908,35.979325436738144,False
2026-08-01,3,Matched,922904,1240.4623655913979,744,Melbourne Central,Swa295_T,-37.81101524,144.96429485,Outdoor,A,579153,343751,37.246669209365216,False
2026-08-01,4,Matched,1099700,1478.0913978494623,744,Town Hall (West),Swa123_T,-37.81487988,144.9660878,Outdoor,A,692690,407010,37.011003000818405,False
2026-08-01,5,Matched,789364,1060.97311827957,744,Princes Bridge,PriNW_T,-37.81874249,144.96787656,Outdoor,A,476512,312852,39.633426404041735,False
2026-08-01,6,Matched,265017,359.1016260162602,738,Flinders Underpass - Myki Barriers,FliS_T,-37.81907439,144.96557866,Outdoor,A,205501,59516,22.457427259383362,False
2026-08-01,8,Matched,139684,247.66666666666666,564,Webb Bridge,WebBN_T,-37.82293543,144.9471751,Outdoor,A,92920,46764,33.4784227255806,False
2026-08-01,9,Matched,379078,510.19919246298787,743,Southern Cross Station,Col700_T,-37.81982992,144.95102555,Outdoor,A,353427,25651,6.766681263486671,False
2026-08-01,10,Matched,61219,85.02638888888889,720,Victoria Point,BouHbr_T,-37.81876474,144.94710545,Outdoor,A,45682,15537,25.379375684019667,False
2026-08-01,11,Matched,81530,113.39360222531293,719,Docklands Waterfront City Building Side,WatCit_T,-37.81566651,144.93974366,Outdoor,A,44818,36712,45.02882374586042,False
2026-08-01,12,Matched,111234,167.7737556561086,663,New Quay,NewQ_T,-37.81457988,144.94292398,Outdoor,A,60374,50860,45.72342988654548,False
2026-08-01,14,Matched,158951,254.3216,625,Sandridge Bridge,SanBri_T,-37.82011242,144.96291897,Outdoor,A,110479,48472,30.49493240055111,False
2026-08-01,17,Matched,301666,406.0107671601615,743,Collins Place (South),Col15_T,-37.81362543,144.97323591,Outdoor,A,253195,48471,16.067770315514508,False
2026-08-01,18,Matched,140116,213.9175572519084,655,Collins Place (North),Col12_T,-37.81344862,144.97305353,Outdoor,A,124872,15244,10.879556938536641,False
2026-08-01,19,Matched,376090,510.2985074626866,737,Chinatown-Swanston St (North),LtB210_T,-37.81237202,144.96550671,Outdoor,A,225039,151051,40.16352468823952,False
2026-08-01,20,Matched,265795,361.1345108695652,736,Chinatown-Lt Bourke St (South),LtB170_T,-37.81172914,144.9682466,Outdoor,A,146151,119644,45.013638330292146,False
2026-08-01,21,Matched,311366,418.502688172043,744,155-161 Russell Street,Bourke155_T,-37.81267313,144.96788288,Outdoor,A,193116,118250,37.97781389104784,False
2026-08-01,23,Matched,251471,338.4535666218035,743,Spencer St-Collins St (South),Col623_T,-37.81909256,144.95452748,Outdoor,A,199599,51872,20.62742821239825,False
2026-08-01,24,Matched,706368,949.4193548387096,744,Spencer St-Collins St (North),Col620_T,-37.81887963,144.95449198,Outdoor,A,541439,164929,23.348877638851135,False
2026-08-01,25,Matched,457909,617.9608636977058,741,Melbourne Convention Exhibition Centre,MCEC_T,-37.82401776,144.95604426,Outdoor,A,250245,207664,45.35049540410868,False
2026-08-01,27,Matched,114429,154.00942126514133,743,QV Market-Peel St,Vic_T,-37.80606888,144.95644692,Outdoor,A,63356,51073,44.632916480961995,False
2026-08-01,29,Matched,179102,240.7284946236559,744,St Kilda Rd-Alexandra Gardens,AG_T,-37.8199817,144.96872865,Outdoor,A,96491,82611,46.12511306406405,False
2026-08-01,30,Matched,311681,418.9260752688172,744,Lonsdale St (South),Lon189_T,-37.8112185,144.96656806,Outdoor,A,185231,126450,40.57032671224746,False
2026-08-01,31,Matched,153801,207.2789757412399,742,Lygon St (West),Lyg161_T,-37.80169681,144.96658911,Outdoor,A,86155,67646,43.98280895442813,False
2026-08-01,35,Matched,745300,1003.0955585464334,743,Southbank Promenade,SouthB_T,-37.82018685,144.96508508,Outdoor,A,475296,270004,36.22755937206494,False
2026-08-01,36,Matched,166862,227.64256480218282,733,Queen St (West),Que85_T,-37.81652527,144.96121062,Outdoor,A,120854,46008,27.572485047524303,False
2026-08-01,37,Matched,60364,100.94314381270902,598,Lygon St (East),Lyg260_T,-37.80107122,144.96704554,Outdoor,A,42708,17656,29.249221390232588,False
2026-08-01,39,Matched,61243,93.35823170731707,656,Alfred Place,AlfPl_T,-37.81379749,144.96995745,Outdoor,A,50496,10747,17.548127949316655,False
2026-08-01,40,Matched,156662,222.84779516358464,703,Lonsdale St-Spring St (West),Spr201_T,-37.80999341,144.97227587,Outdoor,A,120852,35810,22.85812768890988,False
2026-08-01,41,Matched,1029863,1386.0874831763122,743,Flinders La-Swanston St (West),Swa31,-37.81668634,144.96689733,Outdoor,A,675223,354640,34.43564823670721,False
2026-08-01,42,Matched,172642,234.5679347826087,736,Grattan St-Swanston St (West),UM1_T,-37.80008566,144.96386412,Outdoor,A,144032,28610,16.571865478852192,False
2026-08-01,43,Matched,166666,230.52005532503458,723,Monash Rd-Swanston St (West),UM2_T,-37.79844526,144.96411782,Outdoor,A,137626,29040,17.424069696278785,False
2026-08-01,44,Matched,79157,111.6459802538787,709,Tin Alley-Swanston St (West),UM3_T,-37.79698741,144.96441306,Outdoor,A,61125,18032,22.780044721250174,False
2026-08-01,45,Matched,643499,864.9180107526881,744,Little Collins St-Swanston St (East),Swa148_T,-37.81414075,144.96609379,Outdoor,A,406030,237469,36.902776849692074,False
2026-08-01,46,Matched,72271,111.35747303543914,649,Pelham St (South),Pel147_T,-37.80240719,144.9615673,Outdoor,A,58705,13566,18.77101465318039,False
2026-08-01,47,Matched,632777,850.5067204301075,744,Melbourne Central-Elizabeth St (East),Eli250_T,-37.81258467,144.9625775,Outdoor,A,398207,234570,37.06993142923968,False
2026-08-01,48,Matched,199548,269.2955465587045,741,QVM-Queen St (East),QVMQ_T,-37.80631581,144.95866697,Outdoor,A,113222,86326,43.26076933870547,False
2026-08-01,49,Matched,313153,420.9045698924731,744,QVM-Therry St (South),Eli501_T,-37.80730068,144.95956055,Outdoor,A,190011,123142,39.323270094809885,False
2026-08-01,50,Matched,180880,258.4,700,Faraday St-Lygon St (West),Lyg309_T,-37.79808192,144.96721013,Outdoor,A,107805,73075,40.39971251658558,False
2026-08-01,51,Matched,61168,82.4366576819407,742,QVM-Franklin St (North),Fra118_T,-37.80841815,144.95906316,Outdoor,A,36905,24263,39.66616531519749,False
2026-08-01,52,Matched,285510,387.92119565217394,736,Elizabeth St-Lonsdale St (South),Eli263_T,-37.81252157,144.9619401,Outdoor,A,183349,102161,35.78193408286925,False
2026-08-01,53,Matched,457819,616.1763122476447,743,Collins Street (North),Col254_T,-37.81564191,144.965499,Outdoor,A,318065,139754,30.52603758253808,False
2026-08-01,54,Matched,142437,192.22267206477733,741,Lincoln-Swanston (West),Swa607_T,-37.804024,144.96308399,Outdoor,A,107934,34503,24.2233408454264,False
2026-08-01,56,Matched,348090,470.3918918918919,740,Lonsdale St - Elizabeth St (North),Lon364_T,-37.81234775,144.96153311,Outdoor,A,220401,127689,36.68275446005344,False
2026-08-01,58,Matched,486116,657.8024357239512,739,Bourke St - Spencer St (North),Bou688_T,-37.81686075,144.95358075,Outdoor,A,335388,150728,31.00659101942746,False
2026-08-01,59,Matched,836761,1124.6787634408602,744,Building 80 RMIT,RMIT_T,-37.80825648,144.96304859,Outdoor,A,662905,173856,20.777258978370167,False
2026-08-01,61,Matched,441838,593.8682795698925,744,RMIT Building 14,RMIT14_T,-37.80767455,144.96309114,Outdoor,A,333825,108013,24.44629026928422,False
2026-08-01,62,Matched,227415,305.6653225806452,744,La Trobe St (North),Lat224_T,-37.80996494,144.96216521,Outdoor,A,148900,78515,34.52498735791394,False
2026-08-01,63,Matched,351623,473.24764468371467,743,231 Bourke St,Bou231_T,-37.81333081,144.96675571,Outdoor,A,223122,128501,36.54510654877525,False
2026-08-01,66,Matched,1009191,1356.4395161290322,744,"QV2 Apartments, 300 Swanston Street",QVN_T,-37.81057846,144.96444294,Outdoor,A,660853,348338,34.516558312549364,False
2026-08-01,67,Matched,376501,514.3456284153006,732,Flinders Ln -Degraves St (South),FLDegS_T,-37.81688755,144.96562569,Outdoor,A,263725,112776,29.953705302243556,False
2026-08-01,68,Matched,230230,319.3203883495146,721,Flinders Ln -Degraves St (North),FLDegN_T,-37.8168479,144.96559789,Outdoor,A,156701,73529,31.937193241541067,False
2026-08-01,69,Matched,181489,253.47625698324023,716,Flinders Ln -Degraves St (Crossing),FLDegC_T,-37.81687226,144.96559144,Outdoor,A,121901,59588,32.832843863815434,False
2026-08-01,70,Matched,118716,165.11265646731573,719,Errol Street (East),Errol20_T,-37.80456984,144.94946228,Outdoor,A,78340,40376,34.010579871289465,False
2026-08-01,71,Matched,18458,25.88779803646564,713,Westwood Place,WestWP_T,-37.81235775,144.97136962,Outdoor,A,15747,2711,14.687398418030122,False
2026-08-01,72,Matched,165338,227.7382920110193,726,Flinders St- ACMI,ACMI_T,-37.81726338,144.96872809,Outdoor,A,110070,55268,33.427282294451366,False
2026-08-01,75,Matched,42825,60.57284299858557,707,Spring St- Flinders st (West),SprFli_T,-37.81515276,144.97467661,Outdoor,A,30265,12560,29.328663164039696,False
2026-08-01,76,Matched,45021,66.20735294117647,680,Macaulay Rd- Bellair St,KenMac_T,-37.79453803,144.93036194,Outdoor,A,31117,13904,30.88336554052553,False
2026-08-01,77,Matched,146071,199.8235294117647,731,Harbour Esplanade (West) - Pedestrian path,HarEsP_T,-37.81441438,144.94433026,Outdoor,A,81994,64077,43.8670235707293,False
2026-08-01,79,Matched,331679,445.8051075268817,744,Flinders St (South),FliSS_T,-37.81794046,144.96616678,Outdoor,A,210132,121547,36.64597396880719,False
2026-08-01,84,Matched,750458,1008.6801075268817,744,Elizabeth St - Flinders St (East) - New footpath,ElFi_T,-37.81798049,144.96503383,Outdoor,A,510110,240348,32.02684227498408,False
2026-08-01,85,Matched,71472,105.88444444444444,675,Macaulay Rd (North),488Mac_T,-37.79432415,144.92973378,Outdoor,A,48121,23351,32.67153570629058,False
2026-08-01,86,Matched,40897,62.059180576631256,659,Queensberry St - Errol St (South),574Qub_T,-37.80309992,144.94908064,Outdoor,A,26735,14162,34.62845685502604,False
2026-08-01,87,Matched,80247,112.54838709677419,713,Errol St (West),Errol23_T,-37.80454949,144.94921863,Outdoor,A,53847,26400,32.898426109387266,False
2026-08-01,107,Matched,111666,151.3089430894309,738,Royal Mint 280 William St,280Will_T,-37.81246271,144.95690188,Outdoor,A,81409,30257,27.09598266258306,False
2026-08-01,109,Matched,139802,188.66666666666666,741,La Trobe St- William St (South),LatWill_T,-37.81193681,144.95621105,Outdoor,A,111886,27916,19.968240797699604,False
2026-08-01,117,Matched,140558,192.0191256830601,732,114 Flinders Street Car Park Footpath,Fli114F_T,-37.81629332,144.97090877,Outdoor,A,97556,43002,30.59377623472161,False
2026-08-01,118,Matched,14770,23.22327044025157,636,114 Flinders Street Car Park Crossing,Fli114C_T,-37.81632783,144.97090512,Outdoor,A,9700,5070,34.326337169939066,False
2026-08-01,123,Matched,19647,45.479166666666664,432,Birrarung Marr East - Batman Ave Bridge Entry,BirBridge_T,-37.81753741,144.97329734,Outdoor,A,12940,6707,34.13752735786634,False
2026-08-01,124,Matched,598,2.9458128078817736,203,Birrarung Marr East - Batman Ave Bridge Entry,BirBridge_T,-37.81757416,144.97329934,Outdoor,A,353,245,40.96989966555184,False
2026-08-01,130,Matched,41453,70.2593220338983,590,I-Hub 892 Bourke Street,Bou892T,-37.8204637,144.94126826,Outdoor,A,29055,12398,29.908571152871925,False
2026-08-01,131,Matched,106567,143.23521505376345,744,I-Hub Corner of King Street and Flinders Street (2-6 King),King2_T,-37.82009057,144.95758725,Outdoor,A,66955,39612,37.17098163596611,False
2026-08-01,132,Matched,140669,189.07123655913978,744,I-Hub Corner of King Street and Latrobe Street (317-335 King),King335_T,-37.81267639,144.95386444,Outdoor,A,94418,46251,32.879312428466825,False
2026-08-01,133,Matched,456014,612.9220430107526,744,I-Hub Southern Cross Station - Lonsdale Street Entrance - South,Spen229_T,-37.81531435,144.95227769,Outdoor,A,317965,138049,30.272974075357332,False
2026-08-01,134,Matched,324954,436.76612903225805,744,I-Hub Southern Cross Station - Bourke Street Entrance - North,Spen201_T,-37.81694221,144.95303935,Outdoor,A,217532,107422,33.057601999052174,False
2026-08-01,135,Matched,318693,428.3508064516129,744,I-Hub Southern Cross Station - Bourke Street Entrance - South,Spen161_T,-37.8172861,144.95319102,Outdoor,A,204444,114249,35.84923421600098,False
2026-08-01,136,Matched,82216,136.11920529801324,604,"COM Pole 1120 - Towards the City, Near Federation Square Bridge",BirFed1120_T,-37.8184141,144.97357915,Outdoor,A,33481,48735,59.276783107910866,False
2026-08-01,137,Matched,51885,80.94383775351014,641,"COM Pole 2353 - Towards the city, NAB Building",BouHbr2353_T,-37.81894815,144.94612292,Outdoor,A,43983,7902,15.22983521248916,False
2026-08-01,138,Matched,4348,12.422857142857143,350,"COM Pole 1671 - Enterprize Park, Queens Bridge",EntPark1671_T,-37.81996544,144.95981454,Outdoor,A,2837,1511,34.75160993560257,False
2026-08-01,139,Matched,53504,74.62203626220362,717,COM Pole 1647 - Sandridge Bridge Signal Box,Signal1647_T,-37.81959923,144.9632832,Outdoor,A,40049,13455,25.14765251196172,False
2026-08-01,140,Matched,54049,139.66149870801033,387,COM Pole 2837 - Boyd Park,Boyd2837_T,-37.82590962,144.96185972,Outdoor,A,35046,19003,35.15883735129234,False
2026-08-01,141,Matched,139615,187.65456989247312,744,Awning of Nationwide Parking 474 Flinders Street,474Fl_T,-37.81997273,144.95834911,Outdoor,A,86691,52924,37.9071016724564,False
2026-08-01,142,Matched,325415,443.34468664850135,734,Hamer Hall Entrance (COM Pole 1584),Hammer1584_T,-37.81970749,144.96795734,Outdoor,A,178881,146534,45.029884916183946,False
2026-08-01,143,Matched,227928,306.35483870967744,744,"Mounted on Toilet - Spencer Street, Batman Park",Spencer_T,-37.821728,144.95557015,Outdoor,A,129260,98668,43.289108841388504,False
2026-08-01,161,Matched,157131,217.63296398891967,722,Birrarung Marr - COM - Pole 1109,BirArt1109_T,-37.81851276,144.97131336,Outdoor,A,77477,79654,50.692734088117554,False
2026-08-01,162,Matched,417526,561.1908602150538,744,iHub 489 Elizabeth Street,Eli489_T,-37.80740397,144.95987909,Outdoor,A,251061,166465,39.86937340429099,False
2026-08-01,164,Matched,97869,132.9741847826087,736,I-Hub 526 La Trobe Street (Footpath),Lat526_T,-37.813005,144.95160411,Outdoor,A,66533,31336,32.01831019015214,False
2026-08-01,165,Matched,25941,37.325179856115106,695,475 Spencer Street,Spen475_T,-37.80953359,144.94939004,Outdoor,A,17293,8648,33.337188234840596,False
2026-08-01,166,Matched,38621,55.015669515669515,702,484 Spencer Street,Spen484_T,-37.80896733,144.94931703,Outdoor,A,25313,13308,34.45793739157453,False
2026-08-01,167,Matched,32186,44.88981868898187,717,I-Hub 526 La Trobe Street (Crossing),Lat526_T,-37.81304149,144.95155955,Outdoor,A,21624,10562,32.81550984900267,False
2026-08-01,179,Matched,53542,73.04502046384721,733,61-67 Power Street Southbank,Pow61_T,-37.82392385,144.96299677,Outdoor,A,35663,17879,33.39247693399574,False
2026-08-01,180,Matched,46816,74.66666666666667,627,"Pumping Station No.2, 330 Macaulay Road",Mac330_T,-37.79497059,144.93530329,Outdoor,A,31849,14967,31.96983937115516,False
2026-08-01,181,Matched,782069,1051.1680107526881,744,368 Elizabeth Street,Eli368_T,-37.81009465,144.96143149,Outdoor,A,506751,275318,35.20379915327164,False
2026-08-01,182,Matched,220470,296.3306451612903,744,163 King Street,King163_T,-37.81627451,144.95550503,Outdoor,A,143266,77204,35.01791626978728,False
2026-08-01,184,Matched,614095,825.3965053763441,744,124 Elizabeth Street,Eli124_T,-37.81512416,144.96371988,Outdoor,A,398903,215192,35.042135174525114,False
2026-08-01,185,Matched,550936,740.505376344086,744,197 Elizabeth Street,Eli197_T,-37.81374643,144.96276183,Outdoor,A,366451,184485,33.48574063049065,False
2026-08-01,187,Matched,221389,299.57916102841676,739,RMIT Building 22 - 330 Swanston Street,Swa330_T,-37.80942561,144.96395473,Outdoor,A,167380,54009,24.395521006012043,False
2026-08-01,188,Matched,96153,184.9096153846154,520,RMIT Building 51 - 80-92 Victoria Street,RMIT51_T,-37.80663222,144.96456557,Outdoor,A,85309,10844,11.277859245161357,False
2026-08-01,209,Matched,431298,579.7016129032259,744,Flinders Underpass - Walkway,FliS_T,-37.81909037,144.96549709,Outdoor,A,280836,150462,34.885856182963984,False
2026-09-01,1,Matched,428440,885.2066115702479,484,Bourke Street Mall (North),Bou292_T,-37.81349441,144.96515323,Outdoor,A,280374,148066,34.559331528335356,True
2026-09-01,2,Matched,296832,613.2892561983471,484,Bourke Street Mall (South),Bou283_T,-37.81380668,144.96516718,Outdoor,A,198062,98770,33.27471431651574,True
2026-09-01,3,Matched,567539,1172.6012396694214,484,Melbourne Central,Swa295_T,-37.81101524,144.96429485,Outdoor,A,374894,192645,33.94392279649504,True
2026-09-01,4,Matched,695252,1436.4710743801652,484,Town Hall (West),Swa123_T,-37.81487988,144.9660878,Outdoor,A,461337,233915,33.64463532647155,True
2026-09-01,5,Matched,528800,1092.5619834710744,484,Princes Bridge,PriNW_T,-37.81874249,144.96787656,Outdoor,A,339609,189191,35.777420574886534,True
2026-09-01,6,Matched,186135,390.2201257861635,477,Flinders Underpass - Myki Barriers,FliS_T,-37.81907439,144.96557866,Outdoor,A,149086,37049,19.904370483788647,True
2026-09-01,8,Matched,101590,228.2921348314607,445,Webb Bridge,WebBN_T,-37.82293543,144.9471751,Outdoor,A,72107,29483,29.021557239885816,True
2026-09-01,9,Matched,261106,540.592132505176,483,Southern Cross Station,Col700_T,-37.81982992,144.95102555,Outdoor,A,248053,13053,4.999119131693642,True
2026-09-01,10,Matched,39165,84.2258064516129,465,Victoria Point,BouHbr_T,-37.81876474,144.94710545,Outdoor,A,31612,7553,19.285075960679176,True
2026-09-01,11,Matched,57956,124.63655913978495,465,Docklands Waterfront City Building Side,WatCit_T,-37.81566651,144.93974366,Outdoor,A,33593,24363,42.0370625992132,True
2026-09-01,12,Matched,76151,175.05977011494252,435,New Quay,NewQ_T,-37.81457988,144.94292398,Outdoor,A,44674,31477,41.33497918609079,True
2026-09-01,14,Matched,166771,348.89330543933056,478,Sandridge Bridge,SanBri_T,-37.82011242,144.96291897,Outdoor,A,120729,46042,27.607917443680257,True
2026-09-01,17,Matched,203205,419.84504132231405,484,Collins Place (South),Col15_T,-37.81362543,144.97323591,Outdoor,A,176652,26553,13.0670997268768,True
2026-09-01,18,Matched,105856,229.12554112554113,462,Collins Place (North),Col12_T,-37.81344862,144.97305353,Outdoor,A,94364,11492,10.856257557436518,True
2026-09-01,19,Matched,218287,459.5515789473684,475,Chinatown-Swanston St (North),LtB210_T,-37.81237202,144.96550671,Outdoor,A,139751,78536,35.978322117212656,True
2026-09-01,20,Matched,169600,357.05263157894734,475,Chinatown-Lt Bourke St (South),LtB170_T,-37.81172914,144.9682466,Outdoor,A,99624,69976,41.259433962264154,True
2026-09-01,21,Matched,207066,427.8223140495868,484,155-161 Russell Street,Bourke155_T,-37.81267313,144.96788288,Outdoor,A,135025,72041,34.791322573478986,True
2026-09-01,23,Matched,165398,341.7314049586777,484,Spencer St-Collins St (South),Col623_T,-37.81909256,144.95452748,Outdoor,A,138448,26950,16.29403015755934,True
2026-09-01,24,Matched,506729,1046.9607438016528,484,Spencer St-Collins St (North),Col620_T,-37.81887963,144.95449198,Outdoor,A,406730,99999,19.73421690884082,True
2026-09-01,25,Matched,302342,625.9668737060041,483,Melbourne Convention Exhibition Centre,MCEC_T,-37.82401776,144.95604426,Outdoor,A,186710,115632,38.24543067122663,True
2026-09-01,27,Matched,64092,150.0983606557377,427,QV Market-Peel St,Vic_T,-37.80606888,144.95644692,Outdoor,A,38450,25642,40.00811333707795,True
2026-09-01,29,Matched,129843,268.2706611570248,484,St Kilda Rd-Alexandra Gardens,AG_T,-37.8199817,144.96872865,Outdoor,A,77508,52335,40.30637000069314,True
2026-09-01,30,Matched,168668,423.7889447236181,398,Lonsdale St (South),Lon189_T,-37.8112185,144.96656806,Outdoor,A,87846,80822,47.91780302131999,True
2026-09-01,31,Matched,103090,215.21920668058456,479,Lygon St (West),Lyg161_T,-37.80169681,144.96658911,Outdoor,A,56517,46573,45.17702977980406,True
2026-09-01,35,Matched,577062,1192.2768595041323,484,Southbank Promenade,SouthB_T,-37.82018685,144.96508508,Outdoor,A,387413,189649,32.86457954257948,True
2026-09-01,36,Matched,110833,230.90208333333334,480,Queen St (West),Que85_T,-37.81652527,144.96121062,Outdoor,A,84733,26100,23.54894300433986,True
2026-09-01,37,Matched,34758,90.515625,384,Lygon St (East),Lyg260_T,-37.80107122,144.96704554,Outdoor,A,24325,10433,30.016111398814658,True
2026-09-01,39,Matched,57333,123.29677419354839,465,Alfred Place,AlfPl_T,-37.81379749,144.96995745,Outdoor,A,47861,9472,16.52102628503654,True
2026-09-01,40,Matched,103760,233.6936936936937,444,Lonsdale St-Spring St (West),Spr201_T,-37.80999341,144.97227587,Outdoor,A,82566,21194,20.425983037779492,True
2026-09-01,41,Matched,620001,1280.9938016528927,484,Flinders La-Swanston St (West),Swa31,-37.81668634,144.96689733,Outdoor,A,419446,200555,32.34752847172827,True
2026-09-01,42,Matched,100529,209.43541666666667,480,Grattan St-Swanston St (West),UM1_T,-37.80008566,144.96386412,Outdoor,A,88878,11651,11.589690537058958,True
2026-09-01,43,Matched,101013,212.21218487394958,476,Monash Rd-Swanston St (West),UM2_T,-37.79844526,144.96411782,Outdoor,A,88124,12889,12.759743795353074,True
2026-09-01,44,Matched,48025,100.47071129707113,478,Tin Alley-Swanston St (West),UM3_T,-37.79698741,144.96441306,Outdoor,A,39390,8635,17.980218636127017,True
2026-09-01,45,Matched,398291,822.9152892561983,484,Little Collins St-Swanston St (East),Swa148_T,-37.81414075,144.96609379,Outdoor,A,263153,135138,33.929463633373594,True
2026-09-01,46,Matched,50892,119.18501170960188,427,Pelham St (South),Pel147_T,-37.80240719,144.9615673,Outdoor,A,43731,7161,14.07097382692761,True
2026-09-01,47,Matched,413165,853.646694214876,484,Melbourne Central-Elizabeth St (East),Eli250_T,-37.81258467,144.9625775,Outdoor,A,273812,139353,33.72817155373761,True
2026-09-01,48,Matched,124332,257.41614906832297,483,QVM-Queen St (East),QVMQ_T,-37.80631581,144.95866697,Outdoor,A,74964,49368,39.706592027796546,True
2026-09-01,49,Matched,198478,410.07851239669424,484,QVM-Therry St (South),Eli501_T,-37.80730068,144.95956055,Outdoor,A,127045,71433,35.99038684388194,True
2026-09-01,50,Matched,116022,254.9934065934066,455,Faraday St-Lygon St (West),Lyg309_T,-37.79808192,144.96721013,Outdoor,A,70240,45782,39.45975763217321,True
2026-09-01,51,Matched,40200,83.05785123966942,484,QVM-Franklin St (North),Fra118_T,-37.80841815,144.95906316,Outdoor,A,23561,16639,41.39054726368159,True
2026-09-01,52,Matched,174509,363.56041666666664,480,Elizabeth St-Lonsdale St (South),Eli263_T,-37.81252157,144.9619401,Outdoor,A,118440,56069,32.129574978940916,True
2026-09-01,53,Matched,293087,606.8053830227743,483,Collins Street (North),Col254_T,-37.81564191,144.965499,Outdoor,A,211736,81351,27.756604694169308,True
2026-09-01,54,Matched,89991,185.9318181818182,484,Lincoln-Swanston (West),Swa607_T,-37.804024,144.96308399,Outdoor,A,70483,19508,21.677723327888344,True
2026-09-01,56,Matched,221914,459.4492753623188,483,Lonsdale St - Elizabeth St (North),Lon364_T,-37.81234775,144.96153311,Outdoor,A,147548,74366,33.51118000666925,True
2026-09-01,58,Matched,305276,630.7355371900826,484,Bourke St - Spencer St (North),Bou688_T,-37.81686075,144.95358075,Outdoor,A,231278,73998,24.23970439864254,True
2026-09-01,59,Matched,468255,967.4690082644628,484,Building 80 RMIT,RMIT_T,-37.80825648,144.96304859,Outdoor,A,381837,86418,18.45532882724157,True
2026-09-01,61,Matched,255076,527.0165289256198,484,RMIT Building 14,RMIT14_T,-37.80767455,144.96309114,Outdoor,A,199402,55674,21.826436042591226,True
2026-09-01,62,Matched,138486,286.1280991735537,484,La Trobe St (North),Lat224_T,-37.80996494,144.96216521,Outdoor,A,92781,45705,33.003336077293014,True
2026-09-01,63,Matched,233146,481.70661157024796,484,231 Bourke St,Bou231_T,-37.81333081,144.96675571,Outdoor,A,157642,75504,32.38485755706725,True
2026-09-01,66,Matched,611431,1263.2871900826447,484,"QV2 Apartments, 300 Swanston Street",QVN_T,-37.81057846,144.96444294,Outdoor,A,414497,196934,32.20870384393333,True
2026-09-01,67,Matched,254206,525.2190082644628,484,Flinders Ln -Degraves St (South),FLDegS_T,-37.81688755,144.96562569,Outdoor,A,185592,68614,26.991495086662,True
2026-09-01,68,Matched,156771,335.6980728051392,467,Flinders Ln -Degraves St (North),FLDegN_T,-37.8168479,144.96559789,Outdoor,A,111516,45255,28.86694605507396,True
2026-09-01,69,Matched,122462,257.2731092436975,476,Flinders Ln -Degraves St (Crossing),FLDegC_T,-37.81687226,144.96559144,Outdoor,A,87045,35417,28.92080808740671,True
2026-09-01,70,Matched,80617,170.07805907172997,474,Errol Street (East),Errol20_T,-37.80456984,144.94946228,Outdoor,A,54848,25769,31.96472208095067,True
2026-09-01,71,Matched,11841,24.928421052631577,475,Westwood Place,WestWP_T,-37.81235775,144.97136962,Outdoor,A,10389,1452,12.26247783126425,True
2026-09-01,72,Matched,115852,242.36820083682008,478,Flinders St- ACMI,ACMI_T,-37.81726338,144.96872809,Outdoor,A,79438,36414,31.43148154542002,True
2026-09-01,75,Matched,32395,69.51716738197425,466,Spring St- Flinders st (West),SprFli_T,-37.81515276,144.97467661,Outdoor,A,24813,7582,23.404846426917732,True
2026-09-01,76,Matched,30084,68.52847380410023,439,Macaulay Rd- Bellair St,KenMac_T,-37.79453803,144.93036194,Outdoor,A,21852,8232,27.36338252891903,True
2026-09-01,77,Matched,95880,198.50931677018633,483,Harbour Esplanade (West) - Pedestrian path,HarEsP_T,-37.81441438,144.94433026,Outdoor,A,61262,34618,36.10554860241969,True
2026-09-01,79,Matched,217983,450.3780991735537,484,Flinders St (South),FliSS_T,-37.81794046,144.96616678,Outdoor,A,145507,72476,33.24846432978718,True
2026-09-01,84,Matched,495757,1024.2913223140497,484,Elizabeth St - Flinders St (East) - New footpath,ElFi_T,-37.81798049,144.96503383,Outdoor,A,348742,147015,29.65464935442162,True
2026-09-01,85,Matched,46650,105.78231292517007,441,Macaulay Rd (North),488Mac_T,-37.79432415,144.92973378,Outdoor,A,32532,14118,30.263665594855304,True
2026-09-01,86,Matched,28282,65.31639722863741,433,Queensberry St - Errol St (South),574Qub_T,-37.80309992,144.94908064,Outdoor,A,20135,8147,28.806307899017042,True
2026-09-01,87,Matched,56872,122.04291845493562,466,Errol St (West),Errol23_T,-37.80454949,144.94921863,Outdoor,A,40023,16849,29.62617808411872,True
2026-09-01,107,Matched,76635,158.33677685950414,484,Royal Mint 280 William St,280Will_T,-37.81246271,144.95690188,Outdoor,A,58321,18314,23.89769687479611,True
2026-09-01,109,Matched,91376,188.79338842975207,484,La Trobe St- William St (South),LatWill_T,-37.81193681,144.95621105,Outdoor,A,75996,15380,16.831553143057256,True
2026-09-01,117,Matched,103353,213.98136645962734,483,114 Flinders Street Car Park Footpath,Fli114F_T,-37.81629332,144.97090877,Outdoor,A,76240,27113,26.23339428947394,True
2026-09-01,118,Matched,10006,24.464547677261614,409,114 Flinders Street Car Park Crossing,Fli114C_T,-37.81632783,144.97090512,Outdoor,A,6981,3025,30.23186088346992,True
2026-09-01,123,Matched,19435,56.17052023121387,346,Birrarung Marr East - Batman Ave Bridge Entry,BirBridge_T,-37.81753741,144.97329734,Outdoor,A,14426,5009,25.77308978646771,True
2026-09-01,124,Matched,1713,7.613333333333333,225,Birrarung Marr East - Batman Ave Bridge Entry,BirBridge_T,-37.81757416,144.97329934,Outdoor,A,1211,502,29.305312317571513,True
2026-09-01,130,Matched,31180,77.56218905472637,402,I-Hub 892 Bourke Street,Bou892T,-37.8204637,144.94126826,Outdoor,A,23060,8120,26.042334830019243,True
2026-09-01,131,Matched,73242,151.32644628099175,484,I-Hub Corner of King Street and Flinders Street (2-6 King),King2_T,-37.82009057,144.95758725,Outdoor,A,48858,24384,33.29237322847546,True
2026-09-01,132,Matched,90659,187.31198347107437,484,I-Hub Corner of King Street and Latrobe Street (317-335 King),King335_T,-37.81267639,144.95386444,Outdoor,A,63983,26676,29.42454692860058,True
2026-09-01,133,Matched,290001,599.1756198347107,484,I-Hub Southern Cross Station - Lonsdale Street Entrance - South,Spen229_T,-37.81531435,144.95227769,Outdoor,A,211452,78549,27.085768669763205,True
2026-09-01,134,Matched,210446,434.8057851239669,484,I-Hub Southern Cross Station - Bourke Street Entrance - North,Spen201_T,-37.81694221,144.95303935,Outdoor,A,150195,60251,28.630147401233568,True
2026-09-01,135,Matched,205043,423.64256198347107,484,I-Hub Southern Cross Station - Bourke Street Entrance - South,Spen161_T,-37.8172861,144.95319102,Outdoor,A,145378,59665,29.09877440341782,True
2026-09-01,136,Matched,80028,256.5,312,"COM Pole 1120 - Towards the City, Near Federation Square Bridge",BirFed1120_T,-37.8184141,144.97357915,Outdoor,A,61325,18703,23.37057030039486,True
2026-09-01,137,Matched,34882,84.46004842615012,413,"COM Pole 2353 - Towards the city, NAB Building",BouHbr2353_T,-37.81894815,144.94612292,Outdoor,A,30977,3905,11.194885614356975,True
2026-09-01,138,Matched,3279,13.063745019920319,251,"COM Pole 1671 - Enterprize Park, Queens Bridge",EntPark1671_T,-37.81996544,144.95981454,Outdoor,A,2513,766,23.360780725831045,True
2026-09-01,139,Matched,40334,85.81702127659574,470,COM Pole 1647 - Sandridge Bridge Signal Box,Signal1647_T,-37.81959923,144.9632832,Outdoor,A,30713,9621,23.853324738434075,True
2026-09-01,140,Matched,44997,137.1859756097561,328,COM Pole 2837 - Boyd Park,Boyd2837_T,-37.82590962,144.96185972,Outdoor,A,30939,14058,31.242082805520365,True
2026-09-01,141,Matched,95325,196.95247933884298,484,Awning of Nationwide Parking 474 Flinders Street,474Fl_T,-37.81997273,144.95834911,Outdoor,A,63733,31592,33.1413585103593,True
2026-09-01,142,Matched,242848,508.0502092050209,478,Hamer Hall Entrance (COM Pole 1584),Hammer1584_T,-37.81970749,144.96795734,Outdoor,A,145176,97672,40.21939649492687,True
2026-09-01,143,Matched,144329,298.2004132231405,484,"Mounted on Toilet - Spencer Street, Batman Park",Spencer_T,-37.821728,144.95557015,Outdoor,A,95513,48816,33.82272446978777,True
2026-09-01,161,Matched,129599,271.1276150627615,478,Birrarung Marr - COM - Pole 1109,BirArt1109_T,-37.81851276,144.97131336,Outdoor,A,91099,38500,29.70701934428506,True
2026-09-01,162,Matched,266791,551.2210743801653,484,iHub 489 Elizabeth Street,Eli489_T,-37.80740397,144.95987909,Outdoor,A,169532,97259,36.455127796664804,True
2026-09-01,164,Matched,62493,131.28781512605042,476,I-Hub 526 La Trobe Street (Footpath),Lat526_T,-37.813005,144.95160411,Outdoor,A,44765,17728,28.367977213447904,True
2026-09-01,165,Matched,18352,40.42290748898679,454,475 Spencer Street,Spen475_T,-37.80953359,144.94939004,Outdoor,A,12982,5370,29.26111595466434,True
2026-09-01,166,Matched,25534,57.509009009009006,444,484 Spencer Street,Spen484_T,-37.80896733,144.94931703,Outdoor,A,17747,7787,30.496592778256442,True
2026-09-01,167,Matched,28973,60.86764705882353,476,I-Hub 526 La Trobe Street (Crossing),Lat526_T,-37.81304149,144.95155955,Outdoor,A,20180,8793,30.34894557001346,True
2026-09-01,179,Matched,35302,74.16386554621849,476,61-67 Power Street Southbank,Pow61_T,-37.82392385,144.96299677,Outdoor,A,24025,11277,31.944365758313975,True
2026-09-01,180,Matched,31510,75.20286396181385,419,"Pumping Station No.2, 330 Macaulay Road",Mac330_T,-37.79497059,144.93530329,Outdoor,A,22580,8930,28.340209457315137,True
2026-09-01,181,Matched,489520,1011.404958677686,484,368 Elizabeth Street,Eli368_T,-37.81009465,144.96143149,Outdoor,A,332656,156864,32.04445170779539,True
2026-09-01,182,Matched,146484,302.6528925619835,484,163 King Street,King163_T,-37.81627451,144.95550503,Outdoor,A,101488,44996,30.717347969744136,True
2026-09-01,184,Matched,423130,874.2355371900826,484,124 Elizabeth Street,Eli124_T,-37.81512416,144.96371988,Outdoor,A,287288,135842,32.10408148795879,True
2026-09-01,185,Matched,374036,772.801652892562,484,197 Elizabeth Street,Eli197_T,-37.81374643,144.96276183,Outdoor,A,259410,114626,30.645713246853244,True
2026-09-01,187,Matched,133701,285.0767590618337,469,RMIT Building 22 - 330 Swanston Street,Swa330_T,-37.80942561,144.96395473,Outdoor,A,107209,26492,19.81436189706883,True
2026-09-01,188,Matched,51181,144.1718309859155,355,RMIT Building 51 - 80-92 Victoria Street,RMIT51_T,-37.80663222,144.96456557,Outdoor,A,46881,4300,8.40155526464899,True
2026-09-01,209,Matched,296710,613.0371900826447,484,Flinders Underpass - Walkway,FliS_T,-37.81909037,144.96549709,Outdoor,A,201812,94898,31.983418152404703,True
