month,category,vic_spending_millions,vic_mom_growth_pct,vic_yoy_growth_pct,vic_spending_3m_avg,aus_spending_millions,aus_mom_growth_pct,aus_yoy_growth_pct,aus_spending_3m_avg,vic_vs_aus_yoy_gap
2012-07-01,Alcoholic beverages and tobacco,557.8,,,,2450.2,,,,
2012-08-01,Alcoholic beverages and tobacco,577.1,3.4600215130871304,,,2526.5,3.1140315076320313,,,
2012-09-01,Alcoholic beverages and tobacco,576.5,-0.10396811644429738,,570.4666666666667,2519.5,-0.27706313081338196,,2498.733333333333,
2012-10-01,Alcoholic beverages and tobacco,604.2,4.804856895056386,,585.9333333333334,2630.8,4.417543163326054,,2558.9333333333334,
2012-11-01,Alcoholic beverages and tobacco,613.1,1.4730221780867137,,597.9333333333334,2659.5,1.0909229131822906,,2603.266666666667,
2012-12-01,Alcoholic beverages and tobacco,735.6,19.980427336486706,,650.9666666666667,3181.8,19.639029892837012,,2824.0333333333333,
2013-01-01,Alcoholic beverages and tobacco,615.7,-16.299619358346927,,654.8000000000001,2657.6,-16.474951285435925,,2832.9666666666667,
2013-02-01,Alcoholic beverages and tobacco,560.7,-8.932921877537758,,637.3333333333334,2373.0,-10.708910295003005,,2737.4666666666667,
2013-03-01,Alcoholic beverages and tobacco,630.2,12.395220260388795,,602.2000000000002,2669.9,12.511588706278975,,2566.8333333333335,
2013-04-01,Alcoholic beverages and tobacco,580.3,-7.918121231355135,,590.4,2528.4,-5.299823963444328,,2523.7666666666664,
2013-05-01,Alcoholic beverages and tobacco,597.5,2.9639841461313265,,602.6666666666666,2581.6,2.10409745293465,,2593.2999999999997,
2013-06-01,Alcoholic beverages and tobacco,579.3,-3.0460251046025233,,585.6999999999999,2489.0,-3.586922838549733,,2533.0,
2013-07-01,Alcoholic beverages and tobacco,595.6,2.8137407215605093,6.776622445320912,590.8000000000001,2584.0,3.8167938931297662,5.460778711941883,2551.5333333333333,1.3158437333790296
2013-08-01,Alcoholic beverages and tobacco,614.8,3.223640026863661,6.5326633165829096,596.5666666666667,2663.7,3.0843653250773873,5.430437363942198,2578.9,1.1022259526407119
2013-09-01,Alcoholic beverages and tobacco,608.0,-1.1060507482107962,5.464006938421506,606.1333333333333,2621.0,-1.6030333746292702,4.02857709863067,2622.9,1.435429839790836
2013-10-01,Alcoholic beverages and tobacco,643.3,5.80592105263158,6.471367096987746,622.0333333333333,2747.6,4.8302174742464565,4.4397141553899955,2677.433333333333,2.0316529415977502
2013-11-01,Alcoholic beverages and tobacco,641.7,-0.24871755013211594,4.6648181373348585,631.0,2751.2,0.13102343863735655,3.4480165444632283,2706.6,1.2168015928716303
2013-12-01,Alcoholic beverages and tobacco,782.0,21.863799283154115,6.30777596519847,689.0,3314.7,20.48197150334399,4.176881010748623,2937.8333333333335,2.130894954449847
2014-01-01,Alcoholic beverages and tobacco,673.7,-13.849104859335037,9.420172161767093,699.1333333333333,2867.6,-13.488400156876946,7.901866345574948,2977.8333333333335,1.5183058161921448
2014-02-01,Alcoholic beverages and tobacco,607.3,-9.856018999554706,8.3110397717139,687.6666666666666,2548.1,-11.141721300041851,7.378845343447105,2910.133333333333,0.9321944282667962
2014-03-01,Alcoholic beverages and tobacco,673.7,10.933640704758773,6.9025706125039665,651.5666666666667,2820.4,10.686393783603476,5.6369152402711675,2745.3666666666663,1.265655372232799
2014-04-01,Alcoholic beverages and tobacco,639.2,-5.120973727178269,10.149922453903159,640.0666666666667,2709.0,-3.949794355410585,7.14285714285714,2692.5,3.007065311046019
2014-05-01,Alcoholic beverages and tobacco,656.6,2.7221526908635774,9.891213389121333,656.5,2766.5,2.1225544481358494,7.162224976758602,2765.2999999999997,2.728988412362731
2014-06-01,Alcoholic beverages and tobacco,624.0,-4.964971063052093,7.716209218021763,639.9333333333334,2620.1,-5.29188505331647,5.267175572519078,2698.5333333333333,2.449033645502685
2014-07-01,Alcoholic beverages and tobacco,636.0,1.9230769230769162,6.783075889858958,638.8666666666667,2710.6,3.4540666386779106,4.899380804953557,2699.0666666666666,1.8836950849054013
2014-08-01,Alcoholic beverages and tobacco,652.9,2.6572327044025013,6.197137280416398,637.6333333333333,2759.9,1.818785508743459,3.6115178135676107,2696.866666666667,2.5856194668487875
2014-09-01,Alcoholic beverages and tobacco,657.6,0.7198652167253794,8.15789473684212,648.8333333333334,2766.8,0.2500090582992165,5.562762304463953,2745.7666666666664,2.5951324323781675
2014-10-01,Alcoholic beverages and tobacco,701.4,6.660583941605824,9.031556039173028,670.6333333333333,2944.0,6.40451062599392,7.148056485660215,2823.566666666667,1.883499553512813
2014-11-01,Alcoholic beverages and tobacco,681.6,-2.8229255774165907,6.217858812529209,680.1999999999999,2907.7,-1.2330163043478337,5.6884268682756645,2872.8333333333335,0.5294319442535445
2014-12-01,Alcoholic beverages and tobacco,817.9,19.997065727699525,4.590792838874669,733.6333333333333,3491.7,20.084602950785847,5.339849760159288,3114.4666666666667,-0.7490569212846188
2015-01-01,Alcoholic beverages and tobacco,688.4,-15.833231446387085,2.181980109841164,729.3000000000001,2922.2,-16.310106824755856,1.904031245640958,3107.1999999999994,0.2779488642002059
2015-02-01,Alcoholic beverages and tobacco,618.9,-10.095874491574664,1.9100938580602689,708.4,2604.3,-10.878789952775293,2.2055649307327174,3006.066666666667,-0.29547107267244854
2015-03-01,Alcoholic beverages and tobacco,687.6,11.100339311682017,2.063232892979072,664.9666666666667,2895.5,11.181507506815635,2.662742873351287,2807.3333333333335,-0.5995099803722148
2015-04-01,Alcoholic beverages and tobacco,648.2,-5.730075625363584,1.408010012515648,651.5666666666666,2757.9,-4.752201692281122,1.805094130675533,2752.566666666667,-0.397084118159885
2015-05-01,Alcoholic beverages and tobacco,667.1,2.9157667386608965,1.5991471215351716,667.6333333333333,2824.1,2.4003770985169703,2.0820531357310657,2825.8333333333335,-0.4829060141958941
2015-06-01,Alcoholic beverages and tobacco,644.6,-3.372807675011247,3.3012820512820618,653.3000000000001,2698.4,-4.4509755320279005,2.9884355558948306,2760.133333333333,0.3128464953872312
2015-07-01,Alcoholic beverages and tobacco,664.5,3.0871858516909656,4.481132075471694,658.7333333333332,2817.8,4.424844352208712,3.954843945989839,2780.1,0.5262881294818555
2015-08-01,Alcoholic beverages and tobacco,683.7,2.8893905191873737,4.7174146117322735,664.2666666666668,2871.1,1.8915465966356626,4.029131490271376,2795.7666666666664,0.6882831214608975
2015-09-01,Alcoholic beverages and tobacco,691.8,1.184730144800339,5.200729927007286,680.0,2873.3,0.0766256835359469,3.849212086164533,2854.066666666667,1.351517840842753
2015-10-01,Alcoholic beverages and tobacco,744.1,7.559988435964171,6.087824351297422,706.5333333333334,3062.2,6.574322207914229,4.014945652173907,2935.5333333333333,2.072878699123515
2015-11-01,Alcoholic beverages and tobacco,717.0,-3.6419836043542597,5.193661971830976,717.6333333333332,2995.8,-2.1683756776173846,3.0298861643223374,2977.1,2.163775807508639
2015-12-01,Alcoholic beverages and tobacco,873.9,21.882845188284517,6.84680278762686,778.3333333333334,3635.1,21.339875826156618,4.106882034539061,3231.0333333333333,2.739920753087799
2016-01-01,Alcoholic beverages and tobacco,737.4,-15.619636113971847,7.117954677513083,776.1,3027.0,-16.72856317570356,3.586339059612631,3219.2999999999997,3.531615617900452
2016-02-01,Alcoholic beverages and tobacco,675.5,-8.394358557092485,9.145257715301348,762.2666666666668,2756.2,-8.946151304922367,5.832661367737968,3139.433333333333,3.31259634756338
2016-03-01,Alcoholic beverages and tobacco,741.4,9.755736491487777,7.824316463059922,718.0999999999999,3043.2,10.412887308613318,5.101018822310466,2942.133333333333,2.723297640749456
2016-04-01,Alcoholic beverages and tobacco,689.9,-6.9463177771783124,6.433199629743891,702.2666666666668,2876.4,-5.481072555205035,4.296747525290989,2891.933333333333,2.1364521044529017
2016-05-01,Alcoholic beverages and tobacco,708.0,2.6235686331352426,6.131014840353766,713.1,2925.3,1.7000417188151928,3.5834425126589187,2948.2999999999997,2.547572327694847
2016-06-01,Alcoholic beverages and tobacco,682.1,-3.6581920903954734,5.817561278312122,693.3333333333334,2804.5,-4.12949099237686,3.9319596798102596,2868.7333333333336,1.8856015985018626
2016-07-01,Alcoholic beverages and tobacco,693.9,1.7299516199970721,4.424379232505649,694.6666666666666,2885.2,2.877518274202173,2.3919369721058903,2871.6666666666665,2.0324422603997583
2016-08-01,Alcoholic beverages and tobacco,705.6,1.6861219195849708,3.2031592803861253,693.8666666666667,2925.5,1.3967835851934174,1.894744174706564,2871.733333333333,1.3084151056795612
2016-09-01,Alcoholic beverages and tobacco,726.4,2.947845804988658,5.001445504481072,708.6333333333333,2987.2,2.1090411895402505,3.9640831100128615,2932.633333333333,1.0373623944682109
2016-10-01,Alcoholic beverages and tobacco,769.0,5.864537444933915,3.3463244187609265,733.6666666666666,3140.2,5.121853240492769,2.547188295996339,3017.633333333333,0.7991361227645877
2016-11-01,Alcoholic beverages and tobacco,764.0,-0.6501950585175553,6.555090655509055,753.1333333333333,3162.5,0.7101458505827773,5.564456906335535,3096.633333333333,0.9906337491735195
2016-12-01,Alcoholic beverages and tobacco,926.3,21.2434554973822,5.99610939466757,819.7666666666668,3853.3,21.843478260869563,6.002585898599766,3385.3333333333335,-0.006476503932195676
2017-01-01,Alcoholic beverages and tobacco,775.3,-16.301414228651623,5.139679956604293,821.8666666666667,3165.5,-17.849635377468665,4.575487281136437,3393.766666666667,0.5641926754678561
2017-02-01,Alcoholic beverages and tobacco,706.5,-8.87398426415581,4.589193190229457,802.6999999999999,2855.5,-9.793081661664827,3.602786445105588,3291.433333333334,0.9864067451238689
2017-03-01,Alcoholic beverages and tobacco,788.1,11.549893842887471,6.298893984353926,756.6333333333333,3162.1,10.737173874978101,3.9070715036803483,3061.033333333333,2.3918224806735777
2017-04-01,Alcoholic beverages and tobacco,740.4,-6.052531404644091,7.319901434990572,745.0,3055.2,-3.38066474811044,6.21610346266166,3024.2666666666664,1.1037979723289126
2017-05-01,Alcoholic beverages and tobacco,754.2,1.8638573743922304,6.525423728813573,760.9,3070.5,0.5007855459544519,4.963593477592032,3095.933333333333,1.561830251221541
2017-06-01,Alcoholic beverages and tobacco,729.9,-3.221957040572798,7.007770121683032,741.5,2956.5,-3.7127503663898387,5.419860937778576,3027.4,1.5879091839044568
2017-07-01,Alcoholic beverages and tobacco,744.1,1.9454719824633537,7.234471825911526,742.7333333333332,3055.5,3.3485540334855513,5.902537085817272,3027.5,1.3319347400942538
2017-08-01,Alcoholic beverages and tobacco,764.5,2.7415669936836418,8.347505668934229,746.1666666666666,3116.8,2.0062182948781038,6.539053153307139,3042.933333333333,1.8084525156270894
2017-09-01,Alcoholic beverages and tobacco,789.2,3.230869849574902,8.645374449339215,765.9333333333334,3201.6,2.72073921971252,7.177289769683992,3124.633333333333,1.468084679655223
2017-10-01,Alcoholic beverages and tobacco,842.3,6.728332488596034,9.53185955786735,798.6666666666666,3384.6,5.715892053973004,7.782943761543848,3234.3333333333335,1.7489157963235016
2017-11-01,Alcoholic beverages and tobacco,851.5,1.092247417784642,11.452879581151842,827.6666666666666,3449.4,1.9145541570643632,9.071936758893283,3345.2000000000003,2.380942822258559
2017-12-01,Alcoholic beverages and tobacco,1014.3,19.119201409277743,9.500161934578433,902.6999999999999,4169.3,20.870296283411616,8.200762982378752,3667.7666666666664,1.299398952199681
2018-01-01,Alcoholic beverages and tobacco,852.4,-15.961747017647632,9.944537598349035,906.0666666666666,3422.6,-17.90948120787663,8.121939661980736,3680.433333333333,1.8225979363682985
2018-02-01,Alcoholic beverages and tobacco,779.8,-8.517128108869077,10.375088464260429,882.1666666666666,3104.6,-9.291182142231058,8.723516021712484,3565.5,1.6515724425479448
2018-03-01,Alcoholic beverages and tobacco,875.8,12.31084893562453,11.128029437888575,836.0,3500.9,12.764929459511709,10.71439865911894,3342.6999999999994,0.41363077876963494
2018-04-01,Alcoholic beverages and tobacco,818.0,-6.5996802923041775,10.480821177741761,824.5333333333333,3300.1,-5.73566797109315,8.015841843414506,3301.8666666666663,2.4649793343272552
2018-05-01,Alcoholic beverages and tobacco,840.7,2.775061124694389,11.469106337841417,844.8333333333334,3390.0,2.7241598739432105,10.405471421592583,3397.0,1.0636349162488337
2018-06-01,Alcoholic beverages and tobacco,809.6,-3.699298203877721,10.919304014248542,822.7666666666668,3239.7,-4.433628318584071,9.578893962455592,3309.933333333333,1.3404100517929507
2018-07-01,Alcoholic beverages and tobacco,816.3,0.8275691699604737,9.702996909017592,822.1999999999999,3318.7,2.438497391733807,8.6139747995418,3316.1333333333328,1.089022109475792
2018-08-01,Alcoholic beverages and tobacco,844.3,3.4301114786230658,10.438194898626541,823.4,3413.6,2.859553439599849,9.52258726899382,3323.9999999999995,0.9156076296327207
2018-09-01,Alcoholic beverages and tobacco,867.0,2.688617789885117,9.858084135833757,842.5333333333333,3465.4,1.5174595734708252,8.239630184907544,3399.233333333333,1.618453950926213
2018-10-01,Alcoholic beverages and tobacco,927.6,6.989619377162626,10.127033123590179,879.6333333333333,3674.7,6.039706815951984,8.571175323524205,3517.8999999999996,1.555857800065974
2018-11-01,Alcoholic beverages and tobacco,925.5,-0.22639068564036524,8.690546095126251,906.6999999999999,3725.0,1.3688192233379581,7.989795326723481,3621.6999999999994,0.7007507684027701
2018-12-01,Alcoholic beverages and tobacco,1104.3,19.319286871961094,8.873114463176579,985.8000000000001,4460.0,19.731543624161073,6.972393447341285,3953.233333333333,1.9007210158352938
2019-01-01,Alcoholic beverages and tobacco,884.4,-19.913067101331162,3.7541060534960202,971.4000000000001,3501.1,-21.499999999999996,2.2935779816513735,3895.3666666666663,1.4605280718446467
2019-02-01,Alcoholic beverages and tobacco,801.1,-9.41881501582994,2.7314696075916967,929.9333333333334,3190.9,-8.860072548627574,2.779746183083165,3717.3333333333335,-0.04827657549146824
2019-03-01,Alcoholic beverages and tobacco,914.4,14.14305330171015,4.40739894953186,866.6333333333333,3614.9,13.28778714469272,3.2563055214373415,3435.633333333333,1.1510934280945184
2019-04-01,Alcoholic beverages and tobacco,856.3,-6.353893263342081,4.682151589242056,857.2666666666665,3443.5,-4.741486624802905,4.345322869003976,3416.433333333333,0.3368287202380804
2019-05-01,Alcoholic beverages and tobacco,855.2,-0.12845965199110854,1.7247531818722406,875.3000000000001,3465.4,0.6359808334543304,2.2241887905604774,3507.933333333333,-0.4994356086882368
2019-06-01,Alcoholic beverages and tobacco,843.2,-1.4031805425631427,4.150197628458496,851.5666666666666,3378.9,-2.4961043458186616,4.2966941383461466,3429.2666666666664,-0.14649650988765028
2019-07-01,Alcoholic beverages and tobacco,837.9,-0.628557874762814,2.6460859977949225,845.4333333333334,3393.0,0.4172955695640468,2.238828456925912,3412.433333333333,0.40725754086901045
2019-08-01,Alcoholic beverages and tobacco,877.9,4.773839360305532,3.979628094279297,853.0,3567.0,5.128205128205132,4.493789547691596,3446.2999999999997,-0.5141614534122985
2019-09-01,Alcoholic beverages and tobacco,882.4,0.5125868549948676,1.7762399077277946,866.0666666666666,3516.3,-1.4213624894869548,1.4688059098516781,3492.1,0.30743399787611647
2019-10-01,Alcoholic beverages and tobacco,904.7,2.527198549410703,-2.468736524363946,888.3333333333334,3657.5,4.015584563319385,-0.4680654203064183,3580.2666666666664,-2.0006711040575276
2019-11-01,Alcoholic beverages and tobacco,938.5,3.7360450978224824,1.4046461372231311,908.5333333333333,3786.1,3.516062884483939,1.6402684563758374,3653.2999999999997,-0.23562231915270626
2019-12-01,Alcoholic beverages and tobacco,1089.1,16.046883324453898,-1.3764375622566383,977.4333333333334,4446.1,17.43218615461821,-0.3116591928251089,3963.233333333333,-1.0647783694315294
2020-01-01,Alcoholic beverages and tobacco,857.8,-21.23771921770269,-3.007688828584354,961.7999999999998,3463.6,-22.09801848811319,-1.0710919425323429,3898.6,-1.936596886052011
2020-02-01,Alcoholic beverages and tobacco,830.3,-3.2058754954534807,3.644988141305694,925.7333333333332,3305.6,-4.561727682180394,3.5945971356043716,3738.433333333333,0.05039100570132238
2020-03-01,Alcoholic beverages and tobacco,979.0,17.90918944959654,7.064741907261585,889.0333333333333,4009.9,21.30626815101646,10.926996597416249,3593.033333333333,-3.862254690154664
2020-04-01,Alcoholic beverages and tobacco,861.3,-12.022471910112365,0.5839075090505741,890.1999999999999,3615.9,-9.82568143843986,5.006534049658784,3643.7999999999993,-4.42262654060821
2020-05-01,Alcoholic beverages and tobacco,973.0,12.968768141181929,13.774555659494858,937.7666666666668,4034.0,11.562819768245802,16.40791827783228,3886.6,-2.633362618337422
2020-06-01,Alcoholic beverages and tobacco,935.9,-3.812949640287777,10.993833017077792,923.4,3810.8,-5.532969757064943,12.782266418065058,3820.2333333333336,-1.788433400987266
2020-07-01,Alcoholic beverages and tobacco,964.5,3.0558820386793473,15.109201575366992,957.8000000000001,4007.2,5.153773485882218,18.101974653698782,3950.6666666666665,-2.9927730783317905
2020-08-01,Alcoholic beverages and tobacco,1074.8,11.435977190254022,22.4285226107757,991.7333333333332,4127.6,3.0045917348772377,15.716288197364747,3981.8666666666663,6.712234413410954
2020-09-01,Alcoholic beverages and tobacco,1041.8,-3.0703386676591005,18.06436990027198,1027.033333333333,4010.3,-2.8418451400329503,14.048858174786005,4048.3666666666663,4.015511725485975
2020-10-01,Alcoholic beverages and tobacco,1125.0,7.9861777692455505,24.350613463026406,1080.533333333333,4318.8,7.692691319851375,18.08065618591934,4152.233333333334,6.269957277107064
2020-11-01,Alcoholic beverages and tobacco,1022.6,-9.102222222222222,8.961108151305286,1063.1333333333334,4100.6,-5.052329350745577,8.306700826708235,4143.233333333334,0.6544073245970505
2020-12-01,Alcoholic beverages and tobacco,1199.9,17.33815763739488,10.173537783490971,1115.8333333333335,4927.7,20.17021899234257,10.831965093002838,4449.033333333334,-0.6584273095118665
2021-01-01,Alcoholic beverages and tobacco,964.5,-19.6183015251271,12.43879692235954,1062.3333333333333,3903.4,-20.78657385798648,12.697771105208467,4310.566666666667,-0.25897418284892737
2021-02-01,Alcoholic beverages and tobacco,855.6,-11.290824261275267,3.0470914127423976,1006.6666666666666,3455.9,-11.464364400266437,4.54682962245887,4095.6666666666665,-1.4997382097164724
2021-03-01,Alcoholic beverages and tobacco,913.4,6.755493221131359,-6.700715015321757,911.1666666666666,3771.5,9.132208686593945,-5.9452854185889965,3710.2666666666664,-0.7554295967327604
2021-04-01,Alcoholic beverages and tobacco,872.2,-4.510619662798332,1.2655288517357643,880.4,3667.9,-2.7469176720137822,1.4380928676124949,3631.7666666666664,-0.17256401587673054
2021-05-01,Alcoholic beverages and tobacco,906.5,3.93258426966292,-6.834532374100721,897.3666666666668,3758.6,2.4728046020883854,-6.826970748636596,3732.6666666666665,-0.007561625464125754
2021-06-01,Alcoholic beverages and tobacco,868.3,-4.214009928295647,-7.222993909605735,882.3333333333334,3619.4,-3.703506624807107,-5.0225674399076325,3681.9666666666667,-2.200426469698103
2021-07-01,Alcoholic beverages and tobacco,910.3,4.837037890130147,-5.61949196474858,895.0333333333333,3812.8,5.343427087362551,-4.851267718107399,3730.2666666666664,-0.7682242466411804
2021-08-01,Alcoholic beverages and tobacco,929.4,2.0982093815225866,-13.528098250837362,902.6666666666666,3826.0,0.34620226605119875,-7.306909584262044,3752.733333333333,-6.221188666575317
2021-09-01,Alcoholic beverages and tobacco,973.1,4.701958252636107,-6.594355922441919,937.6,3966.1,3.6617877679038235,-1.102161933022472,3868.2999999999997,-5.492193989419446
2021-10-01,Alcoholic beverages and tobacco,1033.1,6.16586167916966,-8.168888888888892,978.5333333333333,4209.3,6.131968432465151,-2.5354265073631588,4000.466666666666,-5.633462381525733
2021-11-01,Alcoholic beverages and tobacco,992.1,-3.9686380795663445,-2.982593389399568,999.4333333333333,4045.1,-3.9008861330862676,-1.353460469199641,4073.4999999999995,-1.6291329201999272
2021-12-01,Alcoholic beverages and tobacco,1157.3,16.65154722306219,-3.5502958579881727,1060.8333333333333,4871.7,20.434599886282157,-1.136432818556321,4375.366666666666,-2.4138630394318517
2022-01-01,Alcoholic beverages and tobacco,986.3,-14.775771191566578,2.2602384655261654,1045.2333333333333,4004.8,-17.79460968450438,2.597735307680482,4307.2,-0.33749684215431675
2022-02-01,Alcoholic beverages and tobacco,879.8,-10.79793166379398,2.8284244974287054,1007.8000000000001,3592.5,-10.295145825009989,3.9526606672646736,4156.333333333333,-1.1242361698359682
2022-03-01,Alcoholic beverages and tobacco,937.1,6.512843828142767,2.59470111670681,934.4,3888.0,8.225469728601254,3.0889566485483133,3828.433333333333,-0.49425553184150317
2022-04-01,Alcoholic beverages and tobacco,954.3,1.8354497919112145,9.412978674615902,923.7333333333332,3991.9,2.6723251028806683,8.833392404373065,3824.133333333333,0.5795862702428369
2022-05-01,Alcoholic beverages and tobacco,919.5,-3.646651996227601,1.4340871483728534,936.9666666666667,3844.4,-3.694982339236952,2.2827648592561145,3908.1,-0.848677710883261
2022-06-01,Alcoholic beverages and tobacco,889.7,-3.240891789015765,2.4645859725901387,921.1666666666666,3712.3,-3.436166892102799,2.566723766370127,3849.5333333333333,-0.10213779377998833
2022-07-01,Alcoholic beverages and tobacco,935.4,5.136562886366192,2.7573327474458953,914.8666666666667,3940.6,6.149826253266166,3.351867394041119,3832.433333333334,-0.5945346465952239
2022-08-01,Alcoholic beverages and tobacco,924.7,-1.1438956596108496,-0.5057026038304158,916.6,3878.8,-1.5682890930315163,1.380031364349188,3843.9,-1.8857339681796037
2022-09-01,Alcoholic beverages and tobacco,960.9,3.9147831729209326,-1.2537252080978334,940.3333333333334,3997.2,3.0524904609672943,0.7841456342502662,3938.866666666667,-2.0378708423480996
2022-10-01,Alcoholic beverages and tobacco,979.0,1.8836507440940897,-5.236666344013152,954.8666666666667,4075.6,1.9613729610727493,-3.176300097403373,3983.8666666666663,-2.060366246609779
2022-11-01,Alcoholic beverages and tobacco,952.9,-2.6659856996935627,-3.9512145953028988,964.2666666666668,4018.0,-1.4132888409068567,-0.6699463548490714,4030.2666666666664,-3.2812682404538274
2022-12-01,Alcoholic beverages and tobacco,1156.0,21.31388393325637,-0.1123304242633627,1029.3,4867.8,21.149825783972133,-0.08005419052896645,4320.466666666666,-0.032276233734396254
2023-01-01,Alcoholic beverages and tobacco,936.8,-18.961937716262977,-5.018756970495797,1015.2333333333332,3822.8,-21.467603434816553,-4.544546544147021,4236.2,-0.4742104263487761
2023-02-01,Alcoholic beverages and tobacco,853.7,-8.870623398804433,-2.966583314389626,982.1666666666666,3523.8,-7.82149210003139,-1.9123173277661776,4071.4666666666667,-1.0542659866234483
2023-03-01,Alcoholic beverages and tobacco,912.7,6.911092889773918,-2.603777611781022,901.0666666666666,3814.0,8.235427663317996,-1.90329218106996,3720.2000000000003,-0.700485430711062
2023-04-01,Alcoholic beverages and tobacco,911.2,-0.16434754026515286,-4.516399455097964,892.5333333333334,3802.7,-0.29627687467226327,-4.739597685312768,3713.5,0.22319823021480456
2023-05-01,Alcoholic beverages and tobacco,861.1,-5.498244073748904,-6.351277868406735,895.0,3623.9,-4.7019223183527465,-5.735615440640929,3746.866666666667,-0.6156624277658054
2023-06-01,Alcoholic beverages and tobacco,834.1,-3.1355243293461843,-6.249297516016639,868.8000000000001,3546.8,-2.1275421507215952,-4.458152627750989,3657.7999999999997,-1.7911448882656495
2023-07-01,Alcoholic beverages and tobacco,844.1,1.198897014746425,-9.760530254436595,846.4333333333334,3614.5,1.9087628284650826,-8.27538953458864,3595.066666666667,-1.485140719847955
2023-08-01,Alcoholic beverages and tobacco,866.7,2.6774078900604126,-6.272304531199313,848.3000000000001,3674.0,1.6461474616129568,-5.279983500051566,3611.766666666667,-0.9923210311477471
2023-09-01,Alcoholic beverages and tobacco,934.2,7.78816199376946,-2.7786450202934687,881.6666666666666,3860.3,5.070767555797495,-3.4248974281997357,3716.2666666666664,0.646252407906267
2023-10-01,Alcoholic beverages and tobacco,881.9,-5.59837293941341,-9.91828396322778,894.2666666666668,3757.7,-2.657824521410257,-7.800078516046716,3764.0,-2.118205447181065
2023-11-01,Alcoholic beverages and tobacco,900.9,2.1544392788297895,-5.457025920873127,905.6666666666666,3780.2,0.5987705245229735,-5.91836734693878,3799.3999999999996,0.461341426065653
2023-12-01,Alcoholic beverages and tobacco,1076.7,19.51381951381952,-6.859861591695493,953.1666666666666,4591.9,21.472408867255698,-5.667858170015217,4043.2666666666664,-1.1920034216802762
2024-01-01,Alcoholic beverages and tobacco,851.5,-20.915761121946698,-9.105465414175917,943.0333333333333,3522.1,-23.297545678259535,-7.865962122004822,3964.733333333333,-1.2395032921710953
2024-02-01,Alcoholic beverages and tobacco,799.4,-6.118614210217266,-6.360548201944482,909.1999999999999,3314.4,-5.897050055364694,-5.942448493104036,3809.4666666666667,-0.41809970884044656
2024-03-01,Alcoholic beverages and tobacco,875.6,9.532149111833888,-4.064862495891319,842.1666666666666,3654.4,10.258266956311846,-4.184583114840057,3496.9666666666667,0.11972061894873853
2024-04-01,Alcoholic beverages and tobacco,779.5,-10.975331201461858,-14.453467954345921,818.1666666666666,3328.7,-8.912543782837135,-12.464827622478769,3432.5,-1.9886403318671526
2024-05-01,Alcoholic beverages and tobacco,776.4,-0.3976908274535007,-9.83625595168971,810.5,3369.6,1.2287079039865478,-7.017301801926101,3450.9,-2.8189541497636084
2024-06-01,Alcoholic beverages and tobacco,744.3,-4.134466769706336,-10.766095192422975,766.7333333333332,3248.1,-3.605769230769229,-8.421675876846745,3315.4666666666667,-2.3444193155762303
2024-07-01,Alcoholic beverages and tobacco,740.3,-0.537417707913479,-12.297121194171313,753.6666666666666,3241.4,-0.20627443736337403,-10.322312906349417,3286.3666666666663,-1.9748082878218955
2024-08-01,Alcoholic beverages and tobacco,796.4,7.5780089153046015,-8.111226491288804,760.3333333333334,3441.1,6.160918121799219,-6.339139902014157,3310.2000000000003,-1.7720865892746467
2024-09-01,Alcoholic beverages and tobacco,775.1,-2.674535409342038,-17.030614429458357,770.6,3293.9,-4.277701897649,-14.672434784861277,3325.4666666666667,-2.3581796445970795
2024-10-01,Alcoholic beverages and tobacco,779.3,0.5418655657334348,-11.633972105680924,783.5999999999999,3385.6,2.7839339384923667,-9.90233387444447,3373.5333333333333,-1.7316382312364542
2024-11-01,Alcoholic beverages and tobacco,836.3,7.314256383934303,-7.170607170607168,796.9,3550.9,4.882443289224958,-6.065816623459064,3410.133333333333,-1.104790547148104
2024-12-01,Alcoholic beverages and tobacco,957.2,14.456534736338655,-11.098727593572955,857.6,4182.1,17.775775155594363,-8.924410374790382,3706.2000000000003,-2.174317218782573
2025-01-01,Alcoholic beverages and tobacco,758.0,-20.810697868783954,-10.980622431004106,850.5,3193.4,-23.641232873436792,-9.33250049686266,3642.133333333333,-1.6481219341414448
2025-02-01,Alcoholic beverages and tobacco,670.8,-11.503957783641173,-16.087065298974235,795.3333333333334,2856.6,-10.546752677397143,-13.812454742939906,3410.7000000000003,-2.274610556034329
2025-03-01,Alcoholic beverages and tobacco,771.7,15.041741204531922,-11.866148926450427,733.5,3192.2,11.748232164111183,-12.647767075306483,3080.7333333333336,0.7816181488560563
2025-04-01,Alcoholic beverages and tobacco,657.9,-14.746663211092404,-15.599743425272617,700.1333333333332,2958.5,-7.320969864043603,-11.121458827770592,3002.433333333333,-4.478284597502025
2025-05-01,Alcoholic beverages and tobacco,635.3,-3.4351725186198556,-18.173621844410103,688.3000000000001,2906.7,-1.750887273956403,-13.737535612535613,3019.133333333333,-4.436086231874491
2025-06-01,Alcoholic beverages and tobacco,566.5,-10.829529356209655,-23.888217116753996,619.9,2627.5,-9.605394433550064,-19.106554601151437,2830.9,-4.781662515602559
2025-07-01,Alcoholic beverages and tobacco,570.4,0.6884377758164195,-22.950155342428747,590.7333333333332,2684.4,2.165556612749775,-17.183932868513608,2739.5333333333333,-5.766222473915139
2025-08-01,Alcoholic beverages and tobacco,590.6,3.5413744740532938,-25.84128578603716,575.8333333333334,2773.9,3.3340783787811024,-19.389148818691694,2695.266666666667,-6.452136967345467
2025-09-01,Alcoholic beverages and tobacco,579.3,-1.9133084998306904,-25.261256612050065,580.1,2717.4,-2.0368434334330776,-17.502049242539243,2725.2333333333336,-7.759207369510822
2025-10-01,Alcoholic beverages and tobacco,601.0,3.7459002244087714,-22.879507250096232,590.3000000000001,2887.6,6.26333995731212,-14.709357277882795,2792.966666666667,-8.170149972213437
2025-11-01,Alcoholic beverages and tobacco,619.7,3.111480865224636,-25.899796723663748,600.0,2936.3,1.686521678902908,-17.30828803965192,2847.1,-8.591508684011828
2025-12-01,Alcoholic beverages and tobacco,770.0,24.2536711311925,-19.55704137066444,663.5666666666667,3705.4,26.192827708340417,-11.398579660935903,3176.433333333334,-8.158461709728536
2026-01-01,Alcoholic beverages and tobacco,587.7,-23.67532467532467,-22.467018469656985,659.1333333333333,2788.0,-24.75846062503374,-12.69493329993111,3143.2333333333336,-9.772085169725875
2026-02-01,Alcoholic beverages and tobacco,515.4,-12.30219499744769,-23.166368515205725,624.3666666666667,2483.6,-10.918220946915358,-13.057480921375063,2992.3333333333335,-10.108887593830662
2026-03-01,Alcoholic beverages and tobacco,565.6,9.740007760962378,-26.707269664377353,556.2333333333333,2751.5,10.78676115316477,-13.80552596955078,2674.366666666667,-12.901743694826573
2026-04-01,Alcoholic beverages and tobacco,548.7,-2.9879773691654843,-16.598267213862282,543.2333333333333,2729.7,-0.7922951117572352,-7.7336488085178345,2654.9333333333334,-8.864618405344448
2026-05-01,Alcoholic beverages and tobacco,559.0,1.8771642063058147,-12.010073980796465,557.7666666666668,2791.3,2.2566582408323432,-3.9701379571335016,2757.5,-8.039936023662964
2026-06-01,Alcoholic beverages and tobacco,524.8,-6.118067978533103,-7.360988526037082,544.1666666666666,2631.2,-5.735678716010472,0.14081826831588984,2717.4,-7.501806794352972
2026-07-01,Alcoholic beverages and tobacco,543.1,3.487042682926833,-4.786115007012615,542.3000000000001,2784.9,5.841441167528139,3.7438533750558722,2735.7999999999997,-8.529968382068487
2012-07-01,Clothing and footwear,652.0,,,,2365.7,,,,
2012-08-01,Clothing and footwear,647.0,-0.7668711656441674,,,2326.1,-1.673923151709844,,,
2012-09-01,Clothing and footwear,629.2,-2.7511591962905646,,642.7333333333333,2364.9,1.6680280297493688,,2352.233333333333,
2012-10-01,Clothing and footwear,689.0,9.50413223140496,,655.0666666666667,2461.5,4.0847393124445075,,2384.1666666666665,
2012-11-01,Clothing and footwear,732.2,6.269956458635706,,683.4666666666667,2661.0,8.104814137720906,,2495.7999999999997,
2012-12-01,Clothing and footwear,1124.7,53.60557224801967,,848.6333333333333,4153.9,56.10296880871852,,3092.133333333333,
2013-01-01,Clothing and footwear,674.7,-40.010669511869835,,843.8666666666668,2434.9,-41.38279688966994,,3083.2666666666664,
2013-02-01,Clothing and footwear,575.5,-14.702830887801987,,791.6333333333333,2022.5,-16.937040535545613,,2870.433333333333,
2013-03-01,Clothing and footwear,645.2,12.111207645525646,,631.8000000000001,2272.0,12.336217552534002,,2243.133333333333,
2013-04-01,Clothing and footwear,695.2,7.749535027898324,,638.6333333333333,2372.8,4.436619718309864,,2222.433333333334,
2013-05-01,Clothing and footwear,726.7,4.5310701956271515,,689.0333333333334,2569.6,8.293998651382317,,2404.8,
2013-06-01,Clothing and footwear,702.1,-3.3851658180817368,,708.0,2532.2,-1.4554794520547976,,2491.5333333333333,
2013-07-01,Clothing and footwear,670.2,-4.543512320182308,2.7914110429448025,699.6666666666666,2426.0,-4.19398151804754,2.5489284355581843,2509.2666666666664,0.2424826073866182
2013-08-01,Clothing and footwear,696.5,3.9242017308266153,7.650695517774353,689.6,2433.1,0.29266281945588,4.599974205752111,2463.7666666666664,3.050721312022242
2013-09-01,Clothing and footwear,690.6,-0.847092605886568,9.75842339478703,685.7666666666668,2504.1,2.9180880358390615,5.886083978180889,2454.4,3.872339416606141
2013-10-01,Clothing and footwear,763.0,10.483637416739056,10.74020319303337,716.6999999999999,2683.6,7.168244079709285,9.022953483648188,2540.2666666666664,1.7172497093851824
2013-11-01,Clothing and footwear,813.4,6.605504587155964,11.089866156787753,755.6666666666666,2906.1,8.291101505440457,9.210822998872592,2697.933333333333,1.8790431579151612
2013-12-01,Clothing and footwear,1205.1,48.15588886156872,7.148572952787391,927.1666666666666,4345.7,49.537180413612745,4.617347552902107,3311.7999999999997,2.531225399885284
2014-01-01,Clothing and footwear,725.4,-39.80582524271844,7.514450867052003,914.6333333333333,2598.3,-40.209862622822556,6.710747874656042,3283.3666666666663,0.8037029923959604
2014-02-01,Clothing and footwear,613.6,-15.412186379928306,6.620330147697651,848.0333333333333,2092.9,-19.451179617442172,3.480840543881336,3012.2999999999997,3.1394896038163145
2014-03-01,Clothing and footwear,695.4,13.331160365058658,7.780533168009907,678.1333333333333,2402.6,14.797649194897033,5.7482394366197065,2364.6,2.0322937313902
2014-04-01,Clothing and footwear,730.1,4.989933851021,5.020138089758341,679.6999999999999,2513.7,4.624157163073339,5.93813216453134,2336.4,-0.9179940747729987
2014-05-01,Clothing and footwear,742.6,1.7120942336666278,2.1879730287601484,722.6999999999999,2621.8,4.300433623741906,2.0314445828144567,2512.7,0.1565284459456917
2014-06-01,Clothing and footwear,710.6,-4.309183948289796,1.2106537530266248,727.7666666666668,2533.2,-3.379357693187901,0.0394913513940498,2556.233333333333,1.171162401632575
2014-07-01,Clothing and footwear,684.1,-3.7292428933295763,2.074007758877938,712.4333333333334,2515.7,-0.6908258329385797,3.6974443528441814,2556.9,-1.6234365939662432
2014-08-01,Clothing and footwear,654.3,-4.356088291185511,-6.058865757358223,683.0,2353.5,-6.447509639464155,-3.271546586658991,2467.4666666666667,-2.787319170699232
2014-09-01,Clothing and footwear,659.8,0.840593000152845,-4.45988995076746,666.0666666666666,2486.6,5.655406840875288,-0.6988538796373955,2451.933333333333,-3.7610360711300643
2014-10-01,Clothing and footwear,716.6,8.608669293725391,-6.081258191349937,676.9,2650.3,6.5832864151853965,-1.2408704724996222,2496.7999999999997,-4.840387718850314
2014-11-01,Clothing and footwear,733.0,2.288584984649722,-9.884435701991634,703.1333333333333,2793.4,5.399388748443568,-3.8780496197653114,2643.4333333333334,-6.006386082226323
2014-12-01,Clothing and footwear,1180.4,61.0368349249659,-2.049622437971943,876.6666666666666,4420.2,58.23727357342305,1.7143383114342825,3287.966666666667,-3.7639607494062255
2015-01-01,Clothing and footwear,696.6,-40.98610640460861,-3.970223325062028,870.0,2635.0,-40.38731279127641,1.4124619943809424,3282.8666666666663,-5.38268531944297
2015-02-01,Clothing and footwear,582.5,-16.379557852426075,-5.06844850065189,819.8333333333334,2092.5,-20.588235294117652,-0.019112236609497568,3049.2333333333336,-5.049336264042392
2015-03-01,Clothing and footwear,710.7,22.008583690987127,2.200172562553937,663.2666666666668,2491.0,19.0442054958184,3.679347373678521,2406.1666666666665,-1.479174811124584
2015-04-01,Clothing and footwear,743.2,4.572956240326431,1.79427475688263,678.8000000000001,2606.4,4.632677639502214,3.687790905836019,2396.633333333333,-1.8935161489533892
2015-05-01,Clothing and footwear,746.7,0.47093649085037104,0.5521141933746421,733.5333333333334,2704.4,3.759975445058328,3.1505072850713134,2600.6,-2.5983930916966713
2015-06-01,Clothing and footwear,719.9,-3.589125485469402,1.3087531663382945,736.6,2620.2,-3.113444756692807,3.434391283751781,2643.6666666666665,-2.1256381174134864
2015-07-01,Clothing and footwear,720.6,0.09723572718434159,5.3354772694050645,729.0666666666667,2669.4,1.8777192580719193,6.109631514091518,2664.6666666666665,-0.7741542446864536
2015-08-01,Clothing and footwear,676.9,-6.064390785456575,3.4540730551734677,705.7999999999998,2490.6,-6.698134412227475,5.825366475462079,2593.4,-2.3712934202886116
2015-09-01,Clothing and footwear,705.6,4.239917269906934,6.941497423461662,701.0333333333333,2624.2,5.364169276479558,5.533660419850395,2594.733333333333,1.4078370036112675
2015-10-01,Clothing and footwear,775.0,9.835600907029484,8.149595311191726,719.1666666666666,2812.7,7.1831415288468925,6.127608195298628,2642.4999999999995,2.021987115893098
2015-11-01,Clothing and footwear,802.1,3.496774193548391,9.427012278308332,760.9,2944.6,4.689444306182677,5.412758645378379,2793.8333333333335,4.014253632929953
2015-12-01,Clothing and footwear,1265.6,57.78581224286248,7.217892239918666,947.5666666666666,4723.2,60.40209196495279,6.854893443735577,3493.5,0.3629987961830894
2016-01-01,Clothing and footwear,729.5,-42.35935524652339,4.722939994257813,932.4,2776.4,-41.21781842818428,5.3662239089184105,3481.3999999999996,-0.6432839146605973
2016-02-01,Clothing and footwear,649.1,-11.021247429746396,11.433476394849794,881.4,2324.0,-16.2944820631033,11.063321385902025,3274.533333333333,0.3701550089477692
2016-03-01,Clothing and footwear,745.5,14.851332614389158,4.896580835795694,708.0333333333333,2651.6,14.096385542168676,6.447209955841027,2584.0,-1.5506291200453326
2016-04-01,Clothing and footwear,802.9,7.699530516431929,8.032831001076413,732.5,2792.1,5.2986875848544335,7.124769797421715,2589.2333333333336,0.9080612036546984
2016-05-01,Clothing and footwear,783.8,-2.3788765724249594,4.968528190705768,777.4,2797.1,0.17907668063463777,3.427747374648704,2746.933333333333,1.5407808160570635
2016-06-01,Clothing and footwear,800.7,2.156162286297536,11.223781080705653,795.8000000000001,2907.1,3.9326445246862907,10.949545836195718,2832.1,0.274235244509935
2016-07-01,Clothing and footwear,732.5,-8.51754714624704,1.6514016097696427,772.3333333333334,2763.2,-4.949950122114821,3.513898254289338,2822.4666666666667,-1.8624966445196955
2016-08-01,Clothing and footwear,710.2,-3.04436860068259,4.919485891564501,747.8000000000001,2615.3,-5.352489866821064,5.0068256644985265,2761.866666666667,-0.08733977293402528
2016-09-01,Clothing and footwear,745.8,5.012672486623471,5.697278911564618,729.5,2758.3,5.467823959010443,5.1101288011584645,2712.2666666666664,0.5871501104061538
2016-10-01,Clothing and footwear,781.9,4.84043979619202,0.8903225806451642,745.9666666666667,2860.0,3.687053619983316,1.681658193195168,2744.5333333333333,-0.7913356125500037
2016-11-01,Clothing and footwear,844.2,7.967770814682185,5.248722104475756,790.6333333333333,3098.7,8.346153846153847,5.233308428988659,2905.6666666666665,0.015413675487097045
2016-12-01,Clothing and footwear,1339.4,58.65908552475716,5.831226295828085,988.5,4979.9,60.70932971891438,5.434874661246614,3646.2000000000003,0.39635163458147105
2017-01-01,Clothing and footwear,755.7,-43.57921457368972,3.5915010281014403,979.7666666666668,2816.4,-43.44464748288117,1.440714594438841,3631.6666666666665,2.1507864336625993
2017-02-01,Clothing and footwear,632.6,-16.289532883419344,-2.5419812047450363,909.2333333333335,2260.2,-19.748615253515133,-2.7452667814113707,3352.1666666666665,0.2032855766663344
2017-03-01,Clothing and footwear,752.8,19.000948466645575,0.9792085848423726,713.7000000000002,2673.9,18.303689938943467,0.8410016593754843,2583.5,0.1382069254668883
2017-04-01,Clothing and footwear,806.0,7.066950053134979,0.38610038610038533,730.4666666666667,2789.8,4.334492688582214,-0.08237527309192805,2574.6333333333337,0.4684756591923134
2017-05-01,Clothing and footwear,830.1,2.9900744416873515,5.907119163051799,796.3000000000002,2902.5,4.0397161086816125,3.768188480926682,2788.7333333333336,2.1389306821251175
2017-06-01,Clothing and footwear,810.1,-2.4093482712926106,1.1739727738228956,815.4000000000001,2916.8,0.4926787252368614,0.33366585256786596,2869.7000000000003,0.8403069212550296
2017-07-01,Clothing and footwear,755.1,-6.78928527342303,3.0853242320819207,798.4333333333334,2778.8,-4.731212287438291,0.564562825709336,2866.0333333333333,2.5207614063725847
2017-08-01,Clothing and footwear,726.1,-3.8405509204078925,2.238805970149249,763.7666666666668,2657.6,-4.361594933064639,1.6174052689939877,2784.4,0.6214007011552614
2017-09-01,Clothing and footwear,734.7,1.1844098609007148,-1.4883346741753734,738.6333333333336,2755.9,3.6988260084286573,-0.0870101149258673,2730.7666666666664,-1.401324559249506
2017-10-01,Clothing and footwear,783.7,6.669388866203896,0.23020846655583682,748.1666666666669,2875.7,4.347037265503095,0.5489510489510518,2763.066666666667,-0.318742582395215
2017-11-01,Clothing and footwear,882.3,12.581344902386116,4.513148542999268,800.2333333333335,3206.6,11.506763570608891,3.4821053990383044,2946.066666666666,1.0310431439609635
2017-12-01,Clothing and footwear,1333.3,51.11640031735239,-0.4554278034941128,999.7666666666668,4933.8,53.8639056945051,-0.9257214000281011,3672.0333333333333,0.4702935965339883
2018-01-01,Clothing and footwear,757.9,-43.15607890197255,0.29112081513826826,991.1666666666669,2844.6,-42.34464307430379,1.0012782275244936,3661.6666666666665,-0.7101574123862253
2018-02-01,Clothing and footwear,659.8,-12.943660113471434,4.299715460006315,917.0,2340.9,-17.70723476059902,3.5704804884523655,3373.1,0.7292349715539492
2018-03-01,Clothing and footwear,795.3,20.536526220066698,5.645589798087136,737.6666666666669,2760.8,17.937545388525788,3.249934552526268,2648.766666666667,2.395655245560868
2018-04-01,Clothing and footwear,812.0,2.099836539670563,0.7444168734491274,755.7000000000002,2771.2,0.376702405099949,-0.6667144598179187,2624.3,1.411131333267046
2018-05-01,Clothing and footwear,866.1,6.662561576354675,4.336826888326706,824.4666666666668,3043.8,9.836893764434196,4.868217054263568,2858.6000000000004,-0.5313901659368625
2018-06-01,Clothing and footwear,859.7,-0.7389446946080125,6.1227009011233235,845.9333333333334,3054.4,0.3482488994020594,4.717498628634109,2956.466666666667,1.4052022724892144
2018-07-01,Clothing and footwear,787.7,-8.375014539955794,4.317308965699906,837.8333333333335,2813.9,-7.8738868517548415,1.263135166258822,2970.7000000000007,3.0541737994410845
2018-08-01,Clothing and footwear,783.4,-0.5458931065126404,7.891475003443049,810.2666666666669,2781.9,-1.1372116990653547,4.677152317880795,2883.4,3.214322685562254
2018-09-01,Clothing and footwear,779.9,-0.4467704876180756,6.15217095413092,783.6666666666669,2799.7,0.639850461914504,1.5893174643492047,2798.5000000000005,4.562853489781715
2018-10-01,Clothing and footwear,867.8,11.270675727657387,10.73114712262344,810.3666666666668,3049.3,8.915240918669864,6.0367910421810445,2876.966666666667,4.694356080442396
2018-11-01,Clothing and footwear,962.9,10.958746254897456,9.135214779553436,870.2000000000002,3372.1,10.586036139441823,5.161229963200897,3073.7000000000007,3.973984816352539
2018-12-01,Clothing and footwear,1432.3,48.74857202201683,7.42518562964074,1087.6666666666667,5025.7,49.03769164615521,1.8626616401151264,3815.7000000000003,5.562523989525614
2019-01-01,Clothing and footwear,816.4,-43.00076799553166,7.718696397941671,1070.5333333333333,2908.9,-42.11950574049386,2.2604232581030725,3768.9,5.458273139838599
2019-02-01,Clothing and footwear,696.1,-14.73542381185693,5.501667171870284,981.6,2418.6,-16.85516862044072,3.3192361912085078,3451.066666666667,2.182430980661776
2019-03-01,Clothing and footwear,845.4,21.44806780634965,6.2995096190116895,785.9666666666667,2891.7,19.56090300173654,4.741379310344818,2739.7333333333336,1.5581303086668719
2019-04-01,Clothing and footwear,845.7,0.03548616039745767,4.150246305418714,795.7333333333335,2887.0,-0.16253414946224565,4.178695150115486,2732.433333333334,-0.028448844696771225
2019-05-01,Clothing and footwear,911.5,7.78053683339246,5.241888927375582,867.5333333333334,3143.5,8.884655351576033,3.27551087456468,2974.066666666667,1.966378052810902
2019-06-01,Clothing and footwear,934.8,2.556226001097084,8.735605443759443,897.3333333333334,3228.7,2.710354700174955,5.706521739130421,3086.4,3.0290837046290218
2019-07-01,Clothing and footwear,828.4,-11.382113821138207,5.166941729084673,891.5666666666667,2897.7,-10.251804131693875,2.978073136927395,3089.966666666667,2.188868592157278
2019-08-01,Clothing and footwear,860.0,3.81458232737808,9.777891243298441,874.4000000000001,3006.5,3.7547020050384905,8.073618749775324,3044.3000000000006,1.704272493523117
2019-09-01,Clothing and footwear,822.1,-4.406976744186042,5.410950121810498,836.8333333333334,2912.1,-3.1398636288042625,4.014715862413842,2938.766666666667,1.396234259396656
2019-10-01,Clothing and footwear,873.3,6.227952803795156,0.6337865867711345,851.8000000000001,3096.6,6.335634078500041,1.5511756796641851,3005.066666666667,-0.9173890928930506
2019-11-01,Clothing and footwear,1033.4,18.332760792396673,7.321632568283332,909.6,3624.3,17.041271071497775,7.479019008926202,3211.0,-0.15738644064287044
2019-12-01,Clothing and footwear,1323.9,28.111089607122118,-7.568246875654527,1076.8666666666668,4643.8,28.129569847970636,-7.59894144099329,3788.2333333333336,0.030694565338762914
2020-01-01,Clothing and footwear,788.9,-40.410907168215125,-3.3684468397844225,1048.7333333333333,2832.1,-39.01330806666954,-2.640173261370282,3700.0666666666675,-0.7282735784141403
2020-02-01,Clothing and footwear,691.7,-12.32095322601089,-0.6320930900732602,934.8333333333334,2429.3,-14.222661629179756,0.44240469693213047,3301.7333333333336,-1.0744977870053907
2020-03-01,Clothing and footwear,624.4,-9.729651583056242,-26.141471492784486,701.6666666666666,2225.4,-8.393364343638087,-23.041809316319117,2495.6000000000004,-3.099662176465369
2020-04-01,Clothing and footwear,445.3,-28.68353619474695,-47.3453943478775,587.1333333333333,1640.1,-26.300889727689412,-43.19016279875303,2098.266666666667,-4.155231549124473
2020-05-01,Clothing and footwear,755.8,69.7282730743319,-17.081733406472853,608.4999999999999,2945.1,79.56831900493873,-6.311436297121043,2270.2000000000003,-10.77029710935181
2020-06-01,Clothing and footwear,861.5,13.985181264884904,-7.8412494651262215,687.5333333333333,3197.1,8.556585514923087,-0.978722086288597,2594.1000000000004,-6.862527378837624
2020-07-01,Clothing and footwear,687.2,-20.232153221125937,-17.044905842588108,768.1666666666666,3160.2,-1.1541709674392497,9.058908789729792,3100.8000000000006,-26.1038146323179
2020-08-01,Clothing and footwear,521.1,-24.17054714784633,-39.40697674418604,689.9333333333334,2777.2,-12.119486108474153,-7.626808581406963,3044.8333333333335,-31.780168162779077
2020-09-01,Clothing and footwear,498.5,-4.336979466513147,-39.3626079552366,568.9333333333334,2751.7,-0.9181909837246094,-5.5080526080835135,2896.366666666667,-33.85455534715308
2020-10-01,Clothing and footwear,606.2,21.60481444333,-30.585136837283855,541.9333333333334,3042.9,10.582548969727812,-1.7341600465026086,2857.266666666667,-28.850976790781246
2020-11-01,Clothing and footwear,1145.7,88.9970306829429,10.86704083607508,750.1333333333333,4058.2,33.36619672023397,11.97196700052423,3284.266666666667,-1.1049261644491501
2020-12-01,Clothing and footwear,1300.3,13.493933839574046,-1.7826119797567874,1017.4,4825.5,18.907397368291367,3.912743873551827,3975.533333333334,-5.695355853308614
2021-01-01,Clothing and footwear,815.6,-37.276013227716675,3.3844593738116435,1087.2,3031.1,-37.18578385659518,7.026588044207482,3971.6000000000004,-3.642128670395839
2021-02-01,Clothing and footwear,643.8,-21.064247179990204,-6.924967471447174,919.9,2545.3,-16.027184850384334,4.775038076812255,3467.3000000000006,-11.70000554825943
2021-03-01,Clothing and footwear,848.9,31.857719788754267,35.95451633568225,769.4333333333334,3079.4,20.983774014850898,38.3751235732902,2885.266666666667,-2.4206072376079533
2021-04-01,Clothing and footwear,894.6,5.383437389562973,100.89827082865486,795.7666666666668,3215.0,4.403455218549057,96.02463264435097,2946.566666666667,4.873638184303886
2021-05-01,Clothing and footwear,861.0,-3.7558685446009377,13.919026197406726,868.1666666666666,3392.6,5.52410575427682,15.194730229873343,3229.0000000000005,-1.2757040324666171
2021-06-01,Clothing and footwear,797.3,-7.398373983739848,-7.452118398142781,850.9666666666667,3194.9,-5.827389023168061,-0.06881236120233059,3267.5,-7.383306036940451
2021-07-01,Clothing and footwear,758.5,-4.866424181612938,10.375436554132712,805.6,2714.0,-15.052114307177067,-14.119359534206687,3100.5,24.4947960883394
2021-08-01,Clothing and footwear,589.7,-22.254449571522738,13.164459796584161,715.1666666666666,2474.8,-8.813559322033893,-10.888664842287188,2794.566666666667,24.05312463887135
2021-09-01,Clothing and footwear,584.1,-0.9496354078344926,17.171514543630906,644.1,2611.2,5.511556489413261,-5.10593451321002,2600.0000000000005,22.277449056840926
2021-10-01,Clothing and footwear,691.3,18.35302174285225,14.03827119762453,621.7,3210.6,22.954963235294112,5.511189983239673,2765.5333333333333,8.527081214384857
2021-11-01,Clothing and footwear,1354.8,95.97859106032114,18.250851008117298,876.7333333333332,4579.9,42.649349031333706,12.855453156571883,3467.2333333333336,5.395397851545415
2021-12-01,Clothing and footwear,1483.1,9.470032477118394,14.058294239790815,1176.3999999999999,5155.8,12.574510360488222,6.844886540254902,4315.433333333333,7.213407699535913
2022-01-01,Clothing and footwear,927.4,-37.468815319263705,13.707699852869037,1255.1,3239.0,-37.17754761627682,6.858896110322998,4324.900000000001,6.848803742546039
2022-02-01,Clothing and footwear,844.3,-8.960534828552946,31.143212177694934,1084.9333333333332,2937.9,-9.296079036739735,15.424507916552077,3777.566666666667,15.718704261142857
2022-03-01,Clothing and footwear,978.9,15.942200639583092,15.313935681470149,916.8666666666667,3406.8,15.960379863167562,10.631941287263746,3194.566666666667,4.681994394206402
2022-04-01,Clothing and footwear,1101.1,12.48339973439574,23.082942097026592,974.7666666666665,3793.4,11.347892450393338,17.990668740279947,3379.366666666667,5.092273356746645
2022-05-01,Clothing and footwear,1128.8,2.515666152029783,31.103368176538893,1069.6000000000001,3951.5,4.1677650656403165,16.47409066792431,3717.2333333333336,14.629277508614582
2022-06-01,Clothing and footwear,1158.6,2.6399716513111127,45.3154396086793,1129.5,4070.1,3.0013918765025904,27.393658643463013,3938.3333333333335,17.921780965216286
2022-07-01,Clothing and footwear,1115.9,-3.6854824788537743,47.11931443638762,1134.4333333333334,4009.1,-1.4987346748237096,47.719233603537205,4010.2333333333336,-0.5999191671495865
2022-08-01,Clothing and footwear,1088.4,-2.4643785285419884,84.56842462268949,1120.9666666666665,3843.0,-4.143074505499989,55.28527557782446,3974.066666666667,29.283149044865034
2022-09-01,Clothing and footwear,1134.4,4.226387357589112,94.21331963704847,1112.9000000000003,4006.8,4.262295081967227,53.44669117647061,3952.9666666666667,40.76662846057786
2022-10-01,Clothing and footwear,1177.9,3.8346262341325765,70.38912194416321,1133.5666666666666,4143.4,3.40920435260057,29.053759421914904,3997.7333333333336,41.3353625222483
2022-11-01,Clothing and footwear,1465.3,24.39935478393751,8.15618541482137,1259.2,5120.3,23.57725539412079,11.799384266032021,4423.5,-3.6431988512106503
2022-12-01,Clothing and footwear,1704.4,16.317477649628074,14.921448317712915,1449.2,5891.3,15.057711462219014,14.265487412234767,5051.666666666667,0.6559609054781479
2023-01-01,Clothing and footwear,1115.4,-34.55761558319643,20.271727409963347,1428.3666666666668,3848.2,-34.67995179332236,18.808274158690953,4953.266666666666,1.4634532512723943
2023-02-01,Clothing and footwear,939.6,-15.76116191500807,11.287457065024299,1253.1333333333334,3248.0,-15.596902447897708,10.555158446509406,4329.166666666667,0.7322986185148928
2023-03-01,Clothing and footwear,1078.7,14.80417198808004,10.195116968025353,1044.5666666666668,3679.3,13.27894088669952,7.9987084654221,3591.8333333333335,2.196408502603253
2023-04-01,Clothing and footwear,1181.2,9.502178548252527,7.274543638180009,1066.5,4022.9,9.33873291115157,6.049981546897243,3650.066666666667,1.224562091282766
2023-05-01,Clothing and footwear,1202.5,1.8032509312563505,6.5290574060949735,1154.1333333333334,4168.5,3.619279624151739,5.491585473870675,3956.9,1.0374719322242987
2023-06-01,Clothing and footwear,1203.4,0.07484407484408262,3.866735715518743,1195.7,4119.3,-1.1802806765023321,1.2088155082184748,4103.566666666667,2.6579202073002683
2023-07-01,Clothing and footwear,1101.4,-8.47598470998837,-1.299399587776684,1169.1000000000001,3884.8,-5.692714781637653,-3.1004464842483315,4057.533333333334,1.8010468964716475
2023-08-01,Clothing and footwear,1085.2,-1.4708552751044213,-0.2940095553105482,1130.0000000000002,3820.1,-1.6654654036243888,-0.5958886286755116,3941.4,0.30187907336496345
2023-09-01,Clothing and footwear,1129.4,4.072981938813136,-0.44076163610718977,1105.3333333333335,3998.4,4.667417083322434,-0.20964360587002462,3901.1000000000004,-0.23111803023716515
2023-10-01,Clothing and footwear,1125.7,-0.32760757924562567,-4.431615587061721,1113.4333333333334,4045.0,1.1654661864745952,-2.3748612250808376,3954.5,-2.0567543619808832
2023-11-01,Clothing and footwear,1470.4,30.620946966332063,0.34805159353035187,1241.8333333333333,5180.4,28.069221260815812,1.1737593500380727,4407.933333333333,-0.8257077565077209
2023-12-01,Clothing and footwear,1647.0,12.010337323177357,-3.3677540483454615,1414.3666666666668,5811.2,12.176665894525529,-1.3596319997284168,5012.2,-2.008122048617045
2024-01-01,Clothing and footwear,1069.4,-35.06982392228293,-4.1240810471579685,1395.6000000000001,3815.5,-34.3423045154185,-0.8497479340990544,4935.7,-3.274333113058914
2024-02-01,Clothing and footwear,925.0,-13.502898821769227,-1.5538527032779914,1213.8,3345.2,-12.326038527060678,2.9926108374384253,4323.966666666667,-4.546463540716417
2024-03-01,Clothing and footwear,1039.4,12.367567567567583,-3.6432743116714517,1011.2666666666668,3680.3,10.017338275738386,0.02717908297773519,3613.6666666666665,-3.670453394649187
2024-04-01,Clothing and footwear,1120.7,7.821820280931302,-5.12190992211311,1028.3666666666668,3842.9,4.418118088199319,-4.474384150737032,3622.8000000000006,-0.6475257713760776
2024-05-01,Clothing and footwear,1135.8,1.347372178102968,-5.546777546777548,1098.6333333333334,4066.8,5.826329074396952,-2.4397265203310536,3863.333333333334,-3.1070510264464946
2024-06-01,Clothing and footwear,1169.4,2.9582673005811078,-2.825328236662794,1141.9666666666667,4180.4,2.793351037670888,1.483261719224127,4030.033333333334,-4.308589955886921
2024-07-01,Clothing and footwear,1045.8,-10.569522832221667,-5.048120573815151,1117.0,3767.4,-9.879437374413925,-3.0220345963756223,4004.8666666666672,-2.0260859774395286
2024-08-01,Clothing and footwear,1086.8,3.9204436794798347,0.14743826022851625,1100.6666666666667,3955.0,4.979561501300633,3.5313211696028857,3967.6000000000004,-3.3838829093743694
2024-09-01,Clothing and footwear,1055.4,-2.8892160471107764,-6.552151584912346,1062.6666666666667,3877.0,-1.9721871049304673,-3.0362144857943196,3866.466666666667,-3.5159370991180268
2024-10-01,Clothing and footwear,1124.1,6.5093803297327835,-0.14213378342365912,1088.7666666666667,4097.6,5.689966468919283,1.3003708281829507,3976.533333333334,-1.4425046116066098
2024-11-01,Clothing and footwear,1485.8,32.17685259318566,1.0473340587595192,1221.7666666666667,5331.7,30.117629832096824,2.9206238900471027,4435.433333333334,-1.8732898312875834
2024-12-01,Clothing and footwear,1672.6,12.572351595100283,1.5543412264723777,1427.5,6029.4,13.085882551531402,3.7548182819383324,5152.900000000001,-2.2004770554659547
2025-01-01,Clothing and footwear,1055.0,-36.92454860695922,-1.3465494669908429,1404.4666666666665,3857.6,-36.02016784422993,1.1033940505831508,5072.900000000001,-2.4499435175739936
2025-02-01,Clothing and footwear,899.0,-14.786729857819903,-2.8108108108108154,1208.8666666666666,3286.8,-14.796764827872245,-1.7457850053808288,4391.266666666667,-1.0650258054299866
2025-03-01,Clothing and footwear,1066.2,18.598442714126804,2.578410621512406,1006.7333333333332,3802.3,15.683947912863584,3.314947151047476,3648.900000000001,-0.7365365295350701
2025-04-01,Clothing and footwear,1052.4,-1.2943162633652139,-6.094405282412774,1005.8666666666668,3782.7,-0.5154774741603863,-1.5665252803872098,3623.933333333334,-4.527880002025564
2025-05-01,Clothing and footwear,1181.9,12.305207145572016,4.058813171332987,1100.1666666666667,4257.2,12.543950088561084,4.681813711025851,3947.400000000001,-0.623000539692864
2025-06-01,Clothing and footwear,1179.4,-0.21152381758186012,0.855139387720194,1137.9000000000003,4322.2,1.5268251432866586,3.3920199024016995,4120.700000000001,-2.5368805146815054
2025-07-01,Clothing and footwear,1072.3,-9.080888587417347,2.533945305029639,1144.5333333333333,3949.3,-8.627550784322791,4.828263523915699,4176.2333333333345,-2.29431821888606
2025-08-01,Clothing and footwear,1104.1,2.965587988436069,1.59182922340817,1118.6,4026.6,1.9573088901830626,1.8103666245259165,4099.366666666668,-0.21853740111774655
2025-09-01,Clothing and footwear,1085.7,-1.6665157141563136,2.870949403069911,1087.3666666666666,4027.3,0.01738439378136114,3.876708795460404,4001.0666666666675,-1.0057593923904928
2025-10-01,Clothing and footwear,1174.1,8.142212397531523,4.448002846721821,1121.3,4370.6,8.524321505723442,6.6624365482233605,4141.500000000001,-2.214433701501539
2025-11-01,Clothing and footwear,1597.4,36.05314709138916,7.511105128550288,1285.7333333333333,5779.4,32.23356060952727,8.3969465648855,4725.766666666667,-0.8858414363352116
2025-12-01,Clothing and footwear,1700.1,6.429197445849488,1.6441468372593526,1490.5333333333335,6206.6,7.391770772052486,2.9389325637708685,5452.200000000001,-1.294785726511516
2026-01-01,Clothing and footwear,1117.5,-34.26857243691547,5.924170616113744,1471.6666666666667,4100.7,-33.93000998936616,6.301845707175446,5362.2333333333345,-0.37767509106170216
2026-02-01,Clothing and footwear,944.7,-15.463087248322138,5.083426028921023,1254.1000000000001,3451.3,-15.836320628185419,5.004867956675185,4586.200000000001,0.07855807224583788
2026-03-01,Clothing and footwear,1115.0,18.026886842383828,4.577002438566868,1059.0666666666666,4012.1,16.248949671138412,5.517712963206467,3854.7000000000007,-0.9407105246395986
2026-04-01,Clothing and footwear,1121.4,0.5739910313901531,6.55644241733182,1060.3666666666666,4039.8,0.6904115051967974,6.7967324926639705,3834.400000000001,-0.2402900753321502
2026-05-01,Clothing and footwear,1245.3,11.048689138576773,5.364244013875941,1160.5666666666666,4539.8,12.3768503391257,6.638165930658668,4197.2333333333345,-1.2739219167827276
2026-06-01,Clothing and footwear,1220.3,-2.0075483819160023,3.4678650161098723,1195.6666666666667,4442.2,-2.1498744438081085,2.776363888760347,4340.600000000001,0.6915011273495253
2026-07-01,Clothing and footwear,1144.1,-6.2443661394739,6.695887344959428,1203.2333333333333,4204.1,-5.35995677817297,6.451776264148079,4395.366666666668,0.2441110808113489
2012-07-01,Food,1577.7,,,,6541.1,,,,
2012-08-01,Food,1636.7,3.7396209672307723,,,6779.8,3.649233309382205,,,
2012-09-01,Food,1599.8,-2.254536567483356,,1604.7333333333333,6605.9,-2.5649724180654365,,6642.266666666666,
2012-10-01,Food,1666.4,4.163020377547211,,1634.3000000000002,6931.2,4.9243857763514365,,6772.3,
2012-11-01,Food,1704.5,2.2863658185309665,,1656.8999999999999,6955.0,0.3433748845798723,,6830.7,
2012-12-01,Food,1891.2,10.953358756233511,,1754.0333333333335,7689.0,10.553558590941758,,7191.733333333333,
2013-01-01,Food,1679.3,-11.204526226734357,,1758.3333333333333,6895.3,-10.322538691637407,,7179.766666666666,
2013-02-01,Food,1557.0,-7.282796403263259,,1709.1666666666667,6358.9,-7.779211926964747,,6981.066666666667,
2013-03-01,Food,1768.9,13.609505459216443,,1668.3999999999999,7155.1,12.521033512085445,,6803.099999999999,
2013-04-01,Food,1608.6,-9.06212900672736,,1644.8333333333333,6553.2,-8.41218152087323,,6689.066666666667,
2013-05-01,Food,1666.4,3.593186621907263,,1681.3,6823.0,4.117072575230418,,6843.766666666666,
2013-06-01,Food,1601.8,-3.876620259241481,,1625.6000000000001,6526.6,-4.344130148028724,,6634.266666666667,
2013-07-01,Food,1663.5,3.85191659383195,5.4382962540406865,1643.8999999999999,6785.9,3.972972144761422,3.742489795294368,6711.833333333333,1.6958064587463184
2013-08-01,Food,1748.7,5.121731289449949,6.843037820003661,1671.3333333333333,7043.5,3.79610663287111,3.889495265347054,6785.333333333333,2.9535425546566074
2013-09-01,Food,1673.3,-4.311774461028195,4.594324290536322,1695.1666666666667,6763.3,-3.978135869951016,2.382718478935497,6864.233333333334,2.2116058116008253
2013-10-01,Food,1804.5,7.8407936413076085,8.287325972155536,1742.1666666666667,7150.1,5.719101621989275,3.1581832871652837,6985.633333333334,5.129142684990252
2013-11-01,Food,1829.1,1.36325852036574,7.3100616016427145,1768.9666666666665,7150.9,0.011188654704130663,2.8166786484543405,7021.433333333333,4.493382953188374
2013-12-01,Food,2127.9,16.3359029030671,12.515862944162448,1920.5,8131.5,13.712959207931874,5.754974639094801,7477.5,6.760888305067647
2014-01-01,Food,1879.7,-11.66408195873866,11.933543738462472,1945.5666666666666,7337.0,-9.770645022443581,6.40581265499689,7539.799999999999,5.527731083465582
2014-02-01,Food,1690.8,-10.04947598020961,8.593448940269743,1899.4666666666665,6640.9,-9.487528962791336,4.434729277076221,7369.8,4.158719663193522
2014-03-01,Food,1846.4,9.20274426307075,4.381253886596181,1805.6333333333332,7265.5,9.405351684259667,1.5429553744881197,7081.133333333334,2.8382985121080617
2014-04-01,Food,1780.4,-3.5745233968804135,10.680094492104942,1772.5333333333335,7010.0,-3.516619640768015,6.970640297869757,6972.133333333334,3.7094541942351853
2014-05-01,Food,1770.7,-0.5448213884520325,6.259001440230438,1799.1666666666667,7050.9,0.5834522111269669,3.3401729444525907,7108.799999999999,2.9188284957778476
2014-06-01,Food,1704.4,-3.7442819224035695,6.405294044200294,1751.8333333333333,6784.6,-3.7768228169453466,3.9530536573407327,6948.5,2.452240386859561
2014-07-01,Food,1789.5,4.992959399202057,7.5743913435527555,1754.8666666666668,7127.1,5.048197388202702,5.028072915899151,6987.533333333333,2.5463184276536044
2014-08-01,Food,1844.5,3.073484213467448,5.478355349688346,1779.466666666667,7285.7,2.2253090317239765,3.4386313622488895,7065.8,2.039723987439457
2014-09-01,Food,1771.7,-3.946869070208725,5.880595230980701,1801.8999999999999,7034.2,-3.451967552877555,4.005441130808918,7149.0,1.875154100171783
2014-10-01,Food,1875.0,5.830558220917759,3.906899418121368,1830.3999999999999,7491.9,6.506781154928776,4.780352722339543,7270.599999999999,-0.8734533042181747
2014-11-01,Food,1884.6,0.5120000000000013,3.034279153682129,1843.7666666666664,7461.4,-0.4071063415155063,4.342110783258057,7329.166666666667,-1.3078316295759285
2014-12-01,Food,2098.4,11.344582404754334,-1.3863433432022232,1952.6666666666667,8273.9,10.88937732865145,1.7512144130849228,7742.399999999999,-3.137557756287146
2015-01-01,Food,1849.4,-11.866183759054516,-1.6119593552162526,1944.1333333333332,7413.5,-10.39896542138532,1.042660487937841,7716.266666666666,-2.6546198431540935
2015-02-01,Food,1703.6,-7.883637936628107,0.757038088478823,1883.8,6811.7,-8.117623254872875,2.5719405502266257,7499.7,-1.8149024617478027
2015-03-01,Food,1870.8,9.814510448462087,1.3214904679375916,1807.9333333333334,7493.3,10.006312667909633,3.135365769733678,7239.5,-1.8138753017960862
2015-04-01,Food,1814.8,-2.9933718195424452,1.9321500786340096,1796.3999999999999,7189.3,-4.056957548743545,2.557774607703278,7164.766666666666,-0.6256245290692686
2015-05-01,Food,1837.0,1.2232752920432022,3.7442819224035695,1840.8666666666668,7330.0,1.9570750977146556,3.9583599256832525,7337.533333333333,-0.21407800327968296
2015-06-01,Food,1733.1,-5.655960805661408,1.6838770241727197,1794.9666666666665,6973.9,-4.8581173260572985,2.79014238127524,7164.400000000001,-1.1062653571025205
2015-07-01,Food,1825.9,5.354566960937057,2.0340877340039087,1798.6666666666667,7330.1,5.107615537934307,2.8482833129884533,7211.333333333333,-0.8141955789845445
2015-08-01,Food,1872.8,2.5685963086696795,1.5342911358091627,1810.6000000000001,7425.9,1.3069398780371166,1.924317498661754,7243.3,-0.3900263628525913
2015-09-01,Food,1815.0,-3.086287911149077,2.4439803578483854,1837.8999999999999,7252.5,-2.3350704965054647,3.1034090585994267,7336.166666666667,-0.6594287007510413
2015-10-01,Food,1947.8,7.316804407713495,3.8826666666666565,1878.5333333333335,7746.2,6.807307824887965,3.394332545816159,7474.866666666666,0.48833412085049765
2015-11-01,Food,1954.7,0.35424581579217573,3.7196222009975743,1905.8333333333333,7702.6,-0.5628566264749058,3.2326373066716707,7567.099999999999,0.48698489432590364
2015-12-01,Food,2224.3,13.792397810405689,5.999809378574161,2042.2666666666667,8651.5,12.319216887804107,4.563748655410382,8033.433333333333,1.436060723163779
2016-01-01,Food,1941.8,-12.700624915703829,4.996214988644954,2040.2666666666667,7694.6,-11.06050973819569,3.791731301004919,8016.233333333334,1.2044836876400344
2016-02-01,Food,1829.0,-5.809043155834792,7.360882836346572,1998.3666666666668,7252.1,-5.75078626569282,6.465346389300763,7866.066666666667,0.8955364470458083
2016-03-01,Food,1986.1,8.589393110989608,6.163138764165055,1918.9666666666665,7876.4,8.608540974338453,5.112567226722531,7607.7,1.050571537442524
2016-04-01,Food,1866.7,-6.011781884094447,2.8598192638307207,1893.9333333333332,7359.3,-6.565182062871355,2.3646252069047025,7495.933333333333,0.49519405692601826
2016-05-01,Food,1880.7,0.7499866073820138,2.378878606423518,1911.1666666666667,7432.0,0.9878656937480468,1.391541609822644,7555.900000000001,0.9873369966008738
2016-06-01,Food,1814.1,-3.5412346466741185,4.673706075817896,1853.8333333333333,7246.7,-2.493272335844998,3.911728014453897,7346.0,0.7619780613639993
2016-07-01,Food,1886.9,4.01300920566674,3.340818226627973,1860.5666666666666,7538.7,4.029420287855157,2.845800193721759,7405.8,0.4950180329062137
2016-08-01,Food,1928.0,2.1781758439768817,2.947458351131993,1876.3333333333333,7685.7,1.9499383182776775,3.4985658304043987,7490.366666666666,-0.5511074792724058
2016-09-01,Food,1897.7,-1.5715767634854716,4.556473829201102,1904.2,7567.0,-1.5444266625030845,4.336435711823516,7597.133333333334,0.2200381173775856
2016-10-01,Food,1993.8,5.064024872213735,2.3616387719478382,1939.8333333333333,7964.2,5.24910796881195,2.814283132374573,7738.966666666666,-0.45264436042673495
2016-11-01,Food,1998.1,0.2156685725749785,2.2202895585000215,1963.2,7940.0,-0.3038597724818515,3.082076182068394,7823.733333333334,-0.8617866235683724
2016-12-01,Food,2296.7,14.944196987137781,3.2549566155644305,2096.2000000000003,9061.4,14.123425692695202,4.737906721377794,8321.866666666667,-1.4829501058133632
2017-01-01,Food,1984.0,-13.615187007445462,2.1732413224842873,2092.933333333333,7922.0,-12.574215904827069,2.9553193148441625,8307.8,-0.7820779923598753
2017-02-01,Food,1846.7,-6.920362903225808,0.967741935483879,2042.466666666667,7334.7,-7.4135319363797025,1.1389804332538,8106.033333333333,-0.17123849776992106
2017-03-01,Food,2019.3,9.346401689500183,1.6716177433160562,1950.0,8036.0,9.56139992092384,2.026306434411662,7764.233333333334,-0.35468869109560597
2017-04-01,Food,1981.2,-1.8867924528301883,6.1338190389457425,1949.0666666666668,7874.5,-2.0097063215530064,7.000665824195229,7748.400000000001,-0.8668467852494866
2017-05-01,Food,1938.3,-2.1653543307086687,3.0626894241505775,1979.6000000000004,7769.5,-1.3334179947933178,4.541173304628643,7893.333333333333,-1.4784838804780653
2017-06-01,Food,1874.8,-3.276066656348342,3.346011796483106,1931.4333333333334,7544.2,-2.8998005019628015,4.10531690286613,7729.399999999999,-0.7593051063830236
2017-07-01,Food,1953.4,4.192447194367399,3.5242991149504466,1922.166666666667,7832.4,3.8201532302961194,3.8958971705997048,7715.366666666666,-0.3715980556492582
2017-08-01,Food,1991.3,1.940206818879897,3.2831950207468763,1939.8333333333333,7936.1,1.3239875389408295,3.2579986208152834,7770.899999999999,0.02519639993159295
2017-09-01,Food,1947.6,-2.194546276301912,2.6294988670495734,1964.1000000000001,7795.8,-1.7678708685626487,3.02365534557949,7854.766666666666,-0.39415647852991675
2017-10-01,Food,2051.0,5.309098377490251,2.8688935700672102,1996.6333333333334,8163.0,4.710228584622489,2.496170362371619,7964.966666666667,0.3727232076955911
2017-11-01,Food,2079.3,1.3798147245246417,4.063860667634267,2025.966666666667,8188.6,0.3136101923312484,3.130982367758195,8049.133333333334,0.9328782998760721
2017-12-01,Food,2349.1,12.975520607896884,2.2815343754081896,2159.8000000000006,9263.2,13.123122389663688,2.2270289359260342,8538.266666666668,0.05450543948215536
2018-01-01,Food,2040.0,-13.158230811800264,2.822580645161299,2156.1333333333337,8147.8,-12.041195267294247,2.8502903307245697,8533.2,-0.027709685563270803
2018-02-01,Food,1904.5,-6.642156862745097,3.1299074023934503,2097.866666666667,7525.4,-7.638871842706008,2.599970005589869,8312.133333333333,0.5299373968035814
2018-03-01,Food,2176.3,14.27146232606984,7.774971524785834,2040.266666666667,8581.6,14.035134345018218,6.789447486311606,8084.933333333333,0.9855240384742281
2018-04-01,Food,1988.6,-8.624730046409057,0.3735110034322586,2023.1333333333334,7844.0,-8.595133774587493,-0.38732617943996184,7983.666666666667,0.7608371828722205
2018-05-01,Food,2026.8,1.9209494116463777,4.5658566785327315,2063.9,8073.1,2.920703722590523,3.9075873608340306,8166.233333333333,0.6582693176987009
2018-06-01,Food,1964.0,-3.098480363134004,4.757840836355887,1993.1333333333334,7854.0,-2.7139512702679336,4.106465894329414,7923.7,0.6513749420264725
2018-07-01,Food,2036.5,3.6914460285132344,4.254121019760415,2009.1000000000001,8108.0,3.2340208810797133,3.5187171237424097,8011.7,0.7354038960180054
2018-08-01,Food,2099.3,3.083722072182682,5.423592627931506,2033.2666666666667,8337.8,2.8342377898371796,5.0616801703607495,8099.933333333333,0.36191245757075663
2018-09-01,Food,2059.1,-1.914924022293163,5.724994865475463,2064.9666666666667,8138.0,-2.3963155748518705,4.389543087303416,8194.6,1.3354517781720476
2018-10-01,Food,2167.5,5.264435918605215,5.680156021452953,2108.633333333333,8492.5,4.356107151634303,4.036506186451061,8322.766666666666,1.6436498350018924
2018-11-01,Food,2168.5,0.046136101499416604,4.2899052565767315,2131.7000000000003,8520.7,0.3320576979688017,4.055638326453859,8383.733333333334,0.2342669301228728
2018-12-01,Food,2470.5,13.926677426792722,5.167936656591898,2268.8333333333335,9654.7,13.30876571173729,4.2264012436307175,8889.300000000001,0.9415354129611808
2019-01-01,Food,2134.5,-13.600485731633272,4.632352941176476,2257.8333333333335,8475.4,-12.214776222979495,4.0207172488278875,8883.6,0.6116356923485888
2019-02-01,Food,1997.9,-6.39962520496603,4.904174323969546,2200.9666666666667,7928.2,-6.4563324444863905,5.3525393998990145,8686.1,-0.44836507592946884
2019-03-01,Food,2243.3,12.282897041894003,3.0786196755961948,2125.233333333333,8840.2,11.503241593299872,3.0134240701034765,8414.6,0.0651956054927183
2019-04-01,Food,2130.5,-5.0283065127267985,7.13567333802676,2123.9,8412.9,-4.833601049750014,7.252677205507396,8393.766666666668,-0.11700386748063618
2019-05-01,Food,2124.1,-0.30039896737855676,4.80067100848629,2165.9666666666667,8402.1,-0.12837428235209503,4.0752622908176495,8551.733333333334,0.7254087176686408
2019-06-01,Food,2027.3,-4.557224236147073,3.22301425661915,2093.9666666666667,8057.4,-4.1025457921234025,2.589763177998461,8290.800000000001,0.6332510786206891
2019-07-01,Food,2104.4,3.8030878508360955,3.3341517309108726,2085.266666666667,8353.9,3.6798470970784702,3.0328071040947258,8271.133333333333,0.3013446268161468
2019-08-01,Food,2190.7,4.100931381866557,4.353832229790866,2107.4666666666667,8697.1,4.108260812315212,4.309290220441864,8369.466666666667,0.04454200934900232
2019-09-01,Food,2101.0,-4.094581640571504,2.0348696032247204,2132.0333333333333,8292.4,-4.65327522967427,1.8972720570164636,8447.8,0.13759754620825682
2019-10-01,Food,2218.0,5.568776772965256,2.3298731257208827,2169.9,8729.8,5.274709372437414,2.794230203120396,8573.1,-0.46435707739951315
2019-11-01,Food,2203.5,-0.6537421100090146,1.6140189070786182,2174.1666666666665,8686.5,-0.4960021993630881,1.9458495194056846,8569.566666666666,-0.33183061232706645
2019-12-01,Food,2416.6,9.670977989562047,-2.1817445861161744,2279.366666666667,9446.4,8.748057330340187,-2.157498420458437,8954.233333333332,-0.024246165657737517
2020-01-01,Food,2153.3,-10.895472978564912,0.8807683298196478,2257.7999999999997,8413.6,-10.933265582655816,-0.7291691247610643,8848.833333333334,1.6099374545807121
2020-02-01,Food,2057.4,-4.4536293131472675,2.9781270333850474,2209.1,8092.8,-3.81287439383855,2.0761332963346035,8650.933333333332,0.9019937370504438
2020-03-01,Food,2811.7,36.66277826382811,25.33767217937857,2340.8,10930.2,35.06079478054567,23.64199904979525,9145.533333333335,1.6956731295833194
2020-04-01,Food,2327.6,-17.217341821673713,9.251349448486268,2398.9,9167.7,-16.125048032057965,8.971935955496924,9396.9,0.2794134929893435
2020-05-01,Food,2466.7,5.976112734146755,16.129184125041185,2535.3333333333335,9663.8,5.411389988764892,15.01648397424451,9920.566666666668,1.112700150796675
2020-06-01,Food,2340.6,-5.112093079823243,15.454052187638734,2378.2999999999997,9054.7,-6.3029036196941,12.377441854692606,9295.4,3.076610332946128
2020-07-01,Food,2559.6,9.35657523711868,21.630868656149005,2455.633333333333,9631.2,6.366859200194375,15.28986461413233,9449.9,6.3410040420166744
2020-08-01,Food,2602.9,1.6916705735271265,18.815903592459037,2501.0333333333333,9784.1,1.5875487997341953,12.498419013234297,9490.0,6.31748457922474
2020-09-01,Food,2432.4,-6.55038610780283,15.773441218467399,2531.633333333333,9201.5,-5.954558927239095,10.963050504076023,9538.933333333334,4.810390714391376
2020-10-01,Food,2543.4,4.563394178589042,14.670874661857525,2526.233333333333,9659.3,4.97527577025485,10.647437512886903,9548.300000000001,4.023437148970622
2020-11-01,Food,2395.1,-5.830777699142886,8.69525754481506,2456.9666666666667,9369.4,-3.0012526787655425,7.861624359638508,9410.066666666668,0.8336331851765522
2020-12-01,Food,2600.0,8.554966389712337,7.589174873789628,2512.8333333333335,10330.1,10.253591478643242,9.35488651761518,9786.266666666665,-1.7657116438255516
2021-01-01,Food,2323.0,-10.653846153846159,7.880926949333578,2439.366666666667,9230.6,-10.643653014007604,9.710468764856905,9643.366666666667,-1.8295418155233278
2021-02-01,Food,2103.5,-9.448988377098576,2.240692135705258,2342.1666666666665,8243.5,-10.693779385955416,1.8621490707789512,9268.066666666668,0.3785430649263066
2021-03-01,Food,2286.5,8.699786070834325,-18.679090941423336,2237.6666666666665,9182.4,11.389579668829985,-15.990558269748046,8885.5,-2.68853267167529
2021-04-01,Food,2183.9,-4.487207522414172,-6.173741192644777,2191.2999999999997,8707.0,-5.177295696114303,-5.025251698899402,8710.966666666667,-1.148489493745375
2021-05-01,Food,2352.4,7.715554741517461,-4.633721165930183,2274.2666666666664,9147.0,5.053405306075565,-5.347792793725025,9012.133333333333,0.7140716277948425
2021-06-01,Food,2246.1,-4.518789321543959,-4.037426300948477,2260.7999999999997,8918.0,-2.5035530775117554,-1.509713187626327,8924.0,-2.5277131133221498
2021-07-01,Food,2428.4,8.116290459017872,-5.1258009063916194,2342.2999999999997,9725.5,9.054720789414672,0.9791095605947264,9263.5,-6.104910466986346
2021-08-01,Food,2581.7,6.3127985504858986,-0.8144761612048246,2418.7333333333336,10039.2,3.22554110328519,2.607291421796587,9560.9,-3.4217675830014116
2021-09-01,Food,2490.8,-3.520935817484594,2.400920901167569,2500.2999999999997,9596.6,-4.408717826121611,4.293865130685215,9787.1,-1.8929442295176457
2021-10-01,Food,2588.4,3.9184197848080915,1.7692852087756616,2553.6333333333337,9968.8,3.87845695350435,3.204165933349201,9868.2,-1.4348807245735395
2021-11-01,Food,2430.5,-6.100293617678876,1.4780176193060823,2503.2333333333336,9532.3,-4.378661423641761,1.7386385467585974,9699.233333333334,-0.2606209274525151
2021-12-01,Food,2742.3,12.828636083110489,5.473076923076925,2587.0666666666666,10889.8,14.241054100269611,5.418146968567572,10130.3,0.054929954509352896
2022-01-01,Food,2535.5,-7.541115122342568,9.14765389582437,2569.4333333333334,9985.5,-8.30410108541938,8.17823326760989,10135.866666666667,0.969420628214479
2022-02-01,Food,2261.0,-10.826267008479595,7.4875207986688785,2512.9333333333334,8946.0,-10.410094637223978,8.521865712379451,9940.433333333332,-1.034344913710573
2022-03-01,Food,2429.5,7.4524546660769575,6.254100153072373,2408.6666666666665,9701.4,8.44399731723675,5.652117093570319,9544.300000000001,0.6019830595020537
2022-04-01,Food,2501.4,2.9594566783288867,14.53821145656853,2397.2999999999997,9939.5,2.4542849485641227,14.155277363041229,9528.966666666667,0.38293409352730023
2022-05-01,Food,2493.0,-0.33581194531062675,5.976874681176669,2474.633333333333,9869.7,-0.7022486040545228,7.900951131518541,9836.866666666667,-1.9240764503418717
2022-06-01,Food,2386.8,-4.259927797833929,6.264191264859109,2460.4,9508.8,-3.656646098665628,6.624803767660903,9772.666666666666,-0.3606125028017937
2022-07-01,Food,2585.5,8.324953913189193,6.469280184483606,2488.433333333334,10288.1,8.19556621235067,5.784792555652674,9888.866666666667,0.6844876288309321
2022-08-01,Food,2602.1,0.6420421581899038,0.7901770151450549,2524.8,10394.3,1.0322605728948941,3.5371344330225263,10063.733333333334,-2.7469574178774714
2022-09-01,Food,2548.9,-2.044502517197644,2.3325839087843248,2578.8333333333335,10230.1,-1.579711957515162,6.601296292436909,10304.166666666666,-4.268712383652584
2022-10-01,Food,2706.4,6.179136097924598,4.558800803585217,2619.1333333333337,10734.0,4.92566055072774,7.6759489607575615,10452.800000000001,-3.1171481571723447
2022-11-01,Food,2662.9,-1.6073012119420582,9.56181855585272,2639.4,10621.9,-1.0443450717346758,11.430609611531327,10528.666666666666,-1.8687910556786083
2022-12-01,Food,3010.8,13.064703894250629,9.791051307296783,2793.366666666667,11924.5,12.263342716463166,9.501551910962558,11093.466666666667,0.28949939633422517
2023-01-01,Food,2719.5,-9.675169390195304,7.256951291658442,2797.7333333333336,10736.4,-9.963520483039122,7.519903860597865,11094.266666666668,-0.262952568939423
2023-02-01,Food,2493.1,-8.32505975363118,10.26536930561699,2741.1333333333337,9962.0,-7.21284601914981,11.35703107534094,10874.300000000001,-1.0916617697239506
2023-03-01,Food,2690.8,7.929886486703319,10.755299444330113,2634.4666666666667,10751.1,7.921100180686613,10.820087822376156,10483.166666666666,-0.06478837804604254
2023-04-01,Food,2719.0,1.0480154600862157,8.699128488046682,2634.2999999999997,10884.3,1.2389429918798989,9.505508325368472,10532.466666666665,-0.8063798373217903
2023-05-01,Food,2711.2,-0.28687017285767835,8.75250701965502,2707.0,10851.4,-0.30227024245932377,9.946604253422088,10828.933333333334,-1.1940972337670672
2023-06-01,Food,2589.3,-4.4961640601947295,8.484162895927593,2673.1666666666665,10442.8,-3.7654127578008456,9.822480228840647,10726.166666666666,-1.3383173329130535
2023-07-01,Food,2689.7,3.877495848298751,4.030168245987231,2663.4,10861.7,4.01137625924084,5.575373489760027,10718.633333333333,-1.5452052437727959
2023-08-01,Food,2702.9,0.4907610514183869,3.8737942431113392,2660.633333333333,10972.6,1.02101880921035,5.563626218215756,10759.033333333333,-1.6898319751044166
2023-09-01,Food,2672.3,-1.1321173554330488,4.8413040919612405,2688.2999999999997,10849.2,-1.124619506771407,6.05174924976295,10894.500000000002,-1.2104451578017095
2023-10-01,Food,2773.9,3.8019683418777817,2.4940880874963156,2716.366666666667,11257.1,3.759724219297267,4.873299795043784,11026.300000000001,-2.3792117075474684
2023-11-01,Food,2760.7,-0.47586430657198253,3.6726876713357504,2735.6333333333337,11143.2,-1.0118058825096976,4.907784859582565,11083.166666666666,-1.2350971882468142
2023-12-01,Food,3030.7,9.780128228347884,0.6609538992958575,2855.1,12280.9,10.209814057003364,2.9888045620361403,11560.4,-2.327850662740283
2024-01-01,Food,2733.7,-9.799716237172929,0.5221548078690796,2841.6999999999994,11071.6,-9.846998184172161,3.1220893409336536,11498.566666666668,-2.599934533064574
2024-02-01,Food,2626.3,-3.9287412664154697,5.342745978901786,2796.9,10596.6,-4.290256150872507,6.370206785785992,11316.366666666667,-1.0274608068842062
2024-03-01,Food,2869.2,9.248752998514998,6.629998513453228,2743.066666666667,11539.7,8.90002453617198,7.335063388862539,11069.300000000001,-0.7050648754093114
2024-04-01,Food,2633.2,-8.225289279241599,-3.155571901434362,2709.5666666666666,10687.6,-7.384074109378924,-1.8071901730014717,10941.300000000001,-1.3483817284328903
2024-05-01,Food,2729.5,3.65714719732646,0.6749778695780639,2743.9666666666667,11101.7,3.874583629626871,2.3066148146783094,11109.666666666666,-1.6316369451002455
2024-06-01,Food,2635.4,-3.4475178604139955,1.780403970184996,2666.0333333333333,10745.9,-3.2049145626345643,2.9024782625349577,10845.066666666668,-1.1220742923499616
2024-07-01,Food,2672.4,1.403961447977542,-0.6431944082983088,2679.1,10983.5,2.2110758521854956,1.1213714243626605,10943.699999999999,-1.7645658326609692
2024-08-01,Food,2811.3,5.197575213291428,4.010507232972005,2706.366666666667,11510.0,4.793553967314601,4.897654156717635,11079.800000000001,-0.8871469237456298
2024-09-01,Food,2701.7,-3.89855227119128,1.100175878456744,2728.4666666666667,11090.0,-3.6490008688097264,2.2195184898425646,11194.5,-1.1193426113858207
2024-10-01,Food,2848.0,5.415109005441021,2.671329175529036,2787.0,11641.1,4.969341749323708,3.411180499418154,11413.699999999999,-0.739851323889118
2024-11-01,Food,2864.0,0.561797752808979,3.7418046147716266,2804.566666666667,11653.8,0.1090962194294276,4.582166702562995,11461.633333333333,-0.8403620877913687
2024-12-01,Food,3091.3,7.936452513966485,1.9995380605140944,2934.433333333333,12593.3,8.0617480993324,2.5437875074302285,11962.733333333332,-0.5442494469161341
2025-01-01,Food,2832.0,-8.388056804580602,3.5958590920730282,2929.1,11523.5,-8.494993369490123,4.081614220166907,11923.533333333333,-0.4857551280938788
2025-02-01,Food,2608.6,-7.8884180790960485,-0.67395194760691,2843.9666666666667,10675.0,-7.363214301210574,0.7398599550799245,11597.266666666665,-1.4138119026868345
2025-03-01,Food,2941.2,12.75013417158628,2.509410288582181,2793.933333333333,12045.4,12.837470725995303,4.382262970441153,11414.633333333333,-1.872852681858972
2025-04-01,Food,2867.3,-2.5125798993607895,8.890323560686642,2805.7000000000003,11660.0,-3.1995616583924136,9.098394400988052,11460.133333333333,-0.20807084030141
2025-05-01,Food,2917.5,1.7507759913507392,6.887708371496615,2908.6666666666665,11863.0,1.7409948542024045,6.857508309538174,11856.133333333333,0.030200061958440827
2025-06-01,Food,2806.1,-3.8183376178234862,6.4771951126963545,2863.6333333333337,11438.4,-3.5791958189328232,6.444318298141627,11653.800000000001,0.032876814554727574
2025-07-01,Food,2861.7,1.9813976693631608,7.083520431073187,2861.7666666666664,11797.0,3.135053853685843,7.406564392042614,11699.466666666667,-0.3230439609694269
2025-08-01,Food,2975.7,3.9836460844952404,5.847828406786881,2881.1666666666665,12141.4,2.9193862846486285,5.4856646394439545,11792.266666666668,0.36216376734292677
2025-09-01,Food,2855.2,-4.049467352219649,5.681607876522188,2897.533333333333,11762.3,-3.1223746849622036,6.062218214607751,11900.233333333332,-0.380610338085563
2025-10-01,Food,3038.3,6.412860745306825,6.681882022471908,2956.4,12453.1,5.873001028710378,6.975285840685164,12118.933333333332,-0.2934038182132559
2025-11-01,Food,3042.2,0.12836125464896764,6.2220670391061494,2978.566666666667,12450.9,-0.017666283897188606,6.839829068629988,12222.1,-0.6177620295238384
2025-12-01,Food,3260.0,7.159292617184931,5.457250994727136,3113.5,13339.9,7.140046101085051,5.928549307965358,12747.966666666667,-0.471298313238222
2026-01-01,Food,3009.2,-7.69325153374234,6.257062146892656,3103.7999999999997,12231.4,-8.309657493684364,6.143098884887399,12674.066666666666,0.11396326200525664
2026-02-01,Food,2768.5,-7.998803668749166,6.129724756574406,3012.566666666667,11326.0,-7.402259757672869,6.0983606557377,12299.1,0.031364100836706044
2026-03-01,Food,3144.5,13.581361748239118,6.912144702842382,2974.066666666667,12881.2,13.731237859791644,6.9387484018795575,12146.199999999999,-0.02660369903717541
2026-04-01,Food,2945.3,-6.334870408650017,2.7203292295888026,2952.7666666666664,12079.7,-6.222246374561379,3.599485420240134,12095.633333333333,-0.8791561906513312
2026-05-01,Food,3084.0,4.709197704817836,5.706940874035982,3057.933333333333,12585.3,4.185534408967095,6.088679086234494,12515.4,-0.38173821219851245
2026-06-01,Food,2894.5,-6.144617380025941,3.1502797476925304,2974.6,11947.8,-5.06543348191938,4.453420058749469,12204.266666666668,-1.3031403110569384
2026-07-01,Food,3047.8,5.296251511487315,6.503127511618989,3008.7666666666664,12568.3,5.193424730912799,6.538102907518861,12367.133333333331,-0.0349753958998722
2012-07-01,Furnishings and household equipment,797.8,,,,3092.2,,,,
2012-08-01,Furnishings and household equipment,802.6,0.6016545500125536,,,3142.4,1.6234396222754022,,,
2012-09-01,Furnishings and household equipment,789.4,-1.644654871667084,,796.6,3161.4,0.6046334012219878,,3132.0,
2012-10-01,Furnishings and household equipment,821.8,4.104383075753737,,804.6,3266.0,3.308660719934209,,3189.933333333333,
2012-11-01,Furnishings and household equipment,858.8,4.5023119980530435,,823.3333333333334,3397.3,4.020208205756282,,3274.9,
2012-12-01,Furnishings and household equipment,1096.1,27.631578947368407,,925.5666666666666,4275.9,25.86171371383155,,3646.4,
2013-01-01,Furnishings and household equipment,811.3,-25.983030745369952,,922.0666666666666,3201.2,-25.133889941298904,,3624.7999999999997,
2013-02-01,Furnishings and household equipment,703.2,-13.3242943424134,,870.1999999999999,2802.9,-12.442209171560659,,3426.6666666666665,
2013-03-01,Furnishings and household equipment,758.6,7.8782707622298,,757.6999999999999,3021.6,7.8026329872631806,,3008.566666666667,
2013-04-01,Furnishings and household equipment,753.9,-0.6195623517005089,,738.5666666666666,2971.2,-1.6679904686259017,,2931.9,
2013-05-01,Furnishings and household equipment,770.8,2.2416766149356615,,761.1,3095.5,4.183494884221872,,3029.433333333333,
2013-06-01,Furnishings and household equipment,782.4,1.5049299429164442,,769.0333333333333,3116.4,0.6751736391536145,,3061.0333333333333,
2013-07-01,Furnishings and household equipment,797.9,1.9810838445807777,0.012534469791924963,783.6999999999999,3151.7,1.1327172378385209,1.924196365047548,3121.2000000000003,-1.911661895255623
2013-08-01,Furnishings and household equipment,824.0,3.2710866023311302,2.6663344131572453,801.4333333333334,3236.0,2.674746961957042,2.978615071283097,3168.0333333333333,-0.31228065812585193
2013-09-01,Furnishings and household equipment,807.6,-1.9902912621359237,2.3055485178616664,809.8333333333334,3189.0,-1.4524103831891177,0.873030935661423,3192.2333333333336,1.4325175822002434
2013-10-01,Furnishings and household equipment,863.8,6.958890539871221,5.110732538330498,831.8000000000001,3400.8,6.641580432737548,4.127372933251694,3275.2666666666664,0.983359605078804
2013-11-01,Furnishings and household equipment,902.9,4.526510766381109,5.135072193758727,858.1,3562.6,4.757704069630675,4.865628587407644,3384.133333333333,0.269443606351083
2013-12-01,Furnishings and household equipment,1142.3,26.51456418207996,4.214943891980671,969.6666666666666,4451.7,24.956492449334753,4.111415140672148,3805.033333333333,0.10352875130852368
2014-01-01,Furnishings and household equipment,833.6,-27.024424406898362,2.7486749661038035,959.5999999999999,3346.3,-24.830963452164333,4.532675246782469,3786.866666666667,-1.784000280678666
2014-02-01,Furnishings and household equipment,747.9,-10.280710172744723,6.3566552901023865,907.9333333333334,2936.7,-12.240384902728396,4.773627314567053,3578.2333333333336,1.5830279755353338
2014-03-01,Furnishings and household equipment,818.1,9.386281588447654,7.843395728974434,799.8666666666667,3182.3,8.363128681853805,5.318374371194068,3155.1,2.525021357780366
2014-04-01,Furnishings and household equipment,791.2,-3.2881065884366234,4.947605783260389,785.7333333333335,3093.0,-2.8061464978160533,4.0993537964458815,3070.6666666666665,0.8482519868145078
2014-05-01,Furnishings and household equipment,814.6,2.957532861476242,5.68240788790868,807.9666666666667,3238.3,4.697704494018762,4.6131481182361656,3171.2000000000003,1.0692597696725148
2014-06-01,Furnishings and household equipment,816.4,0.22096734593664014,4.3456032719836335,807.4000000000001,3256.5,0.5620232838217554,4.495571813631116,3195.933333333333,-0.14996854164748274
2014-07-01,Furnishings and household equipment,818.1,0.2082312591866753,2.5316455696202667,816.3666666666667,3315.8,1.8209734377399034,5.206713836976884,3270.2000000000003,-2.6750682673566173
2014-08-01,Furnishings and household equipment,822.4,0.5256081163671933,-0.1941747572815511,818.9666666666667,3290.6,-0.7599975873092579,1.6872682323856525,3287.633333333333,-1.8814429896672036
2014-09-01,Furnishings and household equipment,849.7,3.3195525291828787,5.212976721149087,830.0666666666666,3414.0,3.750075973986511,7.05550329256821,3340.133333333333,-1.842526571419123
2014-10-01,Furnishings and household equipment,926.4,9.026715311286338,7.247047927761052,866.1666666666666,3649.5,6.8980667838312915,7.312985179957643,3451.366666666667,-0.06593725219659063
2014-11-01,Furnishings and household equipment,956.9,3.2923143350604533,5.980728762875187,911.0,3764.6,3.153856692697632,5.670016280244772,3609.3666666666663,0.3107124826304153
2014-12-01,Furnishings and household equipment,1206.1,26.042428675932694,5.58522279611311,1029.8,4665.0,23.917547681028537,4.791427993800124,4026.3666666666663,0.7937948023129859
2015-01-01,Furnishings and household equipment,885.8,-26.556670259514135,6.2619961612284,1016.2666666666668,3529.2,-24.34726688102894,5.465738278098198,3986.2666666666664,0.7962578831302025
2015-02-01,Furnishings and household equipment,790.7,-10.736057800857967,5.722690199224512,960.8666666666667,3098.9,-12.192564887226565,5.523206320019081,3764.366666666667,0.19948387920543098
2015-03-01,Furnishings and household equipment,869.7,9.991147084861506,6.3072973964063195,848.7333333333332,3397.2,9.625996321275277,6.752977406278471,3341.7666666666664,-0.4456800098721514
2015-04-01,Furnishings and household equipment,826.1,-5.013222950442686,4.411021233569268,828.8333333333334,3242.6,-4.550806546567754,4.836728095699971,3246.2333333333336,-0.42570686213070363
2015-05-01,Furnishings and household equipment,848.5,2.7115361336399912,4.16155168180703,848.1,3414.7,5.307469314747415,5.447302597041648,3351.5,-1.285750915234618
2015-06-01,Furnishings and household equipment,882.8,4.042427813789029,8.13326800587948,852.4666666666667,3533.8,3.4878613055319807,8.51527713803164,3397.033333333333,-0.38200913215216126
2015-07-01,Furnishings and household equipment,876.1,-0.7589487992750277,7.0895978486737565,869.1333333333333,3541.8,0.2263851944082962,6.815851378249582,3496.7666666666664,0.2737464704241743
2015-08-01,Furnishings and household equipment,878.1,0.2282844424152497,6.772859922178998,879.0,3520.4,-0.6042125472923376,6.983528839725284,3532.0,-0.21066891754628614
2015-09-01,Furnishings and household equipment,917.8,4.5211251565880906,8.014593385900891,890.6666666666666,3617.3,2.752528121804354,5.954891622729952,3559.8333333333335,2.0597017631709393
2015-10-01,Furnishings and household equipment,984.2,7.2346916539551165,6.239205526770308,926.6999999999999,3876.1,7.154507505598096,6.209069735580219,3671.2666666666664,0.030135791190089023
2015-11-01,Furnishings and household equipment,998.1,1.4123145702092943,4.305570070017772,966.7000000000002,3955.2,2.04071102396739,5.062954895606442,3816.2000000000003,-0.7573848255886695
2015-12-01,Furnishings and household equipment,1266.8,26.92115018535217,5.032750186551693,1083.0333333333333,4956.9,25.326152912621346,6.257234726688088,4262.733333333333,-1.2244845401363946
2016-01-01,Furnishings and household equipment,927.9,-26.752447110830435,4.752765861368258,1064.2666666666667,3718.9,-24.975286973713406,5.37515584268391,4210.333333333333,-0.6223899813156519
2016-02-01,Furnishings and household equipment,863.1,-6.983511154219202,9.156443657518643,1019.2666666666665,3384.0,-9.005351044663746,9.200038723417991,4019.933333333333,-0.04359506589934803
2016-03-01,Furnishings and household equipment,891.3,3.267292318387205,2.4836150396688517,894.1,3519.8,4.013002364066209,3.6088543506417103,3540.9,-1.1252393109728587
2016-04-01,Furnishings and household equipment,889.7,-0.1795130707954562,7.698825808013554,881.3666666666667,3514.9,-0.13921245525314596,8.397582187133779,3472.9,-0.6987563791202245
2016-05-01,Furnishings and household equipment,884.4,-0.5957064178936822,4.230995875073651,888.4666666666667,3548.5,0.955930467438626,3.9183530031920766,3527.7333333333336,0.31264287188157436
2016-06-01,Furnishings and household equipment,913.0,3.2338308457711573,3.420933393747183,895.6999999999999,3649.2,2.8378187966746404,3.265606429339507,3570.8666666666663,0.15532696440767602
2016-07-01,Furnishings and household equipment,882.0,-3.3953997809419545,0.6734391051249844,893.1333333333333,3610.7,-1.0550257590704826,1.9453385284318614,3602.7999999999997,-1.271899423306877
2016-08-01,Furnishings and household equipment,901.9,2.256235827664388,2.7103974490376936,898.9666666666666,3626.3,0.43204918713823925,3.0081808885354056,3628.7333333333336,-0.2977834394977119
2016-09-01,Furnishings and household equipment,946.6,4.956203570240603,3.137938548703434,910.1666666666666,3811.6,5.1098916250723825,5.371409614906142,3682.866666666667,-2.233471066202708
2016-10-01,Furnishings and household equipment,993.3,4.933446017325149,0.9246088193456625,947.2666666666665,4003.0,5.021513275264988,3.273909341864245,3813.633333333333,-2.3493005225185826
2016-11-01,Furnishings and household equipment,1047.8,5.486761300714793,4.979460975854111,995.9,4167.8,4.116912315763188,5.375202265372181,3994.1333333333337,-0.3957412895180701
2016-12-01,Furnishings and household equipment,1306.2,24.661194884519965,3.110198926428809,1115.7666666666667,5075.0,21.766879408800797,2.382537473017421,4415.266666666666,0.7276614534113879
2017-01-01,Furnishings and household equipment,957.3,-26.711070280202122,3.168444875525367,1103.7666666666667,3773.1,-25.65320197044335,1.4574202048992957,4338.633333333333,1.7110246706260712
2017-02-01,Furnishings and household equipment,851.4,-11.062362895643997,-1.355578727841511,1038.3,3299.7,-12.54671225252445,-2.4911347517730498,4049.266666666667,1.1355560239315388
2017-03-01,Furnishings and household equipment,925.2,8.668076109936585,3.8034331874789773,911.3000000000001,3583.8,8.609873624874997,1.8182851298369274,3552.2000000000003,1.98514805764205
2017-04-01,Furnishings and household equipment,887.7,-4.053177691309983,-0.2247948746768591,888.1,3468.1,-3.228416764328379,-1.331474579646652,3450.5333333333333,1.106679704969793
2017-05-01,Furnishings and household equipment,939.3,5.812774586008773,6.207598371777467,917.4000000000001,3660.6,5.550589660044403,3.159081301958566,3570.833333333334,3.0485170698189012
2017-06-01,Furnishings and household equipment,962.8,2.5018630895347505,5.454545454545445,929.9333333333334,3803.2,3.895536250887832,4.22010303628193,3643.9666666666667,1.234442418263515
2017-07-01,Furnishings and household equipment,927.3,-3.687162442874947,5.136054421768699,943.1333333333333,3675.7,-3.352440050483807,1.8002049464092895,3713.1666666666665,3.3358494753594092
2017-08-01,Furnishings and household equipment,924.3,-0.3235198964736341,2.483645636988574,938.1333333333333,3668.4,-0.19860162690099603,1.1609629650056519,3715.7666666666664,1.322682671982922
2017-09-01,Furnishings and household equipment,934.3,1.0818998160770255,-1.2993872807944284,928.6333333333333,3721.3,1.442045578453821,-2.3690838493021227,3688.466666666667,1.0696965685076942
2017-10-01,Furnishings and household equipment,1014.0,8.53045060473081,2.0839625490788327,957.5333333333334,3928.8,5.576008384166831,-1.8536097926555084,3772.8333333333335,3.937572341734341
2017-11-01,Furnishings and household equipment,1088.3,7.327416173570023,3.865241458293567,1012.1999999999999,4201.0,6.928324170230082,0.7965833293344105,3950.3666666666672,3.0686581289591564
2017-12-01,Furnishings and household equipment,1336.9,22.842966093907947,2.3503291992037934,1146.4,5086.9,21.08783622946917,0.2344827586206799,4405.566666666667,2.1158464405831134
2018-01-01,Furnishings and household equipment,973.6,-27.174807390231138,1.7027055259584367,1132.9333333333334,3783.2,-25.628575360239047,0.2676843974450671,4357.033333333334,1.4350211285133696
2018-02-01,Furnishings and household equipment,891.8,-8.401807723911258,4.7451256753582305,1067.4333333333334,3376.1,-10.760731655741173,2.3153620026062915,4082.066666666667,2.429763672751939
2018-03-01,Furnishings and household equipment,970.6,8.836061897286385,4.907047124945962,945.3333333333334,3697.3,9.513936198572326,3.167029410123323,3618.866666666667,1.7400177148226392
2018-04-01,Furnishings and household equipment,940.4,-3.1114774366371334,5.936690323307414,934.2666666666668,3568.8,-3.475509155329559,2.9036071624232385,3547.4,3.0330831608841757
2018-05-01,Furnishings and household equipment,980.2,4.232241599319453,4.354306398381791,963.7333333333332,3775.3,5.786258686393175,3.13336611484456,3680.466666666667,1.2209402835372307
2018-06-01,Furnishings and household equipment,995.7,1.5813099367476102,3.4171167428334037,972.1,3845.2,1.8515084893915512,1.1043331931005484,3729.766666666667,2.3127835497328553
2018-07-01,Furnishings and household equipment,969.4,-2.6413578387064485,4.540062547179979,981.7666666666668,3774.5,-1.8386559866846897,2.687923388742286,3798.3333333333335,1.8521391584376934
2018-08-01,Furnishings and household equipment,990.8,2.2075510625128913,7.1946337769122515,985.3000000000001,3835.5,1.6161080937872496,4.555119398102714,3818.4,2.6395143788095377
2018-09-01,Furnishings and household equipment,1011.0,2.0387565603552815,8.209354597024522,990.4,3859.6,0.6283405031938472,3.716443178459139,3823.2000000000003,4.492911418565383
2018-10-01,Furnishings and household equipment,1099.5,8.753709198813064,8.431952662721898,1033.7666666666667,4144.2,7.373821121359714,5.482590103848484,3946.433333333333,2.949362558873414
2018-11-01,Furnishings and household equipment,1160.8,5.575261482492033,6.661766057153362,1090.4333333333332,4398.2,6.129047825877132,4.694120447512495,4134.0,1.9676456096408668
2018-12-01,Furnishings and household equipment,1386.6,19.45210199862164,3.717555538933337,1215.6333333333334,5203.2,18.302942112682462,2.286264719180653,4581.866666666668,1.4312908197526841
2019-01-01,Furnishings and household equipment,981.5,-29.215346891677484,0.8114215283483883,1176.3,3753.1,-27.869388068880685,-0.7956227532247784,4451.5,1.6070442815731667
2019-02-01,Furnishings and household equipment,875.9,-10.759042282221088,-1.782910966584439,1081.3333333333333,3329.5,-11.286669686392582,-1.3802908681614823,4095.2666666666664,-0.40262009842295665
2019-03-01,Furnishings and household equipment,968.9,10.61765041671423,-0.17514939212858183,942.1,3666.9,10.133653701757028,-0.822221621183028,3583.1666666666665,0.6470722290544462
2019-04-01,Furnishings and household equipment,930.8,-3.9322943544225386,-1.0208421948107227,925.1999999999999,3501.1,-4.521530448062405,-1.8969961891952547,3499.1666666666665,0.876153994384532
2019-05-01,Furnishings and household equipment,972.3,4.458530296519125,-0.8059579677616946,957.3333333333334,3689.1,5.369740938562173,-2.283262257304064,3619.0333333333333,1.4773042895423694
2019-06-01,Furnishings and household equipment,997.2,2.5609379821043055,0.15064778547755342,966.7666666666668,3800.0,3.0061532623133047,-1.1754915218974205,3663.4,1.3261393073749739
2019-07-01,Furnishings and household equipment,963.0,-3.429602888086647,-0.660202186919745,977.5,3693.8,-2.794736842105261,-2.1380315273546113,3727.6333333333337,1.4778293404348664
2019-08-01,Furnishings and household equipment,988.3,2.627206645898239,-0.2523213564796123,982.8333333333334,3796.2,2.7722128972873294,-1.0246382479468186,3763.3333333333335,0.7723168914672063
2019-09-01,Furnishings and household equipment,993.9,0.5666295659212839,-1.6913946587537088,981.7333333333332,3765.0,-0.8218745060850297,-2.451031194942477,3751.6666666666665,0.759636536188768
2019-10-01,Furnishings and household equipment,1087.9,9.457691920716371,-1.0550250113687931,1023.3666666666667,4059.9,7.832669322709163,-2.034168235123779,3873.7000000000003,0.9791432237549857
2019-11-01,Furnishings and household equipment,1160.9,6.710175567607313,0.008614748449353726,1080.9,4337.2,6.83021749304169,-1.3869310172343274,4054.033333333334,1.3955457656836812
2019-12-01,Furnishings and household equipment,1308.8,12.740115427685407,-5.610846675320924,1185.8666666666668,4816.2,11.043991515263297,-7.437730627306271,4404.433333333333,1.826883951985347
2020-01-01,Furnishings and household equipment,987.6,-24.54156479217603,0.6214977075904349,1152.4333333333334,3731.9,-22.513599933557572,-0.564866377128237,4295.1,1.1863640847186718
2020-02-01,Furnishings and household equipment,918.3,-7.017010935601464,4.840735243749283,1071.5666666666666,3437.5,-7.8887429995444736,3.243730289833313,3995.2000000000003,1.5970049539159703
2020-03-01,Furnishings and household equipment,1069.5,16.465207448546227,10.38290845288472,991.7999999999998,3971.6,15.537454545454544,8.3094712154681,3713.6666666666665,2.07343723741662
2020-04-01,Furnishings and household equipment,1014.1,-5.179990649836375,8.949290932531163,1000.6333333333333,3973.1,0.03776815389264776,13.481477250007146,3794.066666666667,-4.532186317475983
2020-05-01,Furnishings and household equipment,1232.2,21.506754757913416,26.73043299393192,1105.2666666666667,4876.5,22.73791246130226,32.186712206229174,4273.733333333334,-5.456279212297254
2020-06-01,Furnishings and household equipment,1239.2,0.5680895958448229,24.267950260730053,1161.8333333333333,4803.1,-1.5051778939813354,26.397368421052647,4550.900000000001,-2.1294181603225937
2020-07-01,Furnishings and household equipment,1229.5,-0.7827630729502988,27.673935617860845,1233.6333333333332,4841.0,0.7890737232204126,31.057447614922307,4840.2,-3.3835119970614613
2020-08-01,Furnishings and household equipment,1005.5,-18.21878812525417,1.7403622381867878,1158.0666666666666,4544.5,-6.124767609997939,19.71181708023815,4729.533333333334,-17.97145484205136
2020-09-01,Furnishings and household equipment,964.1,-4.117354549975138,-2.9982895663547615,1066.3666666666666,4451.1,-2.0552315986357095,18.22310756972112,4612.2,-21.22139713607588
2020-10-01,Furnishings and household equipment,1065.5,10.517581163779699,-2.0590127769096522,1011.6999999999998,4704.5,5.6929747702815,15.877238355624513,4566.7,-17.936251132534167
2020-11-01,Furnishings and household equipment,1457.1,36.75269826372593,25.514686880868265,1162.2333333333333,5402.3,14.832607078329275,24.557318085400738,4852.633333333334,0.9573687954675272
2020-12-01,Furnishings and household equipment,1430.5,-1.8255438885457331,9.298594132029336,1317.6999999999998,5650.0,4.585084130833161,17.31240396993481,5252.266666666666,-8.013809837905473
2021-01-01,Furnishings and household equipment,1093.4,-23.5651869975533,10.712839206156355,1327.0,4429.8,-21.59646017699115,18.700929821270673,5160.7,-7.988090615114318
2021-02-01,Furnishings and household equipment,938.0,-14.212548015364924,2.1452684307960324,1153.9666666666665,3889.4,-12.19919635197978,13.146181818181812,4656.4,-11.00091338738578
2021-03-01,Furnishings and household equipment,1087.3,15.91684434968017,1.6643291257596893,1039.5666666666666,4337.6,11.523628323134671,9.215429549803611,4218.933333333333,-7.551100424043922
2021-04-01,Furnishings and household equipment,1029.0,-5.361905637818443,1.4692831081747348,1018.0999999999999,4174.9,-3.750922168941362,5.079157333064854,4133.966666666666,-3.6098742248901194
2021-05-01,Furnishings and household equipment,1044.3,1.4868804664722957,-15.249147865606238,1053.533333333333,4385.9,5.054013269778923,-10.060494206910697,4299.466666666666,-5.188653658695541
2021-06-01,Furnishings and household equipment,1110.4,6.329598774298595,-10.393802453195612,1061.2333333333333,4532.1,3.3334093344581595,-5.642189419333343,4364.3,-4.751613033862268
2021-07-01,Furnishings and household equipment,1016.8,-8.429394812680124,-17.29971533143555,1057.1666666666665,4301.1,-5.096974912292318,-11.15265441024581,4406.366666666667,-6.147060921189739
2021-08-01,Furnishings and household equipment,992.9,-2.3505114083398837,-1.2531079065141726,1040.0333333333333,4322.5,0.49754713910394877,-4.885025855429637,4385.233333333334,3.6319179489154645
2021-09-01,Furnishings and household equipment,1034.7,4.209890220566015,7.322891816201649,1014.7999999999998,4513.4,4.416425679583558,1.3996540181078654,4379.0,5.923237798093783
2021-10-01,Furnishings and household equipment,1145.7,10.727747173093661,7.526982637259505,1057.7666666666667,5067.8,12.28342269685825,7.722393453076837,4634.566666666667,-0.19541081581733177
2021-11-01,Furnishings and household equipment,1491.5,30.18242122719734,2.360853750600511,1223.9666666666665,5774.1,13.93701408895378,6.882253854839604,5118.433333333333,-4.521400104239093
2021-12-01,Furnishings and household equipment,1493.5,0.1340931947703572,4.404054526389367,1376.8999999999999,5966.7,3.3355847664571003,5.605309734513275,5602.866666666666,-1.201255208123908
2022-01-01,Furnishings and household equipment,1154.0,-22.73183796451289,5.542344978964686,1379.6666666666667,4749.7,-20.39653409757487,7.2215449907444995,5496.833333333333,-1.6792000117798134
2022-02-01,Furnishings and household equipment,1066.2,-7.608318890814559,13.667377398720681,1237.8999999999999,4304.9,-9.364801987493953,10.682881678407963,5007.099999999999,2.9844957203127187
2022-03-01,Furnishings and household equipment,1168.4,9.58544363158882,7.458843005610238,1129.5333333333335,4788.3,11.229064554345069,10.390538546661743,4614.3,-2.9316955410515044
2022-04-01,Furnishings and household equipment,1144.2,-2.0712084902430705,11.195335276967944,1126.2666666666667,4677.3,-2.3181504918238227,12.033821169369329,4590.166666666667,-0.8384858924013852
2022-05-01,Furnishings and household equipment,1173.3,2.5432616675406416,12.352772191898875,1161.9666666666665,4846.1,3.6089196758813946,10.49271529218634,4770.566666666667,1.8600568997125357
2022-06-01,Furnishings and household equipment,1205.9,2.7784880252279986,8.600504322766579,1174.4666666666665,5029.1,3.77623243432863,10.966218750689528,4850.833333333333,-2.365714427922949
2022-07-01,Furnishings and household equipment,1163.4,-3.5243386682146105,14.41778127458695,1180.8666666666668,4906.0,-2.4477540713050083,14.06384413289623,4927.066666666667,0.35393714169071977
2022-08-01,Furnishings and household equipment,1184.3,1.7964586556644235,19.276865746802297,1184.5333333333333,4993.3,1.779453730126379,15.5187969924812,4976.133333333333,3.7580687543210978
2022-09-01,Furnishings and household equipment,1214.1,2.5162543274508176,17.33835894462161,1187.2666666666667,5065.6,1.447940239921497,12.234678955997701,4988.3,5.1036799886239095
2022-10-01,Furnishings and household equipment,1296.4,6.778683798698637,13.153530592650785,1231.6,5336.1,5.339939987365772,5.294210505544816,5131.666666666667,7.859320087105969
2022-11-01,Furnishings and household equipment,1438.9,10.991977784634365,-3.526651022460603,1316.4666666666667,5924.3,11.02303180225257,2.601271193779109,5442.0,-6.127922216239712
2022-12-01,Furnishings and household equipment,1516.9,5.420807561331564,1.5667894208235777,1417.4000000000003,6162.6,4.022416150431285,3.283221881442011,5807.666666666667,-1.7164324606184334
2023-01-01,Furnishings and household equipment,1189.7,-21.570307864724114,3.0935875216637765,1381.8333333333333,4890.7,-20.639015999740373,2.968608543697493,5659.2,0.12497897796628354
2023-02-01,Furnishings and household equipment,1052.6,-11.523913591661772,-1.2755580566497948,1253.0666666666666,4320.2,-11.66499683071953,0.35540895258892036,5124.5,-1.6309670092387152
2023-03-01,Furnishings and household equipment,1145.5,8.82576477294319,-1.9599452242382798,1129.2666666666664,4701.2,8.819036155733539,-1.8190171877284333,4637.366666666666,-0.14092803650984642
2023-04-01,Furnishings and household equipment,1128.9,-1.4491488432998634,-1.3371788148924924,1109.0,4611.9,-1.8995150174423547,-1.3982425758450545,4544.433333333333,0.06106376095256216
2023-05-01,Furnishings and household equipment,1158.4,2.6131632562671703,-1.2699224409784216,1144.2666666666667,4794.3,3.954986014440909,-1.0689007655640625,4702.466666666666,-0.201021675414359
2023-06-01,Furnishings and household equipment,1198.6,3.4703038674033015,-0.6053569947756965,1161.9666666666665,4947.8,3.201718707631973,-1.616591437831827,4784.666666666667,1.0112344430561304
2023-07-01,Furnishings and household equipment,1121.5,-6.432504588686793,-3.601512807288987,1159.5,4690.7,-5.196248837867346,-4.388503872808814,4810.933333333333,0.7869910655198269
2023-08-01,Furnishings and household equipment,1153.4,2.8444048149799395,-2.6091361985983164,1157.8333333333333,4822.7,2.814078922122487,-3.4165782148078527,4820.400000000001,0.8074420162095364
2023-09-01,Furnishings and household equipment,1207.7,4.707820357204784,-0.5271394448562616,1160.8666666666666,4973.9,3.1351732432040036,-1.8102495262160567,4829.099999999999,1.283110081359795
2023-10-01,Furnishings and household equipment,1248.5,3.3783224310673043,-3.694847269361312,1203.2,5161.4,3.769677717686326,-3.273926650550041,4985.999999999999,-0.4209206188112713
2023-11-01,Furnishings and household equipment,1452.8,16.36363636363636,0.9660157064424135,1303.0,5903.4,14.375944511179139,-0.35278429519099985,5346.233333333333,1.3188000016334134
2023-12-01,Furnishings and household equipment,1478.9,1.7965308370044175,-2.505109104093872,1393.3999999999999,5965.0,1.043466476945487,-3.2064388407490374,5676.599999999999,0.7013297366551652
2024-01-01,Furnishings and household equipment,1172.2,-20.738386638717966,-1.4709590653105842,1367.9666666666665,4828.5,-19.052808046940484,-1.271801582595533,5565.633333333334,-0.19915748271505107
2024-02-01,Furnishings and household equipment,1077.4,-8.087357106295844,2.35607068212047,1242.8333333333333,4417.5,-8.51196023609817,2.2522105458080643,5070.333333333333,0.10386013631240587
2024-03-01,Furnishings and household equipment,1134.0,5.253387785409314,-1.0039284155390682,1127.8666666666666,4651.2,5.290322580645168,-1.0635582404492472,4632.400000000001,0.059629824910178986
2024-04-01,Furnishings and household equipment,1136.3,0.2028218694885231,0.6555053591992044,1115.8999999999999,4655.0,0.08169934640522847,0.9345389102105583,4574.566666666667,-0.27903355101135396
2024-05-01,Furnishings and household equipment,1170.0,2.965766082900645,1.001381215469599,1146.7666666666667,4834.5,3.856068743286789,0.8384957136599702,4713.566666666667,0.16288550180962869
2024-06-01,Furnishings and household equipment,1227.1,4.880341880341876,2.37777406974804,1177.8,5109.2,5.682076740097219,3.2620558632119323,4866.233333333333,-0.8842817934638925
2024-07-01,Furnishings and household equipment,1119.6,-8.760492217423188,-0.16941596076683885,1172.2333333333333,4747.5,-7.07938620527675,1.2109066877012076,4897.066666666667,-1.3803226484680464
2024-08-01,Furnishings and household equipment,1184.5,5.796713111825658,2.696375932027051,1177.0666666666666,4982.2,4.943654555028965,3.307276007215876,4946.3,-0.6109000751888249
2024-09-01,Furnishings and household equipment,1184.1,-0.03376952300550018,-1.9541276807154229,1162.7333333333333,5017.1,0.7004937577776982,0.8685337461549425,4915.599999999999,-2.8226614268703654
2024-10-01,Furnishings and household equipment,1302.9,10.03293640739804,4.357228674409308,1223.8333333333333,5393.2,7.496362440453641,4.491029565621729,5130.833333333333,-0.1338008912124211
2024-11-01,Furnishings and household equipment,1483.9,13.892086883106924,2.1406938325991387,1323.6333333333332,6123.5,13.541125862196846,3.728359928176994,5511.266666666666,-1.5876660955778554
2024-12-01,Furnishings and household equipment,1552.6,4.629692027764665,4.983433633105672,1446.4666666666665,6365.9,3.958520453988723,6.720871751886004,5960.866666666666,-1.7374381187803323
2025-01-01,Furnishings and household equipment,1184.4,-23.715058611361574,1.0407780242279507,1406.9666666666665,4983.4,-21.717274855087265,3.20803562182872,5824.266666666666,-2.167257597600769
2025-02-01,Furnishings and household equipment,1055.9,-10.849375211077339,-1.995544830146645,1264.3,4445.5,-10.793835533972784,0.633842671194107,5264.933333333333,-2.629387501340752
2025-03-01,Furnishings and household equipment,1175.9,11.364712567477975,3.694885361552047,1138.7333333333333,4896.4,10.142841075244613,5.271757825937384,4775.099999999999,-1.5768724643853371
2025-04-01,Furnishings and household equipment,1135.2,-3.4611786716557513,-0.09680542110357404,1122.3333333333333,4743.0,-3.132913977616203,1.8904403866809805,4694.966666666666,-1.9872458077845545
2025-05-01,Furnishings and household equipment,1203.1,5.98132487667371,2.8290598290598323,1171.3999999999999,5048.6,6.443179422306566,4.4285862033302426,4896.0,-1.5995263742704102
2025-06-01,Furnishings and household equipment,1259.5,4.687889618485586,2.640371607855929,1199.2666666666667,5379.5,6.5542922790476466,5.290456431535273,5057.033333333334,-2.650084823679344
2025-07-01,Furnishings and household equipment,1171.3,-7.002778880508142,4.617720614505183,1211.3,5028.5,-6.524769960033461,5.9189046866771955,5152.2,-1.3011840721720125
2025-08-01,Furnishings and household equipment,1201.1,2.544181678476898,1.40143520472773,1210.6333333333332,5110.3,1.6267276523814322,2.5711533057685365,5172.766666666666,-1.1697181010408064
2025-09-01,Furnishings and household equipment,1229.8,2.3894763133794017,3.8594713284350934,1200.7333333333333,5239.2,2.52235680879791,4.426860138326916,5126.0,-0.5673888098918223
2025-10-01,Furnishings and household equipment,1358.8,10.4895104895105,4.290429042904287,1263.2333333333333,5725.1,9.274316689570927,6.154045835496569,5358.2,-1.863616792592282
2025-11-01,Furnishings and household equipment,1582.4,16.455696202531666,6.637913606038137,1390.3333333333333,6640.1,15.982253585090223,8.436351759614613,5868.133333333334,-1.798438153576476
2025-12-01,Furnishings and household equipment,1598.5,1.017441860465107,2.956331315213201,1513.2333333333333,6636.9,-0.04819204530053245,4.257057132534281,6334.033333333333,-1.30072581732108
2026-01-01,Furnishings and household equipment,1239.1,-22.483578354707547,4.618372171563645,1473.3333333333333,5245.2,-20.969127152736966,5.253441425532768,6174.066666666667,-0.6350692539691227
2026-02-01,Furnishings and household equipment,1094.4,-11.67783068356063,3.646178615399176,1310.6666666666667,4613.3,-12.047205063677257,3.774603531661236,5498.466666666667,-0.12842491626205987
2026-03-01,Furnishings and household equipment,1227.2,12.134502923976598,4.362615868696307,1186.8999999999999,5182.7,12.342574729586197,5.8471530103749725,5013.733333333334,-1.4845371416786657
2026-04-01,Furnishings and household equipment,1188.4,-3.1616688396349346,4.686398872445396,1170.0,5012.0,-3.2936500279776904,5.671515918195236,4936.0,-0.9851170457498393
2026-05-01,Furnishings and household equipment,1247.2,4.947829013800065,3.6655307123264924,1220.9333333333334,5308.3,5.911811652035115,5.144000316919528,5167.666666666667,-1.4784696045930357
2026-06-01,Furnishings and household equipment,1314.0,5.355997434252724,4.327113934100835,1249.8666666666668,5611.3,5.708042122713497,4.3089506459708105,5310.533333333333,0.018163288130024213
2026-07-01,Furnishings and household equipment,1224.2,-6.834094368340937,4.516349355417071,1261.8,5293.4,-5.6653538395737275,5.267972556428346,5404.333333333333,-0.7516232010112756
2012-07-01,Health,1143.9,,,,4226.9,,,,
2012-08-01,Health,1180.6,3.2083224058046866,,,4415.5,4.461898791076213,,,
2012-09-01,Health,1104.3,-6.462815517533449,,1142.9333333333334,4230.5,-4.189785981202587,,4290.966666666666,
2012-10-01,Health,1183.2,7.144797609345299,,1156.0333333333333,4444.7,5.063231296537052,,4363.566666666667,
2012-11-01,Health,1193.1,0.8367139959431835,,1160.2,4579.5,3.03282561252729,,4418.233333333334,
2012-12-01,Health,1179.2,-1.1650322688793735,,1185.1666666666667,4290.3,-6.315099901735999,,4438.166666666667,
2013-01-01,Health,1043.7,-11.49084124830393,,1138.6666666666667,3965.8,-7.563573642868793,,4278.533333333333,
2013-02-01,Health,1100.7,5.461339465363602,,1107.8666666666668,4193.3,5.7365474809622174,,4149.8,
2013-03-01,Health,1150.8,4.551648950667753,,1098.4,4552.3,8.561276321751365,,4237.133333333334,
2013-04-01,Health,1110.2,-3.5279805352797955,,1120.5666666666666,4222.7,-7.2402961140522475,,4322.766666666667,
2013-05-01,Health,1262.6,13.727256350207151,,1174.5333333333335,4795.1,13.55530821512303,,4523.366666666667,
2013-06-01,Health,1179.5,-6.581656898463484,,1184.1000000000001,4450.4,-7.188588350607928,,4489.4,
2013-07-01,Health,1213.1,2.8486646884272826,6.049479849637196,1218.3999999999999,4564.8,2.570555455689383,7.994038184011942,4603.433333333333,-1.9445583343747463
2013-08-01,Health,1240.3,2.2421894320336477,5.056750804675603,1210.9666666666665,4672.9,2.368121275849977,5.82946438681915,4562.7,-0.7727135821435471
2013-09-01,Health,1165.1,-6.063049262275255,5.505750249026531,1206.1666666666665,4459.0,-4.57745725352564,5.401252806996815,4565.566666666667,0.10449744202971623
2013-10-01,Health,1225.3,5.166938460218007,3.558147396889777,1210.2333333333333,4626.1,3.7474770127831514,4.081265327243688,4586.0,-0.5231179303539113
2013-11-01,Health,1236.9,0.9467069289153862,3.6711088760372323,1209.1000000000001,4743.6,2.5399364475476194,3.5833606288896203,4609.566666666667,0.08774824714761209
2013-12-01,Health,1209.9,-2.1828765462042155,2.6034599728629537,1224.0333333333335,4449.6,-6.197824437136356,3.7130270610446825,4606.433333333333,-1.1095670881817288
2014-01-01,Health,1125.2,-7.00057856021159,7.8087573057392,1190.6666666666667,4187.8,-5.883674937073002,5.597861717686214,4460.333333333334,2.2108955880529857
2014-02-01,Health,1194.1,6.123355847849266,8.485509221404541,1176.4,4446.3,6.172692105640198,6.033434288030914,4361.233333333334,2.452074933373627
2014-03-01,Health,1241.8,3.9946403148815035,7.907542579075422,1187.0333333333335,4782.8,7.568090322290444,5.06337455791579,4472.3,2.844168021159632
2014-04-01,Health,1172.6,-5.572555967144477,5.620608899297408,1202.8333333333333,4351.6,-9.015639374425021,3.052549316787845,4526.900000000001,2.568059582509563
2014-05-01,Health,1319.1,12.493603957018596,4.474893077776021,1244.5,4895.8,12.505745013328418,2.1000604784050303,4676.733333333334,2.3748325993709907
2014-06-01,Health,1243.2,-5.753923129406402,5.4005934718101,1244.9666666666665,4584.9,-6.350341108705438,3.0222002516627766,4610.766666666666,2.3783932201473235
2014-07-01,Health,1310.8,5.437580437580425,8.053746599620816,1291.0333333333335,4790.5,4.4842853715457265,4.944356817385209,4757.066666666667,3.1093897822356062
2014-08-01,Health,1355.5,3.4101312175770504,9.288075465613165,1303.1666666666667,4930.6,2.924538148418754,5.514776691134005,4768.666666666667,3.7732987744791604
2014-09-01,Health,1277.1,-5.783843600147554,9.612908763196293,1314.4666666666665,4754.9,-3.563460836409371,6.636017044180309,4825.333333333333,2.976891719015984
2014-10-01,Health,1349.8,5.692584762352215,10.160776952583038,1327.4666666666665,4942.5,3.9454036888262767,6.8394544000345725,4876.0,3.321322552548466
2014-11-01,Health,1344.8,-0.3704252481849135,8.723421456867975,1323.8999999999999,4980.2,0.7627718765806701,4.987772999409712,4892.533333333334,3.7356484574582627
2014-12-01,Health,1308.7,-2.6844140392623395,8.165964129266868,1334.4333333333334,4676.8,-6.092124814264476,5.106076950737148,4866.5,3.0598871785297197
2015-01-01,Health,1214.7,-7.182700389699703,7.954141485958055,1289.3999999999999,4371.3,-6.532244269586041,4.3817756339844305,4676.1,3.5723658519736246
2015-02-01,Health,1276.5,5.0876759693751605,6.900594590067843,1266.6333333333332,4622.0,5.735136000732033,3.951600206913608,4556.7,2.9489943831542353
2015-03-01,Health,1347.8,5.585585585585573,8.535996134643264,1279.6666666666667,5010.0,8.394634357421026,4.750355440327847,4667.766666666666,3.7856406943154175
2015-04-01,Health,1280.6,-4.9859029529603855,9.210301893228735,1301.6333333333334,4587.0,-8.44311377245509,5.409504550050537,4739.666666666667,3.800797343178198
2015-05-01,Health,1439.8,12.431672653443693,9.150178151770149,1356.0666666666666,5210.0,13.581861783300631,6.4177458229502715,4935.666666666667,2.7324323288198773
2015-06-01,Health,1377.8,-4.30615363244895,10.826898326898316,1366.0666666666666,4962.1,-4.7581573896353095,8.227006041571272,4919.7,2.5998922853270443
2015-07-01,Health,1431.9,3.9265495717811127,9.238632895941423,1416.5,5161.0,4.00838354728843,7.734056987788329,5111.033333333334,1.504575908153094
2015-08-01,Health,1459.8,1.9484600879949632,7.694577646624867,1423.1666666666667,5266.8,2.049990311955052,6.818642761530036,5129.966666666667,0.8759348850948312
2015-09-01,Health,1350.0,-7.521578298397036,5.708245243128962,1413.8999999999999,5046.3,-4.1866028708133936,6.128414898315437,5158.033333333334,-0.4201696551864753
2015-10-01,Health,1426.2,5.644444444444452,5.660097792265528,1412.0,5192.6,2.8991538354834256,5.060192210419845,5168.566666666667,0.5999055818456833
2015-11-01,Health,1410.0,-1.13588557004628,4.848304580606788,1395.3999999999999,5218.8,0.5045641874975804,4.790972250110448,5152.566666666667,0.057332330496340234
2015-12-01,Health,1353.3,-4.021276595744682,3.407962099793682,1396.5,4838.2,-7.292864259983145,3.4510776599384174,5083.2,-0.04311556014473528
2016-01-01,Health,1240.9,-8.30562329121406,2.156911171482667,1334.7333333333333,4453.6,-7.949237319664326,1.8827351131242454,4836.866666666667,0.27417605835842185
2016-02-01,Health,1333.2,7.438149730034649,4.441833137485318,1309.1333333333334,4769.0,7.081911262798624,3.180441367373432,4686.933333333333,1.261391770111886
2016-03-01,Health,1415.9,6.203120312031207,5.05267843893753,1330.0000000000002,5218.9,9.433843573076107,4.169660678642706,4813.833333333333,0.8830177602948241
2016-04-01,Health,1395.9,-1.412529133413376,9.003592066218967,1381.6666666666667,4982.7,-4.525857939412514,8.626553302812301,4990.2,0.37703876340666653
2016-05-01,Health,1556.3,11.490794469517862,8.091401583553282,1456.0333333333335,5644.3,13.277941678206595,8.335892514395393,5281.966666666666,-0.2444909308421117
2016-06-01,Health,1472.7,-5.371714964981034,6.887792132384973,1474.9666666666665,5293.7,-6.211576280495368,6.682654521271214,5306.900000000001,0.20513761111375928
2016-07-01,Health,1475.0,0.15617573164934395,3.009986730916947,1501.3333333333333,5355.8,1.1730925439673578,3.7744623135051336,5431.266666666666,-0.7644755825881866
2016-08-01,Health,1501.2,1.776271186440681,2.836004932182501,1482.9666666666665,5447.2,1.706561111318572,3.425229741019198,5365.566666666667,-0.5892248088366969
2016-09-01,Health,1422.2,-5.262456701305618,5.348148148148146,1466.1333333333332,5247.6,-3.664267880746064,3.9890612924320834,5350.2,1.359086855716063
2016-10-01,Health,1497.4,5.287582618478415,4.992287196746603,1473.6000000000001,5433.9,3.550194374571225,4.646997650502627,5376.233333333334,0.34528954624397645
2016-11-01,Health,1522.2,1.6562040870842676,7.957446808510649,1480.6000000000001,5617.6,3.3806290141519035,7.641603433739563,5433.033333333333,0.3158433747710854
2016-12-01,Health,1500.0,-1.4584154513204606,10.840168477056089,1506.5333333333335,5274.0,-6.116491028197101,9.007482121450128,5441.833333333333,1.8326863556059614
2017-01-01,Health,1355.1,-9.660000000000002,9.202997824159876,1459.1000000000001,4842.2,-8.187334091770959,8.725525417639645,5244.599999999999,0.4774724065202314
2017-02-01,Health,1428.9,5.446092539295999,7.178217821782185,1428.0,5142.6,6.20379166494569,7.83392744810234,5086.266666666667,-0.6557096263201556
2017-03-01,Health,1534.4,7.383301840576673,8.36923511547425,1439.466666666667,5641.4,9.699373857581751,8.0955756960279,5208.733333333333,0.27365941944634997
2017-04-01,Health,1437.0,-6.347758081334732,2.9443369868901614,1466.7666666666667,5112.5,-9.375332364306722,2.605013346177776,5298.833333333333,0.33932364071238563
2017-05-01,Health,1615.2,12.400835073068905,3.7846173616912004,1528.8666666666668,5799.0,13.427872860635691,2.740818170543724,5517.633333333334,1.0437991911474764
2017-06-01,Health,1528.6,-5.361565131253099,3.7957493039994405,1526.9333333333332,5451.3,-5.995861355406107,2.977123750873689,5454.266666666666,0.8186255531257514
2017-07-01,Health,1562.3,2.204631689127301,5.918644067796608,1568.6999999999998,5548.3,1.7793920716159484,3.5942342880615374,5599.533333333333,2.3244097797350705
2017-08-01,Health,1611.7,3.162004736606283,7.360778044231275,1567.5333333333335,5718.9,3.0748157093163586,4.98788368336025,5572.833333333333,2.372894360871025
2017-09-01,Health,1508.5,-6.403176769870322,6.068063563493187,1560.8333333333333,5510.1,-3.6510517756911165,5.002286759661567,5592.433333333334,1.0657768038316195
2017-10-01,Health,1606.3,6.483261518064309,7.2726058501402235,1575.5,5740.0,4.172338070089454,5.633154824343478,5656.333333333333,1.6394510257967454
2017-11-01,Health,1640.4,2.1228911162298525,7.765076862435949,1585.0666666666666,5935.8,3.4111498257839656,5.664340643691257,5728.633333333334,2.100736218744692
2017-12-01,Health,1615.5,-1.5179224579370931,7.699999999999996,1620.7333333333333,5515.8,-7.075710098049126,4.584755403868046,5730.533333333333,3.1152445961319497
2018-01-01,Health,1444.4,-10.591148251315374,6.589919563131885,1566.7666666666667,5074.9,-7.993400775952731,4.805666845648671,5508.833333333333,1.7842527174832146
2018-02-01,Health,1524.3,5.531708667959001,6.676464413184968,1528.0666666666668,5369.4,5.803070011231748,4.410220511025531,5320.033333333334,2.266243902159437
2018-03-01,Health,1635.7,7.308272649740877,6.601929092804992,1534.8000000000002,5906.3,9.999255037806831,4.695642925514942,5450.2,1.90628616729005
2018-04-01,Health,1568.7,-4.096105642844039,9.164926931106464,1576.2333333333333,5479.8,-7.221102890134268,7.18435207823962,5585.166666666667,1.9805748528668445
2018-05-01,Health,1755.2,11.8888251418372,8.66765725606735,1653.2,6241.3,13.89649257272163,7.6271770994999155,5875.8,1.040480156567435
2018-06-01,Health,1663.2,-5.241567912488609,8.80544288891798,1662.3666666666668,5867.4,-5.990739108839516,7.633041659787554,5862.833333333333,1.1724012291304264
2018-07-01,Health,1679.3,0.9680134680134733,7.48895858669909,1699.2333333333333,5951.5,1.4333435593278265,7.267090820611721,6020.066666666667,0.22186776608736913
2018-08-01,Health,1715.2,2.1377955100339463,6.42179065582924,1685.9000000000003,6116.3,2.7690498193732704,6.948888772316364,5978.400000000001,-0.5270981164871236
2018-09-01,Health,1596.7,-6.908815298507465,5.8468677494199595,1663.7333333333333,5825.8,-4.749603518467049,5.729478593854909,5964.533333333333,0.1173891555650508
2018-10-01,Health,1712.7,7.2649840295609724,6.623918321608668,1674.8666666666668,6158.7,5.714236671358441,7.294425087108003,6033.599999999999,-0.6705067654993346
2018-11-01,Health,1754.2,2.423074677409942,6.937332357961479,1687.8666666666668,6409.6,4.07391170214495,7.982074867751621,6131.366666666666,-1.044742509790142
2018-12-01,Health,1735.4,-1.071713601641766,7.421850820179521,1734.1000000000001,5983.1,-6.654081377933096,8.472025816744623,6183.8,-1.0501749965651017
2019-01-01,Health,1551.8,-10.579693442434024,7.435613403489327,1680.4666666666665,5532.7,-7.527870167638861,9.020867406254318,5975.133333333334,-1.5852540027649908
2019-02-01,Health,1605.0,3.4282768397989383,5.294233418618388,1630.7333333333336,5765.1,4.200480777920368,7.369538495921346,5760.3,-2.075305077302958
2019-03-01,Health,1707.3,6.373831775700922,4.377330806382584,1621.3666666666666,6108.5,5.95653154325162,3.4234630817940204,5802.099999999999,0.9538677245885641
2019-04-01,Health,1596.1,-6.513207989222747,1.7466692165487352,1636.1333333333332,5612.4,-8.121470082671689,2.4197963429322122,5828.666666666667,-0.673127126383477
2019-05-01,Health,1833.3,14.861224234070548,4.449635369188698,1712.2333333333333,6466.8,15.223433825101562,3.6130293368368704,6062.566666666667,0.8366060323518276
2019-06-01,Health,1640.7,-10.505645557191945,-1.35281385281385,1690.033333333333,5797.4,-10.351332962206971,-1.1930326890956855,5958.866666666666,-0.15978116371816453
2019-07-01,Health,1761.7,7.3749009569086255,4.906806407431663,1745.2333333333336,6271.3,8.174354020767938,5.373435268419735,6178.5,-0.466628860988072
2019-08-01,Health,1784.7,1.3055571323153714,4.052005597014929,1729.0333333333335,6373.2,1.6248624687066338,4.200251786210618,6147.3,-0.14824618919568877
2019-09-01,Health,1660.1,-6.981565529220601,3.970689547191064,1735.5,5988.6,-6.034645076256817,2.7944659960863705,6211.033333333333,1.1762235511046937
2019-10-01,Health,1822.5,9.78254322028793,6.4109301103520755,1755.7666666666667,6370.3,6.373776842667733,3.4357900206212433,6244.033333333334,2.975140089730832
2019-11-01,Health,1772.0,-2.7709190672153605,1.01470755900126,1751.5333333333335,6335.6,-0.5447153195296872,-1.1545182226660011,6231.5,2.169225781667261
2019-12-01,Health,1722.0,-2.8216704288939076,-0.7721562752103339,1772.1666666666667,5936.9,-6.293010922406728,-0.7721749594691851,6214.266666666666,1.868425885120928e-05
2020-01-01,Health,1591.0,-7.607433217189319,2.5260987240623756,1695.0,5755.1,-3.062204180632977,4.019737198836015,6009.200000000001,-1.4936384747736398
2020-02-01,Health,1658.7,4.255185417976115,3.34579439252336,1657.2333333333333,6040.5,4.959079772723318,4.777020346568128,5910.833333333333,-1.431225954044768
2020-03-01,Health,1805.9,8.874419726291682,5.775200609148956,1685.2,6421.1,6.300802913666104,5.117459278055181,6072.233333333334,0.6577413310937752
2020-04-01,Health,1058.9,-41.36441663436513,-33.657039032642054,1507.8333333333333,3684.6,-42.61730856083849,-34.348941629249516,5382.066666666667,0.6919025966074628
2020-05-01,Health,1381.3,30.446689961280548,-24.65499372715868,1415.3666666666668,5062.3,37.39076154806493,-21.71862435826065,5056.000000000001,-2.9363693688980277
2020-06-01,Health,1612.6,16.745095200173754,-1.7126836106539978,1350.9333333333334,6016.6,18.851115105781968,3.781005278228178,4921.166666666667,-5.4936888888821755
2020-07-01,Health,1736.8,7.701847947414109,-1.4134075041153493,1576.8999999999999,6678.4,10.999567862247762,6.491477046226457,5919.100000000001,-7.904884550341807
2020-08-01,Health,1333.0,-23.24965453707969,-25.309575839076594,1560.8,6159.5,-7.769825107810247,-3.353103621414666,6284.833333333333,-21.95647221766193
2020-09-01,Health,1387.0,4.051012753188288,-16.450816215890608,1485.6000000000001,6235.7,1.2371134020618513,4.126173062151417,6357.866666666666,-20.576989278042024
2020-10-01,Health,1718.1,23.871665465032432,-5.728395061728397,1479.3666666666668,6496.6,4.183972930064006,1.9826381803054849,6297.266666666666,-7.711033242033882
2020-11-01,Health,1814.7,5.622489959839361,2.409706546275392,1639.9333333333334,6721.5,3.4618107933380493,6.090977965780664,6484.599999999999,-3.681271419505272
2020-12-01,Health,1817.2,0.13776381771091195,5.528455284552858,1783.3333333333333,6428.2,-4.36360931339731,8.275362562953736,6548.766666666666,-2.7469072784008786
2021-01-01,Health,1561.2,-14.087607307946293,-1.8730358265241942,1731.0333333333335,5779.5,-10.09147195171276,0.4239717815502697,6309.733333333334,-2.297007608074464
2021-02-01,Health,1632.6,4.573405073020753,-1.5735214324471003,1670.3333333333333,6198.5,7.249762090146206,2.615677510139891,6135.400000000001,-4.189198942586991
2021-03-01,Health,1917.8,17.469067744701718,6.196356387396862,1703.8666666666668,7137.2,15.143986448334278,11.152294778153271,6371.733333333334,-4.955938390756409
2021-04-01,Health,1725.3,-10.037543018041506,62.933232599867765,1758.5666666666666,6178.2,-13.436641820321693,67.67627422243933,6504.633333333334,-4.7430416225715675
2021-05-01,Health,1812.8,5.07158175389788,31.238688192282638,1818.6333333333332,6673.5,8.016898125667682,31.82743021946546,6662.966666666667,-0.5887420271828212
2021-06-01,Health,1688.3,-6.867828773168583,4.6942825251147235,1742.1333333333332,6506.2,-2.506930396343754,8.13748628793669,6452.633333333332,-3.443203762821967
2021-07-01,Health,1766.2,4.61410886690754,1.6927683095347756,1755.7666666666664,6416.8,-1.374073960222555,-3.917105893627204,6532.166666666667,5.609874203161979
2021-08-01,Health,1736.8,-1.664590646585895,30.292573143285818,1730.4333333333334,6436.6,0.3085650168308307,4.498741780988724,6453.2,25.793831362297095
2021-09-01,Health,1685.0,-2.982496545370794,21.485219899062734,1729.3333333333333,6363.9,-1.1294782959947902,2.0559039081418318,6405.766666666666,19.4293159909209
2021-10-01,Health,1704.1,1.133531157270018,-0.8148536173680276,1708.6333333333332,6479.3,1.8133534467857926,-0.2662931379490807,6426.599999999999,-0.5485604794189469
2021-11-01,Health,1916.1,12.440584472742211,5.587700446354771,1768.3999999999999,7281.7,12.384053832975784,8.334449155694411,6708.3,-2.7467487093396405
2021-12-01,Health,1918.2,0.10959762016597985,5.5580013207131795,1846.1333333333332,6780.3,-6.885754700138702,5.477427584704908,6847.099999999999,0.08057373600827145
2022-01-01,Health,1561.7,-18.58513189448441,0.032026646169613926,1798.6666666666667,5898.5,-13.00532424818961,2.0590016437407987,6653.5,-2.026974997571185
2022-02-01,Health,1756.3,12.460779919318687,7.576871248315564,1745.3999999999999,6537.1,10.826481308807324,5.462611922239247,6405.3,2.1142593260763176
2022-03-01,Health,2048.0,16.608779821215048,6.789029095838983,1788.6666666666667,7504.4,14.797081274571289,5.144874740794703,6646.666666666667,1.6441543550442805
2022-04-01,Health,1807.5,-11.7431640625,4.7643888019474945,1870.6000000000001,6362.5,-15.216406374926706,2.983069502444091,6801.333333333333,1.7813192995034033
2022-05-01,Health,2069.6,14.50069156293221,14.165931156222422,1975.0333333333335,7420.4,16.627111984282905,11.19202817112459,7095.766666666666,2.9739029850978316
2022-06-01,Health,1962.4,-5.179744878237336,16.235266244150925,1946.5,7171.4,-3.355614252600936,10.224093941163815,6984.766666666666,6.011172302987109
2022-07-01,Health,1948.0,-0.7337953526294405,10.293285018684184,1993.3333333333333,7010.0,-2.2506065761218164,9.244483231517254,7200.599999999999,1.04880178716693
2022-08-01,Health,2118.2,8.737166324435307,21.95992630124366,2009.5333333333335,7810.8,11.423680456490736,21.349780940247953,7330.733333333333,0.6101453609957055
2022-09-01,Health,1952.2,-7.8368426022094155,15.857566765578635,2006.1333333333332,7236.5,-7.3526399344497335,13.711717657411349,7352.433333333334,2.145849108167287
2022-10-01,Health,2050.9,5.055834443192309,20.350918373334913,2040.4333333333334,7423.5,2.5841221585020335,14.572561850817213,7490.266666666667,5.778356522517701
2022-11-01,Health,2164.7,5.548783460919582,12.974270653932463,2055.9333333333334,8001.4,7.784737657439211,9.883681008555701,7553.8,3.0905896453767614
2022-12-01,Health,2030.2,-6.213332101445923,5.838807215097486,2081.9333333333334,7167.6,-10.420676381633209,5.712136631122511,7530.833333333333,0.12667058397497488
2023-01-01,Health,1820.3,-10.338882868682898,16.558878145610546,2005.0666666666666,6749.0,-5.840169652324356,14.418920064423158,7306.0,2.1399580811873875
2023-02-01,Health,1965.8,7.993187936054502,11.928486021750274,1938.7666666666667,7331.3,8.62794488072307,12.149118110477119,7082.633333333334,-0.2206320887268447
2023-03-01,Health,2182.2,11.008240919727342,6.552734374999991,1989.4333333333334,8196.1,11.795997981258433,9.217259207931349,7425.466666666667,-2.664524832931358
2023-04-01,Health,1861.7,-14.687013106039771,2.99861687413554,2003.2333333333333,6821.1,-16.776271641390416,7.207858546168966,7449.5,-4.209241672033426
2023-05-01,Health,2294.0,23.22071225224258,10.842674913026684,2112.633333333333,8397.4,23.10917593936461,13.166406123659113,7804.866666666666,-2.3237312106324293
2023-06-01,Health,2103.0,-8.326068003487364,7.164696290256822,2086.233333333333,7797.3,-7.146259556529399,8.727724014836724,7671.933333333333,-1.5630277245799018
2023-07-01,Health,2096.1,-0.3281027104137024,7.602669404517459,2164.366666666667,7704.7,-1.187590576225106,9.910128388017124,7966.466666666666,-2.3074589834996653
2023-08-01,Health,2295.4,9.50813415390488,8.365593428382612,2164.8333333333335,8521.0,10.594831726089282,9.092538536385518,8007.666666666667,-0.7269451080029068
2023-09-01,Health,2063.8,-10.089744706804915,5.716627394734153,2151.766666666667,7752.0,-9.024762351836635,7.1236094797208604,7992.566666666666,-1.4069820849867076
2023-10-01,Health,2288.4,10.882837484252338,11.58028182749038,2215.866666666667,8246.9,6.384158926728589,11.091803057856797,8173.299999999999,0.4884787696335824
2023-11-01,Health,2309.0,0.90019227407796,6.666050722963934,2220.4,8622.7,4.556863791242782,7.7648911440498125,8207.199999999999,-1.0988404210858782
2023-12-01,Health,2146.6,-7.033347769597231,5.733425278297699,2248.0,7566.8,-12.245584329734315,5.569507226965786,8145.466666666666,0.16391805133191273
2024-01-01,Health,2048.5,-4.570017702413109,12.536395099708852,2168.0333333333333,7630.2,0.8378706983136919,13.056749148021929,7939.899999999999,-0.5203540483130773
2024-02-01,Health,2204.4,7.610446668293869,12.137552141621732,2133.1666666666665,8274.9,8.44931980813084,12.87084146058679,7823.966666666666,-0.733289318965058
2024-03-01,Health,2187.9,-0.7485029940119792,0.26120428924938377,2146.9333333333334,8166.8,-1.3063601977063133,-0.35748709752199126,8023.966666666666,0.618691386771375
2024-04-01,Health,2181.1,-0.3108003108003188,17.156362464414233,2191.133333333333,8121.8,-0.5510114120585774,19.06877189896057,8187.833333333333,-1.912409434546337
2024-05-01,Health,2427.4,11.292467103755,5.815170008718407,2265.4666666666667,8942.9,10.109827870669053,6.496058303760699,8410.5,-0.6808882950422923
2024-06-01,Health,2139.0,-11.881024964983112,1.7118402282453538,2249.1666666666665,7928.4,-11.344194836126986,1.681351236966644,8331.033333333333,0.030488991278709854
2024-07-01,Health,2338.1,9.308087891538097,11.545250703687792,2301.5,8764.3,10.54311084203623,13.75264448972704,8545.199999999999,-2.2073937860392476
2024-08-01,Health,2397.2,2.5276934262862927,4.434956870262252,2291.433333333333,8896.4,1.507251006925836,4.405586198802958,8529.699999999999,0.029370671459294506
2024-09-01,Health,2204.8,-8.026030368763548,6.83205736990018,2313.366666666667,8340.3,-6.250843037633203,7.5890092879256965,8666.999999999998,-0.7569519180255169
2024-10-01,Health,2478.1,12.395682148040631,8.28963467925188,2360.0333333333333,9034.2,8.319844609906134,9.546617516885147,8756.966666666667,-1.2569828376332683
2024-11-01,Health,2420.4,-2.3283967555788654,4.8245993936769205,2367.7666666666664,9085.8,0.5711629142591379,5.370707550999088,8820.099999999999,-0.5461081573221671
2024-12-01,Health,2319.9,-4.152206246901335,8.073232087953052,2406.1333333333337,8237.9,-9.3321446653019,8.869006713538074,8785.966666666665,-0.7957746255850218
2025-01-01,Health,2202.0,-5.082115608431403,7.493287771540147,2314.1,8247.5,0.11653455370908006,8.090220439831208,8523.733333333332,-0.5969326682910614
2025-02-01,Health,2274.4,3.28792007266121,3.175467247323538,2265.433333333333,8566.7,3.8702637162776776,3.526326602134189,8350.699999999999,-0.3508593548106509
2025-03-01,Health,2424.1,6.581955680619056,10.795740207504911,2300.1666666666665,9021.3,5.306594137765974,10.463094480090106,8611.833333333332,0.33264572741480514
2025-04-01,Health,2272.3,-6.262117899426578,4.181376369721712,2323.6,8424.1,-6.619888486138348,3.722081312024428,8670.699999999999,0.4592950576972843
2025-05-01,Health,2561.6,12.73159353958544,5.528549064843036,2419.3333333333335,9482.5,12.563953419356366,6.0338368985452195,8975.966666666665,-0.5052878337021838
2025-06-01,Health,2345.2,-8.447845096814499,9.640018700327246,2393.0333333333333,8766.4,-7.551805958344326,10.569597901215877,8891.0,-0.9295792008886306
2025-07-01,Health,2505.5,6.835237932798921,7.159659552628206,2470.7666666666664,9458.7,7.8971983938675105,7.923051470168763,9235.866666666667,-0.7633919175405568
2025-08-01,Health,2499.7,-0.2314907204150951,4.275821792090784,2450.133333333333,9310.7,-1.564697051391839,4.656939885796518,9178.6,-0.3811180937057346
2025-09-01,Health,2445.7,-2.1602592311077307,10.926161103047871,2483.633333333333,9308.1,-0.027924860644212846,11.603899140318719,9359.166666666666,-0.6777380372708475
2025-10-01,Health,2629.3,7.50705319540419,6.101448690529043,2524.9,9669.9,3.8869371837431776,7.036594275087982,9429.566666666666,-0.9351455845589385
2025-11-01,Health,2513.0,-4.423230517628274,3.825813915055365,2529.3333333333335,9450.0,-2.2740669500201594,4.008452750445768,9476.0,-0.18263883539040293
2025-12-01,Health,2478.7,-1.3649025069637943,6.845122634596312,2540.3333333333335,8961.5,-5.1693121693121675,8.783791985821644,9360.466666666665,-1.9386693512253315
2026-01-01,Health,2265.3,-8.609351676281907,2.8746594005449655,2419.0,8559.2,-4.489203816325382,3.7793270688087466,8990.233333333334,-0.9046676682637811
2026-02-01,Health,2369.6,4.604246678144164,4.185719310587399,2371.2,9027.3,5.468969062529183,5.376632775747936,8849.333333333332,-1.1909134651605369
2026-03-01,Health,2567.7,8.360060769750156,5.923848026071532,2400.8666666666663,9814.7,8.72243084864801,8.794741334397504,9133.733333333334,-2.8708933083259716
2026-04-01,Health,2393.5,-6.784281652841062,5.333802754917927,2443.6,8912.9,-9.188258428683515,5.802400256407214,9251.633333333333,-0.46859750148928736
2026-05-01,Health,2554.1,6.709839147691654,-0.29278575890068215,2505.1,9592.9,7.629391107271477,1.164249934089101,9440.166666666666,-1.4570356929897832
2026-06-01,Health,2512.9,-1.6130926745233087,7.15077605321508,2486.8333333333335,9513.2,-0.8308227960262204,8.518890308450455,9339.666666666666,-1.3681142552353753
2026-07-01,Health,2597.0,3.346730868717418,3.6519656755138685,2554.6666666666665,9891.3,3.974477568010748,4.5735671921088406,9665.8,-0.921601516594972
2012-07-01,"Hotels, cafes and restaurants",967.3,,,,5050.0,,,,
2012-08-01,"Hotels, cafes and restaurants",1014.0,4.8278713946035445,,,5293.0,4.811881188118816,,,
2012-09-01,"Hotels, cafes and restaurants",1046.8,3.234714003944772,,1009.3666666666667,5441.3,2.8018137162289847,,5261.433333333333,
2012-10-01,"Hotels, cafes and restaurants",986.0,-5.80817730225448,,1015.6,5111.0,-6.070240567511442,,5281.766666666666,
2012-11-01,"Hotels, cafes and restaurants",959.1,-2.728194726166322,,997.3000000000001,4963.3,-2.889845431422422,,5171.866666666667,
2012-12-01,"Hotels, cafes and restaurants",1109.5,15.681367949118963,,1018.2000000000002,5748.9,15.828178832631501,,5274.4,
2013-01-01,"Hotels, cafes and restaurants",882.3,-20.47769265434881,,983.6333333333333,4612.0,-19.77595713962671,,5108.066666666667,
2013-02-01,"Hotels, cafes and restaurants",906.5,2.742831236540866,,966.1,4694.7,1.7931483087597622,,5018.533333333333,
2013-03-01,"Hotels, cafes and restaurants",1017.1,12.200772200772203,,935.3000000000001,5182.2,10.384050099047858,,4829.633333333333,
2013-04-01,"Hotels, cafes and restaurants",961.0,-5.515681840526987,,961.5333333333334,4820.0,-6.989309559646484,,4898.966666666666,
2013-05-01,"Hotels, cafes and restaurants",1010.6,5.161290322580658,,996.2333333333335,5014.4,4.0331950207468825,,5005.533333333334,
2013-06-01,"Hotels, cafes and restaurants",1101.6,9.004551751434775,,1024.4,5502.2,9.72798340778558,,5112.2,
2013-07-01,"Hotels, cafes and restaurants",1067.5,-3.0954974582425465,10.358730486922374,1059.9,5432.8,-1.2613136563556337,7.580198019801987,5316.466666666666,2.778532467120387
2013-08-01,"Hotels, cafes and restaurants",1060.8,-0.6276346604215499,4.615384615384621,1076.6333333333334,5508.9,1.4007509939625962,4.078972227470246,5481.3,0.5364123879143756
2013-09-01,"Hotels, cafes and restaurants",1049.0,-1.112368024132726,0.21016431027895965,1059.1000000000001,5498.0,-0.19786164207009627,1.0420303971477418,5479.899999999999,-0.8318660868687822
2013-10-01,"Hotels, cafes and restaurants",1021.2,-2.650142993326976,3.569979716024352,1043.6666666666667,5301.5,-3.5740269188795915,3.727254940324798,5436.133333333333,-0.15727522430044605
2013-11-01,"Hotels, cafes and restaurants",985.7,-3.4763023893458644,2.7734334271713124,1018.6333333333336,5137.9,-3.0859190795058056,3.5178208047065285,5312.466666666666,-0.7443873775352161
2013-12-01,"Hotels, cafes and restaurants",1122.2,13.848026782996858,1.1446597566471484,1043.0333333333335,5878.5,14.414449483251923,2.2543443093461457,5439.3,-1.1096845526989974
2014-01-01,"Hotels, cafes and restaurants",950.6,-15.291391908750674,7.74113113453474,1019.5000000000001,4987.8,-15.151824445011474,8.14830875975716,5334.733333333334,-0.4071776252224204
2014-02-01,"Hotels, cafes and restaurants",946.0,-0.48390490216705384,4.3574186431329265,1006.2666666666668,4966.1,-0.4350615501824362,5.780987070526344,5277.466666666667,-1.423568427393418
2014-03-01,"Hotels, cafes and restaurants",1058.6,11.902748414376308,4.080228099498573,985.0666666666666,5501.8,10.787136787418694,6.167264868202693,5151.900000000001,-2.0870367687041202
2014-04-01,"Hotels, cafes and restaurants",1035.5,-2.182127337993567,7.752341311134225,1013.3666666666668,5384.1,-2.139299865498556,11.703319502074706,5284.000000000001,-3.9509781909404804
2014-05-01,"Hotels, cafes and restaurants",1056.4,2.0183486238532167,4.531961211161684,1050.1666666666667,5462.2,1.4505674114522193,8.93028079132101,5449.366666666668,-4.398319580159327
2014-06-01,"Hotels, cafes and restaurants",1102.8,4.39227565316167,0.10893246187364536,1064.9,5699.4,4.342572589798976,3.5840209370797016,5515.233333333334,-3.4750884752060562
2014-07-01,"Hotels, cafes and restaurants",1202.7,9.058759521218729,12.665105386416876,1120.6333333333334,6164.8,8.16577183563183,13.47371521130909,5775.466666666667,-0.8086098248922138
2014-08-01,"Hotels, cafes and restaurants",1131.1,-5.953271805105187,6.62707390648567,1145.5333333333335,5833.5,-5.374059174669088,5.8922833959592635,5899.233333333333,0.7347905105264063
2014-09-01,"Hotels, cafes and restaurants",1098.5,-2.882150119352833,4.718779790276462,1144.1000000000001,5673.7,-2.7393503042770218,3.195707530010905,5890.666666666667,1.5230722602655566
2014-10-01,"Hotels, cafes and restaurants",1103.9,0.49157942649067365,8.098315707011361,1111.1666666666667,5685.6,0.20973967604915877,7.245119305856851,5730.933333333333,0.8531964011545101
2014-11-01,"Hotels, cafes and restaurants",1069.7,-3.0981067125645523,8.521862635690368,1090.7,5524.9,-2.826438722386393,7.5322602619747325,5628.066666666667,0.9896023737156359
2014-12-01,"Hotels, cafes and restaurants",1235.4,15.490324390015896,10.087328461949753,1136.3333333333335,6400.5,15.84825064707054,8.879816279663189,5870.333333333333,1.207512182286564
2015-01-01,"Hotels, cafes and restaurants",991.3,-19.758782580540725,4.281506416999781,1098.8000000000002,5170.4,-19.21881103038826,3.6609326757287564,5698.599999999999,0.6205737412710244
2015-02-01,"Hotels, cafes and restaurants",1025.2,3.4197518410168604,8.372093023255811,1083.966666666667,5340.2,3.2840786012687584,7.5330742433700415,5637.033333333333,0.8390187798857696
2015-03-01,"Hotels, cafes and restaurants",1109.0,8.174014826375341,4.761005101076909,1041.8333333333333,5736.5,7.421070371896188,4.265876622196374,5415.7,0.49512847888053546
2015-04-01,"Hotels, cafes and restaurants",1094.9,-1.2714156898106288,5.736359246740719,1076.3666666666668,5606.2,-2.271419855312473,4.125109117586967,5560.966666666667,1.6112501291537518
2015-05-01,"Hotels, cafes and restaurants",1083.7,-1.0229244679879512,2.584248390761079,1095.8666666666668,5511.0,-1.6981199386393642,0.8934129105488742,5617.900000000001,1.690835480212205
2015-06-01,"Hotels, cafes and restaurants",1149.7,6.090246378148945,4.252811026478054,1109.4333333333334,5800.7,5.256759208855022,1.7773800750956248,5639.3,2.475430951382429
2015-07-01,"Hotels, cafes and restaurants",1224.8,6.532138818822286,1.83753221917351,1152.7333333333333,6144.3,5.923423035150943,-0.3325330910978419,5818.666666666667,2.170065310271352
2015-08-01,"Hotels, cafes and restaurants",1195.0,-2.4330502939255316,5.649367871983024,1189.8333333333333,5998.8,-2.368048435135006,2.8336333247621637,5981.266666666666,2.8157345472208606
2015-09-01,"Hotels, cafes and restaurants",1149.7,-3.7907949790794926,4.660901228948577,1189.8333333333333,5786.3,-3.542375141695009,1.98459559017925,5976.466666666667,2.6763056387693274
2015-10-01,"Hotels, cafes and restaurants",1192.3,3.7053144298512475,8.00797173657033,1179.0,6009.2,3.8522026165252354,5.6915716898832125,5931.433333333334,2.316400046687117
2015-11-01,"Hotels, cafes and restaurants",1102.2,-7.556822947244813,3.038235019164248,1148.0666666666666,5618.5,-6.501697397324103,1.6941483103766641,5804.666666666667,1.344086708787584
2015-12-01,"Hotels, cafes and restaurants",1256.3,13.981128651787333,1.6917597539258367,1183.6000000000001,6467.4,15.109014861617865,1.0452308413405165,6031.7,0.6465289125853202
2016-01-01,"Hotels, cafes and restaurants",1043.1,-16.970468837061215,5.225461515182084,1133.8666666666666,5403.4,-16.451742585892326,4.506421166640884,5829.766666666666,0.7190403485412
2016-02-01,"Hotels, cafes and restaurants",1050.6,0.719010641357487,2.4775653531018182,1116.6666666666667,5429.5,0.48302920383462844,1.6722220141567767,5766.766666666666,0.8053433389450415
2016-03-01,"Hotels, cafes and restaurants",1146.5,9.12811726632401,3.3814247069431813,1080.0666666666666,5859.0,7.910488995303444,2.1354484441732824,5563.966666666667,1.245976262769899
2016-04-01,"Hotels, cafes and restaurants",1193.0,4.05582206716093,8.959722349072962,1130.0333333333335,5971.6,1.921829663765151,6.517783882130512,5753.366666666666,2.4419384669424495
2016-05-01,"Hotels, cafes and restaurants",1184.0,-0.7544006705783701,9.255328965580878,1174.5,5878.6,-1.5573715587112291,6.670295772092194,5903.066666666667,2.585033193488684
2016-06-01,"Hotels, cafes and restaurants",1238.4,4.594594594594592,7.715056101591733,1205.1333333333334,6125.5,4.199979586976488,5.599324219490764,5991.900000000001,2.1157318821009685
2016-07-01,"Hotels, cafes and restaurants",1328.8,7.299741602067167,8.491182233834094,1250.4000000000003,6562.2,7.129213941719037,6.801425711635178,6188.766666666666,1.6897565221989153
2016-08-01,"Hotels, cafes and restaurants",1285.7,-3.243527995183615,7.589958158995813,1284.3000000000002,6369.0,-2.9441345890097836,6.1712342468493775,6352.233333333334,1.4187239121464357
2016-09-01,"Hotels, cafes and restaurants",1268.4,-1.3455705063389556,10.324432460641919,1294.3,6308.9,-0.943633223425977,9.03167827454503,6413.366666666666,1.2927541860968894
2016-10-01,"Hotels, cafes and restaurants",1244.5,-1.8842636392305323,4.3780927618887855,1266.2,6205.9,-1.6326142433704782,3.273314251481052,6294.599999999999,1.1047785104077334
2016-11-01,"Hotels, cafes and restaurants",1180.3,-5.158698272398555,7.085828343313372,1231.0666666666668,5920.4,-4.6004608517700945,5.373320281213845,6145.066666666666,1.712508062099527
2016-12-01,"Hotels, cafes and restaurants",1350.7,14.437007540455827,7.514128790893904,1258.5,6781.0,14.536179987838672,4.848934656894577,6302.433333333333,2.665194133999327
2017-01-01,"Hotels, cafes and restaurants",1127.5,-16.524764936699487,8.09126641740965,1219.5,5674.8,-16.31322813744285,5.022763445238199,6125.399999999999,3.0685029721714505
2017-02-01,"Hotels, cafes and restaurants",1118.9,-0.7627494456762696,6.501047020750073,1199.0333333333335,5606.9,-1.1965179389582081,3.2673358504466288,6020.900000000001,3.233711170303444
2017-03-01,"Hotels, cafes and restaurants",1201.9,7.4179998212530185,4.832097688617543,1149.4333333333336,5968.5,6.449196525709411,1.868919610855091,5750.066666666667,2.9631780777624517
2017-04-01,"Hotels, cafes and restaurants",1246.6,3.719111406938991,4.492875104777871,1189.1333333333334,6108.6,2.347323448102534,2.2941925112197836,5894.666666666667,2.198682593558088
2017-05-01,"Hotels, cafes and restaurants",1251.5,0.3930691480827919,5.701013513513509,1233.3333333333333,6092.7,-0.26028877320499744,3.6420236110638493,6056.599999999999,2.0589899024496594
2017-06-01,"Hotels, cafes and restaurants",1278.3,2.1414302836596066,3.2218992248061795,1258.8000000000002,6246.1,2.517767163983131,1.9688188719288346,6149.133333333334,1.2530803528773449
2017-07-01,"Hotels, cafes and restaurants",1342.6,5.030118125635608,1.0385310054184194,1290.8,6606.7,5.773202478346473,0.6781262381518438,6315.166666666667,0.36040476726657555
2017-08-01,"Hotels, cafes and restaurants",1296.8,-3.4112915239088326,0.8633429260324954,1305.8999999999999,6427.3,-2.71542525012487,0.9153713298791111,6426.7,-0.05202840384661567
2017-09-01,"Hotels, cafes and restaurants",1307.3,0.8096853793954306,3.066855881425412,1315.5666666666666,6481.0,0.8354985763850964,2.727892342563676,6505.0,0.33896353886173625
2017-10-01,"Hotels, cafes and restaurants",1291.1,-1.2391952879981627,3.7444756930494094,1298.3999999999999,6382.3,-1.522913130689707,2.8424563721619833,6430.2,0.9020193208874261
2017-11-01,"Hotels, cafes and restaurants",1346.0,4.252188056695849,14.03880369397612,1314.8,6676.5,4.609623489964432,12.771096547530568,6513.266666666667,1.2677071464455523
2017-12-01,"Hotels, cafes and restaurants",1486.7,10.453194650817244,10.068853187236249,1374.6000000000001,7387.7,10.652287875383815,8.947057956053683,6815.5,1.1217952311825652
2018-01-01,"Hotels, cafes and restaurants",1201.4,-19.19015268715948,6.554323725055444,1344.7,6048.2,-18.131488826021634,6.579967575949808,6704.133333333334,-0.025643850894363496
2018-02-01,"Hotels, cafes and restaurants",1169.6,-2.646911936074592,4.531236035391895,1285.9,5871.3,-2.924837141628911,4.715618256077336,6435.733333333334,-0.18438222068544174
2018-03-01,"Hotels, cafes and restaurants",1320.5,12.901846785225723,9.867709460021622,1230.5,6527.7,11.179806857084461,9.369188238250814,6149.066666666666,0.49852122177080815
2018-04-01,"Hotels, cafes and restaurants",1303.1,-1.3176826959485077,4.532327931974978,1264.4,6327.6,-3.0653982260214097,3.5851095177291015,6242.2,0.9472184142458762
2018-05-01,"Hotels, cafes and restaurants",1362.2,4.535338807459155,8.845385537355188,1328.6000000000001,6530.0,3.1986851254820037,7.177441856648126,6461.766666666667,1.6679436807070624
2018-06-01,"Hotels, cafes and restaurants",1461.0,7.252973131698726,14.29241961980756,1375.4333333333334,7015.8,7.439509954058199,12.322889483037414,6624.466666666667,1.969530136770146
2018-07-01,"Hotels, cafes and restaurants",1456.6,-0.3011635865845408,8.490987635930281,1426.6000000000001,7063.9,0.6855953704495432,6.920247627408527,6869.900000000001,1.5707400085217547
2018-08-01,"Hotels, cafes and restaurants",1463.2,0.4531099821502238,12.831585441085757,1460.2666666666667,7154.0,1.2754993700363926,11.306458388436823,7077.900000000001,1.5251270526489336
2018-09-01,"Hotels, cafes and restaurants",1454.6,-0.5877528704209989,11.26749789642776,1458.1333333333332,7126.8,-0.38020687727144953,9.964511649436814,7114.900000000001,1.3029862469909457
2018-10-01,"Hotels, cafes and restaurants",1424.1,-2.0967963701361225,10.301293470683914,1447.3,6929.0,-2.7754391872930384,8.565877504974683,7069.933333333333,1.7354159657092314
2018-11-01,"Hotels, cafes and restaurants",1451.6,1.9310441682466095,7.845468053491822,1443.4333333333334,7086.2,2.2687256458363336,6.136448738111278,7047.333333333333,1.7090193153805444
2018-12-01,"Hotels, cafes and restaurants",1592.7,9.720308624965558,7.129884980157386,1489.4666666666665,7815.4,10.290423640314984,5.78935257251918,7276.866666666666,1.3405324076382064
2019-01-01,"Hotels, cafes and restaurants",1304.0,-18.126451936962397,8.54003662393874,1449.4333333333334,6507.5,-16.734908002149595,7.593994907575818,7136.366666666666,0.9460417163629211
2019-02-01,"Hotels, cafes and restaurants",1143.1,-12.338957055214728,-2.265731874145005,1346.6000000000001,5710.5,-12.247406838263542,-2.7387461039292904,6677.799999999999,0.4730142297842854
2019-03-01,"Hotels, cafes and restaurants",1464.4,28.107777097366828,10.897387353275278,1303.8333333333333,6785.9,18.831976184222032,3.955451384101605,6334.633333333334,6.941935969173673
2019-04-01,"Hotels, cafes and restaurants",1312.5,-10.372848948374768,0.7213567646381813,1306.6666666666667,6458.7,-4.8217627728083245,2.0718755926417476,6318.366666666666,-1.3505188280035663
2019-05-01,"Hotels, cafes and restaurants",1288.2,-1.8514285714285705,-5.432388782851271,1355.0333333333335,6423.2,-0.549646213634325,-1.635528330781011,6555.933333333333,-3.7968604520702605
2019-06-01,"Hotels, cafes and restaurants",1347.2,4.5800341561869296,-7.789185489390826,1315.966666666667,6506.0,1.2890770955287012,-7.266455714244991,6462.633333333332,-0.5227297751458355
2019-07-01,"Hotels, cafes and restaurants",1411.2,4.750593824228022,-3.116847452972671,1348.8666666666668,6922.0,6.394097755917616,-2.0088053341638434,6617.066666666667,-1.1080421188088274
2019-08-01,"Hotels, cafes and restaurants",1448.5,2.6431405895691595,-1.004647348277754,1402.3000000000002,7036.9,1.6599248772031228,-1.636846519429691,6821.633333333332,0.632199171151937
2019-09-01,"Hotels, cafes and restaurants",1420.5,-1.9330341732827105,-2.3442870892341428,1426.7333333333336,6800.1,-3.365118162827374,-4.584105068193301,6919.666666666667,2.239817978959158
2019-10-01,"Hotels, cafes and restaurants",1402.9,-1.2390003519887283,-1.4886595042482798,1423.966666666667,6959.1,2.338200908810162,0.43440611920912975,6932.033333333333,-1.9230656234574095
2019-11-01,"Hotels, cafes and restaurants",1397.5,-0.384916957730419,-3.7269220170845885,1406.966666666667,6854.3,-1.5059418602980323,-3.2725579294967666,6871.166666666667,-0.4543640875878219
2019-12-01,"Hotels, cafes and restaurants",1443.5,3.291592128801435,-9.367740315188044,1414.6333333333334,7160.7,4.470186598193826,-8.377050438877088,6991.366666666666,-0.990689876310956
2020-01-01,"Hotels, cafes and restaurants",1317.9,-8.701073779009349,1.0659509202453954,1386.3,6544.9,-8.599717904674131,0.5747214752208851,6853.3,0.49122944502451027
2020-02-01,"Hotels, cafes and restaurants",1159.2,-12.041884816753933,1.4084507042253724,1306.8666666666668,5753.0,-12.099497318522811,0.7442430610279382,6486.2,0.6642076431974342
2020-03-01,"Hotels, cafes and restaurants",1005.7,-13.241890959282266,-31.323408904670856,1160.9333333333334,4774.3,-17.01199374239527,-29.643820274392485,5690.733333333333,-1.6795886302783707
2020-04-01,"Hotels, cafes and restaurants",522.1,-48.08591031122601,-60.220952380952376,895.6666666666669,2838.8,-40.539974446515714,-56.04688249957421,4455.366666666668,-4.174069881378166
2020-05-01,"Hotels, cafes and restaurants",650.8,24.65045010534379,-49.47989442633131,726.2000000000002,3754.8,32.267155135972935,-41.54315605928509,3789.3000000000006,-7.936738367046225
2020-06-01,"Hotels, cafes and restaurants",834.2,28.180700676090975,-38.07897862232779,669.0333333333334,4818.2,28.321082347927984,-25.942207193359977,3803.933333333333,-12.136771428967812
2020-07-01,"Hotels, cafes and restaurants",717.8,-13.953488372093037,-49.135487528344676,734.2666666666668,5457.2,13.262214104852443,-21.16151401329096,4676.733333333334,-27.973973515053714
2020-08-01,"Hotels, cafes and restaurants",571.9,-20.32599609919198,-60.517777010700726,707.9666666666667,5073.0,-7.040240416330712,-27.90859611476644,5116.133333333333,-32.60918089593429
2020-09-01,"Hotels, cafes and restaurants",630.3,10.21157545025353,-55.62829989440339,640.0000000000001,5166.4,1.8411196530652374,-24.02464669637212,5232.2,-31.60365319803127
2020-10-01,"Hotels, cafes and restaurants",696.8,10.550531492939875,-50.33145626915676,633.0000000000001,5461.5,5.71190771136576,-21.52002414105273,5233.633333333333,-28.81143212810403
2020-11-01,"Hotels, cafes and restaurants",918.8,31.859931113662455,-34.254025044722724,748.6333333333333,5408.5,-0.9704293692209154,-21.093328275680967,5345.466666666666,-13.160696769041756
2020-12-01,"Hotels, cafes and restaurants",1066.0,16.020896821941676,-26.151714582611707,893.8666666666668,6019.4,11.295183507441987,-15.938385911991848,5629.8,-10.213328670619859
2021-01-01,"Hotels, cafes and restaurants",993.7,-6.782363977485928,-24.599742013809855,992.8333333333334,5541.1,-7.945974681861967,-15.337132729300663,5656.333333333333,-9.262609284509193
2021-02-01,"Hotels, cafes and restaurants",809.9,-18.496528127201373,-30.132850241545896,956.5333333333333,4837.5,-12.697839779105236,-15.913436467929776,5466.0,-14.21941377361612
2021-03-01,"Hotels, cafes and restaurants",1075.2,32.757130509939515,6.910609525703482,959.6,5689.7,17.616537467700244,19.173491401880895,5356.099999999999,-12.262881876177413
2021-04-01,"Hotels, cafes and restaurants",1014.4,-5.654761904761907,94.29228117218922,966.5000000000001,5763.5,1.297080689667296,103.02592644779484,5430.233333333334,-8.733645275605625
2021-05-01,"Hotels, cafes and restaurants",958.8,-5.4810725552050465,47.32636754763369,1016.1333333333333,5785.4,0.37997744426130353,54.08011079152018,5746.2,-6.75374324388649
2021-06-01,"Hotels, cafes and restaurants",865.1,-9.772632457238206,3.704147686406145,946.1,5428.9,-6.162063124416639,12.674857830725173,5659.266666666666,-8.970710144319028
2021-07-01,"Hotels, cafes and restaurants",941.8,8.866027048896076,31.206464196154915,921.9000000000001,5011.7,-7.684798025382666,-8.163527083486033,5408.666666666666,39.36999127964095
2021-08-01,"Hotels, cafes and restaurants",725.0,-23.01974941601189,26.770414408113318,843.9666666666668,4624.0,-7.735897998683083,-8.850778631973188,5021.533333333333,35.62119304008651
2021-09-01,"Hotels, cafes and restaurants",707.1,-2.4689655172413727,12.184673964778693,791.3000000000002,4934.7,6.719290657439436,-4.4847475998761155,4856.8,16.669421564654808
2021-10-01,"Hotels, cafes and restaurants",868.0,22.754914439258943,24.569460390355925,766.7000000000002,5797.1,17.476239690356053,6.144832005859202,5118.599999999999,18.42462838449672
2021-11-01,"Hotels, cafes and restaurants",1161.1,33.76728110599076,26.371353939921626,912.0666666666667,6340.7,9.377102344275578,17.235832485901813,5690.833333333333,9.135521454019813
2021-12-01,"Hotels, cafes and restaurants",1355.5,16.742743949702877,27.15759849906192,1128.2,7179.3,13.22566909016356,19.269362394923096,6439.033333333333,7.888236104138823
2022-01-01,"Hotels, cafes and restaurants",1208.6,-10.837329398745855,21.626245345677763,1241.7333333333333,6330.0,-11.8298441352221,14.237245312302594,6616.666666666667,7.389000033375169
2022-02-01,"Hotels, cafes and restaurants",1176.2,-2.6807876882343096,45.22780590196322,1246.7666666666667,6087.4,-3.8325434439178574,25.837726098191215,6532.233333333334,19.390079803772007
2022-03-01,"Hotels, cafes and restaurants",1463.6,24.434619962591377,36.123511904761884,1282.8000000000002,7210.6,18.45122712488092,26.730759090988986,6542.666666666667,9.392752813772898
2022-04-01,"Hotels, cafes and restaurants",1471.0,0.505602623667678,45.01182965299684,1370.2666666666667,7792.4,8.068676670457364,35.20256788409819,7030.133333333334,9.80926176889865
2022-05-01,"Hotels, cafes and restaurants",1430.5,-2.7532290958531602,49.19691280767626,1455.0333333333335,7594.4,-2.540937323546022,31.268365195146398,7532.466666666666,17.928547612529865
2022-06-01,"Hotels, cafes and restaurants",1510.6,5.599440754980778,74.61565136978383,1470.7,7843.8,3.283998735910676,44.48230764980015,7743.533333333333,30.133343719983685
2022-07-01,"Hotels, cafes and restaurants",1644.0,8.83092810803654,74.55935442769166,1528.3666666666668,8659.1,10.394196690379665,72.77770018157513,8032.433333333333,1.7816542461165312
2022-08-01,"Hotels, cafes and restaurants",1618.1,-1.575425790754259,123.18620689655174,1590.8999999999999,8443.5,-2.4898661523715004,82.60164359861592,8315.466666666667,40.584563297935816
2022-09-01,"Hotels, cafes and restaurants",1741.3,7.613868116927258,146.25936925470228,1667.8000000000002,9007.1,6.674957067566778,82.52578677528524,8703.233333333332,63.73358247941704
2022-10-01,"Hotels, cafes and restaurants",1714.3,-1.5505656693275194,97.49999999999999,1691.2333333333336,9056.2,0.545125512096023,56.21948905487226,8835.6,41.28051094512772
2022-11-01,"Hotels, cafes and restaurants",1640.6,-4.299130840576327,41.2970459047455,1698.7333333333333,8751.7,-3.36233740420927,38.02419291245447,8938.333333333334,3.2728529922910354
2022-12-01,"Hotels, cafes and restaurants",1873.7,14.20821650615629,38.2294356326079,1742.8666666666668,9850.5,12.555274975147679,37.20697003886173,9219.466666666667,1.022465593746169
2023-01-01,"Hotels, cafes and restaurants",1800.3,-3.9173827186849586,48.95747145457554,1771.5333333333335,9219.8,-6.402720674077466,45.65244865718798,9274.0,3.305022797387558
2023-02-01,"Hotels, cafes and restaurants",1543.5,-14.264289285119148,31.2276823669444,1739.166666666667,8054.8,-12.635848933816341,32.31921674278018,9041.7,-1.0915343758357778
2023-03-01,"Hotels, cafes and restaurants",1854.6,20.155490767735664,26.714949439737644,1732.8000000000002,9425.2,17.013457813974277,30.71311680026627,8899.933333333332,-3.998167360528626
2023-04-01,"Hotels, cafes and restaurants",1847.8,-0.3666558826701194,25.61522773623386,1748.6333333333332,9377.5,-0.5060900564444304,20.341614906832305,8952.5,5.273612829401554
2023-05-01,"Hotels, cafes and restaurants",1772.9,-4.053468990150444,23.935686822789236,1825.1000000000001,9110.7,-2.845107971207672,19.9660275992837,9304.466666666667,3.9696592235055377
2023-06-01,"Hotels, cafes and restaurants",1879.9,6.035309380111675,24.44723950748049,1833.5333333333335,9402.0,3.1973393921433058,19.865371376118723,9296.733333333334,4.581868131361766
2023-07-01,"Hotels, cafes and restaurants",1943.1,3.3618809511144043,18.193430656934307,1865.3000000000002,9925.4,5.566900659434149,14.62392165467541,9479.366666666667,3.569509002258897
2023-08-01,"Hotels, cafes and restaurants",1931.4,-0.602130616025931,19.362214943452205,1918.1333333333334,9773.2,-1.5334394583593536,15.7482086812341,9700.199999999999,3.614006262218105
2023-09-01,"Hotels, cafes and restaurants",2019.0,4.535570052811422,15.9478550508241,1964.5,10174.2,4.10305734048213,12.957555706054125,9957.6,2.9902993447699746
2023-10-01,"Hotels, cafes and restaurants",1915.4,-5.13125309559187,11.730735577203522,1955.266666666667,9938.3,-2.318609816988082,9.740288421192101,9961.9,1.9904471560114203
2023-11-01,"Hotels, cafes and restaurants",1905.3,-0.5273050015662584,16.13434109472145,1946.5666666666668,9753.9,-1.8554481148687407,11.45148942491172,9955.466666666667,4.682851669809729
2023-12-01,"Hotels, cafes and restaurants",2098.6,10.145383929040053,12.002988738858944,1973.1000000000001,10721.2,9.917058817498647,8.839145221054778,10137.8,3.1638435178041657
2024-01-01,"Hotels, cafes and restaurants",1944.4,-7.347755646621545,8.004221518635802,1982.7666666666667,9798.1,-8.610043651830024,6.27237033341288,10091.066666666666,1.7318511852229221
2024-02-01,"Hotels, cafes and restaurants",1741.4,-10.440238634025922,12.821509556203448,1928.1333333333332,8993.7,-8.209754952490789,11.656403635099565,9837.666666666666,1.1651059211038834
2024-03-01,"Hotels, cafes and restaurants",2082.0,19.558975536924315,12.2614040763507,1922.6000000000004,10184.6,13.241491266108497,8.057123456266169,9658.800000000001,4.204280620084532
2024-04-01,"Hotels, cafes and restaurants",1896.0,-8.933717579250722,2.6085074142223164,1906.466666666667,9616.8,-5.5750839502778815,2.551852839242863,9598.366666666667,0.056654574979453365
2024-05-01,"Hotels, cafes and restaurants",1923.3,1.4398734177215156,8.48327598849341,1967.1000000000001,9727.8,1.154230097329667,6.773354407454946,9843.066666666668,1.709921581038465
2024-06-01,"Hotels, cafes and restaurants",1934.6,0.5875318463058221,2.9097292409170583,1917.966666666667,9671.0,-0.5838935833384684,2.861093384386293,9671.866666666667,0.04863585653076541
2024-07-01,"Hotels, cafes and restaurants",1998.2,3.2875012922568114,2.8356749523956726,1952.0333333333335,10140.8,4.857822355495811,2.1701896145243538,9846.533333333333,0.6654853378713188
2024-08-01,"Hotels, cafes and restaurants",2061.2,3.1528375537984044,6.720513617065316,1998.0,10425.7,2.809443041969084,6.676421233577545,10079.166666666666,0.04409238348777045
2024-09-01,"Hotels, cafes and restaurants",2044.4,-0.8150591888220315,1.2580485388806295,2034.6000000000004,10270.1,-1.4924657337157199,0.9425802520099724,10278.866666666667,0.3154682868706571
2024-10-01,"Hotels, cafes and restaurants",1996.9,-2.323420074349447,4.254985903727682,2034.1666666666667,10463.8,1.8860575846388894,5.287624644053812,10386.533333333333,-1.0326387403261306
2024-11-01,"Hotels, cafes and restaurants",2027.7,1.542390705593677,6.424185167690122,2023.0000000000002,10431.9,-0.3048605669068616,6.951065727555128,10388.6,-0.5268805598650061
2024-12-01,"Hotels, cafes and restaurants",2153.8,6.218868668935262,2.6303249785571525,2059.466666666667,11075.7,6.171454864406312,3.3065328508002922,10657.133333333333,-0.6762078722431397
2025-01-01,"Hotels, cafes and restaurants",2020.2,-6.202990064072811,3.8983748199958868,2067.233333333334,10393.4,-6.160332981211125,6.075667731498946,10633.666666666666,-2.1772929115030593
2025-02-01,"Hotels, cafes and restaurants",1740.9,-13.825363825363823,-0.028712530148156112,1971.6333333333334,9032.8,-13.091000057728952,0.43474876858242695,10167.300000000001,-0.46346129873058306
2025-03-01,"Hotels, cafes and restaurants",2083.9,19.702452754322476,0.0912584053794463,1948.3333333333337,10235.3,13.312594101496767,0.4978104196531996,9887.166666666666,-0.4065520142737533
2025-04-01,"Hotels, cafes and restaurants",2021.2,-3.0087816114017008,6.6033755274261585,1948.666666666667,10351.2,1.1323556710599814,7.636635887197429,9873.099999999999,-1.0332603597712708
2025-05-01,"Hotels, cafes and restaurants",2033.6,0.6134969325153339,5.734934747569276,2046.2333333333336,10528.5,1.7128448875492586,8.231049158083037,10371.666666666666,-2.496114410513761
2025-06-01,"Hotels, cafes and restaurants",1944.9,-4.361723052714394,0.5324098004755529,1999.9000000000003,10069.3,-4.361494989789627,4.118498604074028,10316.333333333334,-3.586088803598475
2025-07-01,"Hotels, cafes and restaurants",2123.9,9.203558023548775,6.290661595435898,2034.133333333334,10919.5,8.443486637601438,7.678881350583788,10505.766666666668,-1.3882197551478903
2025-08-01,"Hotels, cafes and restaurants",2149.4,1.2006214981872931,4.279060741315743,2072.7333333333336,10990.2,0.6474655432941123,5.41450454166148,10659.666666666666,-1.1354438003457368
2025-09-01,"Hotels, cafes and restaurants",2082.4,-3.117148971806083,1.8587360594795488,2118.566666666667,10721.4,-2.445815362777759,4.394309695134413,10877.033333333333,-2.535573635654864
2025-10-01,"Hotels, cafes and restaurants",2117.0,1.6615443718785983,6.014322199409072,2116.266666666667,11254.2,4.9695002518328035,7.553661193830163,10988.6,-1.5393389944210911
2025-11-01,"Hotels, cafes and restaurants",2106.2,-0.5101558809636364,3.871381368052451,2101.8666666666672,11028.5,-2.0054735121110445,5.718996539460686,11001.366666666669,-1.8476151714082345
2025-12-01,"Hotels, cafes and restaurants",2237.5,6.233975880733089,3.886154703315059,2153.566666666667,11730.9,6.3689531667951105,5.915653186706016,11337.866666666667,-2.029498483390957
2026-01-01,"Hotels, cafes and restaurants",2128.9,-4.853631284916194,5.380655380655375,2157.5333333333333,11067.2,-5.657707422277902,6.482960340215915,11275.533333333333,-1.1023049595605405
2026-02-01,"Hotels, cafes and restaurants",1825.7,-14.242096857532061,4.871043713022005,2064.0333333333338,9536.4,-13.831863524649425,5.575236914356574,10778.166666666666,-0.7041932013345686
2026-03-01,"Hotels, cafes and restaurants",2138.3,17.12219970422304,2.6104899467344955,2030.9666666666672,10710.4,12.31072522125749,4.641778941506369,10438.0,-2.0312889947718737
2026-04-01,"Hotels, cafes and restaurants",2068.7,-3.2549221344058576,2.3500890560063326,2010.9000000000003,10711.2,0.007469375560220648,3.4778576396939487,10319.333333333334,-1.1277685836876161
2026-05-01,"Hotels, cafes and restaurants",2134.8,3.1952433895683363,4.976396538158934,2113.933333333334,11109.1,3.7148031966539596,5.514555729686088,10843.566666666668,-0.5381591915271544
2026-06-01,"Hotels, cafes and restaurants",2073.5,-2.8714633689338687,6.612165149879168,2092.333333333334,10644.4,-4.183057133341139,5.71141986036765,10821.566666666668,0.9007452895115176
2026-07-01,"Hotels, cafes and restaurants",2247.2,8.377140101278012,5.805358067705613,2151.833333333334,11713.1,10.040021043929205,7.267732039012786,11155.533333333333,-1.4623739713071737
2012-07-01,Miscellaneous goods and services,985.6,,,,3964.7,,,,
2012-08-01,Miscellaneous goods and services,991.8,0.6290584415584277,,,4026.4,1.5562337629581036,,,
2012-09-01,Miscellaneous goods and services,965.6,-2.641661625327685,,981.0,3952.5,-1.8353864494337402,,3981.2000000000003,
2012-10-01,Miscellaneous goods and services,1010.3,4.629246064623027,,989.2333333333332,4129.1,4.468058191018343,,4036.0,
2012-11-01,Miscellaneous goods and services,1032.7,2.2171632188458856,,1002.8666666666667,4204.0,1.8139546148070895,,4095.2000000000007,
2012-12-01,Miscellaneous goods and services,1140.3,10.41928924179334,,1061.1000000000001,4611.2,9.686013320647003,,4314.766666666667,
2013-01-01,Miscellaneous goods and services,959.2,-15.881785495045154,,1044.0666666666666,3940.3,-14.549358084663421,,4251.833333333333,
2013-02-01,Miscellaneous goods and services,981.6,2.335279399499579,,1027.0333333333333,3973.8,0.8501890718980887,,4175.1,
2013-03-01,Miscellaneous goods and services,998.3,1.70130399348003,,979.6999999999999,4109.1,3.404801449494199,,4007.7333333333336,
2013-04-01,Miscellaneous goods and services,951.8,-4.657918461384359,,977.2333333333332,3903.9,-4.993794261517126,,3995.6000000000004,
2013-05-01,Miscellaneous goods and services,1019.8,7.144358058415623,,989.9666666666667,4155.7,6.449960296114132,,4056.2333333333336,
2013-06-01,Miscellaneous goods and services,1028.3,0.8334967640713842,,999.9666666666666,4234.2,1.8889717737083922,,4097.933333333333,
2013-07-01,Miscellaneous goods and services,1017.0,-1.098901098901095,3.1858766233766156,1021.6999999999999,4145.0,-2.106655330404794,4.547632859989403,4178.3,-1.3617562366127878
2013-08-01,Miscellaneous goods and services,1035.3,1.7994100294985271,4.385964912280693,1026.8666666666666,4221.9,1.8552472858865965,4.855454003576387,4200.366666666667,-0.46948909129569394
2013-09-01,Miscellaneous goods and services,1001.1,-3.3033903216458937,3.6764705882353033,1017.8000000000001,4125.7,-2.2785949454037224,4.382036685641988,4164.200000000001,-0.7055660974066846
2013-10-01,Miscellaneous goods and services,1040.9,3.975626810508448,3.0288033257448443,1025.7666666666667,4331.9,4.997939743558666,4.911481920999705,4226.5,-1.8826785952548608
2013-11-01,Miscellaneous goods and services,1065.2,2.334518205399161,3.147090152028653,1035.7333333333333,4425.4,2.158406242064692,5.266412940057075,4294.333333333333,-2.1193227880284216
2013-12-01,Miscellaneous goods and services,1175.4,10.345475028163719,3.0781373322809946,1093.8333333333335,4844.3,9.465811000135593,5.055083275503125,4533.866666666667,-1.9769459432221304
2014-01-01,Miscellaneous goods and services,1020.8,-13.152969201973807,6.422018348623837,1087.1333333333334,4202.5,-13.248560163491119,6.654315661244059,4490.733333333334,-0.23229731262022213
2014-02-01,Miscellaneous goods and services,997.5,-2.282523510971779,1.6198044009779977,1064.5666666666668,4055.3,-3.502676977989283,2.050933615179429,4367.366666666668,-0.43112921420143113
2014-03-01,Miscellaneous goods and services,1068.5,7.117794486215545,7.031954322348,1028.9333333333334,4369.9,7.757749118437585,6.346888613078261,4209.233333333334,0.6850657092697388
2014-04-01,Miscellaneous goods and services,1007.7,-5.690219934487595,5.873082580374045,1024.5666666666666,4106.1,-6.036751413075803,5.179435948666722,4177.100000000001,0.6936466317073231
2014-05-01,Miscellaneous goods and services,1072.9,6.47017961694949,5.2069033143753884,1049.7,4341.7,5.737804729548701,4.475780253627537,4272.566666666667,0.7311230607478514
2014-06-01,Miscellaneous goods and services,1072.2,-0.06524373194146671,4.269182145288353,1050.9333333333334,4390.3,1.1193772024783,3.6866468282084064,4279.366666666668,0.5825353170799463
2014-07-01,Miscellaneous goods and services,1044.2,-2.6114530871106156,2.6745329400196693,1063.1000000000001,4275.7,-2.6102999795002746,3.1531966224366714,4335.900000000001,-0.4786636824170021
2014-08-01,Miscellaneous goods and services,1054.5,0.9864010725914474,1.8545349174152514,1056.966666666667,4311.8,0.8443061954767739,2.129373031099746,4325.933333333333,-0.2748381136844946
2014-09-01,Miscellaneous goods and services,1083.9,2.788051209103859,8.270902007791436,1060.8666666666668,4451.1,3.230669326035529,7.887146423637215,4346.200000000001,0.38375558415422173
2014-10-01,Miscellaneous goods and services,1106.8,2.112741027770082,6.331059659909677,1081.7333333333333,4565.4,2.5679045629170227,5.390244465477045,4442.766666666666,0.9408151944326315
2014-11-01,Miscellaneous goods and services,1128.9,1.9967473798337743,5.980097634247095,1106.5333333333335,4631.8,1.454418013755654,4.6639851764812335,4549.433333333333,1.3161124577658612
2014-12-01,Miscellaneous goods and services,1266.9,12.224289131012501,7.784583971413994,1167.5333333333335,5141.9,11.012997106956245,6.14330243791672,4779.7,1.6412815334972741
2015-01-01,Miscellaneous goods and services,1087.5,-14.160549372484022,6.534090909090917,1161.1000000000001,4439.7,-13.656430502343486,5.644259369422966,4737.8,0.8898315396679513
2015-02-01,Miscellaneous goods and services,1061.7,-2.372413793103445,6.436090225563906,1138.7,4297.1,-3.2119287339234526,5.962567504253702,4626.233333333334,0.47352272131020445
2015-03-01,Miscellaneous goods and services,1132.1,6.6308750117735515,5.952269536733734,1093.7666666666667,4604.9,7.162970375369415,5.3776974301471325,4447.233333333334,0.5745721065866016
2015-04-01,Miscellaneous goods and services,1063.7,-6.041869092836305,5.557209486950487,1085.8333333333333,4315.3,-6.288953071727931,5.094858868512686,4405.766666666667,0.46235061843780123
2015-05-01,Miscellaneous goods and services,1125.9,5.847513396634385,4.939882561282505,1107.2333333333333,4543.0,5.276574050471572,4.636432733721829,4487.733333333334,0.3034498275606756
2015-06-01,Miscellaneous goods and services,1140.5,1.296740385469386,6.370080208916251,1110.0333333333335,4653.3,2.4279110719788832,5.990479010545968,4503.866666666668,0.37960119837028294
2015-07-01,Miscellaneous goods and services,1128.2,-1.0784743533537866,8.044435931813831,1131.5333333333335,4584.7,-1.4742225947177334,7.226886825549039,4593.666666666667,0.8175491062647922
2015-08-01,Miscellaneous goods and services,1136.9,0.771139868817583,7.814129919393076,1135.2,4617.2,0.7088795341025689,7.082888816735466,4618.400000000001,0.7312411026576093
2015-09-01,Miscellaneous goods and services,1133.1,-0.33424223766383987,4.539164129532236,1132.7333333333333,4609.3,-0.17109936758207267,3.5541776190155305,4603.733333333334,0.9849865105167055
2015-10-01,Miscellaneous goods and services,1194.1,5.383461300856052,7.8876039031442025,1154.7,4844.3,5.098388041568125,6.108993735488699,4690.266666666666,1.7786101676555033
2015-11-01,Miscellaneous goods and services,1204.4,0.8625743237584915,6.687926299937996,1177.2,4861.4,0.35299217637221325,4.957036141456883,4771.666666666667,1.7308901584811132
2015-12-01,Miscellaneous goods and services,1342.5,11.466290269013601,5.967321809140413,1247.0,5371.5,10.492862138478642,4.465275481825781,5025.733333333334,1.5020463273146323
2016-01-01,Miscellaneous goods and services,1136.4,-15.351955307262566,4.496551724137943,1227.7666666666667,4609.3,-14.189704924136649,3.8200779331936996,4947.400000000001,0.6764737909442431
2016-02-01,Miscellaneous goods and services,1131.8,-0.4047870468145143,6.602618442121111,1203.5666666666668,4527.9,-1.7659948365261635,5.371064206092457,4836.233333333334,1.2315542360286535
2016-03-01,Miscellaneous goods and services,1195.5,5.628202862696585,5.6002119954067675,1154.5666666666668,4827.1,6.607919786214378,4.825294794675261,4654.766666666667,0.7749172007315064
2016-04-01,Miscellaneous goods and services,1138.7,-4.751150146382265,7.050860204945009,1155.3333333333333,4582.4,-5.069296264838119,6.189604430746409,4645.8,0.8612557741985993
2016-05-01,Miscellaneous goods and services,1181.5,3.75867217001844,4.938271604938271,1171.8999999999999,4742.3,3.489437849162025,4.3869689632401565,4717.266666666666,0.5513026416981148
2016-06-01,Miscellaneous goods and services,1201.9,1.7266187050359871,5.3836036825953615,1174.0333333333335,4883.6,2.9795668768319183,4.949175853695231,4736.100000000001,0.4344278289001302
2016-07-01,Miscellaneous goods and services,1165.5,-3.028538147932447,3.306151391597223,1182.966666666667,4754.0,-2.6537799983618715,3.6927170807250276,4793.3,-0.38656568912780465
2016-08-01,Miscellaneous goods and services,1185.7,1.7331617331617366,4.292373999472243,1184.3666666666668,4834.6,1.6954143878838979,4.708481330676606,4824.066666666667,-0.41610733120436283
2016-09-01,Miscellaneous goods and services,1179.6,-0.5144640296871117,4.103786073603399,1176.9333333333334,4807.6,-0.5584743308650109,4.30217169635303,4798.733333333334,-0.19838562274963056
2016-10-01,Miscellaneous goods and services,1241.0,5.205154289589697,3.927644250900264,1202.1000000000001,5073.2,5.524586072052573,4.725140887228285,4905.133333333334,-0.7974966363280211
2016-11-01,Miscellaneous goods and services,1256.9,1.2812248186946151,4.359016937894378,1225.8333333333335,5091.6,0.3626902152487732,4.735261447319727,4990.8,-0.3762445094253497
2016-12-01,Miscellaneous goods and services,1396.7,11.12260323016947,4.037243947858471,1298.2,5610.2,10.185403409537264,4.443823885320675,5258.333333333333,-0.40657993746220367
2017-01-01,Miscellaneous goods and services,1173.7,-15.966206057134668,3.2822949665610723,1275.7666666666669,4737.6,-15.553812698299518,2.7835029180135917,5146.466666666667,0.4987920485474806
2017-02-01,Miscellaneous goods and services,1179.1,0.4600834966345557,4.179183601342995,1249.8333333333335,4679.5,-1.226359338061478,3.348130479913425,5009.100000000001,0.8310531214295702
2017-03-01,Miscellaneous goods and services,1251.5,6.14027648206259,4.68423253868675,1201.4333333333334,4999.7,6.8426113901057795,3.5756458329017304,4805.6,1.1085867057850196
2017-04-01,Miscellaneous goods and services,1171.8,-6.368357970435479,2.906823570738548,1200.8000000000002,4671.4,-6.566393983639019,1.94221368715084,4783.533333333334,0.9646098835877082
2017-05-01,Miscellaneous goods and services,1252.0,6.8441713603003995,5.966991112991948,1225.1000000000001,4948.5,5.931840561715984,4.348101132361926,4873.2,1.6188899806300228
2017-06-01,Miscellaneous goods and services,1250.8,-0.0958466453674145,4.068558116315812,1224.8666666666666,5021.2,1.4691320602202573,2.817593578507638,4880.366666666668,1.2509645378081746
2017-07-01,Miscellaneous goods and services,1218.2,-2.606331947553564,4.521664521664515,1240.3333333333333,4878.2,-2.8479247988528633,2.612536811106425,4949.3,1.9091277105580895
2017-08-01,Miscellaneous goods and services,1237.9,1.6171400426859384,4.402462680273267,1235.6333333333334,4949.8,1.4677544996105185,2.3828238116907263,4949.733333333334,2.0196388685825406
2017-09-01,Miscellaneous goods and services,1232.9,-0.40390984732208146,4.518480840963046,1229.6666666666667,4923.1,-0.5394157339690508,2.4024461269656294,4917.033333333334,2.1160347139974167
2017-10-01,Miscellaneous goods and services,1289.7,4.607024089544964,3.9242546333601913,1253.5000000000002,5140.8,4.42201052182567,1.3324923125443533,5004.566666666667,2.591762320815838
2017-11-01,Miscellaneous goods and services,1340.6,3.946654260680771,6.659240989736648,1287.7333333333333,5267.2,2.458761282290678,3.448817660460346,5110.366666666668,3.210423329276302
2017-12-01,Miscellaneous goods and services,1486.2,10.86080859316725,6.407961623827596,1372.1666666666667,5766.0,9.469927095990283,2.777084595914592,5391.333333333333,3.6308770279130043
2018-01-01,Miscellaneous goods and services,1243.5,-16.330238191360525,5.947005197239497,1356.7666666666667,4895.5,-15.097121054457164,3.332911178655862,5309.566666666667,2.6140940185836348
2018-02-01,Miscellaneous goods and services,1224.5,-1.5279453156413325,3.8503943685862074,1318.0666666666666,4767.7,-2.610560719027677,1.884816753926688,5143.066666666667,1.9655776146595194
2018-03-01,Miscellaneous goods and services,1338.2,9.285422621478157,6.927686775868969,1268.7333333333333,5221.5,9.518216330725515,4.436266175970571,4961.566666666667,2.4914205998983974
2018-04-01,Miscellaneous goods and services,1262.2,-5.6792706620833915,7.714627069465796,1274.966666666667,4916.6,-5.839318203581334,5.24896176735028,4968.6,2.465665302115516
2018-05-01,Miscellaneous goods and services,1341.0,6.243067659641888,7.108626198083057,1313.8000000000002,5198.4,5.731603140381547,5.050015156107901,5112.166666666667,2.0586110419751558
2018-06-01,Miscellaneous goods and services,1338.9,-0.15659955257270042,7.043492165014409,1314.0333333333335,5268.2,1.3427208371806776,4.919142834382217,5127.733333333334,2.1243493306321914
2018-07-01,Miscellaneous goods and services,1301.7,-2.7784001792516277,6.8543753078312175,1327.2,5124.3,-2.7314832390569754,5.04489360829814,5196.966666666667,1.8094816995330776
2018-08-01,Miscellaneous goods and services,1318.1,1.2598909118844537,6.478713951046111,1319.5666666666668,5200.6,1.4889838612103246,5.066871388742977,5197.7,1.4118425623031339
2018-09-01,Miscellaneous goods and services,1300.1,-1.3656020028829374,5.45056371157433,1306.6333333333334,5128.1,-1.3940699150098101,4.164042981048532,5151.000000000001,1.2865207305257975
2018-10-01,Miscellaneous goods and services,1383.6,6.422582878240135,7.280762968132115,1333.9333333333332,5458.9,6.450732240010915,6.187752878929342,5262.533333333334,1.0930100892027728
2018-11-01,Miscellaneous goods and services,1435.4,3.7438566059554867,7.071460540056695,1373.0333333333335,5605.3,2.6818589825789108,6.418970230862708,5397.433333333333,0.6524903091939871
2018-12-01,Miscellaneous goods and services,1565.0,9.028842134596626,5.302112770824929,1461.3333333333333,6023.7,7.464364083991937,4.469302809573361,5695.966666666667,0.8328099612515683
2019-01-01,Miscellaneous goods and services,1239.2,-20.81789137380191,-0.3457981503819818,1413.2,4927.3,-18.20143765459766,0.6495761413543022,5518.766666666666,-0.995374291736284
2019-02-01,Miscellaneous goods and services,1252.7,1.0894125242091768,2.3029808084932712,1352.3000000000002,4862.1,-1.3232399082661828,1.9799903517419448,5271.033333333334,0.3229904567513264
2019-03-01,Miscellaneous goods and services,1321.7,5.508102498603007,-1.2329995516365266,1271.2,5230.3,7.572859464017601,0.16853394618405737,5006.566666666667,-1.401533497820584
2019-04-01,Miscellaneous goods and services,1246.5,-5.689642127562989,-1.2438599271114015,1273.6333333333334,4894.4,-6.422193755616323,-0.45153154619047564,4995.6,-0.7923283809209258
2019-05-01,Miscellaneous goods and services,1395.6,11.961492178098677,4.071588366890366,1321.2666666666667,5546.2,13.317260542661003,6.690520160049251,5223.633333333334,-2.618931793158885
2019-06-01,Miscellaneous goods and services,1371.5,-1.7268558326167915,2.4348345656882486,1337.8666666666668,5401.9,-2.601781399877401,2.5378687217645357,5280.833333333333,-0.10303415607628708
2019-07-01,Miscellaneous goods and services,1360.2,-0.8239154210718191,4.494123069831768,1375.7666666666667,5422.9,0.38875210574056407,5.8271373651035185,5457.0,-1.3330142952717505
2019-08-01,Miscellaneous goods and services,1364.7,0.33083370092632514,3.535391851908054,1365.466666666667,5502.4,1.466005273930926,5.8031765565511595,5442.400000000001,-2.2677847046431054
2019-09-01,Miscellaneous goods and services,1311.5,-3.8982926650545924,0.8768556264902694,1345.466666666667,5184.3,-5.7811136958418,1.0959224664105482,5369.866666666667,-0.21906683992027887
2019-10-01,Miscellaneous goods and services,1403.7,7.030118185284029,1.452732003469226,1359.966666666667,5492.1,5.937156414559341,0.6081811353935818,5392.933333333333,0.8445508680756442
2019-11-01,Miscellaneous goods and services,1391.2,-0.89050366887512,-3.079281036644843,1368.8000000000002,5521.5,0.5353143606270816,-1.4950136477976272,5399.3,-1.5842673888472159
2019-12-01,Miscellaneous goods and services,1492.2,7.259919493962053,-4.6517571884983955,1429.0333333333335,5867.2,6.260979806212075,-2.5980709530687096,5626.933333333334,-2.053686235429686
2020-01-01,Miscellaneous goods and services,1249.1,-16.291381852298624,0.7989025177533859,1377.5,4980.4,-15.114535042268884,1.0776693117934721,5456.366666666666,-0.2787667940400862
2020-02-01,Miscellaneous goods and services,1213.2,-2.874069329917528,-3.153189111519117,1318.1666666666667,4728.3,-5.061842422295393,-2.751897328314934,5191.966666666666,-0.4012917832041829
2020-03-01,Miscellaneous goods and services,1181.9,-2.5799538410814282,-10.577286827570553,1214.7333333333336,4637.7,-1.9161220734725037,-11.330134026728878,4782.133333333334,0.7528471991583245
2020-04-01,Miscellaneous goods and services,781.9,-33.84381081309756,-37.272362615322905,1059.0,3167.2,-31.70752743816978,-35.28931023210199,4177.733333333334,-1.9830523832209153
2020-05-01,Miscellaneous goods and services,937.8,19.9386110755851,-32.80309544282029,967.2000000000002,3880.0,22.50568325334681,-30.04219104972774,3894.966666666667,-2.7609043930925523
2020-06-01,Miscellaneous goods and services,1074.7,14.597995308168056,-21.6405395552315,931.4666666666667,4418.2,13.871134020618548,-18.210259353190537,3821.8000000000006,-3.4302802020409615
2020-07-01,Miscellaneous goods and services,1036.7,-3.5358704754815284,-23.78326716659315,1016.4,4696.3,6.29441854148749,-13.398734994191287,4331.5,-10.384532172401862
2020-08-01,Miscellaneous goods and services,852.7,-17.748625446127132,-37.51740309225471,988.0333333333334,4470.3,-4.812299043928203,-18.757269555103218,4528.266666666666,-18.760133537151493
2020-09-01,Miscellaneous goods and services,845.9,-0.7974668699425425,-35.50133434998094,911.7666666666668,4434.2,-0.8075520658568869,-14.468684296819244,4533.6,-21.032650053161692
2020-10-01,Miscellaneous goods and services,995.7,17.708949048350874,-29.06603975208377,898.1,4722.5,6.501736502638589,-14.012854827843634,4542.333333333333,-15.053184924240137
2020-11-01,Miscellaneous goods and services,1245.7,25.107964246258916,-10.458596894767103,1029.1000000000001,5118.1,8.376919004764428,-7.30598569229376,4758.266666666667,-3.1526112024733433
2020-12-01,Miscellaneous goods and services,1396.3,12.089588183350708,-6.426752446052819,1212.5666666666666,5682.7,11.031437447490266,-3.1446004908644687,5174.433333333334,-3.2821519551883505
2021-01-01,Miscellaneous goods and services,1093.3,-21.70020769175679,-12.472980545993117,1245.1000000000001,4579.7,-19.409787600964336,-8.045538510962968,5126.833333333334,-4.427442035030149
2021-02-01,Miscellaneous goods and services,1064.0,-2.6799597548705756,-12.298054731289154,1184.533333333333,4598.4,0.40832368932461893,-2.747287608654281,4953.6,-9.550767122634873
2021-03-01,Miscellaneous goods and services,1246.0,17.105263157894733,5.42347068279887,1134.4333333333332,5218.2,13.4786012526096,12.51698039976712,4798.766666666666,-7.093509716968249
2021-04-01,Miscellaneous goods and services,1237.7,-0.6661316211877932,58.29389947563628,1182.5666666666666,5097.6,-2.3111417730251715,60.949734781510514,4971.400000000001,-2.655835305874234
2021-05-01,Miscellaneous goods and services,1240.8,0.25046457138240275,32.30966090850929,1241.5,5365.9,5.263261142498421,38.29639175257731,5227.233333333334,-5.9867308440680205
2021-06-01,Miscellaneous goods and services,1172.7,-5.488394584139256,9.11882385782079,1217.0666666666666,5295.2,-1.317579529994961,19.849712552623245,5252.900000000001,-10.730888694802456
2021-07-01,Miscellaneous goods and services,1146.2,-2.259742474631188,10.562361338863703,1186.5666666666666,4841.4,-8.570025683638017,3.0896663330707064,5167.5,7.472695005792996
2021-08-01,Miscellaneous goods and services,992.2,-13.435700575815734,16.359798287791726,1103.7,4566.1,-5.686371710662186,2.1430329060689424,4900.900000000001,14.216765381722784
2021-09-01,Miscellaneous goods and services,948.6,-4.394275347712162,12.140915001773255,1028.9999999999998,4592.2,0.5716037756509751,3.5632132064408406,4666.566666666667,8.577701795332414
2021-10-01,Miscellaneous goods and services,1102.9,16.26607632300232,10.766295068795827,1014.5666666666666,5260.9,14.561648011846163,11.400741132874526,4806.400000000001,-0.6344460640786984
2021-11-01,Miscellaneous goods and services,1427.4,29.42243177078612,14.586176446977618,1159.6333333333334,6008.5,14.210496302913956,17.397080948008046,5287.2,-2.8109045010304285
2021-12-01,Miscellaneous goods and services,1537.7,7.727336415861008,10.126763589486497,1356.0,6489.2,8.000332861779146,14.192197370968017,5919.533333333333,-4.06543378148152
2022-01-01,Miscellaneous goods and services,1190.7,-22.566170254275864,8.908808195371808,1385.2666666666664,5090.7,-21.551192751032488,11.15793610935214,5862.8,-2.249127913980331
2022-02-01,Miscellaneous goods and services,1231.8,3.451751070798692,15.770676691729314,1320.0666666666666,5251.7,3.1626298937277753,14.207115518441205,5610.533333333333,1.5635611732881092
2022-03-01,Miscellaneous goods and services,1376.8,11.771391459652536,10.497592295345104,1266.4333333333332,5887.5,12.106555972351817,12.82626192940095,5409.966666666666,-2.3286696340558457
2022-04-01,Miscellaneous goods and services,1323.0,-3.9076118535735005,6.8918154641673945,1310.533333333333,5599.4,-4.893418259023363,9.843848085373486,5579.533333333333,-2.952032621206091
2022-05-01,Miscellaneous goods and services,1392.0,5.215419501133778,12.185686653771754,1363.9333333333332,5970.7,6.631067614387254,11.27117538530349,5819.2,0.9145112684682637
2022-06-01,Miscellaneous goods and services,1441.5,3.55603448275863,22.921463289843945,1385.5,6211.8,4.0380524896578285,17.31001661882461,5927.3,5.611446671019337
2022-07-01,Miscellaneous goods and services,1409.4,-2.226847034339219,22.962833711394183,1414.3,6038.6,-2.7882417334749943,24.72838435163385,6073.700000000001,-1.7655506402396668
2022-08-01,Miscellaneous goods and services,1481.6,5.122747268341121,49.324732916750634,1444.1666666666667,6285.9,4.095320107309619,37.66452771511793,6178.766666666667,11.660205201632706
2022-09-01,Miscellaneous goods and services,1473.8,-0.5264578833693245,55.36580223487244,1454.9333333333332,6258.0,-0.44385052259818814,36.27455250206872,6194.166666666667,19.091249732803718
2022-10-01,Miscellaneous goods and services,1491.8,1.2213326095806831,35.261583099102346,1482.3999999999996,6316.9,0.941195270054318,20.07261115018344,6286.933333333333,15.188971948918905
2022-11-01,Miscellaneous goods and services,1549.8,3.8879206327925964,8.575031525851195,1505.1333333333332,6603.4,4.535452516265881,9.90097362070399,6392.766666666667,-1.3259420948527953
2022-12-01,Miscellaneous goods and services,1653.7,6.704090850432309,7.543734148403458,1565.0999999999997,6895.5,4.423478813944337,6.261172409542004,6605.266666666667,1.282561738861454
2023-01-01,Miscellaneous goods and services,1317.5,-20.330168712583905,10.64919795078525,1507.0,5646.6,-18.11181205133783,10.919912782132135,6381.833333333333,-0.27071483134688457
2023-02-01,Miscellaneous goods and services,1334.0,1.2523719165085323,8.29680142880338,1435.0666666666664,5693.1,0.8235044097332889,8.404897461774286,6078.4000000000015,-0.10809603297090575
2023-03-01,Miscellaneous goods and services,1456.8,9.205397301349327,5.8105752469494565,1369.4333333333332,6229.6,9.423688324462942,5.8106157112526535,5856.433333333334,-4.046430319704086e-05
2023-04-01,Miscellaneous goods and services,1371.9,-5.827841845140025,3.6961451247165655,1387.5666666666666,5727.3,-8.06311801720817,2.2841733042826107,5883.333333333333,1.4119718204339549
2023-05-01,Miscellaneous goods and services,1461.4,6.523799110722361,4.985632183908062,1430.033333333333,6238.8,8.93090985281022,4.490260773443655,6065.2333333333345,0.4953714104644069
2023-06-01,Miscellaneous goods and services,1474.0,0.8621869440262664,2.254595907041268,1435.7666666666664,6371.4,2.1254087324485305,2.569303583502358,6112.5,-0.3147076764610901
2023-07-01,Miscellaneous goods and services,1388.5,-5.800542740841252,-1.482900525046127,1441.3,5991.8,-5.957874250557172,-0.7750140761103586,6200.666666666667,-0.7078864489357684
2023-08-01,Miscellaneous goods and services,1472.8,6.071299963989918,-0.5939524838012966,1445.0999999999997,6307.7,5.27220534730799,0.3468079352201059,6223.633333333334,-0.9407604190214025
2023-09-01,Miscellaneous goods and services,1433.6,-2.6615969581749055,-2.7276428280635145,1431.6333333333332,6117.5,-3.0153621763875815,-2.2451262384148296,6139.0,-0.48251658964868493
2023-10-01,Miscellaneous goods and services,1460.9,1.9042968750000222,-2.0713232336774245,1455.7666666666664,6229.4,1.8291785860236942,-1.38517310706201,6218.2,-0.6861501266154146
2023-11-01,Miscellaneous goods and services,1563.0,6.988842494352787,0.8517228029423229,1485.8333333333333,6707.2,7.670080585610184,1.5719174970469707,6351.366666666666,-0.7201946941046478
2023-12-01,Miscellaneous goods and services,1628.6,4.197056941778632,-1.517808550523081,1550.8333333333333,6933.2,3.3695133587786197,0.5467333768399696,6623.266666666666,-2.0645419273630505
2024-01-01,Miscellaneous goods and services,1359.2,-16.541815055876206,3.1650853889943154,1516.9333333333332,5928.2,-14.495471066751286,4.987071866255799,6522.866666666668,-1.8219864772614836
2024-02-01,Miscellaneous goods and services,1376.3,1.2580929958799336,3.1709145427286423,1454.6999999999998,5944.4,0.2732701325866227,4.414115332595592,6268.599999999999,-1.2432007898669495
2024-03-01,Miscellaneous goods and services,1401.2,1.8091985758919016,-3.816584294343761,1378.8999999999999,6048.4,1.7495457909965761,-2.9086939771413967,5973.666666666667,-0.9078903172023645
2024-04-01,Miscellaneous goods and services,1401.1,-0.007136739937207981,2.128435017129515,1392.8666666666666,6049.0,0.009919978837391596,5.616957379568022,6013.933333333333,-3.4885223624385064
2024-05-01,Miscellaneous goods and services,1472.2,5.074584255228043,0.7390173805939426,1424.8333333333333,6436.2,6.40105802612001,3.1640700134641264,6177.866666666666,-2.425052632870184
2024-06-01,Miscellaneous goods and services,1454.3,-1.2158674093193933,-1.3364993215739474,1442.533333333333,6410.9,-0.39308908983561874,0.6199579370311126,6298.7,-1.95645725860506
2024-07-01,Miscellaneous goods and services,1448.2,-0.4194457814756136,4.299603889088943,1458.233333333333,6417.4,0.10138982046201672,7.1030408224573405,6421.5,-2.8034369333683973
2024-08-01,Miscellaneous goods and services,1519.3,4.909542880817552,3.157251493753388,1473.9333333333332,6631.2,3.3315673013993186,5.128652282131374,6486.5,-1.971400788377986
2024-09-01,Miscellaneous goods and services,1451.3,-4.475745409069964,1.2346540178571397,1472.9333333333332,6328.0,-4.572324767764502,3.4409480997139363,6458.866666666668,-2.2062940818567967
2024-10-01,Miscellaneous goods and services,1563.8,7.751670915730724,7.043603258265452,1511.4666666666665,6733.6,6.409608091024022,8.093877419976248,6564.266666666666,-1.0502741617107967
2024-11-01,Miscellaneous goods and services,1580.1,1.0423327791277526,1.0940499040307028,1531.733333333333,6896.7,2.422181299750492,2.8253220419847347,6652.766666666667,-1.731272137954032
2024-12-01,Miscellaneous goods and services,1692.8,7.132459970887917,3.9420361046297536,1612.233333333333,7309.9,5.991271187669467,5.433277563030048,6980.066666666667,-1.4912414584002942
2025-01-01,Miscellaneous goods and services,1437.2,-15.0992438563327,5.738669805768093,1570.033333333333,6358.8,-13.011121903172407,7.26358759825918,6855.133333333334,-1.5249177924910873
2025-02-01,Miscellaneous goods and services,1393.2,-3.061508488728082,1.227929957131435,1507.7333333333333,6126.3,-3.6563502547650506,3.0600228786757278,6598.333333333333,-1.8320929215442927
2025-03-01,Miscellaneous goods and services,1523.2,9.331036462819409,8.70682272337997,1451.1999999999998,6590.0,7.569005762042336,8.95443423054032,6358.366666666668,-0.24761150716035019
2025-04-01,Miscellaneous goods and services,1456.7,-4.365808823529416,3.9683106130897317,1457.7,6342.8,-3.7511380880121403,4.857001157216079,6353.033333333334,-0.8886905441263471
2025-05-01,Miscellaneous goods and services,1567.4,7.599368435504905,6.46651270207852,1515.7666666666664,6901.4,8.806836097622494,7.227867375159258,6611.400000000001,-0.7613546730807386
2025-06-01,Miscellaneous goods and services,1566.3,-0.07017991578410765,7.701299594306543,1530.1333333333332,6969.3,0.9838583475816565,8.710165499383882,6737.833333333333,-1.0088659050773385
2025-07-01,Miscellaneous goods and services,1576.6,0.6576007150609797,8.866178704598804,1570.0999999999997,7009.1,0.5710760047637597,9.220244959017677,6959.933333333334,-0.35406625441887307
2025-08-01,Miscellaneous goods and services,1597.1,1.3002663960421268,5.120779306259449,1579.9999999999998,7056.3,0.6734102809205167,6.410604415490417,7011.566666666667,-1.2898251092309687
2025-09-01,Miscellaneous goods and services,1565.2,-1.9973702335483012,7.8481361537931615,1579.6333333333332,6962.1,-1.3349772543684302,10.02054361567637,7009.166666666668,-2.1724074618832088
2025-10-01,Miscellaneous goods and services,1686.0,7.717863531817026,7.8142985036449675,1616.0999999999997,7405.4,6.367331695896339,9.976832600689068,7141.266666666666,-2.1625340970441007
2025-11-01,Miscellaneous goods and services,1696.8,0.6405693950177982,7.385608505790775,1649.333333333333,7434.9,0.3983579550058014,7.803732219757276,7267.466666666667,-0.4181237139665006
2025-12-01,Miscellaneous goods and services,1820.8,7.307873644507312,7.5614366729678695,1734.533333333333,7933.0,6.699484861934923,8.524056416640446,7591.099999999999,-0.962619743672577
2026-01-01,Miscellaneous goods and services,1542.3,-15.295474516695961,7.312830503757306,1686.6333333333332,6884.0,-13.223244674145974,8.259420016355289,7417.3,-0.9465895125979831
2026-02-01,Miscellaneous goods and services,1511.1,-2.022952732931338,8.462532299741587,1624.733333333333,6611.8,-3.9540964555490943,7.924848603561685,7142.933333333334,0.5376836961799025
2026-03-01,Miscellaneous goods and services,1653.4,9.416981007213309,8.547794117647056,1568.9333333333332,7254.1,9.714449922865187,10.077389984825501,6916.633333333334,-1.529595867178445
2026-04-01,Miscellaneous goods and services,1593.0,-3.653078504898999,9.356765291412096,1585.833333333333,6913.3,-4.69803283660275,8.994450400454056,6926.400000000001,0.36231489095803937
2026-05-01,Miscellaneous goods and services,1679.3,5.417451349654745,7.139211432946269,1641.8999999999999,7387.1,6.853456381178313,7.0377024951459255,7184.833333333335,0.10150893780034309
2026-06-01,Miscellaneous goods and services,1709.4,1.792413505627355,9.136180808274297,1660.5666666666664,7586.2,2.6952389977122237,8.851678073838109,7295.533333333333,0.2845027344361881
2026-07-01,Miscellaneous goods and services,1703.6,-0.3393003393003524,8.055308892553592,1697.4333333333332,7586.5,0.003954549049600686,8.237862207701419,7519.933333333334,-0.18255331514782647
2012-07-01,Recreation and culture,2033.6,,,,7501.4,,,,
2012-08-01,Recreation and culture,2058.8,1.2391817466561816,,,7547.7,0.6172181192844128,,,
2012-09-01,Recreation and culture,1905.5,-7.446085098115418,,1999.3,7138.9,-5.41621951057939,,7396.0,
2012-10-01,Recreation and culture,1994.2,4.654946208344279,,1986.1666666666667,7502.0,5.086217764641621,,7396.2,
2012-11-01,Recreation and culture,2028.1,1.6999297964095827,,1975.9333333333334,7636.0,1.7861903492402131,,7425.633333333332,
2012-12-01,Recreation and culture,2497.8,23.159607514422387,,2173.366666666667,9396.7,23.05788370874804,,8178.233333333334,
2013-01-01,Recreation and culture,1899.3,-23.96108575546482,,2141.7333333333336,7286.9,-22.452563133866153,,8106.533333333333,
2013-02-01,Recreation and culture,1711.9,-9.86679302901068,,2036.3333333333333,6566.0,-9.893095829502252,,7749.866666666666,
2013-03-01,Recreation and culture,1872.8,9.398913487937378,,1828.0,7094.9,8.055132500761486,,6982.599999999999,
2013-04-01,Recreation and culture,1803.4,-3.705681332763766,,1796.0333333333335,6846.4,-3.5025158916968557,,6835.766666666666,
2013-05-01,Recreation and culture,1870.5,3.72074969502052,,1848.9000000000003,7060.3,3.124269689179715,,7000.533333333333,
2013-06-01,Recreation and culture,1892.8,1.19219460037423,,1855.5666666666666,7201.8,2.0041641290030165,,7036.166666666667,
2013-07-01,Recreation and culture,1881.6,-0.591715976331364,-7.474429583005504,1881.6333333333332,7325.2,1.713460523757937,-2.3488948729570414,7195.766666666666,-5.125534710048463
2013-08-01,Recreation and culture,1904.7,1.227678571428581,-7.484942685059259,1893.0333333333335,7463.2,1.8839076066182514,-1.1195463518687832,7330.066666666667,-6.365396333190477
2013-09-01,Recreation and culture,1822.1,-4.336640940830582,-4.376803988454481,1869.4666666666665,7190.1,-3.6592882409690164,0.717197327319341,7326.166666666667,-5.094001315773822
2013-10-01,Recreation and culture,1935.6,6.2290763404862615,-2.938521712967612,1887.4666666666665,7569.9,5.2822631117786845,0.9050919754731934,7407.733333333333,-3.8436136884408056
2013-11-01,Recreation and culture,1993.3,2.9809878073982166,-1.71589172131551,1917.0,7825.1,3.371246647908177,2.476427448926155,7528.366666666666,-4.192319170241666
2013-12-01,Recreation and culture,2422.0,21.507048612853062,-3.0346705100488536,2116.9666666666667,9499.1,21.39269785689639,1.0897442719252526,8298.033333333333,-4.124414781974107
2014-01-01,Recreation and culture,1818.8,-24.905037159372423,-4.2384036223871995,2078.0333333333333,7326.2,-22.874798665136698,0.5393239923698667,8216.8,-4.777727614757066
2014-02-01,Recreation and culture,1656.6,-8.917967890917089,-3.2303288743501524,1965.8000000000002,6621.5,-9.618902022876796,0.8452634785257374,7815.599999999999,-4.07559235287589
2014-03-01,Recreation and culture,1853.8,11.903899553301954,-1.014523707817172,1776.4000000000003,7288.2,10.068715547836593,2.7244922409054517,7078.633333333334,-3.7390159487226238
2014-04-01,Recreation and culture,1902.7,2.637825008091488,5.506265942109345,1804.3666666666668,7183.4,-1.4379407809884448,4.922294928721671,7031.033333333333,0.5839710133876741
2014-05-01,Recreation and culture,1924.3,1.1352288852682912,2.8762363004544156,1893.6000000000004,7214.4,0.43155051925272137,2.1826268005608718,7228.666666666667,0.6936094998935438
2014-06-01,Recreation and culture,2051.9,6.630982695005994,8.405536770921396,1959.6333333333334,7744.7,7.350576624528715,7.538393179482905,7380.833333333333,0.8671435914384906
2014-07-01,Recreation and culture,1974.5,-3.7721136507627095,4.937287414965996,1983.5666666666668,7768.2,0.30343331568685183,6.047616447332493,7575.766666666666,-1.1103290323664972
2014-08-01,Recreation and culture,1909.9,-3.271714358065325,0.2730088727883606,1978.766666666667,7651.0,-1.5087150176359976,2.516346875334974,7721.3,-2.243338002546613
2014-09-01,Recreation and culture,1912.7,0.1466045342688016,4.9722847264145775,1932.3666666666668,7758.9,1.410273166906273,7.910877456502674,7726.033333333333,-2.9385927300880965
2014-10-01,Recreation and culture,2037.9,6.545720708945479,5.285182889026663,1953.5000000000002,8187.3,5.5214012295557335,8.155986208536458,7865.733333333334,-2.870803319509795
2014-11-01,Recreation and culture,2097.5,2.924579223710677,5.227512165755277,2016.0333333333335,8336.3,1.8198917836160788,6.532823861675885,8094.166666666667,-1.305311695920608
2014-12-01,Recreation and culture,2577.6,22.889153754469604,6.424442609413705,2237.666666666667,10115.1,21.33800367069325,6.484824878146345,8879.566666666666,-0.06038226873263941
2015-01-01,Recreation and culture,1948.3,-24.414183736809434,7.120079173081151,2207.8,7685.1,-24.023489634309104,4.898856160082987,8712.166666666666,2.2212230129981636
2015-02-01,Recreation and culture,1859.7,-4.547554278088583,12.260050706265858,2128.5333333333333,7244.0,-5.739678078359423,9.40119308313827,8348.066666666668,2.8588576231275873
2015-03-01,Recreation and culture,1973.3,6.108512125611654,6.446218578055896,1927.1000000000001,7627.5,5.294036443953609,4.655470486539892,7518.866666666666,1.7907480915160034
2015-04-01,Recreation and culture,1912.3,-3.091268433588401,0.5045461712303467,1915.1000000000001,7351.3,-3.621107833497217,2.3373332962107085,7407.599999999999,-1.8327871249803618
2015-05-01,Recreation and culture,1938.7,1.3805365266956082,0.7483240658940904,1941.4333333333334,7533.2,2.4743922843578625,4.418939897981811,7504.0,-3.6706158320877202
2015-06-01,Recreation and culture,2128.3,9.779749316552344,3.723378332277405,1993.1000000000001,8327.3,10.541337014814411,7.522563817836714,7737.266666666666,-3.799185485559309
2015-07-01,Recreation and culture,2042.0,-4.054879481276141,3.418586984046601,2036.3333333333333,8223.5,-1.2465024677866698,5.8610746376251965,8028.0,-2.4424876535785955
2015-08-01,Recreation and culture,1975.2,-3.271302644466212,3.4190271741975975,2048.5000000000005,7960.5,-3.1981516385967024,4.0452228466867135,8170.433333333333,-0.626195672489116
2015-09-01,Recreation and culture,2014.2,1.9744835965978202,5.306634600303228,2010.466666666667,8064.1,1.3014257898373183,3.9335472811867778,8082.7,1.3730873191164505
2015-10-01,Recreation and culture,2241.3,11.274947870122132,9.98086265273075,2076.9,8806.1,9.201274785778946,7.558047219474062,8276.9,2.4228154332566874
2015-11-01,Recreation and culture,2227.8,-0.6023290054878894,6.212157330154966,2161.1000000000004,8732.2,-0.8391910153189186,4.749109317083144,8534.133333333333,1.4630480130718215
2015-12-01,Recreation and culture,2716.0,21.913995870365376,5.369335816263199,2395.0333333333333,10512.7,20.390050617255675,3.9307569870787207,9350.333333333334,1.438578829184478
2016-01-01,Recreation and culture,2021.2,-25.581737849779085,3.741723553867482,2321.666666666667,8041.6,-23.505854823213834,4.638846599263502,9095.5,-0.89712304539602
2016-02-01,Recreation and culture,1974.4,-2.315456164654661,6.167661450771633,2237.2000000000003,7833.9,-2.5828193394349497,8.143290999447817,8796.066666666668,-1.9756295486761841
2016-03-01,Recreation and culture,1976.6,0.11142625607778456,0.1672325546039577,1990.7333333333336,7794.4,-0.5042188437432205,2.1881350376925512,7889.966666666667,-2.0209024830885935
2016-04-01,Recreation and culture,1961.9,-0.7437013052716712,2.593735292579624,1970.966666666667,7595.6,-2.550549112183098,3.323221743093052,7741.3,-0.729486450513428
2016-05-01,Recreation and culture,2003.8,2.1356847953514446,3.35792025584154,1980.7666666666667,7766.1,2.2447206277318443,3.0916476397812476,7718.7,0.2662726160602924
2016-06-01,Recreation and culture,2224.4,11.009082742788712,4.515340882394403,2063.366666666667,8644.3,11.308121193391774,3.8067560914101906,8002.0,0.7085847909842125
2016-07-01,Recreation and culture,2086.4,-6.203920158244925,2.174338883447602,2104.866666666667,8356.5,-3.329361544601639,1.617316227883503,8255.633333333333,0.5570226555640989
2016-08-01,Recreation and culture,2039.9,-2.228719325153372,3.2756176589712416,2116.9,8217.1,-1.6681625082271223,3.2234156145970694,8405.966666666667,0.052202044374172196
2016-09-01,Recreation and culture,2027.7,-0.5980685327712121,0.6702412868632601,2051.3333333333335,8092.2,-1.520000973579494,0.3484579804317933,8221.933333333332,0.3217833064314668
2016-10-01,Recreation and culture,2177.1,7.367953839325336,-2.8644090483201823,2081.566666666667,8569.9,5.903215442030585,-2.682231634889465,8293.066666666668,-0.18217741343071747
2016-11-01,Recreation and culture,2252.3,3.4541362362776384,1.099739653469789,2152.366666666667,8815.7,2.8681781584382726,0.9562309612697772,8492.6,0.14350869220001172
2016-12-01,Recreation and culture,2791.3,23.931092660835596,2.7724594992636353,2406.9,10787.0,22.361241875290673,2.609225032579632,9390.866666666667,0.16323446668400354
2017-01-01,Recreation and culture,2097.9,-24.841471715688034,3.7947753809618012,2380.5000000000005,8326.6,-22.8089366830444,3.5440708316752945,9309.766666666668,0.25070454928650676
2017-02-01,Recreation and culture,1835.8,-12.49344582677917,-7.019854132901138,2241.666666666667,7263.4,-12.768717123435746,-7.282451907734333,8792.333333333334,0.26259777483319535
2017-03-01,Recreation and culture,2093.7,14.04837128227474,5.924314479409087,2009.1333333333334,8147.2,12.167855274389417,4.526326593451713,7912.400000000001,1.3979878859573747
2017-04-01,Recreation and culture,2026.8,-3.195300186273098,3.3080177379071207,1985.4333333333334,7675.1,-5.794628829536519,1.0466585918163185,7695.233333333334,2.2613591460908022
2017-05-01,Recreation and culture,2101.9,3.7053483323465697,4.89569817347042,2074.1333333333337,7942.7,3.486599523133238,2.2739856556057703,7921.666666666667,2.6217125178646494
2017-06-01,Recreation and culture,2278.4,8.397164470241215,2.42762093148714,2135.7000000000003,8709.6,9.6554068515744,0.7554110801337499,8109.133333333334,1.67220985135339
2017-07-01,Recreation and culture,2113.4,-7.2419241573033695,1.2940950920245387,2164.566666666667,8316.0,-4.519151281344724,-0.4846526655896577,8322.766666666668,1.7787477576141963
2017-08-01,Recreation and culture,2128.2,0.7002933661398592,4.328643560958856,2173.3333333333335,8381.4,0.7864357864357796,1.9994888707694836,8469.0,2.3291546901893723
2017-09-01,Recreation and culture,2152.4,1.1371111737618733,6.149824924791636,2131.3333333333335,8519.3,1.6453098527692278,5.27792194953165,8405.566666666668,0.8719029752599861
2017-10-01,Recreation and culture,2316.1,7.605463668463108,6.384640117587614,2198.9,8985.8,5.4758020025119425,4.853032124062118,8628.833333333332,1.5316079935254967
2017-11-01,Recreation and culture,2465.2,6.437545874530448,9.452559605736344,2311.2333333333336,9452.2,5.190411538204742,7.220073278355654,8985.766666666666,2.2324863273806894
2017-12-01,Recreation and culture,2922.2,18.53804965114392,4.689571167556328,2567.8333333333335,11134.3,17.795857049152563,3.2196162046908228,9857.433333333332,1.469954962865505
2018-01-01,Recreation and culture,2130.0,-27.1097118609267,1.5301015301015353,2505.8,8421.7,-24.36255534699082,1.1421228352508805,9669.4,0.3879786948506547
2018-02-01,Recreation and culture,2013.0,-5.4929577464788775,9.652467589061997,2355.066666666667,7964.6,-5.4276452497714285,9.653881102513996,9173.533333333333,-0.0014135134519985826
2018-03-01,Recreation and culture,2126.4,5.633383010432191,1.5618283421693802,2089.8000000000006,8225.1,3.2707229490495537,0.9561567164179108,8203.800000000001,0.6056716257514694
2018-04-01,Recreation and culture,2153.7,1.283860045146712,6.261101243339251,2097.7000000000003,8030.5,-2.3659286817181546,4.630558559497588,8073.400000000001,1.6305426838416626
2018-05-01,Recreation and culture,2326.8,8.03733110461069,10.699842999191223,2202.3000000000006,8567.0,6.680779528049308,7.860047590869601,8274.199999999999,2.8397954083216215
2018-06-01,Recreation and culture,2453.3,5.436651194773945,7.676439606741581,2311.266666666667,9028.0,5.381113575347252,3.655736199136572,8541.833333333334,4.0207034076050086
2018-07-01,Recreation and culture,2334.8,-4.830228671585212,10.476010220497777,2371.6333333333337,8860.8,-1.8520159503766176,6.551226551226552,8818.6,3.924783669271225
2018-08-01,Recreation and culture,2363.0,1.2078122323111007,11.03279766939198,2383.7000000000007,9048.5,2.1183188876851,7.959290810604447,8979.1,3.0735068587875336
2018-09-01,Recreation and culture,2223.9,-5.886584849767241,3.3218732577587895,2307.2333333333336,8501.2,-6.048516328673248,-0.21245877008673197,8803.5,3.5343320278455215
2018-10-01,Recreation and culture,2412.5,8.480597149152391,4.162169163680329,2333.1333333333337,9130.2,7.398955441584709,1.6069799016225739,8893.300000000001,2.5551892620577554
2018-11-01,Recreation and culture,2625.4,8.824870466321254,6.498458542917418,2420.6000000000004,9854.6,7.934108781844862,4.257209961702024,9162.0,2.2412485812153937
2018-12-01,Recreation and culture,3044.4,15.959472842233557,4.181780850044503,2694.1000000000004,11295.3,14.619568526373449,1.4459822350753937,10093.366666666667,2.7357986149691094
2019-01-01,Recreation and culture,2287.2,-24.87189594008673,7.380281690140844,2652.3333333333335,8781.4,-22.256159641620854,4.271109158483433,9977.1,3.1091725316574115
2019-02-01,Recreation and culture,2069.1,-9.535676810073445,2.786885245901627,2466.9,7898.6,-10.053066709180758,-0.828666850814852,9325.1,3.615552096716479
2019-03-01,Recreation and culture,2317.9,12.024551737470413,9.005831452219715,2224.7333333333336,8752.0,10.804446357582353,6.406001142843243,8477.333333333334,2.599830309376472
2019-04-01,Recreation and culture,2125.9,-8.2833599378748,-1.290801875841563,2170.966666666667,8075.3,-7.731946983546612,0.5578731087727995,8241.966666666665,-1.8486749846143624
2019-05-01,Recreation and culture,2198.2,3.4009125546827113,-5.526903902355185,2214.0,8406.5,4.101395613785241,-1.8734679584451963,8411.266666666666,-3.653435943909989
2019-06-01,Recreation and culture,2243.7,2.069875352561179,-8.543594342314453,2189.266666666667,8524.6,1.4048652828168695,-5.5759858218874525,8335.466666666667,-2.9676085204270004
2019-07-01,Recreation and culture,2231.4,-0.5482016312341131,-4.428644851807439,2224.433333333334,8572.8,0.565422424512585,-3.250270855904658,8501.300000000001,-1.1783739959027812
2019-08-01,Recreation and culture,2267.1,1.5998924442054197,-4.058400338552692,2247.4,8603.7,0.36044232922733954,-4.915731889263409,8567.033333333333,0.8573315507107164
2019-09-01,Recreation and culture,2241.5,-1.1291958890212173,0.7914024911191975,2246.6666666666674,8417.6,-2.1630228855027522,-0.9833905801533982,8531.366666666667,1.7747930712725957
2019-10-01,Recreation and culture,2259.6,0.8074949810394694,-6.337823834196898,2256.066666666667,8561.6,1.7107013875689026,-6.2276839499682435,8527.633333333333,-0.11013988422865495
2019-11-01,Recreation and culture,2497.4,10.523986546291386,-4.875447550849399,2332.8333333333335,9302.9,8.658428331153045,-5.598400746859344,8760.699999999999,0.7229531960099447
2019-12-01,Recreation and culture,2698.9,8.068391126771846,-11.34870582052293,2485.3,10166.6,9.284201700545003,-9.992651810930198,9343.699999999999,-1.3560540095927323
2020-01-01,Recreation and culture,2149.8,-20.345325873504017,-6.007345225603345,2448.7000000000003,8275.4,-18.602089194027506,-5.762179151388159,9248.300000000001,-0.2451660742151862
2020-02-01,Recreation and culture,2004.7,-6.749465066517823,-3.112464356483491,2284.4666666666667,7674.0,-7.267322425502087,-2.8435418935001233,8705.333333333334,-0.2689224629833675
2020-03-01,Recreation and culture,2080.3,3.7711378261086503,-10.250657923120066,2078.266666666667,7964.3,3.7829033098775167,-9.000228519195607,7971.233333333334,-1.2504294039244588
2020-04-01,Recreation and culture,1937.7,-6.854780560496088,-8.852721200432756,2007.5666666666668,7693.4,-3.401428876360768,-4.729236065533171,7777.233333333334,-4.1234851348995845
2020-05-01,Recreation and culture,2247.2,15.97254476957215,2.2290965335274304,2088.4,9167.1,19.1553799360491,9.047760661392967,8274.933333333332,-6.818664127865537
2020-06-01,Recreation and culture,2264.5,0.7698469206123271,0.9270401568837183,2149.8,9113.6,-0.5836087748579133,6.909415104521033,8658.033333333333,-5.9823749476373145
2020-07-01,Recreation and culture,2396.5,5.829101346875687,7.398942368020078,2302.7333333333336,9964.5,9.336595856741559,16.233902575587923,9415.066666666666,-8.834960207567844
2020-08-01,Recreation and culture,2209.5,-7.803046108908829,-2.540690750297736,2290.166666666667,9345.1,-6.216067037984841,8.617222822739045,9474.4,-11.157913573036781
2020-09-01,Recreation and culture,2081.3,-5.802217696311374,-7.146999776935081,2229.1000000000004,9134.4,-2.2546575210538267,8.515491351454084,9481.333333333334,-15.662491128389165
2020-10-01,Recreation and culture,2219.3,6.630471340027877,-1.7835015046910874,2170.0333333333338,9690.2,6.084690839026119,13.182115492431334,9389.9,-14.96561699712242
2020-11-01,Recreation and culture,2652.6,19.524174289190267,6.214463041563212,2317.7333333333336,10572.2,9.101979319312292,13.644132474819681,9798.933333333334,-7.4296694332564694
2020-12-01,Recreation and culture,2652.6,0.0,-1.7155137278150434,2508.166666666667,10896.9,3.0712623673407435,7.183325792300277,10386.433333333332,-8.89883952011532
2021-01-01,Recreation and culture,2117.9,-20.15758124104652,-1.4838589636245292,2474.366666666667,8902.7,-18.300617606842305,7.58029823331805,10123.933333333332,-9.06415719694258
2021-02-01,Recreation and culture,1894.4,-10.552906180650645,-5.502070135182324,2221.6333333333337,8027.2,-9.834095274467302,4.6025540787073105,9275.6,-10.104624213889634
2021-03-01,Recreation and culture,2147.1,13.339315878378377,3.211075325674173,2053.1333333333337,8866.3,10.45320908909706,11.325540223246232,8598.733333333334,-8.11446489757206
2021-04-01,Recreation and culture,2087.0,-2.7991244003539584,7.705011095628844,2042.8333333333337,8701.7,-1.8564677486662795,13.106038942470178,8531.733333333334,-5.401027846841334
2021-05-01,Recreation and culture,2114.6,1.3224724484906414,-5.9006763972944025,2116.2333333333336,8768.5,0.767666088235619,-4.348158087072251,8778.833333333334,-1.5525183102221511
2021-06-01,Recreation and culture,2221.8,5.069516693464493,-1.8856259659968955,2141.1333333333337,8966.3,2.255802018589259,-1.6162658005618113,8812.166666666666,-0.2693601654350841
2021-07-01,Recreation and culture,2274.3,2.3629489603024467,-5.099102858335069,2203.566666666667,9344.7,4.220246924595439,-6.2200812885744305,9026.5,1.1209784302393615
2021-08-01,Recreation and culture,2263.5,-0.474871388998821,2.443991853360483,2253.2000000000003,9274.3,-0.7533682194185043,-0.7576162908904283,9195.1,3.2016081442509114
2021-09-01,Recreation and culture,2421.1,6.96266843384139,16.326334502474403,2319.6333333333337,9669.2,4.258003299440416,5.854790681380284,9429.4,10.47154382109412
2021-10-01,Recreation and culture,2718.2,12.271281648837306,22.480061280583953,2467.6,10550.0,9.109336863442685,8.87288188066293,9831.166666666666,13.607179399921023
2021-11-01,Recreation and culture,3223.6,18.59318666764771,21.52604991329261,2787.6333333333337,11579.2,9.755450236966823,9.524980609523093,10599.466666666667,12.001069303769517
2021-12-01,Recreation and culture,3262.9,1.2191338875791047,23.00761517002188,3068.2333333333336,11927.1,3.004525355810417,9.454064917545368,11352.1,13.55355025247651
2022-01-01,Recreation and culture,2646.9,-18.878911397836283,24.977572123329715,3044.466666666667,9845.5,-17.452691769164343,10.590045716468023,11117.266666666668,14.387526406861692
2022-02-01,Recreation and culture,2528.1,-4.488269296157776,33.45122466216215,2812.6333333333337,9378.6,-4.742268041237107,16.835260115606943,10383.733333333334,16.615964546555205
2022-03-01,Recreation and culture,2763.4,9.307384992682266,28.70383307717388,2646.1333333333337,10226.2,9.03759622971445,15.337852317201106,9816.766666666666,13.365980759972773
2022-04-01,Recreation and culture,2758.0,-0.1954114496634629,32.15141351221848,2683.1666666666674,10228.4,0.021513367624326207,17.544847558523035,9944.400000000001,14.606565953695448
2022-05-01,Recreation and culture,2822.9,2.353154459753437,33.49569658564269,2781.433333333334,10503.6,2.690547886277428,19.787877059930437,10319.4,13.707819525712253
2022-06-01,Recreation and culture,2900.3,2.7418612065606363,30.538302277432706,2827.066666666667,10693.3,1.8060474503979407,19.261010673298905,10475.1,11.2772916041338
2022-07-01,Recreation and culture,2937.5,1.2826259352480607,29.160620850371544,2886.9,11110.8,3.904313916190505,18.899483129474447,10769.233333333334,10.261137720897096
2022-08-01,Recreation and culture,2972.0,1.1744680851063727,31.301082394521764,2936.6000000000004,11014.6,-0.8658242430787944,18.76475852624997,10939.566666666666,12.536323868271793
2022-09-01,Recreation and culture,3105.8,4.502018842530298,28.280533641733108,3005.1000000000004,11396.0,3.462676810778409,17.858768046994577,11173.800000000001,10.421765594738531
2022-10-01,Recreation and culture,3371.0,8.538862772876543,24.015892870281807,3149.6000000000004,12436.6,9.131274131274125,17.8824644549763,11615.733333333332,6.133428415305506
2022-11-01,Recreation and culture,3615.4,7.250074161969744,12.154113413574885,3364.066666666667,12978.6,4.358104305035138,12.085463589885315,12270.400000000001,0.06864982368957051
2022-12-01,Recreation and culture,3789.2,4.807213586325165,16.129823163443557,3591.866666666667,13749.8,5.942089285439089,15.282004846106755,13055.0,0.8478183173368024
2023-01-01,Recreation and culture,3090.5,-18.43924839016151,16.759227775888764,3498.366666666667,11291.9,-17.87589637667457,14.69097557259662,12673.433333333334,2.0682522032921433
2023-02-01,Recreation and culture,2796.4,-9.516259504934476,10.612713104703154,3225.3666666666672,10290.9,-8.864761466183724,9.727464653573016,11777.533333333333,0.8852484511301384
2023-03-01,Recreation and culture,3074.5,9.944929194678863,11.257870738944774,2987.1333333333337,11333.3,10.129337570086182,10.826113316774544,10972.033333333333,0.4317574221702305
2023-04-01,Recreation and culture,3002.9,-2.3288339567409277,8.879622915155917,2957.933333333334,11100.9,-2.0505942664537202,8.530170896718946,10908.366666666667,0.3494520184369705
2023-05-01,Recreation and culture,3085.5,2.7506743481301443,9.30249034680648,3054.3000000000006,11284.0,1.6494158131322711,7.4298335808675064,11239.4,1.8726567659389728
2023-06-01,Recreation and culture,3160.5,2.4307243558580494,8.971485708374981,3082.966666666667,11553.6,2.3892236795462596,8.04522457987713,11312.833333333334,0.9262611284978508
2023-07-01,Recreation and culture,3082.2,-2.4774560987185668,4.925957446808504,3109.4,11503.3,-0.4353621382080175,3.532598912769558,11446.966666666667,1.3933585340389465
2023-08-01,Recreation and culture,3144.6,2.0245279345921796,5.807537012113051,3129.1000000000004,11611.9,0.9440769170585783,5.422802462186538,11556.266666666668,0.3847345499265131
2023-09-01,Recreation and culture,3242.3,3.106913438911163,4.395002897804101,3156.3666666666672,11794.4,1.5716635520457434,3.4959634959634833,11636.533333333333,0.8990394018406178
2023-10-01,Recreation and culture,3272.3,0.9252690990963153,-2.9279145654108496,3219.7333333333336,12002.1,1.7610052228176132,-3.493720148593671,11802.799999999997,0.5658055831828213
2023-11-01,Recreation and culture,3732.7,14.069614644134077,3.244454278917952,3415.766666666667,13286.0,10.697294640104648,2.3685143235788075,12360.833333333334,0.8759399553391445
2023-12-01,Recreation and culture,3718.0,-0.3938168082085358,-1.8790245962208352,3574.3333333333335,13426.0,1.0537407797681864,-2.354943344630467,12904.699999999999,0.47591874840963166
2024-01-01,Recreation and culture,3192.2,-14.142011834319534,3.2907296553955634,3547.6333333333337,11743.6,-12.530910174288689,4.000212541733461,12818.533333333333,-0.7094828863378977
2024-02-01,Recreation and culture,2911.3,-8.799573961531227,4.108854241167226,3273.8333333333335,10718.8,-8.726455260737776,4.15804254244041,11962.800000000001,-0.04918830127318419
2024-03-01,Recreation and culture,3079.3,5.7706179370040855,0.156122946820636,3060.933333333334,11295.4,5.379333507482187,-0.3344127482727832,11252.6,0.4905356950934192
2024-04-01,Recreation and culture,3040.9,-1.247036664176926,1.265443404708777,3010.5000000000005,11148.6,-1.2996441029091477,0.42969488960356017,11054.266666666668,0.8357485151052169
2024-05-01,Recreation and culture,3154.7,3.7423131309809454,2.2427483390050185,3091.6333333333337,11677.7,4.745887375993396,3.489010989010999,11373.9,-1.2462626500059804
2024-06-01,Recreation and culture,3124.0,-0.9731511712682606,-1.1548805568739162,3106.5333333333333,11510.2,-1.4343577930585605,-0.3756404930065016,11445.5,-0.7792400638674146
2024-07-01,Recreation and culture,3082.6,-1.3252240717029462,0.012977743170461409,3120.433333333334,11547.5,0.32406039860297664,0.3842375666113229,11578.466666666667,-0.3712598234408615
2024-08-01,Recreation and culture,3203.3,3.9155258547979077,1.866692107104262,3136.6333333333337,11931.0,3.321065165620274,2.7480429559331387,11662.9,-0.8813508488288768
2024-09-01,Recreation and culture,3150.5,-1.648300190428631,-2.8313234432347456,3145.466666666667,11679.4,-2.1087922219428457,-0.975039001560063,11719.300000000001,-1.8562844416746827
2024-10-01,Recreation and culture,3369.5,6.951277574988102,2.970387800629526,3241.1000000000004,12444.2,6.548281589807714,3.6835220503078636,12018.200000000003,-0.7131342496783377
2024-11-01,Recreation and culture,3808.5,13.028639263985763,2.030701636884835,3442.8333333333335,13844.9,11.255846096976896,4.206683727231675,12656.166666666666,-2.1759820903468396
2024-12-01,Recreation and culture,3788.7,-0.5198897203623543,1.9015599784830473,3655.566666666667,13875.0,0.21740857644332312,3.3442574109936007,13388.033333333333,-1.4426974325105535
2025-01-01,Recreation and culture,3216.7,-15.097526856177579,0.7674957709416619,3604.6333333333337,11975.6,-13.689369369369365,1.975544126162343,13231.833333333334,-1.208048355220681
2025-02-01,Recreation and culture,2906.1,-9.655858488513068,-0.17861436471680037,3303.8333333333335,10932.2,-8.712715855572995,1.9908945031160252,12260.933333333334,-2.1695088678328256
2025-03-01,Recreation and culture,3186.3,9.641787963249726,3.474815704867984,3103.0333333333333,11924.3,9.075026069775504,5.567753244683682,11610.699999999999,-2.092937539815698
2025-04-01,Recreation and culture,3147.1,-1.2302670809402838,3.4923871222335423,3079.8333333333335,11855.2,-0.5794889427471528,6.338015535582953,11570.566666666666,-2.8456284133494103
2025-05-01,Recreation and culture,3273.8,4.025928632709497,3.775319364757368,3202.4,12401.1,4.604730413658142,6.194712999991436,12060.199999999999,-2.4193936352340684
2025-06-01,Recreation and culture,3334.8,1.8632781477182503,6.747759282970556,3251.9,12483.0,0.6604252848537495,8.451634202707158,12246.433333333334,-1.7038749197366023
2025-07-01,Recreation and culture,3341.5,0.20091159889648047,8.398754298319599,3316.7000000000007,12619.6,1.0942882319955105,9.28426066248107,12501.233333333332,-0.885506364161472
2025-08-01,Recreation and culture,3321.0,-0.6134969325153339,3.6743358411637894,3332.433333333334,12510.3,-0.8661130305239517,4.855418657279342,12537.633333333333,-1.1810828161155529
2025-09-01,Recreation and culture,3390.1,2.0806985847636295,7.605142040945889,3350.866666666667,12619.7,0.8744794289505586,8.050927273661323,12583.200000000003,-0.44578523271543347
2025-10-01,Recreation and culture,3592.2,5.961476062653026,6.609289212049263,3434.433333333334,13462.3,6.676862365983327,8.181321418813582,12864.1,-1.5720322067643187
2025-11-01,Recreation and culture,4094.8,13.991425867156625,7.517395299986873,3692.366666666667,14909.8,10.752248872778058,7.6916409652651785,13663.933333333334,-0.17424566527830532
2025-12-01,Recreation and culture,4011.9,-2.0245189020220766,5.891202787235739,3899.6333333333337,14927.2,0.11670176662330611,7.583423423423419,14433.1,-1.6922206361876801
2026-01-01,Recreation and culture,3371.8,-15.9550337745208,4.821711692106834,3826.1666666666674,12802.9,-14.231068117262458,6.908213367179927,14213.300000000001,-2.0865016750730936
2026-02-01,Recreation and culture,3067.8,-9.015955869268645,5.564158150098075,3483.8333333333335,11698.8,-8.623827414101493,7.012312251879749,13142.966666666667,-1.4481541017816735
2026-03-01,Recreation and culture,3399.8,10.822087489406096,6.70056178012115,3279.8000000000006,12900.6,10.272848497281784,8.187482703387206,12467.433333333334,-1.4869209232660552
2026-04-01,Recreation and culture,3339.5,-1.7736337431613625,6.113564869244703,3269.033333333334,12721.0,-1.3921833093034408,7.3031243673662205,12440.133333333331,-1.1895594981215174
2026-05-01,Recreation and culture,3460.3,3.6173079802365615,5.6967438450729935,3399.8666666666672,13167.8,3.512302491942454,6.182516067123078,12929.800000000001,-0.48577222205008486
2026-06-01,Recreation and culture,3579.3,3.4390081784816395,7.3317740194314585,3459.7000000000007,13452.8,2.1643706617658243,7.768965793479121,13113.866666666667,-0.43719177404766274
2026-07-01,Recreation and culture,3643.9,1.8048221719330515,9.049827921592101,3561.1666666666674,13983.4,3.944160323501422,10.806998637040778,13534.666666666666,-1.7571707154486766
2012-07-01,Total (Household Spending Categories),10821.8,,,,43472.1,,,,
2012-08-01,Total (Household Spending Categories),11064.9,2.246391542996551,,,44537.9,2.451687404105174,,,
2012-09-01,Total (Household Spending Categories),10656.8,-3.6882393876130903,,10847.833333333334,43376.5,-2.607666728786051,,43795.5,
2012-10-01,Total (Household Spending Categories),11185.6,4.962089933188207,,10969.1,45158.5,4.10821527785783,,44357.63333333333,
2012-11-01,Total (Household Spending Categories),11266.8,0.7259333428693893,,11036.4,45437.2,0.6171595602156854,,44657.4,
2012-12-01,Total (Household Spending Categories),12778.3,13.415521709802247,,11743.566666666666,51149.1,12.570977084855596,,47248.26666666666,
2013-01-01,Total (Household Spending Categories),10576.4,-17.231556623337994,,11540.5,42819.2,-16.28552604053639,,46468.5,
2013-02-01,Total (Household Spending Categories),10133.7,-4.1857342763132905,,11162.800000000001,40959.2,-4.343845751438602,,44975.833333333336,
2013-03-01,Total (Household Spending Categories),10995.4,8.503310735466796,,10568.5,44486.9,8.612717045254792,,42755.1,
2013-04-01,Total (Household Spending Categories),10517.6,-4.345453553304102,,10548.9,42225.7,-5.082844612683745,,42557.26666666667,
2013-05-01,Total (Household Spending Categories),11136.9,5.888225450673157,,10883.300000000001,44741.0,5.9567988215707635,,43817.86666666667,
2013-06-01,Total (Household Spending Categories),11026.2,-0.9939929423807281,,10893.566666666668,44450.8,-0.6486220692429656,,43805.833333333336,
2013-07-01,Total (Household Spending Categories),11223.0,1.7848397453338327,3.707331497532773,11128.699999999999,45383.2,2.0976000431938147,4.396152934870878,44858.333333333336,-0.6888214373381052
2013-08-01,Total (Household Spending Categories),11293.4,0.6272832575960008,2.065088703919593,11180.866666666667,45729.5,0.7630576953586488,2.675474146737944,45187.833333333336,-0.6103854428183508
2013-09-01,Total (Household Spending Categories),11001.7,-2.5829245399968004,3.236431198858969,11172.699999999999,44836.2,-1.9534436195453808,3.3651862183440295,45316.299999999996,-0.12875501948506063
2013-10-01,Total (Household Spending Categories),11514.2,4.658370979030524,2.9377056215133868,11269.766666666668,46399.1,3.485799421003577,2.7472125956353732,45654.93333333333,0.19049302587801353
2013-11-01,Total (Household Spending Categories),11682.9,1.4651473832311357,3.6931515603365606,11399.6,47136.9,1.59011704968417,3.740767476869178,46124.06666666667,-0.04761591653261732
2013-12-01,Total (Household Spending Categories),13387.5,14.590555427162787,4.767457330004787,12194.866666666669,53446.9,13.386540056728391,4.4923566592569575,48994.299999999996,0.27510067074782985
2014-01-01,Total (Household Spending Categories),11081.4,-17.225770308123256,4.774781589198596,12050.599999999999,44806.1,-16.167074236298085,4.640208130931933,48463.299999999996,0.13457345826666245
2014-02-01,Total (Household Spending Categories),10477.3,-5.451477250166947,3.3906667850834182,11648.733333333332,42182.6,-5.855229533478701,2.9868747436473386,46811.86666666667,0.4037920414360796
2014-03-01,Total (Household Spending Categories),11507.0,9.827913680051159,4.652854830201725,11021.9,46299.3,9.759237221034267,4.074008303568011,44429.333333333336,0.5788465266337139
2014-04-01,Total (Household Spending Categories),11105.4,-3.49004953506562,5.588727466342114,11029.9,44270.0,-4.383003630724447,4.841364382354829,44250.63333333333,0.7473630839872847
2014-05-01,Total (Household Spending Categories),11591.1,4.373548003673888,4.078334186353483,11401.166666666666,46225.8,4.41789021911001,3.31865626606469,45598.36666666667,0.7596779202887927
2014-06-01,Total (Household Spending Categories),11579.4,-0.10093951393742584,5.017140991456692,11425.300000000001,46350.5,0.2697627731699459,4.273713858918171,45615.43333333334,0.7434271325385211
2014-07-01,Total (Household Spending Categories),11747.3,1.4499887731661332,4.671656419852077,11639.266666666668,47460.1,2.3939331830292954,4.576363059458122,46678.80000000001,0.09529336039395542
2014-08-01,Total (Household Spending Categories),11569.1,-1.5169443191201282,2.441248871022017,11631.933333333334,46710.5,-1.5794319860261585,2.145223542789676,46840.36666666666,0.29602532823234107
2014-09-01,Total (Household Spending Categories),11511.0,-0.5021998253969651,4.629284565112668,11609.133333333333,46809.3,0.21151561212147119,4.400685160651441,46993.299999999996,0.22859940446122717
2014-10-01,Total (Household Spending Categories),12153.1,5.578142646164541,5.548800611418936,11744.4,49042.6,4.771060451662379,5.697308784006583,47520.799999999996,-0.14850817258764692
2014-11-01,Total (Household Spending Categories),12039.7,-0.9330952596456887,3.054036241001823,11901.266666666668,48584.2,-0.9346975894426457,3.070418292250854,48145.36666666667,-0.016382051249030916
2014-12-01,Total (Household Spending Categories),13783.8,14.486241351528673,2.9602240896358545,12658.866666666669,55180.5,13.577047682168274,3.243593173785575,50935.76666666666,-0.2833690841497205
2015-01-01,Total (Household Spending Categories),11312.5,-17.92901812272377,2.085476564333022,12378.666666666666,45643.4,-17.283460642799543,1.8687187682034478,49802.69999999999,0.21675779612957413
2015-02-01,Total (Household Spending Categories),10968.1,-3.0444198895027585,4.684412968990115,12021.466666666667,43974.3,-3.656826616772635,4.247485930217687,48266.06666666667,0.4369270387724278
2015-03-01,Total (Household Spending Categories),11962.0,9.061733572815701,3.954114886590765,11414.199999999999,47930.0,8.995481451666087,3.5220834872233375,45849.23333333334,0.4320313993674274
2015-04-01,Total (Household Spending Categories),11499.2,-3.868918241096797,3.546022655645009,11476.433333333334,45720.4,-4.610056332151046,3.2762593178224497,45874.9,0.26976333782255946
2015-05-01,Total (Household Spending Categories),11903.3,3.51415750660915,2.693445833441155,11788.166666666666,47511.7,3.917944724893041,2.781779871846446,47054.03333333333,-0.08833403840529108
2015-06-01,Total (Household Spending Categories),12188.1,2.392613812976241,5.256749054355159,11863.533333333335,48711.0,2.524220349934869,5.09271744641373,47314.36666666667,0.16403160794142835
2015-07-01,Total (Household Spending Categories),12284.1,0.7876535309030874,4.569560665003891,12125.166666666666,49459.5,1.5366139065098317,4.212801911500397,48560.73333333334,0.3567587535034944
2015-08-01,Total (Household Spending Categories),12124.3,-1.3008686025024252,4.798990414120352,12198.833333333334,48673.0,-1.590189953396215,4.201410817696227,48947.833333333336,0.5975795964241248
2015-09-01,Total (Household Spending Categories),12085.5,-0.3200184752934154,4.99087829033098,12164.633333333333,48625.7,-0.09717913422226943,3.880425471006821,48919.399999999994,1.1104528193241592
2015-10-01,Total (Household Spending Categories),12821.6,6.090769930908935,5.500654154084139,12343.800000000001,51124.9,5.139668940498554,4.245900502828159,49474.533333333326,1.2547536512559798
2015-11-01,Total (Household Spending Categories),12697.3,-0.9694577899794221,5.4619301145377275,12534.799999999997,50636.6,-0.9551118926394042,4.224418638158078,50129.06666666666,1.237511476379649
2015-12-01,Total (Household Spending Categories),14511.8,14.290439699778702,5.28156241384814,13343.566666666666,57507.5,13.569038995509185,4.217069435760812,53089.666666666664,1.064492978087328
2016-01-01,Total (Household Spending Categories),11785.2,-18.788847696357436,4.178563535911617,12998.1,47306.6,-17.738381950180415,3.6439003229382427,51816.9,0.5346632129733742
2016-02-01,Total (Household Spending Categories),11697.8,-0.7416081186573109,6.652929860231027,12664.933333333334,46526.6,-1.6488185580870285,5.804071923828236,50446.899999999994,0.8488579364027915
2016-03-01,Total (Household Spending Categories),12363.0,5.6865393492793626,3.352282227052328,11948.666666666666,49349.9,6.068141665197979,2.962445232630917,47727.69999999999,0.38983699442141084
2016-04-01,Total (Household Spending Categories),12059.5,-2.454905767208604,4.872512870460555,12040.1,47635.3,-3.474373808254927,4.1882835670729035,47837.26666666666,0.6842293033876512
2016-05-01,Total (Household Spending Categories),12499.4,3.6477465898254513,5.007854964589664,12307.300000000001,49402.8,3.7104836119432383,3.9802827514065164,48796.0,1.0275722131831477
2016-06-01,Total (Household Spending Categories),12754.6,2.0416980015040886,4.647976304756285,12437.833333333334,50587.5,2.398042216230656,3.852312619326237,49208.53333333333,0.7956636854300481
2016-07-01,Total (Household Spending Categories),12476.0,-2.1843099744406014,1.5621820076358928,12576.666666666666,50115.0,-0.9340252038547048,1.3253267825190207,50035.1,0.23685522511687207
2016-08-01,Total (Household Spending Categories),12628.7,1.2239499839692192,4.160240178814467,12619.766666666668,50498.4,0.7650404070637551,3.7503338606619696,50400.299999999996,0.40990631815249756
2016-09-01,Total (Household Spending Categories),12539.7,-0.7047439562266944,3.7582226635224147,12548.133333333333,50262.4,-0.46734153953392754,3.3659155549431663,50291.93333333333,0.39230710857924844
2016-10-01,Total (Household Spending Categories),13008.1,3.7353365710503406,1.4545766518999192,12725.5,51837.5,3.1337540586999335,1.3938413571469077,50866.1,0.06073529475301154
2016-11-01,Total (Household Spending Categories),13226.8,1.6812601379140535,4.170177911839534,12924.866666666667,52621.6,1.512611526404628,3.9200894214856508,51573.833333333336,0.2500884903538836
2016-12-01,Total (Household Spending Categories),15231.6,15.157105271116222,4.960101434694542,13822.166666666666,60132.8,14.273986347811562,4.56514367691172,54863.96666666667,0.39495775778282116
2017-01-01,Total (Household Spending Categories),12393.7,-18.631660495286116,5.163255608729589,13617.366666666669,49314.5,-17.990680626879175,4.244439465106353,54022.96666666667,0.9188161436232356
2017-02-01,Total (Household Spending Categories),11835.7,-4.502287452496024,1.1788541435141742,13153.666666666666,46752.9,-5.194415435622379,0.4863884315638778,52066.73333333334,0.6924657119502964
2017-03-01,Total (Household Spending Categories),13040.0,10.175148068977746,5.476017147941437,12423.133333333333,51381.3,9.899706756158455,4.116320397812356,49149.56666666667,1.3596967501290802
2017-04-01,Total (Household Spending Categories),12413.3,-4.805981595092035,2.9337866412372016,12429.666666666666,48601.2,-5.410723356551905,2.0276979466907763,48911.80000000001,0.9060886945464253
2017-05-01,Total (Household Spending Categories),13159.2,6.008877574859239,5.278653375362019,12870.833333333334,51350.2,5.656238940602298,3.941881836657024,50444.23333333334,1.336771538704995
2017-06-01,Total (Household Spending Categories),13284.3,0.9506656939631375,4.153011462531153,12952.266666666668,52159.1,1.5752616348134962,3.106696318260438,50703.5,1.0463151442707153
2017-07-01,Total (Household Spending Categories),12981.0,-2.2831462704094307,4.047771721705673,13141.5,51451.3,-1.357001942134728,2.666467125611094,51653.53333333333,1.3813045960945791
2017-08-01,Total (Household Spending Categories),13108.5,0.9822047608042617,3.799282586489494,13124.6,51858.3,0.791039293467799,2.69295660852622,51822.9,1.106325977963274
2017-09-01,Total (Household Spending Categories),12989.1,-0.9108593660601905,3.5838177946840855,13026.199999999999,51726.0,-0.25511827422033395,2.9119182530082055,51678.53333333333,0.67189954167588
2017-10-01,Total (Household Spending Categories),13671.4,5.252865864455569,5.099130541739383,13256.333333333334,53740.8,3.895139774968115,3.671666264769713,52441.700000000004,1.42746427696967
2017-11-01,Total (Household Spending Categories),14171.9,3.6609271910704066,7.145341276801642,13610.800000000001,55551.2,3.3687626533285497,5.567295559238028,53672.666666666664,1.5780457175636142
2017-12-01,Total (Household Spending Categories),15905.0,12.229129474523525,4.42107198193229,14582.766666666668,62061.7,11.71981883379658,3.207733549743219,57117.899999999994,1.2133384321890706
2018-01-01,Total (Household Spending Categories),12935.1,-18.672744419993712,4.368348435092018,14337.333333333334,51166.7,-17.55511047876549,3.7558932971032855,56259.86666666667,0.6124551379887322
2018-02-01,Total (Household Spending Categories),12521.9,-3.1944090111402312,5.79771369669726,13787.333333333334,49116.4,-4.007098366711148,5.055301382374133,54114.93333333333,0.7424123143231265
2018-03-01,Total (Household Spending Categories),13708.9,9.479392105031991,5.129601226993863,13055.299999999997,53634.0,9.197742505558226,4.384279883926645,51305.700000000004,0.7453213430672179
2018-04-01,Total (Household Spending Categories),13175.9,-3.887985177512421,6.143410696591567,13135.566666666666,50918.7,-5.062646828504313,4.768400780227644,51223.033333333326,1.375009916363923
2018-05-01,Total (Household Spending Categories),14030.3,6.48456651917515,6.619703325430115,13638.366666666667,54294.3,6.629391559486009,5.733375916744254,52949.0,0.8863274086858608
2018-06-01,Total (Household Spending Categories),14193.8,1.1653350249103633,6.846427738006522,13800.0,55059.5,1.4093560465831434,5.5606787693806,53424.166666666664,1.2857489686259216
2018-07-01,Total (Household Spending Categories),13888.0,-2.15446180726796,6.98713504352515,14037.366666666667,54371.6,-1.249375675405695,5.675852699543049,54575.13333333333,1.3112823439821009
2018-08-01,Total (Household Spending Categories),14131.7,1.7547523041474777,7.805622306137239,14071.166666666666,55495.7,2.067439619212963,7.014113459176241,54975.6,0.7915088469609977
2018-09-01,Total (Household Spending Categories),13786.8,-2.440612240565543,6.14130309259302,13935.5,54206.8,-2.3225222855103977,4.796040675869007,54691.36666666667,1.3452624167240135
2018-10-01,Total (Household Spending Categories),14651.3,6.2704906142107,7.16751759146832,14189.933333333332,56977.7,5.11172030077407,6.023170477551498,55560.06666666666,1.1443471139168215
2018-11-01,Total (Household Spending Categories),15065.5,2.8270528895046887,6.305435403862569,14501.199999999999,58640.8,2.9188612386951585,5.561716038537434,56608.43333333334,0.743719365325135
2018-12-01,Total (Household Spending Categories),16684.8,10.748398659188197,4.90286073561772,15467.199999999999,64315.7,9.677391850042971,3.6318695749552488,59978.06666666666,1.2709911606624713
2019-01-01,Total (Household Spending Categories),13532.6,-18.892644802454928,4.619214385663817,15094.300000000001,53169.3,-17.3307606074411,3.9138736717435396,58708.600000000006,0.7053407139202772
2019-02-01,Total (Household Spending Categories),12811.6,-5.327874909477859,2.313546666240751,14343.0,49771.0,-6.3914702657360545,1.332752400420234,55752.0,0.9807942658205171
2019-03-01,Total (Household Spending Categories),14398.8,12.388772674763482,5.032497136896463,13581.0,55440.1,11.3903678849129,3.3674534810008483,52793.466666666674,1.665043655895615
2019-04-01,Total (Household Spending Categories),13349.7,-7.286023835319599,1.319074977800394,13520.033333333335,51888.6,-6.406012976167075,1.9048011830624212,52366.56666666666,-0.5857262052620271
2019-05-01,Total (Household Spending Categories),14200.6,6.373926005827846,1.2138015580565042,13983.033333333333,55128.7,6.244338833578089,1.5368095730122544,54152.46666666667,-0.32300801495575016
2019-06-01,Total (Household Spending Categories),14131.1,-0.48941594017154477,-0.4417421691160883,13893.800000000001,54354.9,-1.4036246093232618,-1.2797064993325336,53790.73333333334,0.8379643302164452
2019-07-01,Total (Household Spending Categories),14037.8,-0.6602458407342748,1.0786290322580605,14123.166666666666,54943.8,1.083434980102993,1.052387643549224,54809.13333333333,0.02624138870883641
2019-08-01,Total (Household Spending Categories),14365.0,2.3308495633219017,1.6508983349490913,14177.966666666667,56143.2,2.182957858757484,1.1667570640608194,55147.30000000001,0.48414127088827197
2019-09-01,Total (Household Spending Categories),13914.8,-3.1340062652279843,0.9284242899004758,14105.866666666667,54136.5,-3.5742529816611746,-0.1296885261627745,55074.5,1.0581128160632502
2019-10-01,Total (Household Spending Categories),14607.8,4.980308736022088,-0.2969019813941376,14295.866666666667,56581.2,4.515807264969096,-0.6958862853361891,55620.299999999996,0.39898430394205153
2019-11-01,Total (Household Spending Categories),14900.2,2.0016703405030256,-1.0972088546679415,14474.266666666668,57800.1,2.154249114546891,-1.433643470075452,56172.6,0.3364346154075104
2019-12-01,Total (Household Spending Categories),15940.1,6.979100951665074,-4.463343881856529,15149.366666666667,61504.6,6.409158461663567,-4.370783494543318,58628.63333333333,-0.09256038731321148
2020-01-01,Total (Household Spending Categories),13472.8,-15.478572907321798,-0.44189586627847444,14771.033333333333,53072.8,-13.709218497478226,-0.18149571275153376,57459.166666666664,-0.2604001535269407
2020-02-01,Total (Household Spending Categories),12845.3,-4.657532213051486,0.2630428674014196,14086.066666666666,50070.7,-5.656569843686421,0.6021578831046037,54882.69999999999,-0.33911501570318414
2020-03-01,Total (Household Spending Categories),13410.4,4.399274442792311,-6.864460927299499,13242.833333333334,52055.9,3.964793781592846,-6.1042458437123965,51733.13333333333,-0.7602150835871022
2020-04-01,Total (Household Spending Categories),9941.7,-25.86574598818826,-25.528663565473376,12065.799999999997,39758.4,-23.623643045264796,-23.377389253130744,47295.0,-2.1512743123426326
2020-05-01,Total (Household Spending Categories),11961.5,20.31644487361315,-15.767643620692084,11771.200000000003,48688.9,22.461919996780555,-11.681392813543578,46834.4,-4.086250807148506
2020-06-01,Total (Household Spending Categories),12961.4,8.359319483342386,-8.277487244446647,11621.533333333333,52186.7,7.183978278416636,-3.988968795821546,46878.0,-4.288518448625101
2020-07-01,Total (Household Spending Categories),12738.6,-1.7189501134136642,-9.255011469033603,12553.833333333334,54815.4,5.037107155654619,-0.23369333755582922,51897.0,-9.021318131477774
2020-08-01,Total (Household Spending Categories),11029.6,-13.415916976747832,-23.218934911242606,12243.199999999999,51828.2,-5.449563443849725,-7.685703700537195,52943.43333333333,-15.533231210705411
2020-09-01,Total (Household Spending Categories),10805.3,-2.0336186262421174,-22.3467099778653,11524.5,51173.6,-1.263018974226382,-5.473017280393078,52605.73333333333,-16.873692697472222
2020-10-01,Total (Household Spending Categories),12179.5,12.717832915328596,-16.62331083393803,11338.133333333333,54349.0,6.205152656838675,-3.9451266498412796,52450.26666666666,-12.678184184096752
2020-11-01,Total (Household Spending Categories),14411.3,18.324233342912265,-3.281164011221338,12465.366666666667,57689.8,6.146939226112713,-0.19083011967107044,54404.13333333333,-3.0903338915502676
2020-12-01,Total (Household Spending Categories),15332.3,6.390818316182445,-3.8130250123901477,13974.366666666667,61881.5,7.2659291590541075,0.6127996930310964,57973.43333333333,-4.425824705421244
2021-01-01,Total (Household Spending Categories),12544.1,-18.18513856368581,-6.893147675316181,14095.9,51670.1,-16.50153923224227,-2.642973425182027,57080.46666666667,-4.250174250134154
2021-02-01,Total (Household Spending Categories),11477.6,-8.50200492661889,-10.64747417343308,13118.0,48224.6,-6.668266560351155,-3.6869866009462626,53925.4,-6.960487572486818
2021-03-01,Total (Household Spending Categories),13447.3,17.161253223670435,0.27515957764123744,12489.666666666666,55061.2,14.17658207636765,5.773216868789111,51651.96666666667,-5.498057291147873
2021-04-01,Total (Household Spending Categories),12832.9,-4.568946926148742,29.081545409738773,12585.933333333334,52815.6,-4.0783709762954645,32.841361825425565,52033.799999999996,-3.7598164156867924
2021-05-01,Total (Household Spending Categories),13110.9,2.1663069142594527,9.609162730426778,13130.366666666667,54971.4,4.081748574284871,12.903351687961727,54282.73333333333,-3.2941889575349492
2021-06-01,Total (Household Spending Categories),12751.7,-2.7397051308453158,-1.61788078448315,12898.5,53980.6,-1.8023917891849317,3.4374658677402525,53922.53333333333,-5.0553466522234025
2021-07-01,Total (Household Spending Categories),12945.8,1.5221499878447453,1.6265523683921312,12936.133333333333,52763.7,-2.254328406872097,-3.7429262579494194,53905.23333333334,5.36947862634155
2021-08-01,Total (Household Spending Categories),12273.4,-5.193962520663065,11.276927540436631,12656.966666666665,51764.3,-1.894105227647025,-0.1232919530294252,52836.200000000004,11.400219493466057
2021-09-01,Total (Household Spending Categories),12240.8,-0.26561506998875606,13.28514710373614,12486.666666666666,52657.0,1.7245476129301496,2.898760298278802,52395.0,10.386386805457338
2021-10-01,Total (Household Spending Categories),13447.9,9.861283576236858,10.414220616609882,12654.033333333333,57441.6,9.086351292325801,5.690261090360438,53954.299999999996,4.723959526249444
2021-11-01,Total (Household Spending Categories),16018.8,19.117483027089733,11.154441306474784,13902.5,63031.7,9.731797164424382,9.259695821445035,57710.1,1.8947454850297483
2021-12-01,Total (Household Spending Categories),16975.3,5.971108946987291,10.715939552448095,15480.666666666666,67022.4,6.331258715852495,8.307652529431241,62498.56666666666,2.408287023016854
2022-01-01,Total (Household Spending Categories),14061.2,-17.16670692123261,12.094131902647455,15685.099999999999,56355.7,-15.915126882952556,9.068300622603775,62136.6,3.025831280043679
2022-02-01,Total (Household Spending Categories),13954.2,-0.7609592353426398,21.577681745312603,14996.9,55566.6,-1.400213288096852,15.224594916287536,59648.23333333333,6.353086829025067
2022-03-01,Total (Household Spending Categories),15868.9,13.721316879505796,18.00807597064096,14628.099999999999,63107.3,13.570562172240175,14.613012429805394,58343.200000000004,3.395063540835565
2022-04-01,Total (Household Spending Categories),15391.2,-3.010290568344365,19.935478340827096,15071.433333333332,61571.3,-2.4339497966162416,16.577867145313128,60081.73333333334,3.357611195513968
2022-05-01,Total (Household Spending Categories),16207.9,5.306278912625384,23.621566787939805,15822.666666666666,64817.8,5.2727488294059155,17.911859621548665,63165.46666666667,5.709707166391141
2022-06-01,Total (Household Spending Categories),16298.1,0.5565187346911138,27.811193801610766,15965.733333333332,65469.6,1.0055879712054239,21.283572246325534,63952.9,6.527621555285233
2022-07-01,Total (Household Spending Categories),16491.0,1.183573545382588,27.384943379319935,16332.333333333334,66755.4,1.963964954727082,26.51766271129583,65680.93333333333,0.8672806680241045
2022-08-01,Total (Household Spending Categories),16922.0,2.613546783093801,37.87540534815128,16570.366666666665,68273.3,2.273823540867115,31.89263643089928,66832.76666666666,5.982768917252002
2022-09-01,Total (Household Spending Categories),17031.1,0.6447228459992793,39.13388013855303,16814.7,68697.3,0.6210334054454592,30.461856923106147,67908.66666666667,8.672023215446885
2022-10-01,Total (Household Spending Categories),17688.8,3.8617587824626654,31.53577882048497,17213.966666666664,70959.3,3.29270582686656,23.53294476476979,69309.96666666667,8.00283405571518
2022-11-01,Total (Household Spending Categories),18437.8,4.23431776039076,15.101006317576848,17719.233333333334,73600.5,3.7221336738102018,16.767436067883313,71085.70000000001,-1.666429750306465
2022-12-01,Total (Household Spending Categories),19572.6,6.154747312586095,15.300465971146316,18566.399999999998,77315.9,5.048063532177083,15.358298121225133,73958.56666666667,-0.05783215007881637
2023-01-01,Total (Household Spending Categories),16835.0,-13.986900054157337,19.726623616761007,18281.8,67352.1,-12.88712929681991,19.51248941988124,72756.16666666667,0.21413419687976543
2023-02-01,Total (Household Spending Categories),15833.7,-5.947727947727943,13.469063077783039,17413.766666666666,63653.4,-5.491588235556133,14.55334679465723,69440.46666666667,-1.0842837168741912
2023-03-01,Total (Household Spending Categories),17541.8,10.78775017841691,10.542003541518309,16736.833333333332,70732.2,11.120851360650018,12.082437372538513,67245.90000000001,-1.540433831020204
2023-04-01,Total (Household Spending Categories),16898.1,-3.669520801742132,9.790659597692164,16757.866666666665,67296.0,-4.858042023293486,9.297676027629741,67227.2,0.49298357006242277
2023-05-01,Total (Household Spending Categories),17812.2,5.40948390647471,9.898259490742166,17417.366666666665,70856.7,5.29110199714693,9.316730897994052,69628.3,0.5815285927481142
2023-06-01,Total (Household Spending Categories),17769.5,-0.23972333569126647,9.028046213975859,17493.266666666666,70967.0,0.1556662954949939,8.39687427447242,69706.56666666667,0.6311719395034388
2023-07-01,Total (Household Spending Categories),17439.1,-1.8593657671853503,5.749196531441392,17673.600000000002,70523.2,-0.6253610833204193,5.644187586322613,70782.29999999999,0.10500894511877856
2023-08-01,Total (Household Spending Categories),18053.3,3.52197074390308,6.685379978725914,17753.966666666667,72788.5,3.2121344465367407,6.613419887423033,71426.23333333332,0.07196009130288061
2023-09-01,Total (Household Spending Categories),18023.3,-0.1661746051968338,5.82581277780061,17838.566666666666,72658.4,-0.17873702576644002,5.766019916357679,71990.03333333333,0.059792861442931056
2023-10-01,Total (Household Spending Categories),18350.7,1.8165374820371394,3.741915788521566,18142.433333333334,73591.5,1.2842286645453393,3.7094503468889872,73012.79999999999,0.032465441632578695
2023-11-01,Total (Household Spending Categories),19350.1,5.446113772226657,4.9479872869865105,18574.7,77378.3,5.145702968413479,5.132845564907851,74542.73333333332,-0.18485827792134035
2023-12-01,Total (Household Spending Categories),19842.8,2.5462400711107502,1.3805013130600896,19181.2,78827.7,1.8731349745342074,1.955354590711611,76599.16666666667,-0.5748532776515214
2024-01-01,Total (Household Spending Categories),17383.7,-12.39290825891507,3.259281259281255,18858.866666666665,70476.5,-10.594245423880178,4.638905097242696,75560.83333333333,-1.3796238379614412
2024-02-01,Total (Household Spending Categories),17012.9,-2.133032668534307,7.447406481113084,18079.8,68675.2,-2.5558874234673956,7.889287924918387,72659.8,-0.44188144380530314
2024-03-01,Total (Household Spending Categories),18075.7,6.24702431684192,3.043587317151042,17490.766666666666,72472.7,5.5296526256931156,2.4606897565748076,70541.46666666666,0.5828975605762343
2024-04-01,Total (Household Spending Categories),17278.9,-4.408128039301373,2.2535077908167445,17455.833333333332,69627.8,-3.9254781455637655,3.4649904897765094,70258.56666666667,-1.211482698959765
2024-05-01,Total (Household Spending Categories),18185.8,5.248598001030147,2.0974388340575523,17846.8,73342.1,5.334507193965643,3.507642890510021,71814.2,-1.4102040564524687
2024-06-01,Total (Household Spending Categories),17741.7,-2.4420151986714878,-0.15644784602830697,17735.466666666664,71741.9,-2.1818300812221247,1.0919159609395823,71570.59999999999,-1.2483638069678893
2024-07-01,Total (Household Spending Categories),17728.4,-0.07496463134873954,1.6589158844206642,17885.300000000003,72687.4,1.317918817315955,3.068777366880693,72590.46666666666,-1.4098614824600286
2024-08-01,Total (Household Spending Categories),18358.9,3.5564405135263266,1.6927653116050934,17943.0,74853.1,2.979470994972999,2.8364370745378897,73094.13333333333,-1.1436717629327964
2024-09-01,Total (Household Spending Categories),17695.9,-3.6113274760470437,-1.8165374820371283,17927.733333333337,72705.9,-2.868551870263236,0.06537440956586593,73415.46666666666,-1.8819118916029942
2024-10-01,Total (Household Spending Categories),18744.3,5.924536191999263,2.1448773071326865,18266.366666666665,76331.9,4.987215617989738,3.7237996235978343,74630.3,-1.5789223164651478
2024-11-01,Total (Household Spending Categories),19719.0,5.1999807941614185,1.906450095865142,18719.733333333334,79787.6,4.527202912543782,3.1136636498863446,76275.13333333333,-1.2072135540212026
2024-12-01,Total (Household Spending Categories),20373.7,3.320148080531471,2.6755296631523873,19612.333333333332,81956.1,2.7178408675032184,3.968655688292322,79358.53333333334,-1.2931260251399346
2025-01-01,Total (Household Spending Categories),17805.1,-12.607430167323574,2.4241099420721612,19299.266666666666,73092.3,-10.81530233869108,3.7115918071981557,78278.66666666667,-1.2874818651259945
2025-02-01,Total (Household Spending Categories),16664.3,-6.407153006722788,-2.049033380552412,18281.033333333333,68402.7,-6.415997307513932,-0.39679534970411545,74483.7,-1.6522380308482965
2025-03-01,Total (Household Spending Categories),18641.6,11.865484898855637,3.130722461647384,17703.666666666664,75208.6,9.94975344540494,3.775076684047929,72234.53333333334,-0.644354222400545
2025-04-01,Total (Household Spending Categories),17588.9,-5.647047463736998,1.7940956889616722,17631.6,71959.0,-4.3207824637076175,3.3480879763542637,71856.76666666666,-1.5539922873925915
2025-05-01,Total (Household Spending Categories),18760.1,6.6587450039513385,3.1579584071088407,18330.2,76791.2,6.715212829527917,4.702755988715879,74652.93333333333,-1.544797581607038
2025-06-01,Total (Household Spending Categories),18402.0,-1.9088384390275048,3.7217403067349775,18250.333333333332,75534.0,-1.6371667586910998,5.285753513637093,74761.40000000001,-1.564013206902115
2025-07-01,Total (Household Spending Categories),18568.5,0.9047929572872482,4.738724306762032,18576.866666666665,76889.5,1.794556093944455,5.781056964480791,76404.90000000001,-1.0423326577187586
2025-08-01,Total (Household Spending Categories),18814.4,1.324285752753318,2.4810854680836103,18594.966666666667,77355.6,0.6061946039446209,3.3432149102709197,76593.03333333333,-0.8621294421873094
2025-09-01,Total (Household Spending Categories),18539.5,-1.461114890722004,4.767205962963161,18640.8,76931.6,-0.548118041874146,5.812045514875708,77058.90000000001,-1.0448395519125464
2025-10-01,Total (Household Spending Categories),19527.7,5.330240837131539,4.179403872110465,18960.533333333336,80781.0,5.003665593852191,5.828624729634679,78356.06666666667,-1.649220857524214
2025-11-01,Total (Household Spending Categories),20489.4,4.924799131490154,3.9068918302145317,19518.86666666667,83867.4,3.8207004122256416,5.113325880211939,80526.66666666667,-1.2064340499974069
2025-12-01,Total (Household Spending Categories),21054.2,2.756547287865918,3.3400904106765106,20357.100000000002,86202.8,2.7846338386548375,5.18167653170416,83617.06666666667,-1.8415861210276496
2026-01-01,Total (Household Spending Categories),18412.7,-12.546190308821991,3.412505405754551,19985.433333333334,76488.0,-11.269703536312047,4.645769800649302,82186.06666666667,-1.2332643948947508
2026-02-01,Total (Household Spending Categories),17301.5,-6.0349649969857815,3.8237429715019644,18922.8,71618.5,-6.366358121535409,4.70127641160365,78103.09999999999,-0.8775334401016854
2026-03-01,Total (Household Spending Categories),19464.1,12.499494263503163,4.412174920607681,18392.766666666666,80310.3,12.136249712015745,6.783399770770893,76138.93333333333,-2.3712248501632116
2026-04-01,Total (Household Spending Categories),18265.1,-6.160058774872712,3.844470091932961,18343.566666666666,75658.3,-5.792532215668478,5.140844091774488,75862.36666666667,-1.296373999841527
2026-05-01,Total (Household Spending Categories),19365.0,6.021866838944234,3.224396458441059,19031.399999999998,80048.8,5.803064567932403,4.2421527466689035,78672.46666666666,-1.0177562882278446
2026-06-01,Total (Household Spending Categories),19587.3,1.1479473276529761,6.4411477013368135,19072.466666666664,80753.3,0.8800881462307952,6.909868403632813,78820.13333333333,-0.4687207022959994
2026-07-01,Total (Household Spending Categories),19752.1,0.8413614944377201,6.374235937205475,19568.133333333335,82617.9,2.30900780525376,7.450172000078026,81139.99999999999,-1.0759360628725512
2012-07-01,Transport,2106.2,,,,8280.0,,,,
2012-08-01,Transport,2156.2,2.3739435951001697,,,8480.6,2.4227053140096766,,,
2012-09-01,Transport,2039.8,-5.398386049531578,,2100.733333333333,7961.6,-6.11985001061246,,8240.733333333334,
2012-10-01,Transport,2230.5,9.348955779978429,,2142.1666666666665,8682.2,9.050944533762074,,8374.800000000001,
2012-11-01,Transport,2145.1,-3.828737951132033,,2138.4666666666667,8381.6,-3.4622561102024885,,8341.800000000001,
2012-12-01,Transport,2003.8,-6.587105496247259,,2126.4666666666667,7801.3,-6.923499093251884,,8288.366666666667,
2013-01-01,Transport,2011.1,0.36430781515122135,,2053.3333333333335,7825.1,0.3050773589017286,,8002.666666666667,
2013-02-01,Transport,2036.6,1.2679628064243387,,2017.1666666666667,7974.1,1.904129020715395,,7866.833333333333,
2013-03-01,Transport,2153.6,5.744868899145628,,2067.1,8429.8,5.714751508007154,,8076.333333333333,
2013-04-01,Transport,2053.3,-4.657317979197606,,2081.1666666666665,8007.1,-5.014353839948738,,8137.0,
2013-05-01,Transport,2212.0,7.729021575025552,,2139.633333333333,8645.8,7.976670704749522,,8360.9,
2013-06-01,Transport,2158.4,-2.4231464737793806,,2141.2333333333336,8398.0,-2.8661315320733682,,8350.300000000001,
2013-07-01,Transport,2316.6,7.329503335804288,9.989554648181564,2229.0,8967.6,6.782567277923324,8.304347826086955,8670.466666666667,1.6852068220946084
2013-08-01,Transport,2168.1,-6.41025641025641,0.5518968555792592,2214.366666666667,8486.2,-5.368214460948295,0.06603306369832307,8617.266666666666,0.4858637918809361
2013-09-01,Transport,2185.0,0.7794843411281782,7.118344935778009,2223.2333333333336,8485.9,-0.00353515118663994,6.5853597266881,8646.566666666668,0.532985209089909
2013-10-01,Transport,2216.7,1.4508009153318069,-0.6186953597848044,2189.933333333333,8587.7,1.1996370449805172,-1.088433807099587,8519.933333333334,0.46973844731478254
2013-11-01,Transport,2214.7,-0.09022420715477653,3.244603981166372,2205.4666666666667,8634.1,0.5403076493123882,3.012551302853872,8569.233333333334,0.23205267831249987
2013-12-01,Transport,2200.7,-0.6321397931999817,9.826329973051195,2210.6999999999994,8531.9,-1.1836786694617962,9.365105815697383,8584.566666666668,0.4612241573538114
2014-01-01,Transport,2053.5,-6.688780842459208,2.1082989408781394,2156.2999999999997,7952.8,-6.787468207550484,1.6319280264788905,8372.933333333332,0.47637091439924895
2014-02-01,Transport,2023.6,-1.456050645239837,-0.6383187665717327,2092.6,7874.9,-0.9795292224122343,-1.2440275391580324,8119.866666666666,0.6057087725862997
2014-03-01,Transport,2250.9,11.232457007313702,4.518016344725129,2109.3333333333335,8685.8,10.297273616172898,3.0368454767610187,8171.166666666667,1.48117086796411
2014-04-01,Transport,2045.9,-9.107468123861562,-0.3603954609652793,2106.7999999999997,7919.1,-8.82705104883832,-1.0990246156536099,8159.933333333333,0.7386291546883306
2014-05-01,Transport,2233.8,9.18422210274208,0.985533453887899,2176.866666666667,8634.3,9.03132931772548,-0.1330125610122801,8413.066666666666,1.1185460149001791
2014-06-01,Transport,2254.0,0.9042886561017038,4.42920681986656,2177.9,8736.7,1.1859675943620474,4.033103119790438,8430.033333333333,0.3961037000761225
2014-07-01,Transport,2287.5,1.486246672582081,-1.25615125615125,2258.433333333334,8791.8,0.6306729085352458,-1.9603907399973308,8720.933333333332,0.7042394838460808
2014-08-01,Transport,2144.0,-6.2732240437158415,-1.1115723444490522,2228.5,8294.0,-5.6620942241634165,-2.2648535269025105,8607.5,1.1532811824534583
2014-09-01,Transport,2199.9,2.6072761194029903,0.6819221967963474,2210.4666666666667,8469.0,2.10995900651072,-0.19915389057141297,8518.266666666665,0.8810760873677603
2014-10-01,Transport,2335.2,6.15027955816172,5.345784273920695,2226.3666666666663,8926.1,5.397331444090225,3.940519580329993,8563.033333333333,1.405264693590702
2014-11-01,Transport,2142.6,-8.247687564234319,-3.2555199349799,2225.9,8183.9,-8.314941575828193,-5.214208776826778,8526.333333333334,1.958688841846878
2014-12-01,Transport,2092.4,-2.3429478204051057,-4.921161448629974,2190.0666666666666,7995.2,-2.3057466489082246,-6.290509734056893,8368.4,1.369348285426919
2015-01-01,Transport,1950.5,-6.781686102083739,-5.015826637448262,2061.8333333333335,7477.0,-6.481388833299972,-5.982798511216181,7885.366666666666,0.9669718737679194
2015-02-01,Transport,2049.2,5.060240963855422,1.2650721486459737,2030.7,7863.6,5.170522937006816,-0.14349388563663634,7778.599999999999,1.40856603428261
2015-03-01,Transport,2261.0,10.335740776888546,0.44870940512682367,2086.9,8674.2,10.308255760720275,-0.13355131363833594,8004.933333333333,0.5822607187651596
2015-04-01,Transport,2115.5,-6.435205661211851,3.4019258028251675,2141.9,8064.4,-7.030043116368089,1.834804460102779,8200.733333333332,1.5671213427223885
2015-05-01,Transport,2215.8,4.741195934767206,-0.8058017727639033,2197.4333333333334,8441.5,4.676107335945634,-2.23295461125973,8393.366666666667,1.4271528384958265
2015-06-01,Transport,2411.3,8.82299846556549,6.978704525288393,2247.5333333333333,9141.4,8.291180477403293,4.63218377648309,8549.1,2.346520748805303
2015-07-01,Transport,2370.1,-1.7086219051963836,3.6109289617486384,2332.4,8986.9,-1.6901131117771917,2.2191132646329548,8856.6,1.3918156971156836
2015-08-01,Transport,2246.0,-5.236065988776839,4.75746268656716,2342.4666666666667,8521.6,-5.177536191567722,2.7441523993248174,8883.300000000001,2.0133102872423425
2015-09-01,Transport,2308.3,2.773820124666071,4.927496704395651,2308.133333333333,8752.5,2.70958505444987,3.347502656748147,8753.666666666666,1.5799940476475038
2015-10-01,Transport,2316.4,0.35090759433349383,-0.8050702295306467,2290.233333333333,8775.3,0.2604970008568852,-1.689427633568985,8683.133333333333,0.8843574040383384
2015-11-01,Transport,2281.2,-1.5195993783457151,6.468776253150366,2301.9666666666667,8607.3,-1.9144644627534069,5.173572502107793,8711.699999999999,1.295203751042573
2015-12-01,Transport,2213.0,-2.989654567771338,5.763716306633526,2270.2000000000003,8351.1,-2.9765431668467346,4.451420852511512,8577.9,1.3122954541220144
2016-01-01,Transport,2006.8,-9.317668323542705,2.886439374519356,2167.0,7581.9,-9.210762654021632,1.4029691052561244,8180.099999999999,1.4834702692632318
2016-02-01,Transport,2191.2,9.188758222045035,6.929533476478622,2137.0,8250.0,8.81177541249556,4.913779948115371,8061.0,2.015753528363251
2016-03-01,Transport,2264.1,3.3269441401971633,0.13710747456876504,2154.0333333333333,8559.6,3.7527272727272853,-1.321159299993091,8130.5,1.458266774561856
2016-04-01,Transport,2120.8,-6.3292257409124915,0.25053178917513463,2192.0333333333333,7960.2,-7.002663675872711,-1.292098606219927,8256.6,1.5426303953950615
2016-05-01,Transport,2317.0,9.251225952470765,4.567199205704475,2233.9666666666667,8668.8,8.901786387276701,2.69264941064975,8396.2,1.8745497950547252
2016-06-01,Transport,2407.3,3.8972809667673802,-0.16588562186372613,2281.7000000000003,9032.8,4.198966408268734,-1.188001837792907,8553.933333333332,1.0221162159291808
2016-07-01,Transport,2225.1,-7.568645370331916,-6.117885321294459,2316.4666666666667,8288.8,-8.236648658223366,-7.767973383480409,8663.466666666665,1.65008806218595
2016-08-01,Transport,2370.6,6.539031953620067,5.547640249332142,2334.3333333333335,8777.8,5.89952707267638,3.0064776567780616,8699.8,2.5411625925540804
2016-09-01,Transport,2325.3,-1.9109086307263823,0.7364727288480699,2307.0,8681.9,-1.0925288796737154,-0.8066266780919817,8582.833333333334,1.5430994069400517
2016-10-01,Transport,2310.1,-0.6536790951705229,-0.27197375237437704,2335.3333333333335,8587.1,-1.0919268823644468,-2.1446560231558887,8682.266666666666,1.8726822707815116
2016-11-01,Transport,2361.0,2.2033678195749085,3.498158863755929,2332.133333333333,8807.3,2.5643115836545327,2.323609029544693,8692.1,1.174549834211236
2016-12-01,Transport,2324.4,-1.5501905972045704,5.033890646181649,2331.8333333333335,8711.0,-1.0934111475707553,4.309611907413391,8701.800000000001,0.7242787387682581
2017-01-01,Transport,2167.3,-6.758733436585784,7.997807454654193,2284.2333333333336,8056.3,-7.515784640110201,6.257006818871269,8524.866666666667,1.7408006357829242
2017-02-01,Transport,2235.7,3.1560005536843017,2.0308506754289857,2242.4666666666667,8310.3,3.152812084952128,0.7309090909090932,8359.199999999999,1.2999415845198925
2017-03-01,Transport,2473.0,10.614125329874312,9.226624265712658,2292.0,9168.7,10.329350324296382,7.115986728351786,8511.766666666666,2.110637537360872
2017-04-01,Transport,2115.8,-14.443995147594013,-0.23576009053187796,2274.8333333333335,7846.2,-14.424073205579857,-1.4321248209843929,8441.733333333334,1.196364730452515
2017-05-01,Transport,2476.8,17.062104168635983,6.896849374190772,2355.2000000000003,9164.3,16.799214906578985,5.715900701365828,8726.4,1.180948672824944
2017-06-01,Transport,2570.7,3.7911821705426174,6.787687450670865,2387.766666666667,9510.2,3.774429034405258,5.285182889026685,8840.233333333334,1.5025045616441801
2017-07-01,Transport,2364.6,-8.017271560275407,6.269381151408915,2470.7,8759.6,-7.892578494668889,5.679953672425464,9144.699999999999,0.5894274789834508
2017-08-01,Transport,2427.7,2.6685274465025666,2.4086729098118598,2454.333333333333,9002.1,2.7683912507420416,2.5553099865570195,9090.633333333333,-0.1466370767451597
2017-09-01,Transport,2382.1,-1.8783210446101206,2.4426955661634997,2391.4666666666667,8817.9,-2.0461892225147493,1.5664773839827673,8859.866666666667,0.8762181821807324
2017-10-01,Transport,2477.1,3.988077746526164,7.229124280334176,2428.9666666666667,9139.8,3.6505290375259403,6.436398784222841,8986.6,0.792725496111335
2017-11-01,Transport,2478.3,0.04844374470147628,4.968233799237609,2445.8333333333335,9173.9,0.3730935031401206,4.162456144334814,9043.866666666667,0.8057776549027951
2017-12-01,Transport,2360.8,-4.741153209861604,1.5659955257270708,2438.733333333333,8804.5,-4.026640796171743,1.0733555274939688,9039.4,0.492639998233102
2018-01-01,Transport,2291.9,-2.9185022026431806,5.74908872791029,2377.0,8528.2,-3.138167982281781,5.857527649168981,8835.533333333335,-0.10843892125869115
2018-02-01,Transport,2354.7,2.7400846459269435,5.32271771704611,2335.7999999999997,8796.5,3.1460331605731584,5.850570978183711,8709.733333333334,-0.5278532611376008
2018-03-01,Transport,2470.2,4.905083450121039,-0.11322280630813308,2372.2666666666664,9212.9,4.733700903768545,0.48207488520726205,8845.866666666667,-0.5952976915153951
2018-04-01,Transport,2329.1,-5.7120880900331965,10.081293127894874,2384.6666666666665,8680.1,-5.783195302239241,10.628074736815286,8896.5,-0.546781608920412
2018-05-01,Transport,2531.3,8.68146494354043,2.2004198966408373,2443.5333333333333,9475.6,9.164640960357605,3.3968770118830705,9122.866666666667,-1.1964571152422332
2018-06-01,Transport,2648.4,4.626081460119313,3.02252304819699,2502.933333333333,9886.8,4.339566887584945,3.959958781098183,9347.5,-0.9374357329011929
2018-07-01,Transport,2505.6,-5.391934753058458,5.962953565085005,2561.766666666667,9356.0,-5.368774527653031,6.808530069866192,9572.800000000001,-0.845576504781187
2018-08-01,Transport,2554.4,1.9476372924648766,5.2189314989496305,2569.4666666666667,9607.6,2.689183411714402,6.726208329167638,9616.800000000001,-1.5072768302180073
2018-09-01,Transport,2494.6,-2.341058565612286,4.722723647202054,2518.2000000000003,9362.2,-2.554227902910189,6.172671497748916,9441.933333333332,-1.4499478505468621
2018-10-01,Transport,2656.0,6.469975146316043,7.222154939243475,2568.3333333333335,9940.1,6.172694452158667,8.756209107420299,9636.633333333333,-1.5340541681768238
2018-11-01,Transport,2581.3,-2.8124999999999956,4.156074728644632,2577.3,9669.2,-2.725324694922582,5.399012415657478,9657.166666666666,-1.2429376870128461
2018-12-01,Transport,2353.5,-8.825010653546672,-0.30921721450356543,2530.266666666667,8854.6,-8.424688702271133,0.5690272019989839,9487.966666666667,-0.8782444165025494
2019-01-01,Transport,2333.6,-0.8455491820692607,1.8194511104323796,2422.7999999999997,8781.8,-0.8221715266641172,2.9736638446565378,9101.866666666667,-1.1542127342241582
2019-02-01,Transport,2370.8,1.5941035310250484,0.6837389051683962,2352.633333333333,8667.6,-1.3004167710492065,-1.4653555391348827,8768.0,2.149094444303279
2019-03-01,Transport,2615.4,10.317192508857765,5.878066553315531,2439.9333333333334,9549.6,10.175827218607235,3.6546581423873237,8999.666666666666,2.223408410928207
2019-04-01,Transport,2305.4,-11.852871453697333,-1.0175604310677877,2430.5333333333333,8603.4,-9.908268409148036,-0.8836303729219841,8940.199999999999,-0.1339300581458036
2019-05-01,Transport,2622.1,13.737312396980993,3.58708963773553,2514.2999999999997,9586.0,11.421066090150411,1.1650977246823402,9246.333333333334,2.4219919130531897
2019-06-01,Transport,2725.4,3.9395904046375163,2.907415798217783,2550.9666666666667,9660.0,0.7719591070310949,-2.2939677145284554,9283.133333333333,5.201383512746238
2019-07-01,Transport,2539.7,-6.813678726058569,1.360951468710092,2629.066666666667,9416.5,-2.5207039337474146,0.646643864899521,9554.166666666666,0.7143076038105711
2019-08-01,Transport,2583.1,1.7088632515651403,1.1235515189476963,2616.0666666666666,9560.2,1.5260447087559248,-0.4933594237894967,9545.566666666666,1.616910942737193
2019-09-01,Transport,2481.7,-3.925515853044792,-0.517116972660947,2534.833333333333,9259.9,-3.1411476747348455,-1.092691888658659,9412.199999999999,0.5755749159977119
2019-10-01,Transport,2635.2,6.1852762219446245,-0.7831325301204894,2566.6666666666665,9654.2,4.258145336342745,-2.876228609370124,9491.433333333332,2.0930960792496345
2019-11-01,Transport,2505.9,-4.906648451730411,-2.9210087940185203,2540.933333333333,9351.9,-3.13127965030765,-3.2815537996938815,9422.0,0.3605450056753612
2019-12-01,Transport,2444.9,-2.434255157827525,3.8835776503080455,2528.6666666666665,9020.7,-3.541526320854571,1.8758611343256737,9342.266666666668,2.0077165159823718
2020-01-01,Transport,2377.4,-2.7608491144832104,1.8769283510456036,2442.7333333333336,9075.9,0.6119259037546954,3.348971737001527,9149.5,-1.4720433859559234
2020-02-01,Transport,2311.7,-2.7635231765794632,-2.492829424666798,2378.0,8609.7,-5.136680659769266,-0.6680049840786295,8902.1,-1.8248244405881686
2020-03-01,Transport,1852.0,-19.88579833023315,-29.188651831459822,2180.366666666667,7121.4,-17.2863165963971,-25.427243025885904,8269.0,-3.761408805573918
2020-04-01,Transport,992.8,-46.39308855291577,-56.93588965038605,1718.8333333333333,3977.7,-44.14440980706041,-53.765952995327424,6569.599999999999,-3.1699366550586277
2020-05-01,Transport,1316.7,32.62489927477841,-49.78452385492543,1387.1666666666667,5305.2,33.37355758352818,-44.65679115376591,5468.099999999999,-5.127732701159523
2020-06-01,Transport,1798.1,36.56109971899444,-34.02436339619873,1369.2,6954.6,31.090251074417562,-28.006211180124218,5412.5,-6.018152216074512
2020-07-01,Transport,1409.9,-21.589455536399527,-44.485569161712,1508.2333333333333,6379.4,-8.2707848043022,-32.2529602293846,6213.066666666666,-12.232608932327402
2020-08-01,Transport,858.1,-39.13752748421874,-66.78022531067323,1355.3666666666666,5546.8,-13.051384142709333,-41.98029329930336,6293.599999999999,-24.79993201136987
2020-09-01,Transport,924.0,7.679757604008852,-62.767457791030346,1064.0,5788.3,4.353861686017169,-37.49068564455339,5904.833333333333,-25.276772146476958
2020-10-01,Transport,1209.5,30.898268398268392,-54.10215543412264,997.1999999999999,6252.9,8.026536288720344,-35.23129829504258,5862.666666666667,-18.870857139080066
2020-11-01,Transport,1758.9,45.423728813559336,-29.809649227822344,1297.4666666666667,6939.1,10.974108013881567,-25.80010479153968,6326.766666666667,-4.009544436282663
2020-12-01,Transport,1869.6,6.2937062937062915,-23.5306147490695,1612.6666666666667,7121.1,2.622818521133863,-21.058232731384486,6771.033333333333,-2.472382017685014
2021-01-01,Transport,1581.5,-15.40971330765939,-33.47774880121142,1736.6666666666667,6272.2,-11.920911095195974,-30.891702200332748,6777.466666666667,-2.586046600878671
2021-02-01,Transport,1535.8,-2.889661713563074,-33.56404377730674,1662.3,6428.8,2.496731609323688,-25.330731616664927,6607.366666666666,-8.233312160641816
2021-03-01,Transport,1925.1,25.34835265008464,3.947084233261333,1680.8,7778.9,21.000808860129403,9.23273513634959,6826.633333333334,-5.285650903088256
2021-04-01,Transport,1788.9,-7.07495714508336,80.18734891216764,1749.9333333333334,7309.7,-6.031701140264046,83.76700103074641,7172.466666666666,-3.579652118578778
2021-05-01,Transport,1819.6,1.716138409078205,38.193969772917136,1844.533333333333,7694.2,5.260133794820576,45.031290055040344,7594.266666666666,-6.837320282123208
2021-06-01,Transport,1781.7,-2.0828753572213587,-0.9120738557366059,1796.7333333333336,7519.7,-2.267942086246788,8.125557185172404,7507.866666666666,-9.03763104090901
2021-07-01,Transport,1703.3,-4.4002918560924975,20.809986523866918,1768.1999999999998,6595.8,-12.286394404032075,3.3921685424961767,7269.899999999999,17.417817981370742
2021-08-01,Transport,1462.2,-14.154875829272584,70.39972031231791,1649.0666666666668,6200.8,-5.988659449953005,11.790581957164491,6772.099999999999,58.60913835515342
2021-09-01,Transport,1396.3,-4.506907399808513,51.11471861471861,1520.6000000000001,6409.7,3.3689201393368506,10.735449095589367,6402.099999999999,40.379269519129245
2021-10-01,Transport,1596.3,14.323569433502836,31.980157089706495,1484.9333333333332,6897.9,7.61658111924115,10.315213740824248,6502.8,21.664943348882247
2021-11-01,Transport,2021.8,26.655390590741092,14.946841776110054,1671.4666666666665,7890.2,14.385537627393852,13.70638843654075,7065.933333333333,1.240453339569303
2021-12-01,Transport,2024.9,0.1533287169848796,8.306589644843832,1881.0,7762.4,-1.6197308053027881,9.005631152490468,7516.833333333333,-0.6990415076466352
2022-01-01,Transport,1850.1,-8.632525062966078,16.983876067024962,1965.6000000000001,7212.0,-7.090590539008545,14.98357832977264,7621.533333333333,2.000297737252321
2022-02-01,Transport,2210.6,19.485433219825964,43.9380127620784,2028.533333333333,8530.5,18.28202995008319,32.69194873071179,7834.966666666666,11.246064031366608
2022-03-01,Transport,2703.0,22.274495612051037,40.40829047841672,2254.5666666666666,10494.2,23.019752652247828,34.90596356811375,8745.566666666668,5.502326910302969
2022-04-01,Transport,2330.6,-13.777284498705145,30.281178377774044,2414.733333333333,9186.6,-12.46021611938023,25.6768403628056,9403.766666666668,4.6043380149684445
2022-05-01,Transport,2778.3,19.20964558482796,52.68740382501651,2603.9666666666667,10817.1,17.74867742146169,40.587715422006184,10165.966666666667,12.099688403010326
2022-06-01,Transport,2842.3,2.3035669294172667,59.527417634843125,2650.4,11229.0,3.807859777574385,49.32776573533519,10410.9,10.199651899507934
2022-07-01,Transport,2752.0,-3.177004538577921,61.56871954441379,2790.866666666667,10793.1,-3.8819129040876255,63.63595015009551,10946.4,-2.067230605681722
2022-08-01,Transport,2932.7,6.566133720930223,100.56763780604565,2842.3333333333335,11609.1,7.560385802040193,87.2193910463166,11210.4,13.34824675972905
2022-09-01,Transport,2899.7,-1.1252429501824257,107.67027143164074,2861.4666666666667,11500.0,-0.9397800001722856,79.41557327175998,11300.733333333332,28.25469815988076
2022-10-01,Transport,2901.2,0.05172948925751264,81.74528597381443,2911.1999999999994,11437.1,-0.5469565217391281,65.805535017904,11515.400000000001,15.939750955910426
2022-11-01,Transport,2947.3,1.588997656142288,45.77604115144922,2916.066666666667,11580.8,1.2564373836024822,46.774479734354,11505.966666666667,-0.9984385829047824
2022-12-01,Transport,2837.7,-3.7186577545550326,40.140253839695774,2895.3999999999996,10806.4,-6.686930091185406,39.21467587344121,11274.766666666668,0.9255779662545649
2023-01-01,Transport,2845.0,0.25725059026677766,53.77547159612994,2876.6666666666665,11146.7,3.1490598164050976,54.557681641708264,11177.966666666667,-0.7822100455783243
2023-02-01,Transport,2855.1,0.35500878734622265,29.15498054826744,2845.933333333333,11229.3,0.7410264921456466,31.637066994900632,11060.799999999997,-2.4820864466331933
2023-03-01,Transport,3146.1,10.192287485552164,16.39289678135405,2948.7333333333336,12602.5,12.228723072675951,20.090145032494135,11659.5,-3.697248251140085
2023-04-01,Transport,2873.5,-8.664695972791703,23.294430618724803,2958.2333333333336,10947.4,-13.133108510216228,19.16704765636905,11593.066666666666,4.127382962355753
2023-05-01,Transport,3265.2,13.631459892117626,17.5251052802073,3094.933333333333,12387.8,13.157462045782564,14.52052768302039,11979.233333333332,3.004577597186909
2023-06-01,Transport,3326.7,1.8834987137081871,17.04253597438692,3155.133333333333,12785.9,3.2136456836564964,13.86499243031436,12040.366666666667,3.1775435440725595
2023-07-01,Transport,3172.5,-4.6352240959509405,15.279796511627897,3254.7999999999997,12346.2,-3.438944462259197,14.389749006309582,12506.633333333331,0.8900475053183143
2023-08-01,Transport,3400.8,7.196217494089829,15.961400756981625,3300.0,13285.4,7.607198976203189,14.43953450310531,12805.833333333334,1.5218662538763148
2023-09-01,Transport,3321.0,-2.3465067043048737,14.529089216125811,3298.1,13138.5,-1.105725081668596,14.247826086956517,12923.366666666667,0.28126312916929486
2023-10-01,Transport,3383.8,1.8909966877446616,16.63449607059149,3368.5333333333333,12953.6,-1.4073143813981837,13.259480112965694,13125.833333333334,3.375015957625795
2023-11-01,Transport,3255.3,-3.7975057627519404,10.45024259491738,3320.0333333333333,13001.3,0.368237401185767,12.265991986736658,13031.133333333331,-1.8157493918192777
2023-12-01,Transport,3017.7,-7.298866463920383,6.343165239454485,3218.933333333334,11531.6,-11.304254189965611,6.710838021912946,12495.5,-0.36767278245846136
2024-01-01,Transport,3012.5,-0.17231666500977516,5.88752196836555,3095.1666666666665,12138.8,5.265531235908272,8.900392044282146,12223.9,-3.012870075916596
2024-02-01,Transport,3351.4,11.249792531120328,17.382928794087782,3127.2000000000003,13069.7,7.6687975747190995,16.389267363059147,12246.699999999999,0.9936614310286345
2024-03-01,Transport,3407.0,1.6590081756877595,8.292806967356414,3256.9666666666667,13251.8,1.3932990045678162,5.15215235072406,12820.1,3.1406546166323546
2024-04-01,Transport,3090.0,-9.304373348987383,7.534365756046624,3282.7999999999997,12177.3,-8.108332452949785,11.234631053948885,12832.933333333332,-3.700265297902261
2024-05-01,Transport,3396.5,9.919093851132676,4.021193188778649,3297.8333333333335,13184.9,8.274412226027117,6.434556579860828,12871.333333333334,-2.4133633910821795
2024-06-01,Transport,3313.6,-2.4407478286471385,-0.3937836294225505,3266.7000000000003,12937.8,-1.8741135693103539,1.1880274364729937,12766.666666666666,-1.5818110658955442
2024-07-01,Transport,3283.2,-0.9174311926605561,3.489361702127658,3331.1,13077.6,1.0805546538051436,5.924090003401861,13066.766666666668,-2.4347283012742027
2024-08-01,Transport,3299.0,0.48123781676414623,-2.993413314514237,3298.6,13080.5,0.022175322689177435,-1.5422945489033002,13031.966666666667,-1.451118765610937
2024-09-01,Transport,3128.6,-5.165201576235223,-5.793435712134897,3236.933333333333,12810.1,-2.0671992660830973,-2.499524298816458,12989.4,-3.2939114133184395
2024-10-01,Transport,3281.6,4.890366298024684,-3.0202730657840404,3236.4,13138.6,2.5643827917034123,1.428174407114624,13009.733333333335,-4.448447472898664
2024-11-01,Transport,3212.4,-2.1087274500243725,-1.317850889318961,3207.5333333333333,12868.3,-2.057296820056942,-1.022974625614359,12939.0,-0.29487626370460207
2024-12-01,Transport,3144.8,-2.10434566056531,4.211816946681268,3212.933333333333,12286.9,-4.518079311175526,6.549828297894478,12764.6,-2.3380113512132095
2025-01-01,Transport,3099.6,-1.4372933095904483,2.8912863070539307,3152.2666666666664,12559.0,2.21455371167667,3.4616271789633224,12571.4,-0.5703408719093916
2025-02-01,Transport,3115.5,0.5129694154084374,-7.038849436056571,3119.9666666666667,12480.8,-0.6226610398917143,-4.505841756122953,12442.233333333332,-2.5330076799336183
2025-03-01,Transport,3469.2,11.352912855079445,1.825653067214561,3228.1,13501.4,8.177360425613745,1.8835177108015522,12847.066666666666,-0.05786464358699117
2025-04-01,Transport,2978.7,-14.138706329989626,-3.6019417475728233,3187.7999999999997,11841.4,-12.295021257054827,-2.7584111420429824,12607.866666666667,-0.8435306055298408
2025-05-01,Transport,3385.9,13.67039312451741,-0.31208597085234935,3277.933333333333,13402.0,13.179184893678109,1.646580558062638,12914.933333333334,-1.9586665289149874
2025-06-01,Transport,3399.3,0.3957588824241798,2.5863109608884605,3254.6333333333337,13478.4,0.5700641695269404,4.1784538329546095,12907.266666666665,-1.592142872066149
2025-07-01,Transport,3345.3,-1.5885623510722757,1.891447368421062,3376.8333333333335,13423.3,-0.4088022317188966,2.6434513978099927,13434.566666666666,-0.7520040293889307
2025-08-01,Transport,3375.8,0.9117269004274675,2.3279781752046036,3373.466666666667,13435.9,0.09386663488113456,2.717021520584062,13445.866666666667,-0.3890433453794584
2025-09-01,Transport,3306.1,-2.0646957758161055,5.673464169276987,3342.4,13574.0,1.0278433152970834,5.963263362503013,13477.733333333332,-0.28979919322602576
2025-10-01,Transport,3331.1,0.7561779740479668,1.508410531448079,3337.6666666666665,13552.7,-0.15691763665831582,3.1517817727916286,13520.866666666669,-1.6433712413435497
2025-11-01,Transport,3236.9,-2.8278946894419232,0.7626696550865342,3291.366666666667,13237.4,-2.326473691589137,2.8682887405484747,13454.699999999999,-2.1056190854619405
2025-12-01,Transport,3176.7,-1.8598041335846083,1.0143729330958973,3248.233333333333,12761.2,-3.597383171921975,3.860208840309598,13183.766666666668,-2.8458359072137007
2026-01-01,Transport,3151.0,-0.8090156451663666,1.6582784875467826,3188.2000000000003,12809.4,0.3777074256339441,1.9937893144358565,12936.0,-0.33551082688907385
2026-02-01,Transport,3204.3,1.6915264995239765,2.85026480500723,3177.3333333333335,12870.0,0.4730900744765565,3.1183898468047033,12813.533333333333,-0.26812504179747343
2026-03-01,Transport,3652.4,13.984333551789785,5.280756370344752,3335.9,14802.9,15.018648018648006,9.639741063889673,13494.1,-4.358984693544921
2026-04-01,Transport,3066.6,-16.038769028583953,2.950951757478104,3307.7666666666664,12538.7,-15.295651527741184,5.8886618136369195,13403.866666666667,-2.9377100561588154
2026-05-01,Transport,3400.9,10.901323941824836,0.44301367435541916,3373.3000000000006,13567.3,8.20340226658265,1.2333980002984468,13636.300000000001,-0.7903843259430277
2026-06-01,Transport,3758.4,10.511923314416771,10.563939634630648,3408.633333333333,14924.3,10.00199007908722,10.72753442545109,13676.766666666665,-0.16359479082044182
2026-07-01,Transport,3601.2,-4.182630906768847,7.649538158012725,3586.8333333333335,14592.9,-2.2205396568013236,8.713207631506403,14361.5,-1.063669473493678
